date,spot,deposit,contributed,wheel_equity,wheel_net_pnl,wheel_cash,wheel_shares,wheel_twr,wheel_drawdown,floor_equity,floor_net_pnl,floor_cash,floor_shares,floor_twr,floor_drawdown,dca_equity,dca_net_pnl,dca_cash,dca_shares,dca_twr,dca_drawdown,wheel_option_liability,wheel_collateral,wheel_state,wheel_premiums,wheel_stock_realized,wheel_stock_unrealized,wheel_dividends,wheel_interest,floor_option_liability,floor_collateral,floor_state,floor_premiums,floor_stock_realized,floor_stock_unrealized,floor_dividends,floor_interest,dca_dividends,dca_bought
2022-01-03,477.7099914550781,0.0,100000.0,100000.0,0.0,100000.0,0,0.0,0.0,100000.0,0.0,100000.0,0,0.0,0.0,99997.91,-2.0899999999965075,156.52178588867537,209,-2.089999999999037e-05,-2.089999999999037e-05,0.0,0.0,CASH,0.0,0.0,0.0,0.0,0.0,0.0,0.0,CASH,0.0,0.0,0.0,0.0,0.0,0.0,209
2022-01-04,477.5499877929688,0.0,100000.0,99955.89340086399,-44.1065991360083,100401.68769179203,0,-0.00044106599136006785,-0.00044106599136006785,99955.89340086399,-44.1065991360083,100401.68769179203,0,-0.00044106599136006785,-0.00044106599136006785,99964.46923461916,-35.53076538084133,156.52178588867537,209,-0.0003553076538084232,-0.0003553076538084232,445.79429092803366,46600.0,SHORT_PUT,401.68769179203053,0.0,0.0,0.0,0.0,445.79429092803366,46600.0,SHORT_PUT,401.68769179203053,0.0,0.0,0.0,0.0,0.0,0
2022-01-05,468.3800048828125,0.0,100000.0,99606.99253374893,-393.0074662510742,100401.68769179203,0,-0.003930074662510719,-0.003930074662510719,99606.99253374893,-393.0074662510742,100401.68769179203,0,-0.003930074662510719,-0.003930074662510719,98047.94280639649,-1952.0571936035121,156.52178588867537,209,-0.01952057193603518,-0.01952057193603518,794.6951580431116,46600.0,SHORT_PUT,401.68769179203053,0.0,0.0,0.0,0.0,794.6951580431116,46600.0,SHORT_PUT,401.68769179203053,0.0,0.0,0.0,0.0,0.0,0
2022-01-06,467.9400024414063,0.0,100000.0,99446.65282974142,-553.3471702585812,100401.68769179203,0,-0.005533471702585779,-0.005533471702585779,99446.65282974142,-553.3471702585812,100401.68769179203,0,-0.005533471702585779,-0.005533471702585779,97955.9822961426,-2044.0177038574038,156.52178588867537,209,-0.020440177038574037,-0.020440177038574037,955.034862050617,46600.0,SHORT_PUT,401.68769179203053,0.0,0.0,0.0,0.0,955.034862050617,46600.0,SHORT_PUT,401.68769179203053,0.0,0.0,0.0,0.0,0.0,0
2022-01-07,466.0899963378906,0.0,100000.0,99380.82495336882,-619.1750466311787,100401.68769179203,0,-0.006191750466311818,-0.006191750466311818,99380.82495336882,-619.1750466311787,100401.68769179203,0,-0.006191750466311818,-0.006191750466311818,97569.33102050782,-2430.668979492184,156.52178588867537,209,-0.0243066897949219,-0.0243066897949219,1020.862738423208,46600.0,SHORT_PUT,401.68769179203053,0.0,0.0,0.0,0.0,1020.862738423208,46600.0,SHORT_PUT,401.68769179203053,0.0,0.0,0.0,0.0,0.0,0
2022-01-10,465.510009765625,0.0,100000.0,99449.25725463562,-550.7427453643759,100401.68769179203,0,-0.005507427453643743,-0.005507427453643743,99449.25725463562,-550.7427453643759,100401.68769179203,0,-0.005507427453643743,-0.005507427453643743,97448.1138269043,-2551.8861730956996,156.52178588867537,209,-0.025518861730957076,-0.025518861730957076,952.4304371564089,46600.0,SHORT_PUT,401.68769179203053,0.0,0.0,0.0,0.0,952.4304371564089,46600.0,SHORT_PUT,401.68769179203053,0.0,0.0,0.0,0.0,0.0,0
2022-01-11,469.75,0.0,100000.0,99636.83263109064,-363.16736890935863,100401.68769179203,0,-0.003631673689093673,-0.003631673689093673,99636.83263109064,-363.16736890935863,100401.68769179203,0,-0.003631673689093673,-0.003631673689093673,98334.27178588868,-1665.7282141113246,156.52178588867537,209,-0.016657282141113394,-0.016657282141113394,764.8550607013881,46600.0,SHORT_PUT,401.68769179203053,0.0,0.0,0.0,0.0,764.8550607013881,46600.0,SHORT_PUT,401.68769179203053,0.0,0.0,0.0,0.0,0.0,0
2022-01-12,471.0199890136719,0.0,100000.0,99757.26084189716,-242.73915810283506,100401.68769179203,0,-0.0024273915810285596,-0.0024273915810285596,99757.26084189716,-242.73915810283506,100401.68769179203,0,-0.0024273915810285596,-0.0024273915810285596,98599.6994897461,-1400.3005102539028,156.52178588867537,209,-0.014003005102539157,-0.014003005102539157,644.4268498948614,46600.0,SHORT_PUT,401.68769179203053,0.0,0.0,0.0,0.0,644.4268498948614,46600.0,SHORT_PUT,401.68769179203053,0.0,0.0,0.0,0.0,0.0,0
2022-01-13,464.5299987792969,0.0,100000.0,99507.95925168633,-492.040748313666,100401.68769179203,0,-0.004920407483136935,-0.004920407483136935,99507.95925168633,-492.040748313666,100401.68769179203,0,-0.004920407483136935,-0.004920407483136935,97243.29153076172,-2756.7084692382778,156.52178588867537,209,-0.027567084692382893,-0.027567084692382893,893.7284401056918,46600.0,SHORT_PUT,401.68769179203053,0.0,0.0,0.0,0.0,893.7284401056918,46600.0,SHORT_PUT,401.68769179203053,0.0,0.0,0.0,0.0,0.0,0
2022-01-14,464.7200012207031,0.0,100000.0,99410.41944087941,-589.5805591205863,100401.68769179203,0,-0.005895805591206171,-0.005895805591206171,99410.41944087941,-589.5805591205863,100401.68769179203,0,-0.005895805591206171,-0.005895805591206171,97283.00204101563,-2716.9979589843715,156.52178588867537,209,-0.027169979589843796,-0.027169979589843796,991.2682509126201,46600.0,SHORT_PUT,401.68769179203053,0.0,0.0,0.0,0.0,991.2682509126201,46600.0,SHORT_PUT,401.68769179203053,0.0,0.0,0.0,0.0,0.0,0
2022-01-18,456.489990234375,0.0,100000.0,99033.9399259165,-966.0600740835071,100401.68769179203,0,-0.009660600740835301,-0.009660600740835301,99033.9399259165,-966.0600740835071,100401.68769179203,0,-0.009660600740835301,-0.009660600740835301,95562.92974487305,-4437.07025512695,156.52178588867537,209,-0.044370702551269625,-0.044370702551269625,1367.7477658755345,46600.0,SHORT_PUT,401.68769179203053,0.0,0.0,0.0,0.0,1367.7477658755345,46600.0,SHORT_PUT,401.68769179203053,0.0,0.0,0.0,0.0,0.0,0
2022-01-19,451.75,0.0,100000.0,98577.86937818369,-1422.1306218163081,100401.68769179203,0,-0.01422130621816331,-0.01422130621816331,98577.86937818369,-1422.1306218163081,100401.68769179203,0,-0.01422130621816331,-0.01422130621816331,94572.27178588868,-5427.728214111325,156.52178588867537,209,-0.05427728214111338,-0.05427728214111338,1823.8183136083458,46600.0,SHORT_PUT,401.68769179203053,0.0,0.0,0.0,0.0,1823.8183136083458,46600.0,SHORT_PUT,401.68769179203053,0.0,0.0,0.0,0.0,0.0,0
2022-01-20,446.75,0.0,100000.0,98165.42542578335,-1834.5745742166473,100401.68769179203,0,-0.01834574574216663,-0.01834574574216663,98165.42542578335,-1834.5745742166473,100401.68769179203,0,-0.01834574574216663,-0.01834574574216663,93527.27178588868,-6472.728214111325,156.52178588867537,209,-0.06472728214111334,-0.06472728214111334,2236.2622660086818,46600.0,SHORT_PUT,401.68769179203053,0.0,0.0,0.0,0.0,2236.2622660086818,46600.0,SHORT_PUT,401.68769179203053,0.0,0.0,0.0,0.0,0.0,0
2022-01-21,437.9800109863281,0.0,100000.0,97366.53455786093,-2633.4654421390733,100401.68769179203,0,-0.026334654421390824,-0.026334654421390824,97366.53455786093,-2633.4654421390733,100401.68769179203,0,-0.026334654421390824,-0.026334654421390824,91694.34408203125,-8305.655917968747,156.52178588867537,209,-0.08305655917968757,-0.08305655917968757,3035.1531339311105,46600.0,SHORT_PUT,401.68769179203053,0.0,0.0,0.0,0.0,3035.1531339311105,46600.0,SHORT_PUT,401.68769179203053,0.0,0.0,0.0,0.0,0.0,0
2022-01-24,439.8399963378906,0.0,100000.0,97531.23188731883,-2468.768112681166,100401.68769179203,0,-0.024687681126811856,-0.024687681126811856,97531.23188731883,-2468.768112681166,100401.68769179203,0,-0.024687681126811856,-0.024687681126811856,92083.08102050782,-7916.918979492184,156.52178588867537,209,-0.07916918979492193,-0.07916918979492193,2870.4558044731903,46600.0,SHORT_PUT,401.68769179203053,0.0,0.0,0.0,0.0,2870.4558044731903,46600.0,SHORT_PUT,401.68769179203053,0.0,0.0,0.0,0.0,0.0,0
2022-01-25,434.4700012207031,0.0,100000.0,97030.49004393899,-2969.5099560610106,100401.68769179203,0,-0.02969509956061034,-0.02969509956061034,97030.49004393899,-2969.5099560610106,100401.68769179203,0,-0.02969509956061034,-0.02969509956061034,90960.75204101563,-9039.247958984372,156.52178588867537,209,-0.09039247958984375,-0.09039247958984375,3371.197647853046,46600.0,SHORT_PUT,401.68769179203053,0.0,0.0,0.0,0.0,3371.197647853046,46600.0,SHORT_PUT,401.68769179203053,0.0,0.0,0.0,0.0,0.0,0
2022-01-26,433.3800048828125,0.0,100000.0,96926.39878533487,-3073.6012146651337,100401.68769179203,0,-0.03073601214665156,-0.03073601214665156,96926.39878533487,-3073.6012146651337,100401.68769179203,0,-0.03073601214665156,-0.03073601214665156,90732.94280639649,-9267.057193603512,156.52178588867537,209,-0.09267057193603512,-0.09267057193603512,3475.288906457164,46600.0,SHORT_PUT,401.68769179203053,0.0,0.0,0.0,0.0,3475.288906457164,46600.0,SHORT_PUT,401.68769179203053,0.0,0.0,0.0,0.0,0.0,0
2022-01-27,431.239990234375,0.0,100000.0,96722.85276394107,-3277.147236058925,100401.68769179203,0,-0.032771472360589526,-0.032771472360589526,96722.85276394107,-3277.147236058925,100401.68769179203,0,-0.032771472360589526,-0.032771472360589526,90285.67974487305,-9714.32025512695,156.52178588867537,209,-0.09714320255126951,-0.09714320255126951,3678.834927850951,46600.0,SHORT_PUT,401.68769179203053,0.0,0.0,0.0,0.0,3678.834927850951,46600.0,SHORT_PUT,401.68769179203053,0.0,0.0,0.0,0.0,0.0,0
2022-01-28,441.9500122070313,0.0,100000.0,97790.49958541204,-2209.5004145879648,100401.68769179203,0,-0.02209500414587995,-0.02209500414587995,97790.49958541204,-2209.5004145879648,100401.68769179203,0,-0.02209500414587995,-0.02209500414587995,92524.07433715822,-7475.925662841779,156.52178588867537,209,-0.07475925662841787,-0.07475925662841787,2611.1881063799915,46600.0,SHORT_PUT,401.68769179203053,0.0,0.0,0.0,0.0,2611.1881063799915,46600.0,SHORT_PUT,401.68769179203053,0.0,0.0,0.0,0.0,0.0,0
2022-01-31,449.9100036621094,0.0,100000.0,98644.6714295737,-1355.3285704262962,100401.68769179203,0,-0.013553285704263285,-0.013553285704263285,98644.6714295737,-1355.3285704262962,100401.68769179203,0,-0.013553285704263285,-0.013553285704263285,94187.71255126953,-5812.287448730465,156.52178588867537,209,-0.05812287448730469,-0.05812287448730469,1757.0162622183273,46600.0,SHORT_PUT,401.68769179203053,0.0,0.0,0.0,0.0,1757.0162622183273,46600.0,SHORT_PUT,401.68769179203053,0.0,0.0,0.0,0.0,0.0,0
2022-02-01,452.9500122070313,1000.0,101000.0,99984.24065223368,-1015.7593477663177,101401.68769179203,0,-0.010157593477663429,-0.010157593477663429,99984.24065223368,-1015.7593477663177,101401.68769179203,0,-0.010157593477663429,-0.010157593477663429,95823.05433715822,-5176.945662841783,250.60176147461277,211,-0.05176945662841781,-0.05176945662841781,1417.4470395583419,46600.0,SHORT_PUT,401.68769179203053,0.0,0.0,0.0,0.0,1417.4470395583419,46600.0,SHORT_PUT,401.68769179203053,0.0,0.0,0.0,0.0,0.0,2
2022-02-02,457.3500061035156,0.0,101000.0,100448.9136337906,-551.0863662094052,101401.68769179203,0,-0.005557338284347457,-0.005557338284347457,100448.9136337906,-551.0863662094052,101401.68769179203,0,-0.005557338284347457,-0.005557338284347457,96751.4530493164,-4248.546950683594,250.60176147461277,211,-0.04258235628617946,-0.04258235628617946,952.7740580014429,46600.0,SHORT_PUT,401.68769179203053,0.0,0.0,0.0,0.0,952.7740580014429,46600.0,SHORT_PUT,401.68769179203053,0.0,0.0,0.0,0.0,0.0,0
2022-02-03,446.6000061035156,0.0,101000.0,99364.68833266117,-1635.3116673388286,101401.68769179203,0,-0.016291151676151916,-0.016291151676151916,99364.68833266117,-1635.3116673388286,101401.68769179203,0,-0.016291151676151916,-0.016291151676151916,94483.2030493164,-6516.796950683594,250.60176147461277,211,-0.0650281439401067,-0.0650281439401067,2036.9993591308591,46600.0,SHORT_PUT,401.68769179203053,0.0,0.0,0.0,0.0,2036.9993591308591,46600.0,SHORT_PUT,401.68769179203053,0.0,0.0,0.0,0.0,0.0,0
2022-02-04,448.7000122070313,0.0,101000.0,99671.68891249516,-1328.3110875048442,54801.68769179203,100,-0.013251850774686935,-0.013251850774686935,99671.68891249516,-1328.3110875048442,54801.68769179203,100,-0.013251850774686935,-0.013251850774686935,94926.30433715822,-6073.695662841783,250.60176147461277,211,-0.06064337267764486,-0.06064337267764486,0.0,0.0,STOCK,401.68769179203053,0.0,-1729.9987792968677,0.0,0.0,0.0,0.0,STOCK,401.68769179203053,0.0,-1729.9987792968677,0.0,0.0,0.0,0
2022-02-07,447.260009765625,0.0,101000.0,99527.68866835453,-1472.3113316454692,54801.68769179203,100,-0.01467745092197148,-0.01467745092197148,99527.68866835453,-1472.3113316454692,54801.68769179203,100,-0.01467745092197148,-0.01467745092197148,94622.46382202148,-6377.536177978516,250.60176147461277,211,-0.0636500693307559,-0.0636500693307559,0.0,0.0,STOCK,401.68769179203053,0.0,-1873.9990234375,0.0,0.0,0.0,0.0,STOCK,401.68769179203053,0.0,-1873.9990234375,0.0,0.0,0.0,0
2022-02-08,450.9400024414063,0.0,101000.0,99827.88213656216,-1172.1178634378448,55428.517785811775,100,-0.011705540318314833,-0.011705540318314833,99831.00077852016,-1168.9992214798403,55398.89068721085,100,-0.011674665812086316,-0.011674665812086316,95398.94227661134,-5601.057723388658,250.60176147461277,211,-0.05596631731507273,-0.05596631731507273,694.6358933902471,0.0,COVERED_CALL,1028.517785811778,0.0,-1505.9997558593677,0.0,0.0,661.8901528313263,0.0,COVERED_CALL,998.8906872108496,0.0,-1505.9997558593677,0.0,0.0,0.0,0
2022-02-09,457.5400085449219,0.0,101000.0,100319.71478810855,-680.2852118914452,55428.517785811775,100,-0.006836404820188879,-0.006836404820188879,100330.58235592867,-669.4176440713345,55398.89068721085,100,-0.006728816070062815,-0.006728816070062815,96791.54356445312,-4208.456435546876,250.60176147461277,211,-0.04218563494166494,-0.04218563494166494,862.8038521954071,0.0,COVERED_CALL,1028.517785811778,0.0,-845.9991455078125,0.0,0.0,822.3091857743682,0.0,COVERED_CALL,998.8906872108496,0.0,-845.9991455078125,0.0,0.0,0.0,0
2022-02-10,449.3200073242188,0.0,101000.0,99894.7032722027,-1105.296727797293,55428.517785811775,100,-0.011044012128696767,-0.011044012128696767,99892.69288151771,-1107.3071184822911,55398.89068721085,100,-0.011063914964791088,-0.011063914964791088,95057.12330688478,-5942.87669311522,250.60176147461277,211,-0.05934883511979738,-0.05934883511979738,465.815246030952,0.0,COVERED_CALL,1028.517785811778,0.0,-1667.9992675781177,0.0,0.0,438.1985381150369,0.0,COVERED_CALL,998.8906872108496,0.0,-1667.9992675781177,0.0,0.0,0.0,0
2022-02-11,440.4599914550781,0.0,101000.0,99096.10818575919,-1903.8918142408074,55428.517785811775,100,-0.01895009089716615,-0.01895009089716615,99087.24649197684,-1912.753508023161,55398.89068721085,100,-0.01903782152593525,-0.01903782152593525,93187.6599584961,-7812.340041503907,250.60176147461277,211,-0.07784837324157956,-0.07784837324157956,378.4087455603944,0.0,COVERED_CALL,1028.517785811778,0.0,-2554.0008544921875,0.0,0.0,357.6433407418206,0.0,COVERED_CALL,998.8906872108496,0.0,-2554.0008544921875,0.0,0.0,0.0,0
2022-02-14,439.0199890136719,0.0,101000.0,98913.23432759939,-2086.7656724006083,55428.517785811775,100,-0.020760539210521234,-0.020760539210521234,98904.68788911095,-2095.312110889048,55398.89068721085,100,-0.020845148816849512,-0.020845148816849512,92883.81944335937,-8116.180556640626,250.60176147461277,211,-0.08085506989469038,-0.08085506989469038,417.2823595795565,0.0,COVERED_CALL,1028.517785811778,0.0,-2698.0010986328125,0.0,0.0,396.2016994670813,0.0,COVERED_CALL,998.8906872108496,0.0,-2698.0010986328125,0.0,0.0,0.0,0
2022-02-15,446.1000061035156,0.0,101000.0,99410.41363744372,-1589.586362556278,55428.517785811775,100,-0.015838471879518923,-0.015838471879518923,99409.28549762061,-1590.7145023793855,55398.89068721085,100,-0.015849640445986357,-0.015849640445986357,94377.7030493164,-6622.296950683594,250.60176147461277,211,-0.0660721340635454,-0.0660721340635454,628.1047587196093,0.0,COVERED_CALL,1028.517785811778,0.0,-1989.9993896484375,0.0,0.0,599.6057999417976,0.0,COVERED_CALL,998.8906872108496,0.0,-1989.9993896484375,0.0,0.0,0.0,0
2022-02-16,446.6000061035156,0.0,101000.0,99576.28071791568,-1423.7192820843193,55428.517785811775,100,-0.014196390397215541,-0.014196390397215541,99573.4090881581,-1426.590911841893,55398.89068721085,100,-0.01422481948655363,-0.01422481948655363,94483.2030493164,-6516.796950683594,250.60176147461277,211,-0.06502814394010692,-0.06502814394010692,512.2376782476492,0.0,COVERED_CALL,1028.517785811778,0.0,-1939.9993896484375,0.0,0.0,485.4822094043117,0.0,COVERED_CALL,998.8906872108496,0.0,-1939.9993896484375,0.0,0.0,0.0,0
2022-02-17,437.05999755859375,0.0,101000.0,98909.26464853983,-2090.735351460171,55428.517785811775,100,-0.020799838970641416,-0.020799838970641416,98894.56454228767,-2105.4354577123304,55398.89068721085,100,-0.020945369790837498,-0.020945369790837498,92470.26124633789,-8529.73875366211,250.60176147461277,211,-0.08494749333694118,-0.08494749333694118,225.2528931313106,0.0,COVERED_CALL,1028.517785811778,0.0,-2894.000244140625,0.0,0.0,210.32590078255694,0.0,COVERED_CALL,998.8906872108496,0.0,-2894.000244140625,0.0,0.0,0.0,0
2022-02-18,434.2300109863281,0.0,101000.0,98587.37087399003,-2412.629126009968,55428.517785811775,100,-0.023986582265048906,-0.023986582265048906,98573.1241046343,-2426.8758953656943,55398.89068721085,100,-0.024127625057115742,-0.024127625057115742,91873.13407958984,-9126.865920410157,250.60176147461277,211,-0.09085644939875881,-0.09085644939875881,264.1480104545468,0.0,COVERED_CALL,1028.517785811778,0.0,-3176.9989013671875,0.0,0.0,248.76768120935182,0.0,COVERED_CALL,998.8906872108496,0.0,-3176.9989013671875,0.0,0.0,0.0,0
2022-02-22,429.5700073242188,0.0,101000.0,98260.49276496109,-2739.507235038909,55428.517785811775,100,-0.02722267039223769,-0.02722267039223769,98240.01118926486,-2759.9888107351435,55398.89068721085,100,-0.027425437668803565,-0.027425437668803565,90889.87330688478,-10110.12669311522,250.60176147461277,211,-0.10058644499561731,-0.10058644499561731,125.02575327256764,0.0,COVERED_CALL,1028.517785811778,0.0,-3642.9992675781177,0.0,0.0,115.88023036787642,0.0,COVERED_CALL,998.8906872108496,0.0,-3642.9992675781177,0.0,0.0,0.0,0
2022-02-23,421.9500122070313,0.0,101000.0,97558.16307316587,-3441.836926834134,55428.517785811775,100,-0.03417572327100793,-0.03417572327100793,97533.76285111335,-3466.2371488866484,55398.89068721085,100,-0.03441728508473596,-0.03441728508473596,89282.05433715822,-11717.945662841783,250.60176147461277,211,-0.11649684428160367,-0.11649684428160367,65.35593334904556,0.0,COVERED_CALL,1028.517785811778,0.0,-4404.998779296868,0.0,0.0,60.12905680063605,0.0,COVERED_CALL,998.8906872108496,0.0,-4404.998779296868,0.0,0.0,0.0,0
2022-02-24,428.2999877929688,0.0,101000.0,98123.56301916495,-2876.4369808350457,55428.517785811775,100,-0.0285782727173558,-0.0285782727173558,98103.30064624481,-2896.69935375519,55398.89068721085,100,-0.02877886988989342,-0.02877886988989342,90621.89918579103,-10378.10081420897,250.60176147461277,211,-0.1032382206900152,-0.1032382206900152,134.95354594369732,0.0,COVERED_CALL,1028.517785811778,0.0,-3770.0012207031177,0.0,0.0,125.58882026293135,0.0,COVERED_CALL,998.8906872108496,0.0,-3770.0012207031177,0.0,0.0,0.0,0
2022-02-25,437.75,0.0,101000.0,98972.17060901257,-2027.8293909874337,55428.517785811775,100,-0.02017707095347454,-0.02017707095347454,98957.85086675754,-2042.149133242463,55398.89068721085,100,-0.020318836176094313,-0.020318836176094313,92615.85176147461,-8384.148238525391,250.60176147461277,211,-0.08350678186898797,-0.08350678186898797,231.34717679919618,0.0,COVERED_CALL,1028.517785811778,0.0,-2825.0,0.0,0.0,216.03982045331688,0.0,COVERED_CALL,998.8906872108496,0.0,-2825.0,0.0,0.0,0.0,0
2022-02-28,436.6300048828125,0.0,101000.0,98989.23610508937,-2010.763894910633,55428.517785811775,100,-0.020008122811297713,-0.020008122811297713,98968.89509461942,-2031.1049053805764,55398.89068721085,100,-0.02020949849433884,-0.02020949849433884,92379.53279174805,-8620.467208251954,250.60176147461277,211,-0.08584530955027403,-0.08584530955027403,102.2821690036555,0.0,COVERED_CALL,1028.517785811778,0.0,-2936.99951171875,0.0,0.0,92.99608087267816,0.0,COVERED_CALL,998.8906872108496,0.0,-2936.99951171875,0.0,0.0,0.0,0
2022-03-01,429.9800109863281,1000.0,102000.0,99366.7183017153,-2633.2816982847,56428.517785811775,100,-0.02617103925268005,-0.02617103925268005,99342.77043538087,-2657.229564619134,56398.89068721085,100,-0.026408122751929053,-0.026408122751929053,91976.36407958985,-10023.635920410146,390.62173950195665,213,-0.09973056336080532,-0.09973056336080532,59.800582729281224,0.0,COVERED_CALL,1028.517785811778,0.0,-3601.9989013671875,0.0,0.0,54.121350462792314,0.0,COVERED_CALL,998.8906872108496,0.0,-3601.9989013671875,0.0,0.0,0.0,2
2022-03-02,437.8900146484375,0.0,102000.0,100060.62454145787,-1939.3754585421266,56428.517785811775,100,-0.019370512840478638,-0.019370512840478638,100043.34133005979,-1956.6586699402105,56398.89068721085,100,-0.019542297191532665,-0.019542297191532665,93661.19485961915,-8338.80514038085,390.62173950195665,213,-0.08323935203332966,-0.08323935203332966,156.89470919764764,0.0,COVERED_CALL,1028.517785811778,0.0,-2810.99853515625,0.0,0.0,144.550821994804,0.0,COVERED_CALL,998.8906872108496,0.0,-2810.99853515625,0.0,0.0,0.0,0
2022-03-03,435.7099914550781,0.0,102000.0,99924.3480827805,-2075.6519172194967,56428.517785811775,100,-0.0207060703027383,-0.0207060703027383,99902.18127666292,-2097.8187233370845,56398.89068721085,100,-0.0209257122178782,-0.0209257122178782,93196.8499194336,-8803.150080566396,390.62173950195665,213,-0.08778438446519843,-0.08778438446519843,75.16884853908064,0.0,COVERED_CALL,1028.517785811778,0.0,-3029.0008544921875,0.0,0.0,67.70855605575038,0.0,COVERED_CALL,998.8906872108496,0.0,-3029.0008544921875,0.0,0.0,0.0,0
2022-03-04,432.1700134277344,0.0,102000.0,99611.5228618661,-2388.477138133894,56428.517785811775,100,-0.023771868036478683,-0.023771868036478683,99585.89276769107,-2414.107232308932,56398.89068721085,100,-0.024025443802293767,-0.024025443802293767,92442.83459960938,-9557.165400390615,390.62173950195665,213,-0.0951647256429391,-0.0951647256429391,33.99626671910255,0.0,COVERED_CALL,1028.517785811778,0.0,-3382.9986572265625,0.0,0.0,29.999262293225186,0.0,COVERED_CALL,998.8906872108496,0.0,-3382.9986572265625,0.0,0.0,0.0,0
2022-03-07,419.4299926757813,0.0,102000.0,98370.08530292424,-3629.9146970757574,56428.517785811775,100,-0.03593839490301176,-0.03593839490301176,98340.5474888417,-3659.452511158306,56398.89068721085,100,-0.036230237795286446,-0.036230237795286446,89729.21017944338,-12270.789820556616,390.62173950195665,213,-0.12172582264259013,-0.12172582264259013,1.4317504656619842,0.0,COVERED_CALL,1028.517785811778,0.0,-4657.000732421868,0.0,0.0,1.3424659472999136,0.0,COVERED_CALL,998.8906872108496,0.0,-4657.000732421868,0.0,0.0,0.0,0
2022-03-08,416.25,0.0,102000.0,98052.36345307667,-3947.636546923328,56428.517785811775,100,-0.03905218133102184,-0.03905218133102184,98022.7705535034,-3977.229446496596,56398.89068721085,100,-0.03934455644843282,-0.03934455644843282,89051.87173950196,-12948.128260498037,390.62173950195665,213,-0.12835564653095843,-0.12835564653095843,1.154332735088339,0.0,COVERED_CALL,1028.517785811778,0.0,-4975.0,0.0,0.0,1.1201337074458604,0.0,COVERED_CALL,998.8906872108496,0.0,-4975.0,0.0,0.0,0.0,0
2022-03-09,427.4100036621094,0.0,102000.0,99168.33184685589,-2831.6681531441136,56428.517785811775,100,-0.028115296630441988,-0.028115296630441988,99138.75457190344,-2861.245428096561,56398.89068721085,100,-0.028407545423964953,-0.028407545423964953,91428.95251953126,-10571.04748046874,390.62173950195665,213,-0.10508865618949403,-0.10508865618949403,1.1863051668225035,0.0,COVERED_CALL,1028.517785811778,0.0,-3858.9996337890625,0.0,0.0,1.1364815183430597,0.0,COVERED_CALL,998.8906872108496,0.0,-3858.9996337890625,0.0,0.0,0.0,0
2022-03-10,425.4800109863281,0.0,102000.0,98975.51887274566,-3024.4811272543448,56428.517785811775,100,-0.030004931926902456,-0.030004931926902456,98945.89178010129,-3054.1082198987133,56398.89068721085,100,-0.030297664319371642,-0.030297664319371642,91017.86407958985,-10982.135920410146,390.62173950195665,213,-0.10911241122632809,-0.10911241122632809,1.0000116989263201,0.0,COVERED_CALL,1028.517785811778,0.0,-4051.9989013671875,0.0,0.0,1.0000057423800608,0.0,COVERED_CALL,998.8906872108496,0.0,-4051.9989013671875,0.0,0.0,0.0,0
2022-03-11,420.0700073242188,0.0,102000.0,98435.51851823366,-3564.4814817663428,56428.517785811775,100,-0.03529712626546222,-0.03529712626546222,98405.89141963274,-3594.1085803672613,56398.89068721085,100,-0.035589845746959115,-0.035589845746959115,89865.53329956057,-12134.466700439429,390.62173950195665,213,-0.12039148485073514,-0.12039148485073514,0.0,0.0,STOCK,1028.517785811778,0.0,-4592.999267578118,0.0,0.0,0.0,0.0,STOCK,998.8906872108496,0.0,-4592.999267578118,0.0,0.0,0.0,0
2022-03-14,417.0,0.0,102000.0,98128.51778581177,-3871.4822141882323,56428.517785811775,100,-0.03830584195329745,-0.03830584195329745,98098.89068721085,-3901.109312789151,56398.89068721085,100,-0.03859855406146684,-0.03859855406146684,89211.62173950196,-12788.378260498037,390.62173950195665,213,-0.12679200522003797,-0.12679200522003797,0.0,0.0,STOCK,1028.517785811778,0.0,-4900.0,0.0,0.0,0.0,0.0,STOCK,998.8906872108496,0.0,-4900.0,0.0,0.0,0.0,0
2022-03-15,426.1700134277344,0.0,102000.0,98940.64807509325,-3059.3519249067467,57407.467793985394,100,-0.030346678069057997,-0.030346678069057997,98978.28280022115,-3021.7171997788537,56738.85336996075,100,-0.029980221651462746,-0.029980221651462746,91164.83459960938,-10835.165400390615,390.62173950195665,213,-0.107673856130303,-0.107673856130303,1083.8210616655763,0.0,COVERED_CALL,2007.4677939853946,0.0,-3982.9986572265625,0.0,0.0,377.57191251304613,0.0,COVERED_CALL,1338.8533699607485,0.0,-3982.9986572265625,0.0,0.0,0.0,0
2022-03-16,435.6199951171875,0.0,102000.0,99574.78706252048,-2425.2129374795186,57407.467793985394,100,-0.02413189185441711,-0.02413189185441711,99811.96545756915,-2188.034542430847,56738.85336996075,100,-0.021809856965241514,-0.021809856965241514,93177.6806994629,-8822.3193005371,390.62173950195665,213,-0.08797201378754138,-0.08797201378754138,1394.680243183648,0.0,COVERED_CALL,2007.4677939853946,0.0,-3038.00048828125,0.0,0.0,488.88742411035383,0.0,COVERED_CALL,1338.8533699607485,0.0,-3038.00048828125,0.0,0.0,0.0,0
2022-03-17,441.0700073242188,0.0,102000.0,100012.60841703598,-1987.3915829640173,57407.467793985394,100,-0.01984108783122074,-0.01984108783122074,100366.83001951473,-1633.1699804852688,56738.85336996075,100,-0.016372001466391506,-0.016372001466391506,94338.53329956057,-7661.466700439429,390.62173950195665,213,-0.07660952814496103,-0.07660952814496103,1501.8601093712898,0.0,COVERED_CALL,2007.4677939853946,0.0,-2492.9992675781177,0.0,0.0,479.0240828679043,0.0,COVERED_CALL,1338.8533699607485,0.0,-2492.9992675781177,0.0,0.0,0.0,0
2022-03-18,444.5199890136719,0.0,102000.0,100362.94628156794,-1637.0537184320565,57544.06779398539,100,-0.016407652931099692,-0.016407652931099692,100816.76902324874,-1183.2309767512634,56875.45336996075,100,-0.011962451004161712,-0.011962451004161712,95364.33739941407,-6635.662600585929,681.5797395019567,213,-0.06656890424860695,-0.06656890424860695,1633.1204137846385,0.0,COVERED_CALL,2007.4677939853946,0.0,-2148.0010986328125,136.60000000000002,0.0,510.68324807918566,0.0,COVERED_CALL,1338.8533699607485,0.0,-2148.0010986328125,136.60000000000002,0.0,290.958,0
2022-03-21,444.3900146484375,0.0,102000.0,100522.59463257252,-1477.4053674274764,57544.06779398539,100,-0.014843042663185368,-0.014843042663185368,100938.51129165954,-1061.488708340461,56875.45336996075,100,-0.010769336667576956,-0.010769336667576956,95336.65285961915,-6663.347140380851,681.5797395019567,213,-0.06683988196439505,-0.06683988196439505,1460.4746262566168,0.0,COVERED_CALL,2007.4677939853946,0.0,-2160.99853515625,136.60000000000002,0.0,375.9435431449519,0.0,COVERED_CALL,1338.8533699607485,0.0,-2160.99853515625,136.60000000000002,0.0,290.958,0
2022-03-22,449.5899963378906,0.0,102000.0,100729.22538726659,-1270.7746127334103,57544.06779398539,100,-0.01281798823307756,-0.01281798823307756,101347.67672947231,-652.3232705276896,56875.45336996075,100,-0.00675938058361325,-0.00675938058361325,96444.24895947266,-5555.751040527335,681.5797395019567,213,-0.05599867371684952,-0.05599867371684952,1773.8420405078691,0.0,COVERED_CALL,2007.4677939853946,0.0,-1641.0003662109375,136.60000000000002,0.0,486.77627427749803,0.0,COVERED_CALL,1338.8533699607485,0.0,-1641.0003662109375,136.60000000000002,0.0,290.958,0
2022-03-23,443.7999877929688,0.0,102000.0,100585.55688562403,-1414.443114375972,57544.06779398539,100,-0.0142259903291303,-0.0142259903291303,100959.3110000876,-1040.688999912396,56875.45336996075,100,-0.0105654926728308,-0.0105654926728308,95210.97713940432,-6789.02286059568,681.5797395019567,213,-0.0680700024520795,-0.0680700024520795,1338.5096876582427,0.0,COVERED_CALL,2007.4677939853946,0.0,-2220.0012207031177,136.60000000000002,0.0,296.1411491700227,0.0,COVERED_CALL,1338.8533699607485,0.0,-2220.0012207031177,136.60000000000002,0.0,290.958,0
2022-03-24,450.489990234375,0.0,102000.0,100800.00527923307,-1199.994720766932,57544.06779398539,100,-0.012124320274493727,-0.012124320274493727,101452.4229135365,-547.5770864634978,56875.45336996075,100,-0.005732833472729459,-0.005732833472729459,96635.94765942384,-5364.052340576163,681.5797395019567,213,-0.05412231686869051,-0.05412231686869051,1793.0615381898206,0.0,COVERED_CALL,2007.4677939853946,0.0,-1551.0009765625,136.60000000000002,0.0,472.02947986173365,0.0,COVERED_CALL,1338.8533699607485,0.0,-1551.0009765625,136.60000000000002,0.0,290.958,0
2022-03-25,452.6900024414063,0.0,102000.0,100948.7917423465,-1051.208257653503,57544.06779398539,100,-0.010666160347071352,-0.010666160347071352,101699.82878724411,-300.1712127558858,56875.45336996075,100,-0.0033081744062513074,-0.0033081744062513074,97104.55025952151,-4895.4497404784925,681.5797395019567,213,-0.049535610240099226,-0.049535610240099226,1864.2762957795198,0.0,COVERED_CALL,2007.4677939853946,0.0,-1330.9997558593677,136.60000000000002,0.0,444.6248268572726,0.0,COVERED_CALL,1338.8533699607485,0.0,-1330.9997558593677,136.60000000000002,0.0,290.958,0
2022-03-28,455.9100036621094,0.0,102000.0,101095.88167801115,-904.118321988848,57544.06779398539,100,-0.00922462698828852,-0.00922462698828852,102016.29302525359,16.293025253587984,56875.45336996075,100,-0.00020672061937576647,-0.00020672061937576647,97790.41051953126,-4209.589480468741,681.5797395019567,213,-0.04282237433355829,-0.04282237433355829,2039.1864821851718,0.0,COVERED_CALL,2007.4677939853946,0.0,-1008.9996337890625,136.60000000000002,0.0,450.1607109180907,0.0,COVERED_CALL,1338.8533699607485,0.0,-1008.9996337890625,136.60000000000002,0.0,290.958,0
2022-03-29,461.5499877929688,0.0,102000.0,101196.95956682904,-803.0404331709578,57544.06779398539,100,-0.008234027951665501,-0.008234027951665501,102429.44080514234,429.4408051423379,56875.45336996075,100,0.0038422637288551,0.0,98991.72713940432,-3008.27286059568,681.5797395019567,213,-0.031063824760294567,-0.031063824760294567,2502.107006453227,0.0,COVERED_CALL,2007.4677939853946,0.0,-445.0012207031177,136.60000000000002,0.0,601.0113441153,0.0,COVERED_CALL,1338.8533699607485,0.0,-445.0012207031177,136.60000000000002,0.0,290.958,0
2022-03-30,458.7000122070313,0.0,102000.0,101204.85940297366,-795.140597026344,57544.06779398539,100,-0.008156606765233443,-0.008156606765233443,102313.01793821406,313.0179382140632,56875.45336996075,100,0.0027012812791957774,-0.0011366152740183155,98384.68233959963,-3615.3176604003675,681.5797395019567,213,-0.03700561084201015,-0.03700561084201015,2209.209611714855,0.0,COVERED_CALL,2007.4677939853946,0.0,-729.9987792968677,136.60000000000002,0.0,432.43665244981486,0.0,COVERED_CALL,1338.8533699607485,0.0,-729.9987792968677,136.60000000000002,0.0,290.958,0
2022-03-31,451.6400146484375,0.0,102000.0,101125.80555806043,-874.1944419395732,57544.06779398539,100,-0.00893136238714265,-0.00893136238714265,101823.9834655343,-176.0165344656998,56875.45336996075,100,-0.00209141765811649,-0.005910969881792405,96880.90285961915,-5119.097140380851,681.5797395019567,213,-0.05172468262549712,-0.05172468262549712,1582.2637007687154,0.0,COVERED_CALL,2007.4677939853946,0.0,-1435.99853515625,136.60000000000002,0.0,215.47136927019267,0.0,COVERED_CALL,1338.8533699607485,0.0,-1435.99853515625,136.60000000000002,0.0,290.958,0
2022-04-01,452.9200134277344,1000.0,103000.0,102136.4921955657,-863.5078044342954,58544.06779398539,100,-0.008826629562374677,-0.008826629562374677,102908.30484828993,-91.69515171006788,57875.45336996075,100,-0.0012650403287002288,-0.0050877555589100565,98153.51259960938,-4846.487400390615,322.78969921875364,216,-0.04905636430807603,-0.04905636430807603,1699.5769411931185,0.0,COVERED_CALL,2007.4677939853946,0.0,-1307.9986572265625,136.60000000000002,0.0,259.1498644442527,0.0,COVERED_CALL,1338.8533699607485,0.0,-1307.9986572265625,136.60000000000002,0.0,290.958,3
2022-04-04,456.7999877929688,0.0,103000.0,102254.8027549137,-745.1972450862959,58544.06779398539,100,-0.007678496575363791,-0.007678496575363791,103289.78191288309,289.7819128830888,57875.45336996075,100,0.002437231137957685,-0.001399654748225343,98991.58706250002,-4008.4129374999757,322.78969921875364,216,-0.040936822219217905,-0.040936822219217905,1969.2638183685606,0.0,COVERED_CALL,2007.4677939853946,0.0,-920.0012207031177,136.60000000000002,0.0,265.67023637454315,0.0,COVERED_CALL,1338.8533699607485,0.0,-920.0012207031177,136.60000000000002,0.0,290.958,0
2022-04-05,451.0299987792969,0.0,103000.0,102238.06439268458,-761.9356073154195,58544.06779398539,100,-0.007840932337054962,-0.007840932337054962,102883.16081383445,-116.83918616555457,57875.45336996075,100,-0.0015090655925009688,-0.005330846802044542,97745.26943554688,-5254.730564453115,322.78969921875364,216,-0.053011558864011876,-0.053011558864011876,1409.0032792305014,0.0,COVERED_CALL,2007.4677939853946,0.0,-1497.0001220703125,136.60000000000002,0.0,95.29243405598969,0.0,COVERED_CALL,1338.8533699607485,0.0,-1497.0001220703125,136.60000000000002,0.0,290.958,0
2022-04-06,446.5199890136719,0.0,103000.0,102128.12605615421,-871.8739438457851,58544.06779398539,100,-0.00890781792531714,-0.00890781792531714,102467.73716809612,-532.2628319038777,57875.45336996075,100,-0.005540791882081009,-0.009347141428457051,96771.10732617188,-6228.892673828115,322.78969921875364,216,-0.06244956300168614,-0.06244956300168614,1067.9406391983641,0.0,COVERED_CALL,2007.4677939853946,0.0,-1948.0010986328125,136.60000000000002,0.0,59.715103231802225,0.0,COVERED_CALL,1338.8533699607485,0.0,-1948.0010986328125,136.60000000000002,0.0,290.958,0
2022-04-07,448.7699890136719,0.0,103000.0,102186.84860313383,-813.1513968661748,58544.06779398539,100,-0.008337950842952413,-0.008337950842952413,102673.42764258203,-326.57235741797194,57875.45336996075,100,-0.003544546117044689,-0.007358536408360483,97257.10732617188,-5742.892673828115,322.78969921875364,216,-0.05774103454757451,-0.05774103454757451,1234.218092218758,0.0,COVERED_CALL,2007.4677939853946,0.0,-1723.0010986328125,136.60000000000002,0.0,79.02462874589986,0.0,COVERED_CALL,1338.8533699607485,0.0,-1723.0010986328125,136.60000000000002,0.0,290.958,0
2022-04-08,447.5700073242188,0.0,103000.0,102207.87442440902,-792.1255755909806,58544.06779398539,100,-0.008133907863880463,-0.008133907863880463,102589.02933191403,-410.9706680859672,57875.45336996075,100,-0.0043636398094885065,-0.008174494972807866,96997.91128125002,-6002.088718749976,322.78969921875364,216,-0.060252211404998035,-0.060252211404998035,1093.1941019982517,0.0,COVERED_CALL,2007.4677939853946,0.0,-1842.9992675781177,136.60000000000002,0.0,43.42477046859198,0.0,COVERED_CALL,1338.8533699607485,0.0,-1842.9992675781177,136.60000000000002,0.0,290.958,0
2022-04-11,439.9200134277344,0.0,103000.0,102129.08337777406,-870.9166222259373,58544.06779398539,100,-0.008898527693431135,-0.008898527693431135,101866.11681016927,-1133.8831898307253,57875.45336996075,100,-0.011379575105624373,-0.01516357637497423,95345.51259960938,-7654.487400390615,322.78969921875364,216,-0.07626119537627718,-0.07626119537627718,406.98575898476344,0.0,COVERED_CALL,2007.4677939853946,0.0,-2607.9986572265625,136.60000000000002,0.0,1.337902564897874,0.0,COVERED_CALL,1338.8533699607485,0.0,-2607.9986572265625,136.60000000000002,0.0,290.958,0
2022-04-12,438.2900085449219,0.0,103000.0,102075.61167347095,-924.3883265290497,58544.06779398539,100,-0.009417438498353636,-0.009417438498353636,101703.38171179887,-1296.6182882011344,57875.45336996075,100,-0.012958934829289892,-0.016736891008887755,94993.43154492188,-8006.568455078115,322.78969921875364,216,-0.07967227287452772,-0.07967227287452772,297.456975006623,0.0,COVERED_CALL,2007.4677939853946,0.0,-2770.9991455078125,136.60000000000002,0.0,1.0725126540574605,0.0,COVERED_CALL,1338.8533699607485,0.0,-2770.9991455078125,136.60000000000002,0.0,290.958,0
2022-04-13,443.30999755859375,0.0,103000.0,102346.29134911265,-653.7086508873472,58544.06779398539,100,-0.0067906546657834355,-0.0067906546657834355,102205.44744916483,-794.5525508351711,57875.45336996075,100,-0.008086338738043763,-0.011882945058110161,96077.74917187501,-6922.25082812499,322.78969921875364,216,-0.06916704571443788,-0.06916704571443788,528.7762007321106,0.0,COVERED_CALL,2007.4677939853946,0.0,-2269.000244140625,136.60000000000002,0.0,1.0056766552950942,0.0,COVERED_CALL,1338.8533699607485,0.0,-2269.000244140625,136.60000000000002,0.0,290.958,0
2022-04-14,437.7900085449219,0.0,103000.0,102323.06864847758,-676.9313515224203,58544.06779398539,100,-0.007016017040820222,-0.007016017040820222,101654.45422445293,-1345.5457755470707,57875.45336996075,100,-0.01343378078242552,-0.01720991946195538,94885.43154492188,-8114.568455078115,322.78969921875364,216,-0.0807186125309971,-0.0807186125309971,0.0,0.0,STOCK,2007.4677939853946,0.0,-2820.9991455078125,136.60000000000002,0.0,0.0,0.0,STOCK,1338.8533699607485,0.0,-2820.9991455078125,136.60000000000002,0.0,290.958,0
2022-04-18,437.9700012207031,0.0,103000.0,102341.0679160557,-658.9320839442953,58544.06779398539,100,-0.006841344949314876,-0.006841344949314876,101672.45349203105,-1327.5465079689457,57875.45336996075,100,-0.013259096165812112,-0.01703590346071182,94924.30996289063,-8075.690037109365,322.78969921875364,216,-0.08034194558190932,-0.08034194558190932,0.0,0.0,STOCK,2007.4677939853946,0.0,-2802.9998779296875,136.60000000000002,0.0,0.0,0.0,STOCK,1338.8533699607485,0.0,-2802.9998779296875,136.60000000000002,0.0,290.958,0
2022-04-19,445.0400085449219,0.0,103000.0,102971.27560687083,-28.724393129174132,59256.27668924954,100,-0.0007255574618721949,-0.0007255574618721949,102335.1586404377,-664.8413595622987,58278.93641810545,100,-0.006827479197253461,-0.010628903874274953,96451.43154492188,-6548.568455078115,322.78969921875364,216,-0.06554668751219273,-0.06554668751219273,789.001936870906,0.0,COVERED_CALL,2719.6766892495475,0.0,-2095.9991455078125,136.60000000000002,0.0,447.7786321599334,0.0,COVERED_CALL,1742.33641810545,0.0,-2095.9991455078125,136.60000000000002,0.0,290.958,0
2022-04-20,444.7099914550781,0.0,103000.0,103011.33552106237,11.33552106237039,59256.27668924954,100,-0.000336800032327389,-0.000336800032327389,102360.28910063006,-639.7108993699367,58278.93641810545,100,-0.006583585672977232,-0.01038594386642444,96380.14785351563,-6619.852146484365,322.78969921875364,216,-0.066237307449025,-0.066237307449025,715.9403136949796,0.0,COVERED_CALL,2719.6766892495475,0.0,-2129.0008544921875,136.60000000000002,0.0,389.64646298319076,0.0,COVERED_CALL,1742.33641810545,0.0,-2129.0008544921875,136.60000000000002,0.0,290.958,0
2022-04-21,438.05999755859375,0.0,103000.0,102638.20076801968,-361.7992319803161,59256.27668924954,100,-0.003957848913588857,-0.003957848913588857,101882.07361871621,-1117.926381283789,58278.93641810545,100,-0.011224712749625998,-0.015009306763508423,94943.74917187501,-8056.25082812499,322.78969921875364,216,-0.08015361210736549,-0.08015361210736549,424.07567708922744,0.0,COVERED_CALL,2719.6766892495475,0.0,-2794.000244140625,136.60000000000002,0.0,202.8625552486111,0.0,COVERED_CALL,1742.33641810545,0.0,-2794.000244140625,136.60000000000002,0.0,290.958,0
2022-04-22,426.0400085449219,0.0,103000.0,101630.73143964124,-1369.2685603587597,59256.27668924954,100,-0.013734734220256395,-0.013734734220256395,100776.97769120312,-2223.022308796877,58278.93641810545,100,-0.021949774621209617,-0.025693317846827934,92347.43154492188,-10652.568455078115,322.78969921875364,216,-0.10530759445802518,-0.10530759445802518,229.54610410048394,0.0,COVERED_CALL,2719.6766892495475,0.0,-3995.9991455078125,136.60000000000002,0.0,105.95958139450616,0.0,COVERED_CALL,1742.33641810545,0.0,-3995.9991455078125,136.60000000000002,0.0,290.958,0
2022-04-25,428.510009765625,0.0,103000.0,101694.61086136772,-1305.3891386322794,59256.27668924954,100,-0.013114822762821499,-0.013114822762821499,100902.3024403633,-2097.6975596366974,58278.93641810545,100,-0.020733485921450745,-0.024481684561693196,92880.95180859376,-10119.04819140624,322.78969921875364,216,-0.10013867400052678,-0.10013867400052678,412.66680444432194,0.0,COVERED_CALL,2719.6766892495475,0.0,-3748.9990234375,136.60000000000002,0.0,227.63495430463837,0.0,COVERED_CALL,1742.33641810545,0.0,-3748.9990234375,136.60000000000002,0.0,290.958,0
2022-04-26,416.1000061035156,0.0,103000.0,100714.3779346196,-2285.622065380405,59256.27668924954,100,-0.02262739513468781,-0.02262739513468781,99817.89646178868,-3182.1035382113187,58278.93641810545,100,-0.03125774985598628,-0.034965666273563234,90200.39101757813,-12799.608982421865,322.78969921875364,216,-0.12610883193771472,-0.12610883193771472,151.8993649815035,0.0,COVERED_CALL,2719.6766892495475,0.0,-4989.9993896484375,136.60000000000002,0.0,71.04056666832071,0.0,COVERED_CALL,1742.33641810545,0.0,-4989.9993896484375,136.60000000000002,0.0,290.958,0
2022-04-27,417.2699890136719,0.0,103000.0,100673.23757435498,-2326.7624256450217,59256.27668924954,100,-0.023026637645057302,-0.023026637645057302,99829.15525265428,-3170.84474734572,58278.93641810545,100,-0.03114848221176958,-0.03485681685750974,90453.10732617188,-12546.892673828115,322.78969921875364,216,-0.12366043290513917,-0.12366043290513917,310.0380162617502,0.0,COVERED_CALL,2719.6766892495475,0.0,-4873.0010986328125,136.60000000000002,0.0,176.78006681834447,0.0,COVERED_CALL,1742.33641810545,0.0,-4873.0010986328125,136.60000000000002,0.0,290.958,0
2022-04-28,427.80999755859375,0.0,103000.0,101591.97151496058,-1408.0284850394237,59256.27668924954,100,-0.014110876031648067,-0.014110876031648067,100805.67616961426,-2194.323830385736,58278.93641810545,100,-0.02167125313821705,-0.02541586242075533,92729.74917187501,-10270.25082812499,322.78969921875364,216,-0.10160357506498563,-0.10160357506498563,445.30493014834127,0.0,COVERED_CALL,2719.6766892495475,0.0,-3819.000244140625,136.60000000000002,0.0,254.2600043505523,0.0,COVERED_CALL,1742.33641810545,0.0,-3819.000244140625,136.60000000000002,0.0,290.958,0
2022-04-29,412.0,0.0,103000.0,100327.57053511002,-2672.4294648899813,59256.27668924954,100,-0.026381128845730184,-0.026381128845730184,99418.36810282171,-3581.6318971782894,58278.93641810545,100,-0.03513521086429505,-0.038828286077899454,89314.78969921876,-13685.21030078124,322.78969921875364,216,-0.13468882989346365,-0.13468882989346365,128.70615413952618,0.0,COVERED_CALL,2719.6766892495475,0.0,-5400.0,136.60000000000002,0.0,60.568315283735906,0.0,COVERED_CALL,1742.33641810545,0.0,-5400.0,136.60000000000002,0.0,290.958,0
2022-05-02,414.4800109863281,1000.0,104000.0,101532.36348842969,-2467.6365115703084,60256.27668924954,100,-0.02439373611840734,-0.02439373611840734,100641.5261968546,-3358.4738031454035,59278.93641810545,100,-0.032969440177732734,-0.03667080500261832,90850.45207226563,-13149.54792773437,493.8096772460974,218,-0.12949915597311745,-0.12949915597311745,171.91429945266356,0.0,COVERED_CALL,2719.6766892495475,0.0,-5151.9989013671875,136.60000000000002,0.0,85.41131988365277,0.0,COVERED_CALL,1742.33641810545,0.0,-5151.9989013671875,136.60000000000002,0.0,290.958,2
2022-05-03,416.3800048828125,0.0,104000.0,101736.54974732241,-2263.4502526775905,60256.27668924954,100,-0.02243174699168926,-0.02243174699168926,100842.4539149242,-3157.5460850757954,59278.93641810545,100,-0.031038793346040094,-0.034747547832192915,91264.65074169922,-12735.349258300776,493.8096772460974,218,-0.1255304328340191,-0.1255304328340191,157.72743020838357,0.0,COVERED_CALL,2719.6766892495475,0.0,-4961.99951171875,136.60000000000002,0.0,74.48299146248978,0.0,COVERED_CALL,1742.33641810545,0.0,-4961.99951171875,136.60000000000002,0.0,290.958,0
2022-05-04,429.05999755859375,0.0,104000.0,102901.03349200387,-1098.966507996127,60256.27668924954,100,-0.011242431620054116,-0.011242431620054116,102064.17825120763,-1935.8217487923685,59278.93641810545,100,-0.019299655303223195,-0.023053342012235745,94028.88914501954,-9971.110854980463,493.8096772460974,218,-0.09904435810025969,-0.09904435810025969,261.2429531050471,0.0,COVERED_CALL,2719.6766892495475,0.0,-3694.000244140625,136.60000000000002,0.0,120.75792275718756,0.0,COVERED_CALL,1742.33641810545,0.0,-3694.000244140625,136.60000000000002,0.0,290.958,0
2022-05-05,413.80999755859375,0.0,104000.0,101606.1066131392,-2393.8933868608,60256.27668924954,100,-0.023685151664022963,-0.023685151664022963,100650.45962477729,-3349.540375222714,59278.93641810545,100,-0.032883601874880264,-0.0365852952507838,90704.38914501954,-13295.610854980463,493.8096772460974,218,-0.13089868562375295,-0.13089868562375295,31.169831969722463,0.0,COVERED_CALL,2719.6766892495475,0.0,-5219.000244140625,136.60000000000002,0.0,9.476549187535287,0.0,COVERED_CALL,1742.33641810545,0.0,-5219.000244140625,136.60000000000002,0.0,290.958,0
2022-05-06,411.3399963378906,0.0,104000.0,101331.7993892097,-2668.2006107903,60256.27668924954,100,-0.026320920562715844,-0.026320920562715844,100391.07000746204,-3608.92999253796,59278.93641810545,100,-0.03537598942426834,-0.03906814304415118,90165.92887890626,-13834.071121093744,493.8096772460974,218,-0.13605804482819261,-0.13605804482819261,58.476933828903846,0.0,COVERED_CALL,2719.6766892495475,0.0,-5466.0003662109375,136.60000000000002,0.0,21.866044432466882,0.0,COVERED_CALL,1742.33641810545,0.0,-5466.0003662109375,136.60000000000002,0.0,290.958,0
2022-05-09,398.1700134277344,0.0,104000.0,100068.29183535198,-3931.708164648022,60256.27668924954,100,-0.03846173794993024,-0.03846173794993024,99094.05220369367,-4905.9477963063255,59278.93641810545,100,-0.04783859706024807,-0.051483049335988684,87294.8726044922,-16705.127395507807,493.8096772460974,218,-0.16356761526090902,-0.16356761526090902,4.986196670995401,0.0,COVERED_CALL,2719.6766892495475,0.0,-6782.9986572265625,136.60000000000002,0.0,1.8855571852077306,0.0,COVERED_CALL,1742.33641810545,0.0,-6782.9986572265625,136.60000000000002,0.0,290.958,0
2022-05-10,399.0899963378906,0.0,104000.0,100154.54980923522,-3845.450190764779,60256.27668924954,100,-0.0376329005552426,-0.0376329005552426,99184.19875839062,-4815.801241609384,59278.93641810545,100,-0.04697240915005951,-0.05062017680961084,87495.42887890626,-16504.571121093744,493.8096772460974,218,-0.16164594726509696,-0.16164594726509696,10.726513803385028,0.0,COVERED_CALL,2719.6766892495475,0.0,-6691.0003662109375,136.60000000000002,0.0,3.7372935038861623,0.0,COVERED_CALL,1742.33641810545,0.0,-6691.0003662109375,136.60000000000002,0.0,290.958,0
2022-05-11,392.75,0.0,104000.0,99528.785210953,-4471.214789046993,60256.27668924954,100,-0.043645760305809245,-0.043645760305809245,98552.64792511173,-5447.352074888273,59278.93641810545,100,-0.053040768593132004,-0.056665309259534835,86113.3096772461,-17886.6903227539,493.8096772460974,218,-0.17488898463197666,-0.17488898463197666,2.4914782965396944,0.0,COVERED_CALL,2719.6766892495475,0.0,-7325.0,136.60000000000002,0.0,1.288492993707734,0.0,COVERED_CALL,1742.33641810545,0.0,-7325.0,136.60000000000002,0.0,290.958,0
2022-05-12,392.3399963378906,0.0,104000.0,99488.663393447,-4511.336606552999,60256.27668924954,100,-0.044031283651590813,-0.044031283651590813,98511.84225520586,-5488.157744794138,59278.93641810545,100,-0.05343285654434016,-0.05705589647166487,86023.92887890626,-17976.071121093744,493.8096772460974,218,-0.17574540370992187,-0.17574540370992187,1.612929591601319,0.0,COVERED_CALL,2719.6766892495475,0.0,-7366.0003662109375,136.60000000000002,0.0,1.0937966886353183,0.0,COVERED_CALL,1742.33641810545,0.0,-7366.0003662109375,136.60000000000002,0.0,290.958,0
2022-05-13,401.7200012207031,0.0,104000.0,100425.95759333803,-3574.0424066619744,60256.27668924954,100,-0.03502499185362851,-0.03502499185362851,99449.74923434349,-4550.250765656514,59278.93641810545,100,-0.04442082398312264,-0.0480783579809646,88068.76994335938,-15931.23005664062,493.8096772460974,218,-0.1561523710732613,-0.1561523710732613,2.3192179818332317,0.0,COVERED_CALL,2719.6766892495475,0.0,-6427.9998779296875,136.60000000000002,0.0,1.1873058322609673,0.0,COVERED_CALL,1742.33641810545,0.0,-6427.9998779296875,136.60000000000002,0.0,290.958,0
2022-05-16,400.0899963378906,0.0,104000.0,100264.27336433344,-3735.726635666564,60256.27668924954,100,-0.03657858660084157,-0.03657858660084157,99286.93599570052,-4713.064004299478,59278.93641810545,100,-0.04598524160734885,-0.04963678770717972,87713.42887890626,-16286.571121093744,493.8096772460974,218,-0.1595571389029008,-0.1595571389029008,1.0029587051657927,0.0,COVERED_CALL,2719.6766892495475,0.0,-6591.0003662109375,136.60000000000002,0.0,1.0000561939767225,0.0,COVERED_CALL,1742.33641810545,0.0,-6591.0003662109375,136.60000000000002,0.0,290.958,0
2022-05-17,408.3200073242188,0.0,104000.0,101087.27582127387,-2912.72417872613,60256.27668924954,100,-0.028670503654732227,-0.028670503654732227,100109.93713942384,-3890.0628605761594,59278.93641810545,100,-0.03807730055335079,-0.04175911475025185,89507.5712739258,-14492.428726074198,493.8096772460974,218,-0.1423662231336913,-0.1423662231336913,1.0016003975551715,0.0,COVERED_CALL,2719.6766892495475,0.0,-5767.999267578118,136.60000000000002,0.0,1.0000111034907848,0.0,COVERED_CALL,1742.33641810545,0.0,-5767.999267578118,136.60000000000002,0.0,290.958,0
2022-05-18,391.8599853515625,0.0,104000.0,99441.27522440579,-4558.724775594208,60256.27668924954,100,-0.044486628065549594,-0.044486628065549594,98463.93495326169,-5536.065046738309,59278.93641810545,100,-0.05389318168813839,-0.0575144596946241,85919.28648388672,-18080.713516113276,493.8096772460974,218,-0.1767480546721102,-0.1767480546721102,1.0000000000005587,0.0,COVERED_CALL,2719.6766892495475,0.0,-7414.00146484375,136.60000000000002,0.0,1.0,0.0,COVERED_CALL,1742.33641810545,0.0,-7414.00146484375,136.60000000000002,0.0,290.958,0
2022-05-19,389.4599914550781,0.0,104000.0,99201.27583475735,-4798.7241652426455,60256.27668924954,100,-0.046792739140127826,-0.046792739140127826,98223.93556361325,-5776.064436386747,59278.93641810545,100,-0.05619925506459711,-0.05981170644322453,85396.08781445313,-18603.91218554687,493.8096772460974,218,-0.18176118199230684,-0.18176118199230684,1.0,0.0,COVERED_CALL,2719.6766892495475,0.0,-7654.0008544921875,136.60000000000002,0.0,1.0,0.0,COVERED_CALL,1742.33641810545,0.0,-7654.0008544921875,136.60000000000002,0.0,290.958,0
2022-05-20,389.6300048828125,0.0,104000.0,99219.27717753079,-4780.722822469208,60256.27668924954,100,-0.04661976746720864,-0.04661976746720864,98241.93690638669,-5758.063093613309,59278.93641810545,100,-0.05602628621925487,-0.05963939964603926,85433.15074169922,-18566.849258300776,493.8096772460974,218,-0.18140605652276964,-0.18140605652276964,0.0,0.0,STOCK,2719.6766892495475,0.0,-7636.99951171875,136.60000000000002,0.0,0.0,0.0,STOCK,1742.33641810545,0.0,-7636.99951171875,136.60000000000002,0.0,290.958,0
2022-05-23,396.9200134277344,0.0,104000.0,99948.27803202298,-4051.7219679770205,60256.27668924954,100,-0.039614929053310655,-0.039614929053310655,98970.93776087888,-5029.062239121122,59278.93641810545,100,-0.04902156231382071,-0.05266148672233495,87022.3726044922,-16977.627395507807,493.8096772460974,218,-0.1661786257136546,-0.1661786257136546,0.0,0.0,STOCK,2719.6766892495475,0.0,-6907.9986572265625,136.60000000000002,0.0,0.0,0.0,STOCK,1742.33641810545,0.0,-6907.9986572265625,136.60000000000002,0.0,290.958,0
2022-05-24,393.8900146484375,0.0,104000.0,99595.62716708552,-4404.37283291448,60710.636065823375,100,-0.043003487942077756,-0.043003487942077756,98663.35414879375,-5336.645851206253,59305.15689258214,100,-0.05197702974189855,-0.055605641929647676,86361.83287060547,-17638.167129394526,493.8096772460974,218,-0.17250771250129437,-0.17250771250129437,504.01036358160286,0.0,COVERED_CALL,3174.0360658233785,0.0,-7210.99853515625,136.60000000000002,0.0,30.804208632133058,0.0,COVERED_CALL,1768.556892582142,0.0,-7210.99853515625,136.60000000000002,0.0,290.958,0
2022-05-25,397.3699951171875,0.0,104000.0,99824.2612407855,-4175.738759214495,60710.636065823375,100,-0.040806584149289726,-0.040806584149289726,98996.94507111737,-5003.05492888263,59305.15689258214,100,-0.048771666821077475,-0.052412547718895364,87120.46861279297,-16879.531387207026,493.8096772460974,218,-0.16523870019788967,-0.16523870019788967,623.3743367566211,0.0,COVERED_CALL,3174.0360658233785,0.0,-6863.00048828125,136.60000000000002,0.0,45.21133318351885,0.0,COVERED_CALL,1768.556892582142,0.0,-6863.00048828125,136.60000000000002,0.0,290.958,0
2022-05-26,405.30999755859375,0.0,104000.0,100410.9842625593,-3589.015737440699,60710.636065823375,100,-0.03516886790257512,-0.03516886790257512,99774.23331017233,-4225.766689827666,59305.15689258214,100,-0.041302965685858783,-0.04497243346481372,88851.38914501954,-15148.610854980463,493.8096772460974,218,-0.14865355670242153,-0.14865355670242153,830.6515591234561,0.0,COVERED_CALL,3174.0360658233785,0.0,-6069.000244140625,136.60000000000002,0.0,61.92333826917379,0.0,COVERED_CALL,1768.556892582142,0.0,-6069.000244140625,136.60000000000002,0.0,290.958,0
2022-05-27,415.260009765625,0.0,104000.0,101023.97860887814,-2976.02139112186,60710.636065823375,100,-0.02927871521189318,-0.02927871521189318,100727.75100118162,-3272.2489988183806,59305.15689258214,100,-0.03214093504719817,-0.035845471022898256,91020.49180615235,-12979.50819384765,493.8096772460974,218,-0.12786988800041954,-0.12786988800041954,1212.6584335077355,0.0,COVERED_CALL,3174.0360658233785,0.0,-5073.9990234375,136.60000000000002,0.0,103.40686796302019,0.0,COVERED_CALL,1768.556892582142,0.0,-5073.9990234375,136.60000000000002,0.0,290.958,0
2022-05-31,412.9299926757813,0.0,104000.0,101048.20313862435,-2951.796861375653,60710.636065823375,100,-0.02904594605191313,-0.02904594605191313,100548.93196644666,-3451.06803355334,59305.15689258214,100,-0.033859146980196764,-0.037557106401365115,90512.54808056643,-13487.451919433573,493.8096772460974,218,-0.13273684718174528,-0.13273684718174528,955.4321947771481,0.0,COVERED_CALL,3174.0360658233785,0.0,-5307.000732421868,136.60000000000002,0.0,49.224193713611406,0.0,COVERED_CALL,1768.556892582142,0.0,-5307.000732421868,136.60000000000002,0.0,290.958,0
2022-06-01,409.5899963378906,1000.0,105000.0,101902.2210322733,-3097.778967726699,61710.636065823375,100,-0.030448661919814102,-0.030448661919814102,101234.75514302048,-3765.2448569795233,60305.15689258214,100,-0.036877966357465874,-0.040564371074657046,90784.40887890625,-14215.591121093748,674.6096845703162,220,-0.139713651095831,-0.139713651095831,767.414667339135,0.0,COVERED_CALL,3174.0360658233785,0.0,-5641.0003662109375,136.60000000000002,0.0,29.401383350725368,0.0,COVERED_CALL,1768.556892582142,0.0,-5641.0003662109375,136.60000000000002,0.0,290.958,2
2022-06-02,417.3900146484375,0.0,105000.0,102358.79729468556,-2641.202705314441,61710.636065823375,100,-0.026104555170489596,-0.026104555170489596,101994.80213743816,-3005.197862561836,60305.15689258214,100,-0.02964707015098733,-0.03336115153733765,92500.41290722656,-12499.587092773436,674.6096845703162,220,-0.12345254570935837,-0.12345254570935837,1090.8402359815643,0.0,COVERED_CALL,3174.0360658233785,0.0,-4860.99853515625,136.60000000000002,0.0,49.35621998772124,0.0,COVERED_CALL,1768.556892582142,0.0,-4860.99853515625,136.60000000000002,0.0,290.958,0
2022-06-03,410.5400085449219,0.0,105000.0,102065.84571030307,-2934.154289696933,61710.636065823375,100,-0.02889185065584321,-0.02889185065584321,101342.37324859035,-3657.6267514096544,60305.15689258214,100,-0.03585411473114675,-0.03954443829904741,90993.41156445313,-14006.588435546873,674.6096845703162,220,-0.13773311105067731,-0.13773311105067731,698.7912100125013,0.0,COVERED_CALL,3174.0360658233785,0.0,-5545.9991455078125,136.60000000000002,0.0,16.784498483982645,0.0,COVERED_CALL,1768.556892582142,0.0,-5545.9991455078125,136.60000000000002,0.0,290.958,0
2022-06-06,411.7900085449219,0.0,105000.0,102211.1435470873,-2788.8564529127034,61710.636065823375,100,-0.027509410600589757,-0.027509410600589757,101472.4263055051,-3527.573694494902,60305.15689258214,100,-0.03461682261264254,-0.03831188198695501,91268.41156445313,-13731.588435546873,674.6096845703162,220,-0.13512717079210046,-0.13512717079210046,678.4933732282711,0.0,COVERED_CALL,3174.0360658233785,0.0,-5420.9991455078125,136.60000000000002,0.0,11.731441569223499,0.0,COVERED_CALL,1768.556892582142,0.0,-5420.9991455078125,136.60000000000002,0.0,290.958,0
2022-06-07,415.739990234375,0.0,105000.0,102439.73892957898,-2560.2610704210238,61710.636065823375,100,-0.025334433875562556,-0.025334433875562556,101862.58729495254,-3137.4127050474635,60305.15689258214,100,-0.03090492895444452,-0.034614195814219206,92137.40753613281,-12862.592463867186,674.6096845703162,220,-0.12689243774795056,-0.12689243774795056,844.8961596819001,0.0,COVERED_CALL,3174.0360658233785,0.0,-5026.0009765625,136.60000000000002,0.0,16.568621067096444,0.0,COVERED_CALL,1768.556892582142,0.0,-5026.0009765625,136.60000000000002,0.0,290.958,0
2022-06-08,411.2200012207031,0.0,105000.0,102258.5640482117,-2741.4359517882986,61710.636065823375,100,-0.027058227006632074,-0.027058227006632074,101421.36306306122,-3578.636936938783,60305.15689258214,100,-0.03510262547587306,-0.03879582541191695,91143.009953125,-13856.990046874998,674.6096845703162,220,-0.1363154948191928,-0.1363154948191928,574.0721396819914,0.0,COVERED_CALL,3174.0360658233785,0.0,-5477.9998779296875,136.60000000000002,0.0,5.793951591227685,0.0,COVERED_CALL,1768.556892582142,0.0,-5477.9998779296875,136.60000000000002,0.0,290.958,0
2022-06-09,401.4400024414063,0.0,105000.0,101611.97692413874,-3388.0230758612597,61710.636065823375,100,-0.0332101970518367,-0.0332101970518367,100447.50192774361,-4552.498072256392,60305.15689258214,100,-0.04436769571590504,-0.048025433065230994,88991.4102216797,-16008.589778320296,674.6096845703162,220,-0.15670436885743466,-0.15670436885743466,242.65938582525465,0.0,COVERED_CALL,3174.0360658233785,0.0,-6455.999755859368,136.60000000000002,0.0,1.6552089791668216,0.0,COVERED_CALL,1768.556892582142,0.0,-6455.999755859368,136.60000000000002,0.0,290.958,0
2022-06-10,389.7999877929688,0.0,105000.0,100603.17141765395,-4396.8285823460465,61710.636065823375,100,-0.042808503337675385,-0.042808503337675385,99284.01943466935,-5715.980565330654,60305.15689258214,100,-0.05543677592708407,-0.05905214573825801,86430.60699902345,-18569.393000976546,674.6096845703162,220,-0.18097091508366503,-0.18097091508366503,87.46342746629594,0.0,COVERED_CALL,3174.0360658233785,0.0,-7620.001220703118,136.60000000000002,0.0,1.1362372096843119,0.0,COVERED_CALL,1768.556892582142,0.0,-7620.001220703118,136.60000000000002,0.0,290.958,0
2022-06-13,375.0,0.0,105000.0,99201.42472324723,-5798.575276752774,61710.636065823375,100,-0.05614545879796018,-0.05614545879796018,97804.15549886624,-7195.844501133761,60305.15689258214,100,-0.06951582971993753,-0.07307731114677118,83174.60968457031,-21825.390315429686,674.6096845703162,220,-0.21182522229658018,-0.21182522229658018,9.211342576149416,0.0,COVERED_CALL,3174.0360658233785,0.0,-9100.0,136.60000000000002,0.0,1.0013937158922788,0.0,COVERED_CALL,1768.556892582142,0.0,-9100.0,136.60000000000002,0.0,290.958,0
2022-06-14,373.8699951171875,0.0,105000.0,99076.40249750423,-5923.597502495773,61710.636065823375,100,-0.05733498602348064,-0.05733498602348064,97691.13092303138,-7308.869076968622,60305.15689258214,100,-0.07059111714643318,-0.0741484828490876,82926.00861035156,-22073.991389648436,674.6096845703162,220,-0.21418100246978788,-0.21418100246978788,21.23308003789696,0.0,COVERED_CALL,3174.0360658233785,0.0,-9213.00048828125,136.60000000000002,0.0,1.0254812695041504,0.0,COVERED_CALL,1768.556892582142,0.0,-9213.00048828125,136.60000000000002,0.0,290.958,0
2022-06-15,379.2000122070313,0.0,105000.0,99606.36522596156,-5393.634774038437,61710.636065823375,100,-0.052292641830161135,-0.052292641830161135,98224.14327810785,-6775.856721892153,60305.15689258214,100,-0.0655201714751309,-0.06909694651262588,84098.6123701172,-20901.387629882796,674.6096845703162,220,-0.20306923757912643,-0.20306923757912643,24.272060564936098,0.0,COVERED_CALL,3174.0360658233785,0.0,-8679.998779296868,136.60000000000002,0.0,1.014835177423045,0.0,COVERED_CALL,1768.556892582142,0.0,-8679.998779296868,136.60000000000002,0.0,290.958,0
2022-06-16,366.6499938964844,0.0,105000.0,98373.93618481031,-6626.063815189686,61710.636065823375,100,-0.06401862006530312,-0.06401862006530312,96969.15627481743,-8030.843725182567,60305.15689258214,100,-0.07745980261363072,-0.08099087802946503,81337.60834179688,-23662.391658203123,674.6096845703162,220,-0.2292329159481915,-0.2292329159481915,1.6992706614940116,0.0,COVERED_CALL,3174.0360658233785,0.0,-9935.000610351562,136.60000000000002,0.0,1.0000074131336802,0.0,COVERED_CALL,1768.556892582142,0.0,-9935.000610351562,136.60000000000002,0.0,290.958,0
2022-06-17,365.8599853515625,0.0,105000.0,98452.41356639199,-6547.586433608012,61868.33606582337,100,-0.06327194497274125,-0.06327194497274125,97047.85540798976,-7952.1445920102415,60462.85689258214,100,-0.07671107882722206,-0.08024502002620926,81510.74646191407,-23489.253538085934,1021.5496845703162,220,-0.22759223377543614,-0.22759223377543614,1.9210345876305872,0.0,COVERED_CALL,3174.0360658233785,0.0,-10014.00146484375,294.3,0.0,1.0000197486430142,0.0,COVERED_CALL,1768.556892582142,0.0,-10014.00146484375,294.3,0.0,637.898,0
2022-06-21,375.0700073242188,0.0,105000.0,99374.32144243452,-5625.678557565479,61868.33606582337,100,-0.05450042845672132,-0.05450042845672132,97968.85762500402,-7031.1423749959795,60462.85689258214,100,-0.06794889505953383,-0.07151637401847855,83536.95129589846,-21463.048704101544,1021.5496845703162,220,-0.20839162014269796,-0.20839162014269796,1.0153558107376872,0.0,COVERED_CALL,3174.0360658233785,0.0,-9092.999267578118,294.3,0.0,1.0000000000009044,0.0,COVERED_CALL,1768.556892582142,0.0,-9092.999267578118,294.3,0.0,637.898,0
2022-06-22,374.3900146484375,0.0,105000.0,99306.33746094679,-5693.662539053214,61868.33606582337,100,-0.05514726382058033,-0.05514726382058033,97900.8583574259,-7099.1416425741045,60462.85689258214,100,-0.06859582301212797,-0.07216082581730099,83387.35290722657,-21612.647092773434,1021.5496845703162,220,-0.2098092363741828,-0.2098092363741828,1.0000697203351572,0.0,COVERED_CALL,3174.0360658233785,0.0,-9160.99853515625,294.3,0.0,1.0,0.0,COVERED_CALL,1768.556892582142,0.0,-9160.99853515625,294.3,0.0,637.898,0
2022-06-23,378.05999755859375,0.0,105000.0,99673.33582168123,-5326.664178318766,61868.33606582337,100,-0.05165544835160607,-0.05165544835160607,98267.85664844152,-6732.1433515584795,60462.85689258214,100,-0.06510429344911428,-0.06868266028356063,84194.74914746094,-20805.25085253906,1021.5496845703162,220,-0.20215823140309053,-0.20215823140309053,1.0000000015130857,0.0,COVERED_CALL,3174.0360658233785,0.0,-8794.000244140625,294.3,0.0,1.0,0.0,COVERED_CALL,1768.556892582142,0.0,-8794.000244140625,294.3,0.0,637.898,0
2022-06-24,390.0799865722656,0.0,105000.0,100876.33472304993,-4123.665276950065,61868.33606582337,100,-0.040209483948517866,-0.040209483948517866,99470.85554980871,-5529.144450191292,60462.85689258214,100,-0.05365926405463772,-0.057281437394256174,86839.14673046875,-18160.853269531246,1021.5496845703162,220,-0.17709953278038704,-0.17709953278038704,0.0,0.0,STOCK,3174.0360658233785,0.0,-7592.0013427734375,294.3,0.0,0.0,0.0,STOCK,1768.556892582142,0.0,-7592.0013427734375,294.3,0.0,637.898,0
2022-06-27,388.5899963378906,0.0,105000.0,100727.33569961243,-4272.664300387565,61868.33606582337,100,-0.04162713904065485,-0.04162713904065485,99321.85652637121,-5678.143473628792,60462.85689258214,100,-0.05507680334004561,-0.058693550966902874,86511.34887890625,-18488.651121093746,1021.5496845703162,220,-0.18020579320970243,-0.18020579320970243,0.0,0.0,STOCK,3174.0360658233785,0.0,-7741.0003662109375,294.3,0.0,0.0,0.0,STOCK,1768.556892582142,0.0,-7741.0003662109375,294.3,0.0,637.898,0
2022-06-28,380.6499938964844,0.0,105000.0,99896.93789146582,-5103.0621085341845,62196.78792388031,100,-0.049527980630480695,-0.049527980630480695,98527.85628223058,-6472.143717769417,60462.85689258214,100,-0.06263072223646637,-0.06621855680632738,84764.54834179688,-20235.45165820312,1021.5496845703162,220,-0.19675873082190987,-0.19675873082190987,364.84942206292544,0.0,COVERED_CALL,3502.487923880311,0.0,-8535.000610351562,294.3,0.0,0.0,0.0,STOCK,1768.556892582142,0.0,-8535.000610351562,294.3,0.0,637.898,0
2022-06-29,380.3399963378906,0.0,105000.0,99841.20425487238,-5158.795745127616,62196.78792388031,100,-0.05005825976853917,-0.05005825976853917,98493.2065263712,-6506.793473628801,60477.03159340355,100,-0.06296037131085153,-0.06654694413000972,84696.34887890625,-20303.651121093746,1021.5496845703162,220,-0.19740499891630992,-0.19740499891630992,389.5833027969749,0.0,COVERED_CALL,3502.487923880311,0.0,-8566.000366210938,294.3,0.0,17.82470082141272,0.0,COVERED_CALL,1782.7315934035546,0.0,-8566.000366210938,294.3,0.0,637.898,0
2022-06-30,377.25,0.0,105000.0,99619.02188587897,-5380.978114121026,62196.78792388031,100,-0.0521722197094826,-0.0521722197094826,98190.13061792603,-6809.869382073972,60477.03159340355,100,-0.06584375938125664,-0.06941929586751727,84016.54968457032,-20983.450315429684,1021.5496845703162,220,-0.2038468756009214,-0.2038468756009214,302.7660380013313,0.0,COVERED_CALL,3502.487923880311,0.0,-8875.0,294.3,0.0,11.900975477514097,0.0,COVERED_CALL,1782.7315934035546,0.0,-8875.0,294.3,0.0,637.898,0
2022-07-01,381.239990234375,1000.0,106000.0,100932.30677346207,-5067.693226537929,63196.78792388031,100,-0.04919146248084194,-0.04919146248084194,99583.88462954113,-6416.115370458865,61477.03159340355,100,-0.06209768261260262,-0.06568755742213761,85894.31753613282,-20105.682463867182,877.7997138671913,223,-0.1955290189388441,-0.1955290189388441,388.48017385572643,0.0,COVERED_CALL,3502.487923880311,0.0,-8476.0009765625,294.3,0.0,17.145987299912523,0.0,COVERED_CALL,1782.7315934035546,0.0,-8476.0009765625,294.3,0.0,637.898,3
2022-07-05,381.9599914550781,0.0,106000.0,101092.34309471557,-4907.656905284428,63196.78792388031,100,-0.04768387878018876,-0.04768387878018876,99664.46202656298,-6335.537973437022,61477.03159340355,100,-0.061338787459265576,-0.06493156698344249,86054.87780834961,-19945.122191650386,877.7997138671913,223,-0.194025239836631,-0.194025239836631,300.44397467254703,0.0,COVERED_CALL,3502.487923880311,0.0,-8404.000854492188,294.3,0.0,8.568712348385898,0.0,COVERED_CALL,1782.7315934035546,0.0,-8404.000854492188,294.3,0.0,637.898,0
2022-07-06,383.25,0.0,106000.0,101210.85241511272,-4789.14758488728,63196.78792388031,100,-0.04656749021035145,-0.04656749021035145,99793.51435443564,-6206.48564556436,61477.03159340355,100,-0.060123345042791376,-0.06372077674239474,86342.54971386719,-19657.450286132807,877.7997138671913,223,-0.19133095566634117,-0.19133095566634117,310.93550876757973,0.0,COVERED_CALL,3502.487923880311,0.0,-8275.0,294.3,0.0,8.517238967903728,0.0,COVERED_CALL,1782.7315934035546,0.0,-8275.0,294.3,0.0,637.898,0
2022-07-07,388.989990234375,0.0,106000.0,101688.91934094891,-4311.080659051091,63196.78792388031,100,-0.04206397563586739,-0.04206397563586739,100365.84901670476,-5634.150983295243,61477.03159340355,100,-0.05473297482314954,-0.05835103847333756,87622.56753613282,-18377.432463867182,877.7997138671913,223,-0.17934253521209387,-0.17934253521209387,406.86760636888704,0.0,COVERED_CALL,3502.487923880311,0.0,-7701.0009765625,294.3,0.0,10.181600136287349,0.0,COVERED_CALL,1782.7315934035546,0.0,-7701.0009765625,294.3,0.0,637.898,0
2022-07-08,388.6700134277344,0.0,106000.0,101705.57704373205,-4294.422956267954,63196.78792388031,100,-0.041907055750372235,-0.041907055750372235,100336.8206230479,-5663.179376952103,61477.03159340355,100,-0.0550063704411462,-0.058623387653955916,87551.21270825196,-18448.78729174804,877.7997138671913,223,-0.18001083190546496,-0.18001083190546496,358.2122229216959,0.0,COVERED_CALL,3502.487923880311,0.0,-7732.9986572265625,294.3,0.0,7.212313129083257,0.0,COVERED_CALL,1782.7315934035546,0.0,-7732.9986572265625,294.3,0.0,637.898,0
2022-07-11,384.2300109863281,0.0,106000.0,101444.3920970063,-4555.6079029936955,63196.78792388031,100,-0.04436748576685545,-0.04436748576685545,99897.90254087847,-6102.0974591215345,61477.03159340355,100,-0.0591401947837229,-0.06274138954722275,86561.09216381836,-19438.907836181636,877.7997138671913,223,-0.18928412574605258,-0.18928412574605258,175.3969255068088,0.0,COVERED_CALL,3502.487923880311,0.0,-8176.9989013671875,294.3,0.0,2.130151157899195,0.0,COVERED_CALL,1782.7315934035546,0.0,-8176.9989013671875,294.3,0.0,637.898,0
2022-07-12,380.8299865722656,0.0,106000.0,101139.27251434099,-4860.727485659008,63196.78792388031,100,-0.04724179146179619,-0.04724179146179619,99557.92731966176,-6442.072680338242,61477.03159340355,100,-0.06234215410695709,-0.06593109318785273,85802.88671948243,-20197.113280517573,877.7997138671913,223,-0.196385343791056,-0.196385343791056,140.51406676587212,0.0,COVERED_CALL,3502.487923880311,0.0,-8517.001342773438,294.3,0.0,2.1029309683459387,0.0,COVERED_CALL,1782.7315934035546,0.0,-8517.001342773438,294.3,0.0,637.898,0
2022-07-13,378.8299865722656,0.0,106000.0,100959.37341810661,-5040.62658189339,63196.78792388031,100,-0.048936487660264594,-0.048936487660264594,99357.97067942438,-6642.029320575617,61477.03159340355,100,-0.06422538849727322,-0.06780711939073514,85356.88671948243,-20643.113280517573,877.7997138671913,223,-0.20056250088183036,-0.20056250088183036,120.41316300025262,0.0,COVERED_CALL,3502.487923880311,0.0,-8717.001342773438,294.3,0.0,2.059571205729748,0.0,COVERED_CALL,1782.7315934035546,0.0,-8717.001342773438,294.3,0.0,637.898,0
2022-07-14,377.9100036621094,0.0,106000.0,100896.97167102883,-5103.028328971166,63196.78792388031,100,-0.04952432832074638,-0.04952432832074638,99266.45944817629,-6733.540551823709,61477.03159340355,100,-0.06508726083910699,-0.0686656928668431,85151.73053051758,-20848.269469482417,877.7997138671913,223,-0.2024839574501055,-0.2024839574501055,90.81661906240062,0.0,COVERED_CALL,3502.487923880311,0.0,-8808.999633789062,294.3,0.0,1.572511438189294,0.0,COVERED_CALL,1782.7315934035546,0.0,-8808.999633789062,294.3,0.0,637.898,0
2022-07-15,385.1300048828125,0.0,106000.0,101549.73882482028,-4450.261175179723,63196.78792388031,100,-0.04337509223690239,-0.04337509223690239,99987.99844057394,-6012.001559426062,61477.03159340355,100,-0.05829165233706268,-0.06189609494535153,86761.79080273438,-19238.20919726562,877.7997138671913,223,-0.18740441780287587,-0.18740441780287587,160.04958734126777,0.0,COVERED_CALL,3502.487923880311,0.0,-8086.99951171875,294.3,0.0,2.033641110855976,0.0,COVERED_CALL,1782.7315934035546,0.0,-8086.99951171875,294.3,0.0,637.898,0
2022-07-18,381.9500122070313,0.0,106000.0,101340.78212880662,-4659.217871193381,63196.78792388031,100,-0.045343518570281405,-0.045343518570281405,99670.96981839612,-6329.030181603885,61477.03159340355,100,-0.0612774956843557,-0.0648705098063097,86052.65243603518,-19947.347563964824,877.7997138671913,223,-0.19404608228000075,-0.19404608228000075,51.00701577681883,0.0,COVERED_CALL,3502.487923880311,0.0,-8404.998779296868,294.3,0.0,1.0629957105712322,0.0,COVERED_CALL,1782.7315934035546,0.0,-8404.998779296868,294.3,0.0,637.898,0
2022-07-19,392.2699890136719,0.0,106000.0,102237.87635909657,-3762.123640903432,63196.78792388031,100,-0.0368926579847475,-0.0368926579847475,100702.49631099564,-5297.503689004356,61477.03159340355,100,-0.0515623586272439,-0.05519255799242195,88354.00726391602,-17645.99273608398,877.7997138671913,223,-0.17249200013275834,-0.17249200013275834,185.9104661509204,0.0,COVERED_CALL,3502.487923880311,0.0,-7373.0010986328125,294.3,0.0,1.5341837750832024,0.0,COVERED_CALL,1782.7315934035546,0.0,-7373.0010986328125,294.3,0.0,637.898,0
2022-07-20,394.7699890136719,0.0,106000.0,102473.60293209889,-3526.397067901111,63196.78792388031,100,-0.034672052459166935,-0.034672052459166935,100952.65444779325,-5047.3455522067525,61477.03159340355,100,-0.04920631580878376,-0.052845533062719996,88911.50726391602,-17088.49273608398,877.7997138671913,223,-0.16727055376929056,-0.16727055376929056,200.1838931485915,0.0,COVERED_CALL,3502.487923880311,0.0,-7123.0010986328125,294.3,0.0,1.3760469774863273,0.0,COVERED_CALL,1782.7315934035546,0.0,-7123.0010986328125,294.3,0.0,637.898,0
2022-07-21,398.7900085449219,0.0,106000.0,102809.98464071576,-3190.01535928424,63196.78792388031,100,-0.03150324942035343,-0.03150324942035343,101354.65310564628,-4645.3468943537155,61477.03159340355,100,-0.045420206498129945,-0.04907391530218652,89807.97161938477,-16192.02838061523,877.7997138671913,223,-0.15887442722428458,-0.15887442722428458,265.80413765672625,0.0,COVERED_CALL,3502.487923880311,0.0,-6720.9991455078125,294.3,0.0,1.3793422494499266,0.0,COVERED_CALL,1782.7315934035546,0.0,-6720.9991455078125,294.3,0.0,637.898,0
2022-07-22,395.0899963378906,0.0,106000.0,102575.17980349108,-3424.8201965089247,63196.78792388031,100,-0.033715171955574164,-0.033715171955574164,100984.96532716154,-5015.034672838461,61477.03159340355,100,-0.04890200503853137,-0.05254238705936087,88982.8688972168,-17017.131102783198,877.7997138671913,223,-0.16660219333756054,-0.16660219333756054,130.60775417828333,0.0,COVERED_CALL,3502.487923880311,0.0,-7091.0003662109375,294.3,0.0,1.065900031075363,0.0,COVERED_CALL,1782.7315934035546,0.0,-7091.0003662109375,294.3,0.0,637.898,0
2022-07-25,395.5700073242188,0.0,106000.0,102693.81337601757,-3306.1866239824303,63196.78792388031,100,-0.03259761289841567,-0.03259761289841567,101033.02403367146,-4966.975966328537,61477.03159340355,100,-0.048449377865229404,-0.05209149234247512,89089.91134716799,-16910.08865283201,877.7997138671913,223,-0.16559965268996535,-0.16559965268996535,59.97528028462018,0.0,COVERED_CALL,3502.487923880311,0.0,-7042.999267578118,294.3,0.0,1.0082921539747904,0.0,COVERED_CALL,1782.7315934035546,0.0,-7042.999267578118,294.3,0.0,637.898,0
2022-07-26,390.8900146484375,0.0,106000.0,102275.48430034917,-3724.5156996508304,63196.78792388031,100,-0.0365383814130078,-0.0365383814130078,100565.03209481227,-5434.967905187732,61477.03159340355,100,-0.05285702600636699,-0.056482269958038955,88046.27298046876,-17953.727019531245,877.7997138671913,223,-0.1753741849851712,-0.1753741849851712,10.30508837488091,0.0,COVERED_CALL,3502.487923880311,0.0,-7510.99853515625,294.3,0.0,1.0009634350335612,0.0,COVERED_CALL,1782.7315934035546,0.0,-7510.99853515625,294.3,0.0,637.898,0
2022-07-27,401.0400085449219,0.0,106000.0,103208.06051824658,-2791.9394817534194,63196.78792388031,100,-0.027753271291088732,-0.027753271291088732,101580.01065958629,-4419.989340413711,61477.03159340355,100,-0.04329774087161431,-0.04695957353435587,90309.72161938477,-15690.27838061523,877.7997138671913,223,-0.1541751254971635,-0.1541751254971635,92.72826012590052,0.0,COVERED_CALL,3502.487923880311,0.0,-6495.9991455078125,294.3,0.0,1.0217883094505489,0.0,COVERED_CALL,1782.7315934035546,0.0,-6495.9991455078125,294.3,0.0,637.898,0
2022-07-28,406.0700073242188,0.0,106000.0,103641.07250187923,-2358.927498120771,63196.78792388031,100,-0.023674185970963157,-0.023674185970963157,102083.02122691445,-3916.978773085546,61477.03159340355,100,-0.03856027980025256,-0.04224024536643822,91431.41134716799,-14568.588652832012,877.7997138671913,223,-0.14366957796340052,-0.14366957796340052,162.71615442295385,0.0,COVERED_CALL,3502.487923880311,0.0,-5992.999267578118,294.3,0.0,1.0110989109856456,0.0,COVERED_CALL,1782.7315934035546,0.0,-5992.999267578118,294.3,0.0,637.898,0
2022-07-29,411.989990234375,0.0,106000.0,103896.7879238803,-2103.2120761197,103896.7879238803,0,-0.021265280297583122,-0.021265280297583122,102675.019768175,-3324.9802318250004,61477.03159340355,100,-0.032984710963951946,-0.0366860173390291,92751.56753613282,-13248.432463867182,877.7997138671913,223,-0.13130522866818983,-0.13130522866818983,0.0,0.0,CASH,3502.487923880311,-5900.0,0.0,294.3,0.0,1.0108486660426894,0.0,COVERED_CALL,1782.7315934035546,0.0,-5401.0009765625,294.3,0.0,637.898,0
2022-08-01,410.7699890136719,1000.0,107000.0,104896.7879238803,-2103.2120761197,104896.7879238803,0,-0.021265280297583122,-0.021265280297583122,103553.0304933961,-3446.9695066038985,62477.03159340355,100,-0.03413363203624353,-0.03783054085014714,93479.47726391602,-13520.522736083978,645.4597468261757,226,-0.13385357801778863,-0.13385357801778863,0.0,0.0,CASH,3502.487923880311,-5900.0,0.0,294.3,0.0,1.0000013746288674,0.0,COVERED_CALL,1782.7315934035546,0.0,-5523.0010986328125,294.3,0.0,637.898,3
2022-08-02,408.05999755859375,0.0,107000.0,104829.31111875967,-2170.688881240334,105520.49257252636,0,-0.02189486956578912,-0.02189486956578912,103282.03134925285,-3717.968650747149,62477.03159340355,100,-0.036661312373822974,-0.04034854634653873,92867.01919506837,-14132.980804931634,645.4597468261757,226,-0.1395283890081075,-0.1395283890081075,691.1814537666903,39900.0,SHORT_PUT,4126.1925725263645,-5900.0,0.0,294.3,0.0,1.0000000100725788,0.0,COVERED_CALL,1782.7315934035546,0.0,-5794.000244140625,294.3,0.0,637.898,0
2022-08-03,414.4500122070313,0.0,107000.0,105004.68783951073,-1995.3121604892658,105520.49257252636,0,-0.020258525031090935,-0.020258525031090935,103921.03281410456,-3078.967185895439,62477.03159340355,100,-0.030701177542045155,-0.034411224272014374,94311.16250561526,-12688.837494384745,645.4597468261757,226,-0.1261474887520192,-0.1261474887520192,515.8047330156305,39900.0,SHORT_PUT,4126.1925725263645,-5900.0,0.0,294.3,0.0,1.000000002118095,0.0,COVERED_CALL,1782.7315934035546,0.0,-5154.998779296868,294.3,0.0,637.898,0
2022-08-04,414.1700134277344,0.0,107000.0,105092.3638613288,-1907.6361386711942,105520.49257252636,0,-0.019440467888092283,-0.019440467888092283,103893.03293617698,-3106.9670638230164,62477.03159340355,100,-0.030962339772338976,-0.034671386888921685,94247.88278149415,-12752.117218505853,645.4597468261757,226,-0.1267338153793791,-0.1267338153793791,428.12871119755476,39900.0,SHORT_PUT,4126.1925725263645,-5900.0,0.0,294.3,0.0,1.0,0.0,COVERED_CALL,1782.7315934035546,0.0,-5182.9986572265625,294.3,0.0,637.898,0
2022-08-05,413.4700012207031,0.0,107000.0,105107.8024852996,-1892.1975147003977,105520.49257252636,0,-0.019296418507708912,-0.019296418507708912,103824.03171547386,-3175.9682845261414,62477.03159340355,100,-0.031605932317221974,-0.03531251604649699,94089.68002270508,-12910.319977294916,645.4597468261757,226,-0.12819966390018334,-0.12819966390018334,412.6900872267522,39900.0,SHORT_PUT,4126.1925725263645,-5900.0,0.0,294.3,0.0,0.0,0.0,STOCK,1782.7315934035546,0.0,-5252.9998779296875,294.3,0.0,637.898,0
2022-08-08,412.989990234375,0.0,107000.0,105149.52462534366,-1850.4753746563365,105520.49257252636,0,-0.01890713197330096,-0.01890713197330096,103776.03061684105,-3223.969383158954,62477.03159340355,100,-0.03205365119685144,-0.035758521256485265,93981.19753979493,-13018.802460205072,645.4597468261757,226,-0.12920482264914712,-0.12920482264914712,370.9679471827013,39900.0,SHORT_PUT,4126.1925725263645,-5900.0,0.0,294.3,0.0,0.0,0.0,STOCK,1782.7315934035546,0.0,-5301.0009765625,294.3,0.0,637.898,0
2022-08-09,411.3500061035156,0.0,107000.0,105114.6033413137,-1885.3966586862953,105520.49257252636,0,-0.019232963429279493,-0.019232963429279493,103608.01420961886,-3391.9857903811353,62497.8775376979,100,-0.03362078444470329,-0.03731965621212119,93610.56112622071,-13389.43887377929,645.4597468261757,226,-0.13263900320802313,-0.13263900320802313,405.88923121265213,39900.0,SHORT_PUT,4126.1925725263645,-5900.0,0.0,294.3,0.0,24.863938430593713,0.0,COVERED_CALL,1803.5775376979013,0.0,-5464.9993896484375,294.3,0.0,637.898,0
2022-08-10,419.989990234375,0.0,107000.0,105308.15643702172,-1691.8435629782762,105520.49257252636,0,-0.01742702505285576,-0.01742702505285576,104436.50417119631,-2563.495828803687,62497.8775376979,100,-0.02589324053536035,-0.029621689919450578,95563.19753979493,-11436.802460205072,645.4597468261757,226,-0.11454659306034332,-0.11454659306034332,212.33613550463764,39900.0,SHORT_PUT,4126.1925725263645,-5900.0,0.0,294.3,0.0,60.372389939091086,0.0,COVERED_CALL,1803.5775376979013,0.0,-4601.0009765625,294.3,0.0,637.898,0
2022-08-11,419.989990234375,0.0,107000.0,105371.28711636164,-1628.7128836383636,105520.49257252636,0,-0.01683798711402773,-0.01683798711402773,104464.09740492035,-2535.9025950796495,62497.8775376979,100,-0.02563587118257149,-0.029365305662592434,95563.19753979493,-11436.802460205072,645.4597468261757,226,-0.11454659306034332,-0.11454659306034332,149.2054561647228,39900.0,SHORT_PUT,4126.1925725263645,-5900.0,0.0,294.3,0.0,32.7791562150582,0.0,COVERED_CALL,1803.5775376979013,0.0,-4601.0009765625,294.3,0.0,637.898,0
2022-08-12,427.1000061035156,0.0,107000.0,105447.45256687337,-1552.5474331266305,105520.49257252636,0,-0.01612732883427459,-0.01612732883427459,105137.37642178561,-1862.6235782143922,62497.8775376979,100,-0.019356020602174118,-0.023109491569778373,97170.06112622071,-9829.93887377929,645.4597468261757,226,-0.09965798663321435,-0.09965798663321435,73.04000565299674,39900.0,SHORT_PUT,4126.1925725263645,-5900.0,0.0,294.3,0.0,70.5017262638575,0.0,COVERED_CALL,1803.5775376979013,0.0,-3889.9993896484375,294.3,0.0,637.898,0
2022-08-15,428.8599853515625,0.0,107000.0,105484.56109178158,-1515.4389082184207,105520.49257252636,0,-0.015781089426534445,-0.015781089426534445,105328.68084321829,-1671.319156781712,62497.8775376979,100,-0.017571673916961572,-0.02133197457364744,97567.8164362793,-9432.183563720697,645.4597468261757,226,-0.09597253236329994,-0.09597253236329994,35.9314807447862,39900.0,SHORT_PUT,4126.1925725263645,-5900.0,0.0,294.3,0.0,55.195229635863484,0.0,COVERED_CALL,1803.5775376979013,0.0,-3714.00146484375,294.3,0.0,637.898,0
2022-08-16,429.7000122070313,0.0,107000.0,105489.41778627729,-1510.5822137227078,105520.49257252636,0,-0.015735774258929913,-0.015735774258929913,105407.30109203073,-1592.698907969272,62497.8775376979,100,-0.016838362165416898,-0.02060146961480991,97757.66250561526,-9242.337494384745,645.4597468261757,226,-0.09421348857641099,-0.09421348857641099,31.074786249071344,39900.0,SHORT_PUT,4126.1925725263645,-5900.0,0.0,294.3,0.0,60.577666370307014,0.0,COVERED_CALL,1803.5775376979013,0.0,-3629.9987792968677,294.3,0.0,637.898,0
2022-08-17,426.6499938964844,0.0,107000.0,105482.9954710412,-1517.0045289588015,105520.49257252636,0,-0.01579569737980757,-0.01579569737980757,105126.82721267767,-1873.172787322328,62497.8775376979,100,-0.01945441585181018,-0.0232075102059639,97068.35836743165,-9931.641632568353,645.4597468261757,226,-0.10060032695441856,-0.10060032695441856,37.497101485160066,39900.0,SHORT_PUT,4126.1925725263645,-5900.0,0.0,294.3,0.0,36.04971466866452,0.0,COVERED_CALL,1803.5775376979013,0.0,-3935.0006103515625,294.3,0.0,637.898,0
2022-08-18,427.8900146484375,0.0,107000.0,105492.14813789452,-1507.8518621054827,105520.49257252636,0,-0.015710298837063763,-0.015710298837063763,105247.6978213948,-1752.3021786051977,62497.8775376979,100,-0.01832702387420282,-0.022084433385687774,97348.60305737305,-9651.396942626947,645.4597468261757,226,-0.09800368282913141,-0.09800368282913141,28.344434631847175,39900.0,SHORT_PUT,4126.1925725263645,-5900.0,0.0,294.3,0.0,39.18118114684489,0.0,COVERED_CALL,1803.5775376979013,0.0,-3810.99853515625,294.3,0.0,637.898,0
2022-08-19,422.1400146484375,0.0,107000.0,105470.7824005189,-1529.2175994810968,105520.49257252636,0,-0.015909650880109427,-0.015909650880109427,104696.95982530504,-2303.0401746949647,62497.8775376979,100,-0.023463902104114087,-0.02720164992011609,96049.10305737305,-10950.896942626947,645.4597468261757,226,-0.11004437141993462,-0.11004437141993462,49.71017200745314,39900.0,SHORT_PUT,4126.1925725263645,-5900.0,0.0,294.3,0.0,14.919177236613933,0.0,COVERED_CALL,1803.5775376979013,0.0,-4385.99853515625,294.3,0.0,637.898,0
2022-08-22,413.3500061035156,0.0,107000.0,105393.8577015103,-1606.1422984897072,105520.49257252636,0,-0.016627393293509374,-0.016627393293509374,103828.97788385977,-3171.0221161402296,62497.8775376979,100,-0.031559798102979375,-0.03526655841360038,94062.56112622071,-12937.43887377929,645.4597468261757,226,-0.12845093761122228,-0.12845093761122228,126.63487101606718,39900.0,SHORT_PUT,4126.1925725263645,-5900.0,0.0,294.3,0.0,3.9002641896963777,0.0,COVERED_CALL,1803.5775376979013,0.0,-5264.9993896484375,294.3,0.0,637.898,0
2022-08-23,412.3500061035156,0.0,107000.0,105334.85229290967,-1665.1477070903347,105520.49257252636,0,-0.017177940580901607,-0.017177940580901607,103725.13033383437,-3274.8696661656286,62497.8775376979,100,-0.032528411532128265,-0.036231464419401394,93836.56112622071,-13163.43887377929,645.4597468261757,226,-0.13054497040962287,-0.13054497040962287,185.64027961669254,39900.0,SHORT_PUT,4126.1925725263645,-5900.0,0.0,294.3,0.0,7.747814215090696,0.0,COVERED_CALL,1803.5775376979013,0.0,-5364.9993896484375,294.3,0.0,637.898,0
2022-08-24,413.6700134277344,0.0,107000.0,105376.4917925028,-1623.5082074972015,105520.49257252636,0,-0.016789425119470902,-0.016789425119470902,103856.80849383403,-3143.1915061659674,62497.8775376979,100,-0.031300214679433225,-0.035007968560467506,94134.88278149415,-12865.117218505853,645.4597468261757,226,-0.1277808317785799,-0.1277808317785799,144.00078002356267,39900.0,SHORT_PUT,4126.1925725263645,-5900.0,0.0,294.3,0.0,8.07038663731323,0.0,COVERED_CALL,1803.5775376979013,0.0,-5232.9986572265625,294.3,0.0,637.898,0
2022-08-25,419.510009765625,0.0,107000.0,105477.37556098912,-1522.6244390108768,105520.49257252636,0,-0.015848133695527178,-0.015848133695527178,104439.42701418766,-2560.5729858123377,62497.8775376979,100,-0.025865978409561174,-0.029594532140998497,95454.72195385743,-11545.278046142572,645.4597468261757,226,-0.11555168790449788,-0.11555168790449788,43.117011537236074,39900.0,SHORT_PUT,4126.1925725263645,-5900.0,0.0,294.3,0.0,9.451500072740714,0.0,COVERED_CALL,1803.5775376979013,0.0,-4648.9990234375,294.3,0.0,637.898,0
2022-08-26,405.30999755859375,0.0,107000.0,105280.35743157186,-1719.642568428142,105520.49257252636,0,-0.017686402411738356,-0.017686402411738356,103027.60008527109,-3972.399914728914,62497.8775376979,100,-0.039034459732886995,-0.04271261034823637,92245.51919506837,-14754.480804931634,645.4597468261757,226,-0.1452869792037097,-0.1452869792037097,240.13514095450716,39900.0,SHORT_PUT,4126.1925725263645,-5900.0,0.0,294.3,0.0,1.277208286190611,0.0,COVERED_CALL,1803.5775376979013,0.0,-6069.000244140625,294.3,0.0,637.898,0
2022-08-29,402.6300048828125,0.0,107000.0,105238.97827182019,-1761.0217281798105,105520.49257252636,0,-0.018072488784091845,-0.018072488784091845,102759.61816223444,-4240.381837765555,62497.8775376979,100,-0.041533997655148425,-0.04520258114601561,91639.8408503418,-15360.159149658197,645.4597468261757,226,-0.15089897176626887,-0.15089897176626887,281.5143007061734,39900.0,SHORT_PUT,4126.1925725263645,-5900.0,0.0,294.3,0.0,1.259863744702607,0.0,COVERED_CALL,1803.5775376979013,0.0,-6336.99951171875,294.3,0.0,637.898,0
2022-08-30,398.2099914550781,0.0,107000.0,105083.73433777003,-1916.2656622299692,105520.49257252636,0,-0.019520985266065494,-0.019520985266065494,102317.8077416339,-4682.192258366107,62497.8775376979,100,-0.04565487972147497,-0.04930769030033544,90640.91781567383,-16359.082184326166,645.4597468261757,226,-0.16015462485331555,-0.16015462485331555,436.75823475633297,39900.0,SHORT_PUT,4126.1925725263645,-5900.0,0.0,294.3,0.0,1.0689415718248683,0.0,COVERED_CALL,1803.5775376979013,0.0,-6779.0008544921875,294.3,0.0,637.898,0
2022-08-31,395.1799926757813,0.0,107000.0,104960.77154345813,-2039.2284565418668,105520.49257252636,0,-0.020668284038569573,-0.020668284038569573,102014.86398838226,-4985.136011617738,62497.8775376979,100,-0.04848051583522561,-0.052122511130108684,89956.13809155276,-17043.861908447245,645.4597468261757,226,-0.16649954167627667,-0.16649954167627667,559.7210290682318,39900.0,SHORT_PUT,4126.1925725263645,-5900.0,0.0,294.3,0.0,1.0128168937664732,0.0,COVERED_CALL,1803.5775376979013,0.0,-7082.000732421868,294.3,0.0,637.898,0
2022-09-01,396.4200134277344,1000.0,108000.0,106135.23598839063,-1864.764011609368,106520.49257252636,0,-0.019040451451999285,-0.019040451451999285,103138.87441851458,-4861.125581485423,63497.8775376979,100,-0.047323837916956935,-0.05097026046278552,91236.36278149414,-16763.637218505857,852.5997199707069,228,-0.16390308286362676,-0.16390308286362676,385.25658413572756,39900.0,SHORT_PUT,4126.1925725263645,-5900.0,0.0,294.3,0.0,1.0044619567620783,0.0,COVERED_CALL,1803.5775376979013,0.0,-6957.9986572265625,294.3,0.0,637.898,2
2022-09-02,392.239990234375,0.0,108000.0,105844.49159596386,-2155.50840403614,66620.49257252636,100,-0.02172766918211322,-0.02172766918211322,102720.87639138242,-5279.123608617578,63497.8775376979,100,-0.05118481428005617,-0.05481645871783547,90283.3174934082,-17716.682506591795,852.5997199707069,228,-0.17263686184129579,-0.17263686184129579,0.0,0.0,STOCK,4126.1925725263645,-5900.0,-676.0009765625,294.3,0.0,1.000169752980866,0.0,COVERED_CALL,1803.5775376979013,0.0,-7376.0009765625,294.3,0.0,637.898,0
2022-09-06,390.760009765625,0.0,108000.0,105696.49354908886,-2303.50645091114,66620.49257252636,100,-0.023095547586457377,-0.023095547586457377,102572.8785142604,-5427.121485739597,63497.8775376979,100,-0.05255184538610569,-0.056178257434071566,89945.8819465332,-18054.118053466795,852.5997199707069,228,-0.17572914667020878,-0.17572914667020878,0.0,0.0,STOCK,4126.1925725263645,-5900.0,-823.9990234375,294.3,0.0,1.000000000005287,0.0,COVERED_CALL,1803.5775376979013,0.0,-7523.9990234375,294.3,0.0,637.898,0
2022-09-07,397.7799987792969,0.0,108000.0,106315.67278951808,-1684.3272104819189,67389.95435143703,100,-0.017372756446404902,-0.017372756446404902,103274.87741562759,-4725.12258437241,63497.8775376979,100,-0.04606760146826672,-0.04971883233101537,91546.4394416504,-16453.560558349607,852.5997199707069,228,-0.16106151693827886,-0.16106151693827886,852.2814398486407,0.0,COVERED_CALL,4895.65435143704,-5900.0,-122.0001220703125,294.3,0.0,1.0000000000001041,0.0,COVERED_CALL,1803.5775376979013,0.0,-6822.0001220703125,294.3,0.0,637.898,0
2022-09-08,400.3800048828125,0.0,108000.0,106590.87216194648,-1409.1278380535223,67389.95435143703,100,-0.01482921424174466,-0.01482921424174466,103534.87802597915,-4465.121974020847,63497.8775376979,100,-0.04366602025065636,-0.04732644330299263,92139.24083325196,-15860.759166748045,852.5997199707069,228,-0.15562904022743873,-0.15562904022743873,837.082677771803,0.0,COVERED_CALL,4895.65435143704,-5900.0,138.00048828125,294.3,0.0,1.0,0.0,COVERED_CALL,1803.5775376979013,0.0,-6561.99951171875,294.3,0.0,637.898,0
2022-09-09,406.6000061035156,0.0,108000.0,106984.51399753561,-1015.4860024643858,67389.95435143703,100,-0.011190962404519222,-0.011190962404519222,104157.87814804947,-3842.1218519505346,63497.8775376979,100,-0.0379114745605138,-0.04159392346589508,93557.40111157227,-14442.598888427732,852.5997199707069,228,-0.1426329123617478,-0.1426329123617478,1065.4409642529836,0.0,COVERED_CALL,4895.65435143704,-5900.0,760.0006103515625,294.3,0.0,0.0,0.0,STOCK,1803.5775376979013,0.0,-5939.9993896484375,294.3,0.0,637.898,0
2022-09-12,410.9700012207031,0.0,108000.0,107277.6564659101,-722.3435340899014,67389.95435143703,100,-0.008481580352847629,-0.008481580352847629,104594.87765976822,-3405.1223402317846,63497.8775376979,100,-0.033874984730626334,-0.03757288353189836,94553.75999829102,-13446.240001708982,852.5997199707069,228,-0.13350220429590687,-0.13350220429590687,1209.2980075972446,0.0,COVERED_CALL,4895.65435143704,-5900.0,1197.0001220703125,294.3,0.0,0.0,0.0,STOCK,1803.5775376979013,0.0,-5502.9998779296875,294.3,0.0,637.898,0
2022-09-13,393.1000061035156,0.0,108000.0,106260.38258691039,-1739.6174130896106,67389.95435143703,100,-0.017883778555924934,-0.017883778555924934,102804.22814804946,-5195.771851950543,63502.68016961936,100,-0.0504149083440828,-0.054049499640904886,90479.40111157227,-17520.598888427732,852.5997199707069,228,-0.17083993675956555,-0.17083993675956555,439.57237487819805,0.0,COVERED_CALL,4895.65435143704,-5900.0,-589.9993896484375,294.3,0.0,8.452631921458552,0.0,COVERED_CALL,1808.3801696193598,0.0,-7289.9993896484375,294.3,0.0,637.898,0
2022-09-14,394.6000061035156,0.0,108000.0,106257.29885884032,-1742.701141159676,67389.95435143703,100,-0.017912280047133633,-0.017912280047133633,102940.6976785017,-5059.302321498297,63502.68016961936,100,-0.04915436260664385,-0.05279377871443525,90821.40111157227,-17178.598888427732,852.5997199707069,228,-0.16770582293758574,-0.16770582293758574,592.6561029482735,0.0,COVERED_CALL,4895.65435143704,-5900.0,-439.9993896484375,294.3,0.0,21.98310146922286,0.0,COVERED_CALL,1808.3801696193598,0.0,-7139.9993896484375,294.3,0.0,637.898,0
2022-09-15,390.1199951171875,0.0,108000.0,106007.59212532651,-1992.4078746734885,67389.95435143703,100,-0.020220205424563487,-0.020220205424563487,102505.00119861866,-5494.998801381342,63502.68016961936,100,-0.05317881655408352,-0.05680282883401333,89799.95860668946,-18200.041393310545,852.5997199707069,228,-0.17706639917416722,-0.17706639917416722,394.3617378292691,0.0,COVERED_CALL,4895.65435143704,-5900.0,-888.00048828125,294.3,0.0,9.678482719443137,0.0,COVERED_CALL,1808.3801696193598,0.0,-7588.00048828125,294.3,0.0,637.898,0
2022-09-16,385.55999755859375,0.0,108000.0,105834.83878247946,-2165.1612175205373,67549.55435143704,100,-0.02181688573182672,-0.02181688573182672,102212.61363109763,-5787.386368902371,63662.28016961936,100,-0.05587955056186833,-0.059493225627781254,89124.16716333009,-18875.832836669913,1216.487719970707,228,-0.1832594029853024,-0.1832594029853024,270.71532481695186,0.0,COVERED_CALL,4895.65435143704,-5900.0,-1344.000244140625,453.90000000000003,0.0,5.666294381112124,0.0,COVERED_CALL,1808.3801696193598,0.0,-8044.000244140625,453.90000000000003,0.0,1001.7860000000001,0
2022-09-19,388.5499877929688,0.0,108000.0,106125.48991910047,-1874.510080899534,67549.55435143704,100,-0.01913052992256581,-0.01913052992256581,102512.39859583031,-5487.601404169691,63662.28016961936,100,-0.053110488059859184,-0.05673476187101212,89805.8849367676,-18194.1150632324,1216.487719970707,228,-0.17701208983787609,-0.17701208983787609,279.063211633453,0.0,COVERED_CALL,4895.65435143704,-5900.0,-1045.0012207031177,453.90000000000003,0.0,4.880353085926336,0.0,COVERED_CALL,1808.3801696193598,0.0,-7745.001220703118,453.90000000000003,0.0,1001.7860000000001,0
2022-09-20,384.0899963378906,0.0,108000.0,105792.03578400903,-2207.964215990971,67549.55435143704,100,-0.02221249431238015,-0.02221249431238015,102068.83249268269,-5931.16750731731,63662.28016961936,100,-0.05720763237289572,-0.060816224129651486,88789.00688500977,-19210.993114990226,1216.487719970707,228,-0.18633083708139087,-0.18633083708139087,166.51820121706368,0.0,COVERED_CALL,4895.65435143704,-5900.0,-1491.0003662109375,453.90000000000003,0.0,2.4473107257399365,0.0,COVERED_CALL,1808.3801696193598,0.0,-8191.0003662109375,453.90000000000003,0.0,1001.7860000000001,0
2022-09-21,377.3900146484375,0.0,108000.0,105195.05959854931,-2804.940401450687,67549.55435143704,100,-0.027730072748315626,-0.027730072748315626,101399.46358545778,-6600.536414542221,63662.28016961936,100,-0.06339047860956437,-0.06697540516841549,87261.41105981446,-20738.58894018554,1216.487719970707,228,-0.20032984056134173,-0.20032984056134173,93.4962177314672,0.0,COVERED_CALL,4895.65435143704,-5900.0,-2160.99853515625,453.90000000000003,0.0,1.818049005331173,0.0,COVERED_CALL,1808.3801696193598,0.0,-8860.99853515625,453.90000000000003,0.0,1001.7860000000001,0
2022-09-22,374.2200012207031,0.0,108000.0,104905.4399203047,-3094.560079695293,67549.55435143704,100,-0.03040689525853768,-0.03040689525853768,101082.70888477883,-6917.291115221175,63662.28016961936,100,-0.06631628766328834,-0.06989001552049989,86538.64799829102,-21461.352001708976,1216.487719970707,228,-0.20695329582782418,-0.20695329582782418,66.11455320263525,0.0,COVERED_CALL,4895.65435143704,-5900.0,-2477.9998779296875,453.90000000000003,0.0,1.571406910852951,0.0,COVERED_CALL,1808.3801696193598,0.0,-9177.999877929688,453.90000000000003,0.0,1001.7860000000001,0
2022-09-23,367.9500122070313,0.0,108000.0,104321.67035754114,-3678.3296424588625,67549.55435143704,100,-0.03580241090809311,-0.03580241090809311,100456.17058709181,-7543.829412908191,63662.28016961936,100,-0.0721035148771173,-0.07565509179088115,85109.09050317385,-22890.90949682615,1216.487719970707,228,-0.2200538686487642,-0.2200538686487642,22.885214599032135,0.0,COVERED_CALL,4895.65435143704,-5900.0,-3104.9987792968677,453.90000000000003,0.0,1.1108032306821118,0.0,COVERED_CALL,1808.3801696193598,0.0,-9804.998779296868,453.90000000000003,0.0,1001.7860000000001,0
2022-09-26,364.30999755859375,0.0,108000.0,103968.99725229661,-4031.0027477033873,67549.55435143704,100,-0.0390620074679342,-0.0390620074679342,100092.20768200164,-7907.792317998363,63662.28016961936,100,-0.07546537804962894,-0.0790040872396518,84279.16716333009,-23720.832836669913,1216.487719970707,228,-0.22765934879668215,-0.22765934879668215,11.556854999794307,0.0,COVERED_CALL,4895.65435143704,-5900.0,-3469.000244140625,453.90000000000003,0.0,1.072243477105028,0.0,COVERED_CALL,1808.3801696193598,0.0,-10169.000244140625,453.90000000000003,0.0,1001.7860000000001,0
2022-09-27,363.3800048828125,0.0,108000.0,103875.38623183566,-4124.613768164345,67549.55435143704,100,-0.039927211408127494,-0.039927211408127494,99999.15120597908,-8000.848794020916,63662.28016961936,100,-0.07632492482027142,-0.07986034404582532,84067.12883325196,-23932.87116674804,1216.487719970707,228,-0.22960248406301942,-0.22960248406301942,12.168607882637627,0.0,COVERED_CALL,4895.65435143704,-5900.0,-3561.99951171875,453.90000000000003,0.0,1.1294519215348207,0.0,COVERED_CALL,1808.3801696193598,0.0,-10261.99951171875,453.90000000000003,0.0,1001.7860000000001,0
2022-09-28,370.5299987792969,0.0,108000.0,104577.9643685646,-3422.0356314353994,67549.55435143704,100,-0.033433602330924295,-0.033433602330924295,100713.98279079187,-7286.017209208134,63662.28016961936,100,-0.06972214759786521,-0.07328283933121049,85697.3274416504,-22302.6725583496,1216.487719970707,228,-0.214663220930991,-0.214663220930991,24.589860802126477,0.0,COVERED_CALL,4895.65435143704,-5900.0,-2847.0001220703125,453.90000000000003,0.0,1.2972567571879388,0.0,COVERED_CALL,1808.3801696193598,0.0,-9547.000122070312,453.90000000000003,0.0,1001.7860000000001,0
2022-09-29,362.7900085449219,0.0,108000.0,103825.21094274099,-4174.789057259011,67549.55435143704,100,-0.04039095870637599,-0.04039095870637599,99940.2686479488,-8059.731352051196,63662.28016961936,100,-0.07686881294891523,-0.08040215041152221,83932.6096682129,-24067.3903317871,1216.487719970707,228,-0.2308352278480197,-0.2308352278480197,3.3442631882303777,0.0,COVERED_CALL,4895.65435143704,-5900.0,-3620.9991455078125,453.90000000000003,0.0,1.0123761627454593,0.0,COVERED_CALL,1808.3801696193598,0.0,-10320.999145507812,453.90000000000003,0.0,1001.7860000000001,0
2022-09-30,357.17999267578125,0.0,108000.0,103265.93592985053,-4734.06407014947,67549.55435143704,100,-0.04556008241020626,-0.04556008241020626,99379.27379621899,-8620.726203781014,63662.28016961936,100,-0.08205062655030915,-0.08556413032472654,82653.52605004884,-25346.473949951163,1216.487719970707,228,-0.24255684669935262,-0.24255684669935262,1.6176891646278384,0.0,COVERED_CALL,4895.65435143704,-5900.0,-4182.000732421875,453.90000000000003,0.0,1.0056409785040303,0.0,COVERED_CALL,1808.3801696193598,0.0,-10882.000732421875,453.90000000000003,0.0,1001.7860000000001,0
2022-10-03,366.6099853515625,1000.0,109000.0,105209.33875619971,-3790.661243800292,68549.55435143704,100,-0.036840640633720056,-0.036840640633720056,101322.27565731246,-7677.724342687536,64662.28016961936,100,-0.07334027946800248,-0.0768871225944967,85803.53438012696,-23196.465619873037,1116.6277639160196,231,-0.22285400803072852,-0.22285400803072852,1.2141303935798644,0.0,COVERED_CALL,4895.65435143704,-5900.0,-3239.00146484375,453.90000000000003,0.0,1.0030474631530109,0.0,COVERED_CALL,1808.3801696193598,0.0,-9939.00146484375,453.90000000000003,0.0,1001.7860000000001,3
2022-10-04,377.9700012207031,0.0,109000.0,106344.73267497732,-2655.26732502268,68549.55435143704,100,-0.026446456121522854,-0.026446456121522854,102458.27411580249,-6541.725884197513,64662.28016961936,100,-0.06295081666488223,-0.0665374260549948,88427.69804589845,-20572.301954101553,1116.6277639160196,231,-0.1990862426366955,-0.1990862426366955,1.8217985300289279,0.0,COVERED_CALL,4895.65435143704,-5900.0,-2102.9998779296875,453.90000000000003,0.0,1.0061758871859436,0.0,COVERED_CALL,1808.3801696193598,0.0,-8802.999877929688,453.90000000000003,0.0,1001.7860000000001,0
2022-10-05,377.0899963378906,0.0,109000.0,106257.52792365794,-2742.472076342063,68549.55435143704,100,-0.02724478898253535,-0.02724478898253535,102370.27910757874,-6629.720892421261,64662.28016961936,100,-0.06375558964495831,-0.06733911872042087,88224.41691796876,-20775.58308203124,1116.6277639160196,231,-0.20092741520557444,-0.20092741520557444,1.0260615681665257,0.0,COVERED_CALL,4895.65435143704,-5900.0,-2191.0003662109375,453.90000000000003,0.0,1.000695829682791,0.0,COVERED_CALL,1808.3801696193598,0.0,-8891.000366210938,453.90000000000003,0.0,1001.7860000000001,0
2022-10-06,373.2000122070313,0.0,109000.0,105868.55557202539,-3131.4444279746094,68549.55435143704,100,-0.030805712047338174,-0.030805712047338174,101981.2813659721,-7018.7186340279,64662.28016961936,100,-0.0673132331758236,-0.07088314516701633,87325.83058374026,-21674.16941625974,1116.6277639160196,231,-0.2090661564955344,-0.2090661564955344,1.0000001147897746,0.0,COVERED_CALL,4895.65435143704,-5900.0,-2579.9987792968677,453.90000000000003,0.0,1.0000243503952557,0.0,COVERED_CALL,1808.3801696193598,0.0,-9279.998779296868,453.90000000000003,0.0,1001.7860000000001,0
2022-10-07,362.7900085449219,0.0,109000.0,104828.55520592922,-4171.444794070776,68549.55435143704,100,-0.04032659772338143,-0.04032659772338143,100940.2810236558,-8059.7189763442,64662.28016961936,100,-0.07683387491059024,-0.08036734610053886,84921.11973779298,-24078.88026220702,1116.6277639160196,231,-0.2308462779004844,-0.2308462779004844,0.0,0.0,STOCK,4895.65435143704,-5900.0,-3620.9991455078125,453.90000000000003,0.0,1.0000004557492943,0.0,COVERED_CALL,1808.3801696193598,0.0,-10320.999145507812,453.90000000000003,0.0,1001.7860000000001,0
2022-10-10,360.0199890136719,0.0,109000.0,104551.55325280422,-4448.446747195776,68549.55435143704,100,-0.04286246599200849,-0.04286246599200849,100663.27907098655,-8336.720929013449,64662.28016961936,100,-0.0793672423303613,-0.08289101691148948,84281.24522607423,-24718.75477392577,1116.6277639160196,231,-0.23664179571613153,-0.23664179571613153,0.0,0.0,STOCK,4895.65435143704,-5900.0,-3898.0010986328125,453.90000000000003,0.0,1.0000000000003308,0.0,COVERED_CALL,1808.3801696193598,0.0,-10598.001098632812,453.90000000000003,0.0,1001.7860000000001,0
2022-10-11,357.739990234375,0.0,109000.0,104265.75608623415,-4734.243913765851,69081.30359352083,100,-0.04547885175316424,-0.04547885175316424,100435.27919305686,-8564.720806943136,64662.28016961936,100,-0.08145245312722726,-0.08496824644466361,83754.56550805665,-25245.43449194335,1116.6277639160196,231,-0.24141207744014015,-0.24141207744014015,589.5465307241884,0.0,COVERED_CALL,5427.403593520829,-5900.0,-4126.0009765625,453.90000000000003,0.0,1.0,0.0,COVERED_CALL,1808.3801696193598,0.0,-10826.0009765625,453.90000000000003,0.0,1001.7860000000001,0
2022-10-12,356.5599975585937,0.0,109000.0,104159.33917042238,-4840.660829577624,69081.30359352083,100,-0.04645306611161115,-0.04645306611161115,100317.27992547872,-8682.720074521276,64662.28016961936,100,-0.08253163505052674,-0.0860432977373744,83481.98719995117,-25518.012800048833,1116.6277639160196,231,-0.2438808934530502,-0.2438808934530502,577.9641789578305,0.0,COVERED_CALL,5427.403593520829,-5900.0,-4244.000244140632,453.90000000000003,0.0,1.0,0.0,COVERED_CALL,1808.3801696193598,0.0,-10944.000244140632,453.90000000000003,0.0,1001.7860000000001,0
2022-10-13,365.9700012207031,0.0,109000.0,104809.76282087319,-4190.237179126809,69081.30359352083,100,-0.040498636268300636,-0.040498636268300636,101258.28029168968,-7741.719708310324,64662.28016961936,100,-0.07392555972585935,-0.07747016265866258,85655.69804589845,-23344.301954101553,1116.6277639160196,231,-0.22419300199459158,-0.22419300199459158,868.540894717956,0.0,COVERED_CALL,5427.403593520829,-5900.0,-3302.9998779296875,453.90000000000003,0.0,1.0,0.0,COVERED_CALL,1808.3801696193598,0.0,-10002.999877929688,453.90000000000003,0.0,1001.7860000000001,0
2022-10-14,357.6300048828125,0.0,109000.0,104334.72469238863,-4665.275307611373,69081.30359352083,100,-0.04484746523077521,-0.04484746523077521,100425.28065790061,-8574.719342099386,64662.28016961936,100,-0.08154389639311832,-0.08505933970621982,83729.15889184571,-25270.841108154287,1116.6277639160196,231,-0.2416421920863545,-0.2416421920863545,509.5793894134529,0.0,COVERED_CALL,5427.403593520829,-5900.0,-4136.99951171875,453.90000000000003,0.0,0.0,0.0,STOCK,1808.3801696193598,0.0,-10836.99951171875,453.90000000000003,0.0,1001.7860000000001,0
2022-10-17,366.8200073242188,0.0,109000.0,105019.98575975157,-3980.0142402484344,69081.30359352083,100,-0.03857410947697282,-0.03857410947697282,101344.28090204124,-7655.719097958761,64662.28016961936,100,-0.07313902684316442,-0.07668664027560079,85852.04945581057,-23147.95054418943,1116.6277639160196,231,-0.22241459377011563,-0.22241459377011563,743.3185661911432,0.0,COVERED_CALL,5427.403593520829,-5900.0,-3217.9992675781177,453.90000000000003,0.0,0.0,0.0,STOCK,1808.3801696193598,0.0,-9917.999267578118,453.90000000000003,0.0,1001.7860000000001,0
2022-10-18,371.1300048828125,0.0,109000.0,105328.84725902579,-3671.152740974212,69081.30359352083,100,-0.035746576795076423,-0.035746576795076423,101771.6306579006,-7228.369342099395,64667.77014054895,100,-0.06923062858853568,-0.07279320163902592,86847.65889184571,-22152.341108154287,1116.6277639160196,231,-0.21339708780872124,-0.21339708780872124,865.456822776301,0.0,COVERED_CALL,5427.403593520829,-5900.0,-2786.99951171875,453.90000000000003,0.0,9.139970929591955,0.0,COVERED_CALL,1813.8701405489517,0.0,-9486.99951171875,453.90000000000003,0.0,1001.7860000000001,0
2022-10-19,368.5,0.0,109000.0,105229.32832117043,-3770.6716788295744,69081.30359352083,100,-0.03665764227236923,-0.03665764227236923,101512.57405085496,-7487.425949145036,64667.77014054895,100,-0.07159987386584066,-0.07515337849440573,86240.12776391603,-22759.872236083975,1116.6277639160196,231,-0.21889966278396,-0.21889966278396,701.975272350411,0.0,COVERED_CALL,5427.403593520829,-5900.0,-3050.0,453.90000000000003,0.0,5.196089693981464,0.0,COVERED_CALL,1813.8701405489517,0.0,-9750.0,453.90000000000003,0.0,1001.7860000000001,0
2022-10-20,365.4100036621094,0.0,109000.0,105046.01775867326,-3953.9822413267393,69081.30359352083,100,-0.038335794478505436,-0.038335794478505436,101204.98464049035,-7795.015359509649,64667.77014054895,100,-0.07441298396624041,-0.07795572125486117,85526.33860986329,-23473.66139013671,1116.6277639160196,231,-0.22536464565664338,-0.22536464565664338,576.2862010585087,0.0,COVERED_CALL,5427.403593520829,-5900.0,-3358.9996337890625,453.90000000000003,0.0,3.785866269538917,0.0,COVERED_CALL,1813.8701405489517,0.0,-10058.999633789062,453.90000000000003,0.0,1001.7860000000001,0
2022-10-21,374.2900085449219,0.0,109000.0,105637.86423518021,-3362.135764819788,69081.30359352083,100,-0.0329176207698334,-0.0329176207698334,102091.12848673192,-6908.871513268081,64667.77014054895,100,-0.0663086080668418,-0.0698823653181484,87577.61973779298,-21422.38026220702,1116.6277639160196,231,-0.20678563351583368,-0.20678563351583368,872.4402128328026,0.0,COVERED_CALL,5427.403593520829,-5900.0,-2470.9991455078125,453.90000000000003,0.0,5.642508309224125,0.0,COVERED_CALL,1813.8701405489517,0.0,-9170.999145507812,453.90000000000003,0.0,1001.7860000000001,0
2022-10-24,378.8699951171875,0.0,109000.0,105967.1103396679,-3032.8896603321045,69081.30359352083,100,-0.02990347325383147,-0.02990347325383147,102549.73335611688,-6450.266643883122,64667.77014054895,100,-0.062114360974167004,-0.06570417194631828,88635.59663598634,-20364.403364013662,1116.6277639160196,231,-0.1972032484548112,-0.1972032484548112,1001.1927655716796,0.0,COVERED_CALL,5427.403593520829,-5900.0,-2013.00048828125,453.90000000000003,0.0,5.036296150819552,0.0,COVERED_CALL,1813.8701405489517,0.0,-8713.00048828125,453.90000000000003,0.0,1001.7860000000001,0
2022-10-25,384.9200134277344,0.0,109000.0,106249.14415575902,-2750.855844240985,69081.30359352083,100,-0.027321539816768103,-0.027321539816768103,103151.99157343664,-5848.008426563363,64667.77014054895,100,-0.05660630830036828,-0.06021720165943423,90033.15086572267,-18966.849134277334,1116.6277639160196,231,-0.18454521896866405,-0.18454521896866405,1324.1607805352469,0.0,COVERED_CALL,5427.403593520829,-5900.0,-1407.9986572265625,453.90000000000003,0.0,7.779909885753498,0.0,COVERED_CALL,1813.8701405489517,0.0,-8107.9986572265625,453.90000000000003,0.0,1001.7860000000001,0
2022-10-26,382.0199890136719,0.0,109000.0,106210.54434743916,-2789.455652560835,69081.30359352083,100,-0.02767490927134808,-0.02767490927134808,102866.23061675044,-6133.769383249557,64667.77014054895,100,-0.05921978264787886,-0.06282067278427272,89363.24522607423,-19636.75477392577,1116.6277639160196,231,-0.1906127368933216,-0.1906127368933216,1072.7581474488513,0.0,COVERED_CALL,5427.403593520829,-5900.0,-1698.0010986328125,453.90000000000003,0.0,3.5384251656967782,0.0,COVERED_CALL,1813.8701405489517,0.0,-8398.001098632812,453.90000000000003,0.0,1001.7860000000001,0
2022-10-27,379.9800109863281,0.0,109000.0,106189.65397306628,-2810.346026933723,69081.30359352083,100,-0.027866154267617294,-0.027866154267617294,102663.82000726555,-6336.179992734455,64667.77014054895,100,-0.06107096253503774,-0.06466476717444358,88892.01030175782,-20107.989698242178,1116.6277639160196,231,-0.19488084001231454,-0.19488084001231454,889.6507190873702,0.0,COVERED_CALL,5427.403593520829,-5900.0,-1901.9989013671875,453.90000000000003,0.0,1.951231916214368,0.0,COVERED_CALL,1813.8701405489517,0.0,-8601.998901367188,453.90000000000003,0.0,1001.7860000000001,0
2022-10-28,389.0199890136719,0.0,109000.0,106551.5309111731,-2448.469088826896,69081.30359352083,100,-0.024553281437154295,-0.024553281437154295,103566.1408272401,-5433.859172759898,64667.77014054895,100,-0.05281863743235449,-0.056444028318490935,90980.24522607423,-18019.75477392577,1116.6277639160196,231,-0.1759671272678821,-0.1759671272678821,1431.771583714921,0.0,COVERED_CALL,5427.403593520829,-5900.0,-998.0010986328125,453.90000000000003,0.0,3.6282146760331138,0.0,COVERED_CALL,1813.8701405489517,0.0,-7698.0010986328125,453.90000000000003,0.0,1001.7860000000001,0
2022-10-31,386.2099914550781,0.0,109000.0,106602.05997210472,-2397.9400278952817,69081.30359352083,100,-0.024090703318789153,-0.024090703318789153,103287.4266317649,-5712.573368235098,64667.77014054895,100,-0.05536766445343,-0.05898329879272557,90331.13579003907,-18668.864209960928,1116.6277639160196,231,-0.18184628830953953,-0.18184628830953953,1100.2427669239278,0.0,COVERED_CALL,5427.403593520829,-5900.0,-1279.0008544921875,453.90000000000003,0.0,1.3426542918653603,0.0,COVERED_CALL,1813.8701405489517,0.0,-7979.0008544921875,453.90000000000003,0.0,1001.7860000000001,0
2022-11-01,384.5199890136719,1000.0,110000.0,107575.36242372739,-2424.6375762726093,70081.30359352083,100,-0.024335111219226047,-0.024335111219226047,104118.58657162699,-5881.413428373009,65667.77014054895,100,-0.05691181929921307,-0.06052154329744208,90940.72522607422,-19059.274773925776,1347.567785888676,233,-0.1853823431725432,-0.1853823431725432,957.9400711606336,0.0,COVERED_CALL,5427.403593520829,-5900.0,-1448.0010986328125,453.90000000000003,0.0,1.1824702891500969,0.0,COVERED_CALL,1813.8701405489517,0.0,-8148.0010986328125,453.90000000000003,0.0,1001.7860000000001,2
2022-11-02,374.8699951171875,0.0,110000.0,107156.3940563517,-2843.6059436483047,70081.30359352083,100,-0.028134984316080414,-0.028134984316080414,103153.75461267131,-6846.245387328687,65667.77014054895,100,-0.0656511006015722,-0.06922737450034078,88692.27664819336,-21307.723351806635,1347.567785888676,233,-0.20552321963308384,-0.20552321963308384,411.9090488878936,0.0,COVERED_CALL,5427.403593520829,-5900.0,-2413.00048828125,453.90000000000003,0.0,1.0150395963849927,0.0,COVERED_CALL,1813.8701405489517,0.0,-9113.00048828125,453.90000000000003,0.0,1001.7860000000001,0
2022-11-03,371.010009765625,0.0,110000.0,106935.0789848201,-3064.921015179905,70081.30359352083,100,-0.03014222221690077,-0.03014222221690077,102767.76781385814,-7232.23218614186,65667.77014054895,100,-0.06914730238315148,-0.0727101943694628,87792.9000612793,-22207.099938720698,1347.567785888676,233,-0.2135795447395319,-0.2135795447395319,247.2255852632378,0.0,COVERED_CALL,5427.403593520829,-5900.0,-2798.9990234375,453.90000000000003,0.0,1.0033032533113904,0.0,COVERED_CALL,1813.8701405489517,0.0,-9498.9990234375,453.90000000000003,0.0,1001.7860000000001,0
2022-11-04,376.3500061035156,0.0,110000.0,107328.18029156342,-2671.819708436582,70081.30359352083,100,-0.026576952864494574,-0.026576952864494574,103301.76702445609,-6698.232975543913,65667.77014054895,100,-0.06431042973052448,-0.06789183512379804,89037.11920800782,-20962.880791992182,1347.567785888676,233,-0.2024342313129216,-0.2024342313129216,388.12391230897475,0.0,COVERED_CALL,5427.403593520829,-5900.0,-2264.9993896484375,453.90000000000003,0.0,1.0037264444305298,0.0,COVERED_CALL,1813.8701405489517,0.0,-8964.999389648438,453.90000000000003,0.0,1001.7860000000001,0
2022-11-07,379.9500122070313,0.0,110000.0,107667.00885614874,-2332.9911438512645,70081.30359352083,100,-0.023503915262448216,-0.023503915262448216,103661.77105731628,-6338.228942683723,65667.77014054895,100,-0.061049575356925345,-0.06464346185697978,89875.92063012697,-20124.079369873027,1347.567785888676,233,-0.19492051897632445,-0.19492051897632445,409.2959580752151,0.0,COVERED_CALL,5427.403593520829,-5900.0,-1904.9987792968677,453.90000000000003,0.0,1.0003039358094112,0.0,COVERED_CALL,1813.8701405489517,0.0,-8604.998779296868,453.90000000000003,0.0,1001.7860000000001,0
2022-11-08,382.0,0.0,110000.0,107811.4753237916,-2188.524676208399,70081.30359352083,100,-0.022193663017792575,-0.022193663017792575,103866.77000311628,-6133.229996883718,65667.77014054895,100,-0.05919273029970684,-0.06279372398051186,90353.56778588868,-19646.432214111323,1347.567785888676,233,-0.19064190996095087,-0.19064190996095087,469.82826972923226,0.0,COVERED_CALL,5427.403593520829,-5900.0,-1700.0,453.90000000000003,0.0,1.0001374326693684,0.0,COVERED_CALL,1813.8701405489517,0.0,-8400.0,453.90000000000003,0.0,1001.7860000000001,0
2022-11-09,374.1300048828125,0.0,110000.0,107407.38690275178,-2592.6130972482206,70081.30359352083,100,-0.02585858103887706,-0.02585858103887706,103079.7706222196,-6920.229377780401,65667.77014054895,100,-0.06632123481347019,-0.06989494373518124,88519.85892358399,-21480.14107641601,1347.567785888676,233,-0.20706768194595482,-0.20706768194595482,86.9171790503065,0.0,COVERED_CALL,5427.403593520829,-5900.0,-2486.99951171875,453.90000000000003,0.0,1.0000066106064827,0.0,COVERED_CALL,1813.8701405489517,0.0,-9186.99951171875,453.90000000000003,0.0,1001.7860000000001,0
2022-11-10,394.6900024414063,0.0,110000.0,108005.99568384812,-1994.0043161518843,70081.30359352083,100,-0.020429442278172116,-0.020429442278172116,105135.76727071688,-4864.232729283118,65667.77014054895,100,-0.04769837214692496,-0.05134336114154836,93310.33835473635,-16689.66164526365,1347.567785888676,233,-0.1641561137834593,-0.1641561137834593,1544.3081538133479,0.0,COVERED_CALL,5427.403593520829,-5900.0,-430.9997558593677,453.90000000000003,0.0,1.0031139727135931,0.0,COVERED_CALL,1813.8701405489517,0.0,-7130.999755859368,453.90000000000003,0.0,1001.7860000000001,0
2022-11-11,398.510009765625,0.0,110000.0,108081.30359352083,-1918.6964064791682,108081.30359352083,0,-0.01974643009341437,-0.01974643009341437,105517.77089383035,-4482.229106169645,65667.77014054895,100,-0.044238249283123476,-0.047896482096080994,94200.4000612793,-15799.599938720698,1347.567785888676,233,-0.15618322836811427,-0.15618322836811427,0.0,0.0,CASH,5427.403593520829,-7800.0,0.0,453.90000000000003,0.0,1.000223281099364,0.0,COVERED_CALL,1813.8701405489517,0.0,-6748.9990234375,453.90000000000003,0.0,1001.7860000000001,0
2022-11-14,395.1199951171875,0.0,110000.0,108081.30359352083,-1918.6964064791682,108081.30359352083,0,-0.01974643009341437,-0.01974643009341437,105178.76965226751,-4821.2303477324895,65667.77014054895,100,-0.04730886399936218,-0.05095534385871758,93410.52664819336,-16589.473351806635,1347.567785888676,233,-0.1632586593959492,-0.1632586593959492,0.0,0.0,CASH,5427.403593520829,-7800.0,0.0,453.90000000000003,0.0,1.000000000188639,0.0,COVERED_CALL,1813.8701405489517,0.0,-7088.00048828125,453.90000000000003,0.0,1001.7860000000001,0
2022-11-15,398.489990234375,0.0,110000.0,108033.51374745643,-1966.4862525435747,108517.98213113265,0,-0.020179864606622244,-0.020179864606622244,105515.76916398642,-4484.230836013579,65667.77014054895,100,-0.044256380606443546,-0.04791454402072315,94195.73551049805,-15804.264489501948,1347.567785888676,233,-0.15622501190808635,-0.15622501190808635,484.4683836762267,38300.0,SHORT_PUT,5864.082131132654,-7800.0,0.0,453.90000000000003,0.0,1.0000000000222633,0.0,COVERED_CALL,1813.8701405489517,0.0,-6751.0009765625,453.90000000000003,0.0,1001.7860000000001,0
2022-11-16,395.4500122070313,0.0,110000.0,107925.07004040414,-2074.9299595958582,108517.98213113265,0,-0.02116340502885572,-0.02116340502885572,105211.77136125209,-4788.228638747911,65667.77014054895,100,-0.04700994021724869,-0.05065756422449186,93487.42063012697,-16512.579369873027,1347.567785888676,233,-0.16256986793061645,-0.16256986793061645,592.9120907285126,38300.0,SHORT_PUT,5864.082131132654,-7800.0,0.0,453.90000000000003,0.0,1.0,0.0,COVERED_CALL,1813.8701405489517,0.0,-7054.998779296868,453.90000000000003,0.0,1001.7860000000001,0
2022-11-17,394.239990234375,0.0,110000.0,107919.91596425413,-2080.0840357458655,108517.98213113265,0,-0.021210150408284334,-0.021210150408284334,105090.76916398645,-4909.23083601355,65667.77014054895,100,-0.04810595722859701,-0.0517493861679883,93205.48551049805,-16794.514489501948,1347.567785888676,233,-0.16509535171094192,-0.16509535171094192,598.0661668785225,38300.0,SHORT_PUT,5864.082131132654,-7800.0,0.0,453.90000000000003,0.0,1.0,0.0,COVERED_CALL,1813.8701405489517,0.0,-7176.0009765625,453.90000000000003,0.0,1001.7860000000001,0
2022-11-18,396.0299987792969,0.0,110000.0,108000.58277322337,-1999.4172267766262,108517.98213113265,0,-0.020478535181265523,-0.020478535181265523,105270.77001847864,-4729.229981521363,65667.77014054895,100,-0.04647554056643022,-0.050125210018928334,93622.55750146485,-16377.44249853515,1347.567785888676,233,-0.16135935546541913,-0.16135935546541913,517.3993579092783,38300.0,SHORT_PUT,5864.082131132654,-7800.0,0.0,453.90000000000003,0.0,0.0,0.0,STOCK,1813.8701405489517,0.0,-6997.0001220703125,453.90000000000003,0.0,1001.7860000000001,0
2022-11-21,394.5899963378906,0.0,110000.0,108037.15299212576,-1962.8470078742394,108517.98213113265,0,-0.02014685813408479,-0.02014685813408479,105126.76977433801,-4873.230225661988,65667.77014054895,100,-0.04777986991567307,-0.051424546972921314,93287.0369326172,-16712.963067382807,1347.567785888676,233,-0.16436484040005794,-0.16436484040005794,480.8291390068946,38300.0,SHORT_PUT,5864.082131132654,-7800.0,0.0,453.90000000000003,0.0,0.0,0.0,STOCK,1813.8701405489517,0.0,-7141.0003662109375,453.90000000000003,0.0,1001.7860000000001,0
2022-11-22,399.8999938964844,0.0,110000.0,108219.76500699588,-1780.2349930041237,108517.98213113265,0,-0.018490641253527285,-0.018490641253527285,105654.1195301974,-4345.880469802607,65674.5621306252,100,-0.043003226876014655,-0.04666618680793366,94524.26636376954,-15475.733636230463,1347.567785888676,233,-0.1532821385889851,-0.1532821385889851,298.21712413677045,38300.0,SHORT_PUT,5864.082131132654,-7800.0,0.0,453.90000000000003,0.0,10.441990076246665,0.0,COVERED_CALL,1820.6621306251984,0.0,-6610.0006103515625,453.90000000000003,0.0,1001.7860000000001,0
2022-11-23,402.4200134277344,0.0,110000.0,108313.84100087016,-1686.1589991298388,108517.98213113265,0,-0.01763741016015885,-0.01763741016015885,105908.02848144156,-4091.9715185584355,65674.5621306252,100,-0.04070336343397907,-0.04437512622487694,95111.43091455079,-14888.569085449213,1347.567785888676,233,-0.1480225081061568,-0.1480225081061568,204.14113026249808,38300.0,SHORT_PUT,5864.082131132654,-7800.0,0.0,453.90000000000003,0.0,8.534991957073123,0.0,COVERED_CALL,1820.6621306251984,0.0,-6357.9986572265625,453.90000000000003,0.0,1001.7860000000001,0
2022-11-25,402.3299865722656,0.0,110000.0,108357.1022703388,-1642.8977296611993,108517.98213113265,0,-0.017245047999217333,-0.017245047999217333,105902.7209905099,-4097.279009490099,65674.5621306252,100,-0.04075143777047985,-0.044423016554102746,95090.45465722657,-14909.545342773432,1347.567785888676,233,-0.14821040664718976,-0.14821040664718976,160.8798607938511,38300.0,SHORT_PUT,5864.082131132654,-7800.0,0.0,453.90000000000003,0.0,4.839797341861395,0.0,COVERED_CALL,1820.6621306251984,0.0,-6367.0013427734375,453.90000000000003,0.0,1001.7860000000001,0
2022-11-28,395.9100036621094,0.0,110000.0,108271.64876055888,-1728.3512394411227,108517.98213113265,0,-0.01802007666039862,-0.01802007666039862,105263.74188658281,-4736.258113417192,65674.5621306252,100,-0.046539200171709316,-0.050188625963424105,93594.59863916016,-16405.401360839838,1347.567785888676,233,-0.1616098019275688,-0.1616098019275688,246.3333705737791,38300.0,SHORT_PUT,5864.082131132654,-7800.0,0.0,453.90000000000003,0.0,1.8206102533283801,0.0,COVERED_CALL,1820.6621306251984,0.0,-7008.9996337890625,453.90000000000003,0.0,1001.7860000000001,0
2022-11-29,395.2300109863281,0.0,110000.0,108223.96798448761,-1776.0320155123918,108517.98213113265,0,-0.018452521953023493,-0.018452521953023493,105195.12620902785,-4804.873790972153,65674.5621306252,100,-0.04716070913224768,-0.05080775606283805,93436.16034570313,-16563.83965429687,1347.567785888676,233,-0.16302904100936466,-0.16302904100936466,294.0141466450487,38300.0,SHORT_PUT,5864.082131132654,-7800.0,0.0,453.90000000000003,0.0,2.4370202301716484,0.0,COVERED_CALL,1820.6621306251984,0.0,-7076.9989013671875,453.90000000000003,0.0,1001.7860000000001,0
2022-11-30,407.6799926757813,0.0,110000.0,108444.62552162207,-1555.3744783779257,108517.98213113265,0,-0.016451247622392473,-0.016451247622392473,106435.37724636073,-3564.622753639269,65674.5621306252,100,-0.0359267293700859,-0.03961677500129934,96337.00607934572,-13662.993920654277,1347.567785888676,233,-0.13704420145059326,-0.13704420145059326,73.3566095105763,38300.0,SHORT_PUT,5864.082131132654,-7800.0,0.0,453.90000000000003,0.0,7.184151842611473,0.0,COVERED_CALL,1820.6621306251984,0.0,-5832.000732421868,453.90000000000003,0.0,1001.7860000000001,0
2022-12-01,407.3800048828125,1000.0,111000.0,109466.60809866853,-1533.3919013314735,109517.98213113265,0,-0.016251874567950186,-0.016251874567950186,107408.76000961388,-3591.2399903861224,66674.5621306252,100,-0.03616782370497307,-0.03985694653381833,97267.07892358399,-13732.921076416009,1125.3977712402386,236,-0.13767058633628249,-0.13767058633628249,51.374032464128106,38300.0,SHORT_PUT,5864.082131132654,-7800.0,0.0,453.90000000000003,0.0,3.802609292567171,0.0,COVERED_CALL,1820.6621306251984,0.0,-5861.99951171875,453.90000000000003,0.0,1001.7860000000001,3
2022-12-02,406.9100036621094,0.0,111000.0,109478.15301599103,-1521.8469840089674,109517.98213113265,0,-0.016148123378692203,-0.016148123378692203,107363.14553297871,-3636.854467021287,66674.5621306252,100,-0.0365771450702127,-0.040264701198101105,97156.15863549805,-13843.841364501946,1125.3977712402386,236,-0.13865395941633263,-0.13865395941633263,39.82911514161341,38300.0,SHORT_PUT,5864.082131132654,-7800.0,0.0,453.90000000000003,0.0,2.416963857422915,0.0,COVERED_CALL,1820.6621306251984,0.0,-5908.9996337890625,453.90000000000003,0.0,1001.7860000000001,0
2022-12-05,399.5899963378906,0.0,111000.0,109455.49764030156,-1544.5023596984392,109517.98213113265,0,-0.016351721386820728,-0.016351721386820728,106632.49468391128,-4367.505316088718,66674.5621306252,100,-0.04313363820825322,-0.0467960989833327,95428.63690698243,-15571.363093017571,1125.3977712402386,236,-0.15396944761365527,-0.15396944761365527,62.4844908310887,38300.0,SHORT_PUT,5864.082131132654,-7800.0,0.0,453.90000000000003,0.0,1.0670805029810373,0.0,COVERED_CALL,1820.6621306251984,0.0,-6641.0003662109375,453.90000000000003,0.0,1001.7860000000001,0
2022-12-06,393.8299865722656,0.0,111000.0,109356.59123979237,-1643.4087602076324,109517.98213113265,0,-0.017240567654958072,-0.017240567654958072,106056.51918310358,-4943.480816896423,66674.5621306252,100,-0.048302152586283564,-0.051944830576712286,94069.27460229493,-16930.72539770507,1125.3977712402386,236,-0.16602098768384344,-0.16602098768384344,161.39089134028217,38300.0,SHORT_PUT,5864.082131132654,-7800.0,0.0,453.90000000000003,0.0,1.0416047481882502,0.0,COVERED_CALL,1820.6621306251984,0.0,-7217.0013427734375,453.90000000000003,0.0,1001.7860000000001,0
2022-12-07,393.1600036621094,0.0,111000.0,109335.94226420266,-1664.057735797338,109517.98213113265,0,-0.017426134663759085,-0.017426134663759085,105989.49878169903,-5010.501218300968,66674.5621306252,100,-0.0489035599513451,-0.05254393602065677,93911.15863549805,-17088.841364501946,1125.3977712402386,236,-0.16742277799612304,-0.16742277799612304,182.03986692999118,38300.0,SHORT_PUT,5864.082131132654,-7800.0,0.0,453.90000000000003,0.0,1.063715137104284,0.0,COVERED_CALL,1820.6621306251984,0.0,-7283.9996337890625,453.90000000000003,0.0,1001.7860000000001,0
2022-12-08,396.239990234375,0.0,111000.0,109408.22473137807,-1591.775268621932,109517.98213113265,0,-0.016776550805992052,-0.016776550805992052,106297.45214455784,-4702.547855442157,66674.5621306252,100,-0.046140141400614176,-0.04979109461261921,94638.03546655274,-16361.964533447259,1125.3977712402386,236,-0.16097859072879928,-0.16097859072879928,109.75739975459142,38300.0,SHORT_PUT,5864.082131132654,-7800.0,0.0,453.90000000000003,0.0,1.1090095048605897,0.0,COVERED_CALL,1820.6621306251984,0.0,-6976.0009765625,453.90000000000003,0.0,1001.7860000000001,0
2022-12-09,393.2799987792969,0.0,111000.0,109383.89669588556,-1616.10330411444,109517.98213113265,0,-0.016995180575625768,-0.016995180575625768,106001.53884605176,-4998.461153948243,66674.5621306252,100,-0.04879551847105268,-0.052436308075314964,93939.4774831543,-17060.522516845696,1125.3977712402386,236,-0.16717171488653548,-0.16717171488653548,134.08543524709629,38300.0,SHORT_PUT,5864.082131132654,-7800.0,0.0,453.90000000000003,0.0,1.0231625031348195,0.0,COVERED_CALL,1820.6621306251984,0.0,-7272.0001220703125,453.90000000000003,0.0,1001.7860000000001,0
2022-12-12,398.9500122070313,0.0,111000.0,109500.46675048361,-1499.5332495163893,109517.98213113265,0,-0.015947595611734533,-0.015947595611734533,106568.5451461929,-4431.454853807096,66674.5621306252,100,-0.043707489187509,-0.047367753515115574,95277.60065209963,-15722.39934790037,1125.3977712402386,236,-0.1553084721485377,-0.1553084721485377,17.515380649036615,38300.0,SHORT_PUT,5864.082131132654,-7800.0,0.0,453.90000000000003,0.0,1.0182051354391308,0.0,COVERED_CALL,1820.6621306251984,0.0,-6704.998779296868,453.90000000000003,0.0,1001.7860000000001,0
2022-12-13,401.9700012207031,0.0,111000.0,109511.81000357262,-1488.1899964273762,109517.98213113265,0,-0.01584565672684135,-0.01584565672684135,106870.48072391367,-4129.519276086328,66674.5621306252,100,-0.040998071213132814,-0.04466870599313555,95990.31805932618,-15009.681940673821,1125.3977712402386,236,-0.14898981643600795,-0.14898981643600795,6.172127560030937,38300.0,SHORT_PUT,5864.082131132654,-7800.0,0.0,453.90000000000003,0.0,1.0815287818361279,0.0,COVERED_CALL,1820.6621306251984,0.0,-6402.9998779296875,453.90000000000003,0.0,1001.7860000000001,0
2022-12-14,399.3999938964844,0.0,111000.0,109515.73986195755,-1484.2601380424458,109517.98213113265,0,-0.01581034010484561,-0.01581034010484561,106613.5592843466,-4386.4407156534,66674.5621306252,100,-0.043303554957779156,-0.04696536536677309,95383.79633081055,-15616.203669189446,1125.3977712402386,236,-0.15436698548758487,-0.15436698548758487,2.2422691750994197,38300.0,SHORT_PUT,5864.082131132654,-7800.0,0.0,453.90000000000003,0.0,1.0022359270398462,0.0,COVERED_CALL,1820.6621306251984,0.0,-6660.0006103515625,453.90000000000003,0.0,1001.7860000000001,0
2022-12-15,389.6300048828125,0.0,111000.0,109505.93588536978,-1494.0641146302223,109517.98213113265,0,-0.015898445909506287,-0.015898445909506287,105636.5626176497,-5363.437382350297,66674.5621306252,100,-0.052070631529663736,-0.055698885451212043,93078.07892358399,-17921.92107641601,1125.3977712402386,236,-0.17480851577564838,-0.17480851577564838,12.04624576287172,38300.0,SHORT_PUT,5864.082131132654,-7800.0,0.0,453.90000000000003,0.0,1.000001256744356,0.0,COVERED_CALL,1820.6621306251984,0.0,-7636.99951171875,453.90000000000003,0.0,1001.7860000000001,0
2022-12-16,383.2699890136719,0.0,111000.0,109517.98213113265,-1482.0178688673477,109517.98213113265,0,-0.015790189411076794,-0.015790189411076794,105178.66103192342,-5821.338968076583,66852.6621306252,100,-0.0561796099952937,-0.05979213656654836,91997.4311784668,-19002.568821533205,1545.7137712402387,236,-0.18438908863479675,-0.18438908863479675,0.0,0.0,CASH,5864.082131132654,-7800.0,0.0,453.90000000000003,0.0,1.0000000689789268,0.0,COVERED_CALL,1820.6621306251984,0.0,-8273.001098632812,632.0,0.0,1422.102,0
2022-12-19,380.0199890136719,0.0,111000.0,109517.98213113265,-1482.0178688673477,109517.98213113265,0,-0.015790189411076794,-0.015790189411076794,104853.6610319924,-6146.338968007607,66852.6621306252,100,-0.05909599649115638,-0.06269736042615115,91230.4311784668,-19769.568821533205,1545.7137712402387,236,-0.19118899120820187,-0.19118899120820187,0.0,0.0,CASH,5864.082131132654,-7800.0,0.0,453.90000000000003,0.0,1.0000000000000004,0.0,COVERED_CALL,1820.6621306251984,0.0,-8598.001098632812,632.0,0.0,1422.102,0
2022-12-20,380.5400085449219,0.0,111000.0,109470.31385959663,-1529.6861404033698,109953.50571072476,0,-0.016218571851901786,-0.016218571851901786,104905.6629851174,-6094.337014882607,66852.6621306252,100,-0.05862935712535822,-0.062232507149238114,91353.1557878418,-19646.844212158205,1545.7137712402387,236,-0.19010096593165793,-0.19010096593165793,483.19185112812215,36800.0,SHORT_PUT,6299.605710724764,-7800.0,0.0,453.90000000000003,0.0,1.0,0.0,COVERED_CALL,1820.6621306251984,0.0,-8545.999145507812,632.0,0.0,1422.102,0
2022-12-21,386.2300109863281,0.0,111000.0,109662.66819046301,-1337.3318095369905,109953.50571072476,0,-0.014489933176644931,-0.014489933176644931,105474.66322925802,-5525.336770741982,66852.6621306252,100,-0.05352343519149205,-0.05714612842385969,92695.99636401367,-18304.00363598633,1545.7137712402387,236,-0.17819590062581192,-0.17819590062581192,290.83752026174835,36800.0,SHORT_PUT,6299.605710724764,-7800.0,0.0,453.90000000000003,0.0,1.0,0.0,COVERED_CALL,1820.6621306251984,0.0,-7976.9989013671875,632.0,0.0,1422.102,0
2022-12-22,380.7200012207031,0.0,111000.0,109591.17203068682,-1408.8279693131772,109953.50571072476,0,-0.015132450692963872,-0.015132450692963872,104923.66225269552,-6076.337747304482,66852.6621306252,100,-0.05846784075332323,-0.062071608990363014,91395.63405932617,-19604.36594067383,1545.7137712402387,236,-0.1897243712672766,-0.1897243712672766,362.33368003793345,36800.0,SHORT_PUT,6299.605710724764,-7800.0,0.0,453.90000000000003,0.0,1.0,0.0,COVERED_CALL,1820.6621306251984,0.0,-8527.999877929688,632.0,0.0,1422.102,0
2022-12-23,382.9100036621094,0.0,111000.0,109593.56452925218,-1406.4354707478196,109953.50571072476,0,-0.015110949926477768,-0.015110949926477768,105143.66249683614,-5856.337503163857,66852.6621306252,100,-0.056493669241832856,-0.060104993733343215,91912.47463549805,-19087.525364501955,1545.7137712402387,236,-0.1851422779635592,-0.1851422779635592,359.94118147257325,36800.0,SHORT_PUT,6299.605710724764,-7800.0,0.0,453.90000000000003,0.0,0.0,0.0,STOCK,1820.6621306251984,0.0,-8308.999633789062,632.0,0.0,1422.102,0
2022-12-27,381.3999938964844,0.0,111000.0,109645.48953227166,-1354.510467728338,109953.50571072476,0,-0.014644313339570503,-0.014644313339570503,104992.66152027364,-6007.338479726357,66852.6621306252,100,-0.057848676038763425,-0.06145481416419196,91556.11233081055,-19443.887669189455,1545.7137712402387,236,-0.1883016377454485,-0.1883016377454485,308.0161784530998,36800.0,SHORT_PUT,6299.605710724764,-7800.0,0.0,453.90000000000003,0.0,0.0,0.0,STOCK,1820.6621306251984,0.0,-8460.000610351562,632.0,0.0,1422.102,0
2022-12-28,376.6600036621094,0.0,111000.0,109495.83854850996,-1504.161451490043,109953.50571072476,0,-0.015989188067139892,-0.015989188067139892,104518.66249683614,-6481.337503163857,66852.6621306252,100,-0.06210210481199008,-0.06569196269530375,90437.47463549805,-20562.525364501955,1545.7137712402387,236,-0.19821901368164585,-0.19821901368164585,457.66716221479567,36800.0,SHORT_PUT,6299.605710724764,-7800.0,0.0,453.90000000000003,0.0,0.0,0.0,STOCK,1820.6621306251984,0.0,-8933.999633789062,632.0,0.0,1422.102,0
2022-12-29,383.4400024414063,0.0,111000.0,109682.70431229714,-1317.2956877028628,109953.50571072476,0,-0.014309873726209843,-0.014309873726209843,105196.66237476585,-5803.337625234155,66852.6621306252,100,-0.05601807500088096,-0.059631219856573714,92037.55434741212,-18962.445652587878,1545.7137712402387,236,-0.1840333733287154,-0.1840333733287154,270.80139842762236,36800.0,SHORT_PUT,6299.605710724764,-7800.0,0.0,453.90000000000003,0.0,0.0,0.0,STOCK,1820.6621306251984,0.0,-8255.999755859368,632.0,0.0,1422.102,0
2022-12-30,382.4299926757813,0.0,111000.0,109694.12981227432,-1305.8701877256826,109953.50571072476,0,-0.014207195709781795,-0.014207195709781795,105095.66139820335,-5904.338601796655,66852.6621306252,100,-0.056924406952198914,-0.06053408277046557,91799.19204272462,-19200.807957275378,1545.7137712402387,236,-0.18614659425315772,-0.18614659425315772,259.37589845044283,36800.0,SHORT_PUT,6299.605710724764,-7800.0,0.0,453.90000000000003,0.0,0.0,0.0,STOCK,1820.6621306251984,0.0,-8357.000732421868,632.0,0.0,1422.102,0
2023-01-03,380.8200073242188,1000.0,112000.0,110710.86768798434,-1289.1323120156594,110953.50571072476,0,-0.01405677674513639,-0.01405677674513639,105934.6628630471,-6065.337136952905,67852.6621306252,100,-0.0583691268103006,-0.061973272880608055,92419.21549975588,-19580.784500244117,1784.0537565918012,238,-0.18951530803720817,-0.18951530803720817,242.63802274041285,36800.0,SHORT_PUT,6299.605710724764,-7800.0,0.0,453.90000000000003,0.0,0.0,0.0,STOCK,1820.6621306251984,0.0,-8517.999267578118,632.0,0.0,1422.102,2
2023-01-04,383.760009765625,0.0,112000.0,110759.12335723196,-1240.8766427680384,110953.50571072476,0,-0.013627032573928166,-0.013627032573928166,106228.6631071877,-5771.3368928122945,67852.6621306252,100,-0.05575582065416551,-0.05936996930338301,93118.93608081056,-18881.063919189444,1784.0537565918012,238,-0.1833789995159827,-0.1833789995159827,194.38235349280063,36800.0,SHORT_PUT,6299.605710724764,-7800.0,0.0,453.90000000000003,0.0,0.0,0.0,STOCK,1820.6621306251984,0.0,-8223.9990234375,632.0,0.0,1422.102,0
2023-01-05,379.3800048828125,0.0,112000.0,110701.55519967742,-1298.4448003225843,110953.50571072476,0,-0.014139709748278717,-0.014139709748278717,105790.66261890646,-6209.3373810935445,67852.6621306252,100,-0.059649114606221465,-0.06324836144996782,92076.49491870118,-19923.50508129882,1784.0537565918012,238,-0.1925208495045685,-0.1925208495045685,251.9505110473331,36800.0,SHORT_PUT,6299.605710724764,-7800.0,0.0,453.90000000000003,0.0,0.0,0.0,STOCK,1820.6621306251984,0.0,-8661.99951171875,632.0,0.0,1422.102,0
2023-01-06,388.0799865722656,0.0,112000.0,110859.52517510495,-1140.474824895049,110953.50571072476,0,-0.01273289730065652,-0.01273289730065652,106660.66078785177,-5339.339212148232,67852.6621306252,100,-0.05191588439283523,-0.0555447306179081,94147.09056079102,-17852.909439208976,1784.0537565918012,238,-0.17436243880952074,-0.17436243880952074,93.98053561980244,36800.0,SHORT_PUT,6299.605710724764,-7800.0,0.0,453.90000000000003,0.0,0.0,0.0,STOCK,1820.6621306251984,0.0,-7792.0013427734375,632.0,0.0,1422.102,0
2023-01-09,387.8599853515625,0.0,112000.0,110905.17137117186,-1094.8286288281379,110953.50571072476,0,-0.012326391971781647,-0.012326391971781647,106638.66066578146,-5361.3393342185445,67852.6621306252,100,-0.05211143883739067,-0.05573953656663255,94094.73027026368,-17905.26972973632,1784.0537565918012,238,-0.17482162052524575,-0.17482162052524575,48.3343395528865,36800.0,SHORT_PUT,6299.605710724764,-7800.0,0.0,453.90000000000003,0.0,0.0,0.0,STOCK,1820.6621306251984,0.0,-7814.00146484375,632.0,0.0,1422.102,0
2023-01-10,390.5799865722656,0.0,112000.0,110923.50227218629,-1076.4977278137085,110953.50571072476,0,-0.012163144875911414,-0.012163144875911414,106910.66078785177,-5089.339212148232,67852.6621306252,100,-0.04969368712581068,-0.053331038938131625,94742.09056079102,-17257.909439208976,1784.0537565918012,238,-0.16914449371974516,-0.16914449371974516,30.003438538464362,36800.0,SHORT_PUT,6299.605710724764,-7800.0,0.0,453.90000000000003,0.0,0.0,0.0,STOCK,1820.6621306251984,0.0,-7542.0013427734375,632.0,0.0,1422.102,0
2023-01-11,395.5199890136719,0.0,112000.0,110947.16961590081,-1052.8303840991866,110953.50571072476,0,-0.011952373723674192,-0.011952373723674192,107404.6610319924,-4595.338968007607,67852.6621306252,100,-0.04530262315605582,-0.0489567820170852,95917.81114184571,-16082.188858154288,1784.0537565918012,238,-0.15883382912669908,-0.15883382912669908,6.336094823945724,36800.0,SHORT_PUT,6299.605710724764,-7800.0,0.0,453.90000000000003,0.0,0.0,0.0,STOCK,1820.6621306251984,0.0,-7048.0010986328125,632.0,0.0,1422.102,0
2023-01-12,396.9599914550781,0.0,112000.0,110949.5964980902,-1050.4035019097937,110953.50571072476,0,-0.011930760957933662,-0.011930760957933662,107548.66127613302,-4451.338723866982,67852.6621306252,100,-0.044022635360135176,-0.04768169344772566,96260.5317229004,-15739.4682770996,1784.0537565918012,238,-0.15582828765933876,-0.15582828765933876,3.9092126345490854,36800.0,SHORT_PUT,6299.605710724764,-7800.0,0.0,453.90000000000003,0.0,0.0,0.0,STOCK,1820.6621306251984,0.0,-6904.0008544921875,632.0,0.0,1422.102,0
2023-01-13,398.5,0.0,112000.0,110952.20182509258,-1047.7981749074243,110953.50571072476,0,-0.011907559039675775,-0.011907559039675775,107702.6621306252,-4297.3378693747945,67852.6621306252,100,-0.042653754248247244,-0.04631805180665438,96627.0537565918,-15372.946243408194,1784.0537565918012,238,-0.1526140156492638,-0.1526140156492638,1.3038856321763206,36800.0,SHORT_PUT,6299.605710724764,-7800.0,0.0,453.90000000000003,0.0,0.0,0.0,STOCK,1820.6621306251984,0.0,-6750.0,632.0,0.0,1422.102,0
2023-01-17,397.7699890136719,0.0,112000.0,110952.50498148178,-1047.4950185182242,110953.50571072476,0,-0.011904859259665335,-0.011904859259665335,107629.6610319924,-4370.338968007607,67852.6621306252,100,-0.043302645615733715,-0.04696445950528638,96453.31114184571,-15546.688858154288,1784.0537565918012,238,-0.154137678545901,-0.154137678545901,1.0007292429854087,36800.0,SHORT_PUT,6299.605710724764,-7800.0,0.0,453.90000000000003,0.0,0.0,0.0,STOCK,1820.6621306251984,0.0,-6823.0010986328125,632.0,0.0,1422.102,0
2023-01-18,391.489990234375,0.0,112000.0,110952.50482634663,-1047.4951736533694,110953.50571072476,0,-0.011904860641231974,-0.011904860641231974,107001.6611540627,-4998.3388459372945,67852.6621306252,100,-0.048884804065442045,-0.05252525192398061,94958.67143237306,-17041.328567626944,1784.0537565918012,238,-0.16724515406359253,-0.16724515406359253,1.000884378120049,36800.0,SHORT_PUT,6299.605710724764,-7800.0,0.0,453.90000000000003,0.0,0.0,0.0,STOCK,1820.6621306251984,0.0,-7451.0009765625,632.0,0.0,1422.102,0
2023-01-19,388.6400146484375,0.0,112000.0,110952.5057000473,-1047.4942999526975,110953.50571072476,0,-0.011904852860430748,-0.011904852860430748,106716.66359546896,-5283.3364045310445,67852.6621306252,100,-0.05141808724870478,-0.055048838820842994,94280.37724291993,-17719.62275708007,1784.0537565918012,238,-0.17319356050944168,-0.17319356050944168,1.0000106774485957,36800.0,SHORT_PUT,6299.605710724764,-7800.0,0.0,453.90000000000003,0.0,0.0,0.0,STOCK,1820.6621306251984,0.0,-7735.99853515625,632.0,0.0,1422.102,0
2023-01-20,395.8800048828125,0.0,112000.0,110953.50571072476,-1046.4942892752442,110953.50571072476,0,-0.011895947196775447,-0.011895947196775447,107440.66261890646,-4559.3373810935445,67852.6621306252,100,-0.04498261264385994,-0.04863799636344357,96003.49491870118,-15996.50508129882,1784.0537565918012,238,-0.15808241191204975,-0.15808241191204975,0.0,0.0,CASH,6299.605710724764,-7800.0,0.0,453.90000000000003,0.0,0.0,0.0,STOCK,1820.6621306251984,0.0,-7011.99951171875,632.0,0.0,1422.102,0
2023-01-23,400.6300048828125,0.0,112000.0,110953.50571072476,-1046.4942892752442,110953.50571072476,0,-0.011895947196775447,-0.011895947196775447,107915.66261890646,-4084.3373810935445,67852.6621306252,100,-0.0407604378365134,-0.04443198217186839,97133.99491870118,-14866.00508129882,1784.0537565918012,238,-0.14816831624147608,-0.14816831624147608,0.0,0.0,CASH,6299.605710724764,-7800.0,0.0,453.90000000000003,0.0,0.0,0.0,STOCK,1820.6621306251984,0.0,-6536.99951171875,632.0,0.0,1422.102,0
2023-01-24,400.2000122070313,0.0,112000.0,110904.5597074378,-1095.440292562198,111401.16774195079,0,-0.012331839185104831,-0.012331839185104831,107869.01335132834,-4130.986648671664,67858.49677271741,100,-0.04117509333619651,-0.044845050553889765,97031.65666186526,-14968.343338134742,1784.0537565918012,238,-0.1490657875099689,-0.1490657875099689,496.6080345129824,39000.0,SHORT_PUT,6747.267741950796,-7800.0,0.0,453.90000000000003,0.0,9.484642092206762,0.0,COVERED_CALL,1826.496772717405,0.0,-6579.998779296868,632.0,0.0,1422.102,0
2023-01-25,400.3500061035156,0.0,112000.0,110948.30269415306,-1051.6973058469448,111401.16774195079,0,-0.011942283017607469,-0.011942283017607469,107886.5355035965,-4113.464496403496,67858.49677271741,100,-0.041019342620665644,-0.04468989598313844,97067.35520922852,-14932.644790771476,1784.0537565918012,238,-0.14875272354370628,-0.14875272354370628,452.8650477977351,39000.0,SHORT_PUT,6747.267741950796,-7800.0,0.0,453.90000000000003,0.0,6.961879472467179,0.0,COVERED_CALL,1826.496772717405,0.0,-6564.9993896484375,632.0,0.0,1422.102,0
2023-01-26,404.75,0.0,112000.0,111087.30474515678,-912.6952548432164,111401.16774195079,0,-0.010704390721506085,-0.010704390721506085,108323.75131761967,-3676.248682380334,67858.49677271741,100,-0.037133023472576965,-0.04081845194405942,98114.5537565918,-13885.446243408194,1784.0537565918012,238,-0.13956915292482508,-0.13956915292482508,313.86299679400895,39000.0,SHORT_PUT,6747.267741950796,-7800.0,0.0,453.90000000000003,0.0,9.745455097734744,0.0,COVERED_CALL,1826.496772717405,0.0,-6125.0,632.0,0.0,1422.102,0
2023-01-27,405.6799926757813,0.0,112000.0,111132.4660977352,-867.5339022647968,111401.16774195079,0,-0.010302203199561988,-0.010302203199561988,108417.92404241492,-3582.0759575850825,67858.49677271741,100,-0.0362959419859038,-0.03998457443469472,98335.89201342776,-13664.107986572242,1784.0537565918012,238,-0.13762809263837705,-0.13762809263837705,268.70164421558087,39000.0,SHORT_PUT,6747.267741950796,-7800.0,0.0,453.90000000000003,0.0,8.571997880630699,0.0,COVERED_CALL,1826.496772717405,0.0,-6032.000732421868,632.0,0.0,1422.102,0
2023-01-30,400.5899963378906,0.0,112000.0,111047.78248242596,-952.2175175740413,111401.16774195079,0,-0.011056358942159727,-0.011056358942159727,107914.27551383084,-4085.724486169158,67858.49677271741,100,-0.04077276752094561,-0.04444426466372764,97124.47288500977,-14875.527114990226,1784.0537565918012,238,-0.14825182119768598,-0.14825182119768598,353.3852595248353,39000.0,SHORT_PUT,6747.267741950796,-7800.0,0.0,453.90000000000003,0.0,3.2208926756316583,0.0,COVERED_CALL,1826.496772717405,0.0,-6541.0003662109375,632.0,0.0,1422.102,0
2023-01-31,406.4800109863281,0.0,112000.0,111156.95522103558,-843.044778964424,111401.16774195079,0,-0.010084113632876424,-0.010084113632876424,108497.05763226526,-3502.9423677347368,67858.49677271741,100,-0.03559254019752267,-0.039283864956924486,98526.2963713379,-13473.7036286621,1784.0537565918012,238,-0.1359583119922777,-0.1359583119922777,244.21252091521856,39000.0,SHORT_PUT,6747.267741950796,-7800.0,0.0,453.90000000000003,0.0,9.44023908495215,0.0,COVERED_CALL,1826.496772717405,0.0,-5951.9989013671875,632.0,0.0,1422.102,0
2023-02-01,410.7999877929688,1000.0,113000.0,112256.93033860472,-743.069661395275,112401.16774195079,0,-0.009193778368417838,-0.009193778368417838,109927.07952106954,-3072.920478930464,68858.49677271741,100,-0.03177016633327645,-0.03547612144745349,100554.42085131838,-12445.579148681616,1551.6237932128947,241,-0.12694201437548414,-0.12694201437548414,144.2374033460727,39000.0,SHORT_PUT,6747.267741950796,-7800.0,0.0,453.90000000000003,0.0,11.416030944755672,0.0,COVERED_CALL,1826.496772717405,0.0,-5520.001220703118,632.0,0.0,1422.102,3
2023-02-02,416.7799987792969,0.0,113000.0,112350.87873496674,-649.12126503326,112401.16774195079,0,-0.008364567598561412,-0.008364567598561412,110524.45498313467,-2475.5450168653333,68858.49677271741,100,-0.02650852610057075,-0.03023462044393843,101995.60349902345,-11004.396500976552,1551.6237932128947,241,-0.1144290287835047,-0.1144290287835047,50.28900698404784,39000.0,SHORT_PUT,6747.267741950796,-7800.0,0.0,453.90000000000003,0.0,12.041667512428699,0.0,COVERED_CALL,1826.496772717405,0.0,-4922.0001220703125,632.0,0.0,1422.102,0
2023-02-03,412.3500061035156,0.0,113000.0,112307.46954094905,-692.5304590509477,112401.16774195079,0,-0.008747707413439665,-0.008747707413439665,110085.01958035993,-2914.9804196400655,68858.49677271741,100,-0.030379041616761637,-0.034090321340425445,100927.97526416017,-12072.024735839834,1551.6237932128947,241,-0.12369864963392774,-0.12369864963392774,93.69820100173439,39000.0,SHORT_PUT,6747.267741950796,-7800.0,0.0,453.90000000000003,0.0,8.477802709032488,0.0,COVERED_CALL,1826.496772717405,0.0,-5364.9993896484375,632.0,0.0,1422.102,0
2023-02-06,409.8299865722656,0.0,113000.0,112312.31521902564,-687.6847809743631,112401.16774195079,0,-0.008704938312486976,-0.008704938312486976,109837.94010443559,-3162.059895564409,68858.49677271741,100,-0.03255529992289474,-0.036258249893313055,100320.65055712892,-12679.349442871084,1551.6237932128947,241,-0.12897171153266518,-0.12897171153266518,88.85252292515335,39000.0,SHORT_PUT,6747.267741950796,-7800.0,0.0,453.90000000000003,0.0,3.555325508385531,0.0,COVERED_CALL,1826.496772717405,0.0,-5617.0013427734375,632.0,0.0,1422.102,0
2023-02-07,415.1900024414063,0.0,113000.0,112350.34099305328,-649.6590069467202,112401.16774195079,0,-0.0083693138358929,-0.0083693138358929,110368.43803747215,-2631.5619625278487,68858.49677271741,100,-0.0278827121701557,-0.0316035467376774,101612.41438159182,-11387.585618408179,1551.6237932128947,241,-0.11775604629447778,-0.11775604629447778,50.82674889750833,39000.0,SHORT_PUT,6747.267741950796,-7800.0,0.0,453.90000000000003,0.0,9.058979385895348,0.0,COVERED_CALL,1826.496772717405,0.0,-5080.999755859368,632.0,0.0,1422.102,0
2023-02-08,410.6499938964844,0.0,113000.0,112332.22440002442,-667.7755999755755,112401.16774195079,0,-0.008529215171459548,-0.008529215171459548,109920.17786217594,-3079.822137824056,68858.49677271741,100,-0.03183095564990068,-0.03553667808948857,100518.27232226564,-12481.727677734365,1551.6237932128947,241,-0.12725587190348642,-0.12725587190348642,68.94334192637312,39000.0,SHORT_PUT,6747.267741950796,-7800.0,0.0,453.90000000000003,0.0,3.318300189903355,0.0,COVERED_CALL,1826.496772717405,0.0,-5535.0006103515625,632.0,0.0,1422.102,0
2023-02-09,407.0899963378906,0.0,113000.0,112285.41591541204,-714.5840845879575,112401.16774195079,0,-0.00894235792923137,-0.00894235792923137,109564.82535412241,-3435.174645877589,68858.49677271741,100,-0.0349608750588829,-0.03865461755276223,99660.31291064454,-13339.687089355459,1551.6237932128947,241,-0.1347050552344219,-0.1347050552344219,115.75182653875196,39000.0,SHORT_PUT,6747.267741950796,-7800.0,0.0,453.90000000000003,0.0,2.671052384064531,0.0,COVERED_CALL,1826.496772717405,0.0,-5891.0003662109375,632.0,0.0,1422.102,0
2023-02-10,408.0400085449219,0.0,113000.0,112291.13003963305,-708.869960366952,112401.16774195079,0,-0.008891923717176287,-0.008891923717176287,109658.8607080776,-3341.1392919224018,68858.49677271741,100,-0.0341326184044215,-0.03782953109805898,99889.26585253907,-13110.734147460927,1551.6237932128947,241,-0.13271718446194936,-0.13271718446194936,110.03770231774719,39000.0,SHORT_PUT,6747.267741950796,-7800.0,0.0,453.90000000000003,0.0,3.636919131991333,0.0,COVERED_CALL,1826.496772717405,0.0,-5795.9991455078125,632.0,0.0,1422.102,0
2023-02-13,412.8299865722656,0.0,113000.0,112366.98766258897,-633.0123374110262,112401.16774195079,0,-0.008222386392788272,-0.008222386392788272,110137.93685568248,-2862.0631443175225,68858.49677271741,100,-0.029912950050362652,-0.03362601376617802,101043.65055712892,-11956.349442871084,1551.6237932128947,241,-0.12269430554432148,-0.12269430554432148,34.180079361816894,39000.0,SHORT_PUT,6747.267741950796,-7800.0,0.0,453.90000000000003,0.0,3.558574261485913,0.0,COVERED_CALL,1826.496772717405,0.0,-5317.0013427734375,632.0,0.0,1422.102,0
2023-02-14,412.6400146484375,0.0,113000.0,112374.48761547757,-625.5123845224298,112401.16774195079,0,-0.008156190034473876,-0.008156190034473876,110119.79681861128,-2880.203181388715,68858.49677271741,100,-0.03007272619608281,-0.03378517835955408,100997.86732348634,-12002.132676513662,1551.6237932128947,241,-0.12309181584174012,-0.12309181584174012,26.680126473226977,39000.0,SHORT_PUT,6747.267741950796,-7800.0,0.0,453.90000000000003,0.0,2.701418949880251,0.0,COVERED_CALL,1826.496772717405,0.0,-5335.99853515625,632.0,0.0,1422.102,0
2023-02-15,413.9800109863281,0.0,113000.0,112390.61831392035,-609.3816860796505,112401.16774195079,0,-0.00801381667428891,-0.00801381667428891,110254.76906191117,-2745.2309380888328,68858.49677271741,100,-0.028883900355814562,-0.03260090281824324,101320.80644091798,-11679.193559082021,1551.6237932128947,241,-0.12028791549646234,-0.12028791549646234,10.549428030445029,39000.0,SHORT_PUT,6747.267741950796,-7800.0,0.0,453.90000000000003,0.0,1.7288094390569324,0.0,COVERED_CALL,1826.496772717405,0.0,-5201.9989013671875,632.0,0.0,1422.102,0
2023-02-16,408.2799987792969,0.0,113000.0,112380.92075698402,-619.0792430159781,112401.16774195079,0,-0.008099409605773489,-0.008099409605773489,109685.42310730576,-3314.57689269424,68858.49677271741,100,-0.033898658696781436,-0.03759646688459273,99947.10349902345,-13052.896500976552,1551.6237932128947,241,-0.13221501241714617,-0.13221501241714617,20.246984966771308,39000.0,SHORT_PUT,6747.267741950796,-7800.0,0.0,453.90000000000003,0.0,1.0735433413423068,0.0,COVERED_CALL,1826.496772717405,0.0,-5772.0001220703125,632.0,0.0,1422.102,0
2023-02-17,407.260009765625,0.0,113000.0,112371.37029939535,-628.6297006046516,112401.16774195079,0,-0.008183704203619135,-0.008183704203619135,109583.34683660764,-3416.6531633923587,68858.49677271741,100,-0.03479773916930884,-0.038492106075144195,99701.28614672853,-13298.713853271474,1551.6237932128947,241,-0.1343493074646358,-0.1343493074646358,29.797442555438725,39000.0,SHORT_PUT,6747.267741950796,-7800.0,0.0,453.90000000000003,0.0,1.150912672266554,0.0,COVERED_CALL,1826.496772717405,0.0,-5873.9990234375,632.0,0.0,1422.102,0
2023-02-21,399.0899963378906,0.0,113000.0,112356.74541333485,-643.254586665149,112401.16774195079,0,-0.008312786907517133,-0.008312786907517133,108766.49469608397,-4233.505303916027,68858.49677271741,100,-0.04199251424743633,-0.04565934273979899,97732.31291064454,-15267.687089355459,1551.6237932128947,241,-0.15144480453667264,-0.15144480453667264,44.422328615941176,39000.0,SHORT_PUT,6747.267741950796,-7800.0,0.0,453.90000000000003,0.0,1.0017104225021212,0.0,COVERED_CALL,1826.496772717405,0.0,-6691.0003662109375,632.0,0.0,1422.102,0
2023-02-22,398.5400085449219,0.0,113000.0,112368.1731913854,-631.8268086145981,112401.16774195079,0,-0.008211922635193214,-0.008211922635193214,108711.49535721823,-4288.504642781772,68858.49677271741,100,-0.042476944480221324,-0.046141918788137004,97599.76585253907,-15400.234147460927,1551.6237932128947,241,-0.15259563675837207,-0.15259563675837207,32.99455056538257,39000.0,SHORT_PUT,6747.267741950796,-7800.0,0.0,453.90000000000003,0.0,1.0022699913708717,0.0,COVERED_CALL,1826.496772717405,0.0,-6745.9991455078125,632.0,0.0,1422.102,0
2023-02-23,400.6600036621094,0.0,113000.0,112398.55019655943,-601.4498034405697,112401.16774195079,0,-0.007943808001823371,-0.007943808001823371,108923.49643340596,-4076.5035665940377,68858.49677271741,100,-0.04060965420353324,-0.04428177567187497,98110.68467578126,-14889.31532421874,1551.6237932128947,241,-0.14815961341040773,-0.14815961341040773,2.6175453913668925,39000.0,SHORT_PUT,6747.267741950796,-7800.0,0.0,453.90000000000003,0.0,1.00070552238909,0.0,COVERED_CALL,1826.496772717405,0.0,-6533.9996337890625,632.0,0.0,1422.102,0
2023-02-24,396.3800048828125,0.0,113000.0,112401.16774195079,-598.8322580492095,112401.16774195079,0,-0.007920704927016908,-0.007920704927016908,108495.49725731104,-4504.502742688957,68858.49677271741,100,-0.044379440255208125,-0.04803713265163767,97079.20496997071,-15920.795030029287,1551.6237932128947,241,-0.15711537673282872,-0.15711537673282872,0.0,0.0,CASH,6747.267741950796,-7800.0,0.0,453.90000000000003,0.0,1.00000368761725,0.0,COVERED_CALL,1826.496772717405,0.0,-6961.99951171875,632.0,0.0,1422.102,0
2023-02-27,397.7300109863281,0.0,113000.0,112401.16774195079,-598.8322580492095,112401.16774195079,0,-0.007920704927016908,-0.007920704927016908,108630.49787135002,-4369.502128649983,68858.49677271741,100,-0.043190364527504355,-0.046852608179349664,97404.55644091798,-15595.443559082021,1551.6237932128947,241,-0.1542905312666587,-0.1542905312666587,0.0,0.0,CASH,6747.267741950796,-7800.0,0.0,453.90000000000003,0.0,1.000000000204161,0.0,COVERED_CALL,1826.496772717405,0.0,-6826.9989013671875,632.0,0.0,1422.102,0
2023-02-28,396.260009765625,0.0,113000.0,112348.55410229252,-651.4458977074828,112883.67231870437,0,-0.008385085356437671,-0.008385085356437671,108483.49774927991,-4516.502250720092,68858.49677271741,100,-0.04448513106147434,-0.048142418920292696,97050.28614672853,-15949.713853271474,1551.6237932128947,241,-0.15736646275523025,-0.15736646275523025,535.1182164118494,38600.0,SHORT_PUT,7229.772318704375,-7800.0,0.0,453.90000000000003,0.0,1.0000000000000007,0.0,COVERED_CALL,1826.496772717405,0.0,-6973.9990234375,632.0,0.0,1422.102,0
2023-03-01,394.739990234375,1000.0,114000.0,113321.61550972237,-678.3844902776327,113883.67231870437,0,-0.008622851746806659,-0.008622851746806659,109331.49579615491,-4668.504203845092,69858.49677271741,100,-0.04582395336469969,-0.04947611680451225,97683.94143969727,-16316.058560302728,1762.1238127441447,243,-0.1605472296400381,-0.1605472296400381,562.0568089819973,38600.0,SHORT_PUT,7229.772318704375,-7800.0,0.0,453.90000000000003,0.0,1.0,0.0,COVERED_CALL,1826.496772717405,0.0,-7126.0009765625,632.0,0.0,1422.102,2
2023-03-02,397.80999755859375,0.0,114000.0,113440.33911123317,-559.6608887668262,113883.67231870437,0,-0.007584216134644661,-0.007584216134644661,109638.49652857678,-4361.503471423217,69858.49677271741,100,-0.04314464542106178,-0.046807064065404136,98429.95321948243,-15570.046780517572,1762.1238127441447,243,-0.15413633296621365,-0.15413633296621365,443.3332074711883,38600.0,SHORT_PUT,7229.772318704375,-7800.0,0.0,453.90000000000003,0.0,1.0,0.0,COVERED_CALL,1826.496772717405,0.0,-6819.000244140625,632.0,0.0,1422.102,0
2023-03-03,404.1900024414063,0.0,114000.0,113644.85329349036,-355.1467065096367,113883.67231870437,0,-0.0057950545005514,-0.0057950545005514,110277.49701685805,-3722.5029831419524,69858.49677271741,100,-0.03756785389117134,-0.04125161802433497,99980.29440600588,-14019.70559399412,1762.1238127441447,243,-0.14081338361702433,-0.14081338361702433,238.81902521400158,38600.0,SHORT_PUT,7229.772318704375,-7800.0,0.0,453.90000000000003,0.0,0.0,0.0,STOCK,1826.496772717405,0.0,-6180.999755859368,632.0,0.0,1422.102,0
2023-03-06,404.4700012207031,0.0,114000.0,113712.27085188351,-287.7291481164866,113883.67231870437,0,-0.005205262107623065,-0.005205262107623065,110305.49689478772,-3694.5031052122795,69858.49677271741,100,-0.03732348869123825,-0.041008188146193114,100048.334109375,-13951.665890624994,1762.1238127441447,243,-0.14022868037260272,-0.14022868037260272,171.40146682085938,38600.0,SHORT_PUT,7229.772318704375,-7800.0,0.0,453.90000000000003,0.0,0.0,0.0,STOCK,1826.496772717405,0.0,-6152.9998779296875,632.0,0.0,1422.102,0
2023-03-07,398.2699890136719,0.0,114000.0,113591.65058073655,-408.34941926345346,113883.67231870437,0,-0.006260490449482958,-0.006260490449482958,109685.4956740846,-4314.5043259154045,69858.49677271741,100,-0.04273446664751335,-0.046398455274591965,98541.73114306641,-15458.268856933588,1762.1238127441447,243,-0.1531757627206367,-0.1531757627206367,292.02173796782347,38600.0,SHORT_PUT,7229.772318704375,-7800.0,0.0,453.90000000000003,0.0,0.0,0.0,STOCK,1826.496772717405,0.0,-6773.0010986328125,632.0,0.0,1422.102,0
2023-03-08,398.9200134277344,0.0,114000.0,113588.52937588548,-411.4706241145177,113883.67231870437,0,-0.006287795841754651,-0.006287795841754651,109750.49811549085,-4249.5018845091545,69858.49677271741,100,-0.042167166510338694,-0.045833326511167116,98699.6870756836,-15300.3129243164,1762.1238127441447,243,-0.15181835900334162,-0.15181835900334162,295.1429428188791,38600.0,SHORT_PUT,7229.772318704375,-7800.0,0.0,453.90000000000003,0.0,0.0,0.0,STOCK,1826.496772717405,0.0,-6707.9986572265625,632.0,0.0,1422.102,0
2023-03-09,391.55999755859375,0.0,114000.0,113390.17083322517,-609.8291667748272,113883.67231870437,0,-0.008023105786549523,-0.008023105786549523,109014.49652857678,-4985.503471423217,69858.49677271741,100,-0.04859052219028237,-0.052232096429544184,96911.20321948243,-17088.796780517572,1762.1238127441447,243,-0.16718780157194402,-0.16718780157194402,493.5014854791932,38600.0,SHORT_PUT,7229.772318704375,-7800.0,0.0,453.90000000000003,0.0,0.0,0.0,STOCK,1826.496772717405,0.0,-7444.000244140625,632.0,0.0,1422.102,0
2023-03-10,385.9100036621094,0.0,114000.0,113019.51400823411,-980.4859917658905,113883.67231870437,0,-0.011265741399246854,-0.011265741399246854,108449.49713892835,-5550.5028610716545,69858.49677271741,100,-0.05352147900231807,-0.05714417972211172,95538.25470263672,-18461.745297363275,1762.1238127441447,243,-0.1789863164459493,-0.1789863164459493,864.158310470256,38600.0,SHORT_PUT,7229.772318704375,-7800.0,0.0,453.90000000000003,0.0,0.0,0.0,STOCK,1826.496772717405,0.0,-8008.9996337890625,632.0,0.0,1422.102,0
2023-03-13,385.3599853515625,0.0,114000.0,112974.9342379676,-1025.0657620324055,113883.67231870437,0,-0.011655740829786265,-0.011655740829786265,108394.49530787366,-5605.504692126342,69858.49677271741,100,-0.05400150014655736,-0.057622363557942924,95404.60025317383,-18595.399746826166,1762.1238127441447,243,-0.180134883919978,-0.180134883919978,908.7380807367739,38600.0,SHORT_PUT,7229.772318704375,-7800.0,0.0,453.90000000000003,0.0,0.0,0.0,STOCK,1826.496772717405,0.0,-8064.00146484375,632.0,0.0,1422.102,0
2023-03-14,391.7300109863281,0.0,114000.0,113232.57326477072,-767.4267352292809,113883.67231870437,0,-0.0094018244650933,-0.0094018244650933,109026.85441799325,-4973.1455820067495,69885.28457960855,100,-0.04848267035872833,-0.0521246574070493,96952.51648242188,-17047.48351757812,1762.1238127441447,243,-0.16683277358560367,-0.16683277358560367,651.0990539336439,38600.0,SHORT_PUT,7229.772318704375,-7800.0,0.0,453.90000000000003,0.0,31.431260248107566,0.0,COVERED_CALL,1853.28457960855,0.0,-7426.9989013671875,632.0,0.0,1422.102,0
2023-03-15,389.2799987792969,0.0,114000.0,113248.81640149975,-751.1835985002544,113883.67231870437,0,-0.009259723820863486,-0.009259723820863486,108802.51241032477,-5197.487589675235,69885.28457960855,100,-0.05044058530732154,-0.05407507832409697,96357.16351611329,-17642.836483886713,1762.1238127441447,243,-0.17194897477019955,-0.17194897477019955,634.8559172046274,38600.0,SHORT_PUT,7229.772318704375,-7800.0,0.0,453.90000000000003,0.0,10.772047213469648,0.0,COVERED_CALL,1853.28457960855,0.0,-7672.0001220703125,632.0,0.0,1422.102,0
2023-03-16,396.1099853515625,0.0,114000.0,113452.85991561282,-547.1400843871816,113883.67231870437,0,-0.007474679756400704,-0.007474679756400704,109461.66715073683,-4538.33284926317,69885.28457960855,100,-0.04468790023018743,-0.04834441197840511,98016.85025317383,-15983.149746826166,1762.1238127441447,243,-0.15768635791812224,-0.15768635791812224,430.81240309154964,38600.0,SHORT_PUT,7229.772318704375,-7800.0,0.0,453.90000000000003,0.0,34.61596402796076,0.0,COVERED_CALL,1853.28457960855,0.0,-6989.00146484375,632.0,0.0,1422.102,0
2023-03-17,389.989990234375,0.0,114000.0,113351.83490098064,-648.1650990193593,113883.67231870437,0,-0.008358481937103757,-0.008358481937103757,109027.47664411555,-4972.523355884448,70035.88457960855,100,-0.04847723996324027,-0.052119247796710844,96895.64943969727,-17104.35056030273,2128.081812744145,243,-0.16732146390515668,-0.16732146390515668,531.837417723734,38600.0,SHORT_PUT,7229.772318704375,-7800.0,0.0,453.90000000000003,0.0,7.406958930497319,0.0,COVERED_CALL,1853.28457960855,0.0,-7601.0009765625,782.6,0.0,1788.0600000000002,0
2023-03-20,393.739990234375,0.0,114000.0,113499.66317158526,-500.33682841474365,113883.67231870437,0,-0.007065228494819165,-0.007065228494819165,109393.95630062935,-4606.0436993706535,70035.88457960855,100,-0.0452788376430473,-0.04893308754448933,97806.89943969727,-16193.10056030273,2128.081812744145,243,-0.15949058274171857,-0.15949058274171857,384.00914711910474,38600.0,SHORT_PUT,7229.772318704375,-7800.0,0.0,453.90000000000003,0.0,15.927302416699817,0.0,COVERED_CALL,1853.28457960855,0.0,-7226.0009765625,782.6,0.0,1788.0600000000002,0
2023-03-21,398.9100036621094,0.0,114000.0,113696.86554120103,-303.13445879897336,113883.67231870437,0,-0.005340033156409185,-0.005340033156409185,109910.76506669933,-4089.2349333006714,70035.88457960855,100,-0.040768458070499114,-0.044439971707949444,99063.21270263672,-14936.787297363277,2128.081812744145,243,-0.14869437987079404,-0.14869437987079404,186.80677750334064,38600.0,SHORT_PUT,7229.772318704375,-7800.0,0.0,453.90000000000003,0.0,16.119879120156376,0.0,COVERED_CALL,1853.28457960855,0.0,-6708.9996337890625,782.6,0.0,1788.0600000000002,0
2023-03-22,392.1099853515625,0.0,114000.0,113603.13607063513,-396.8639293648739,113883.67231870437,0,-0.0061600113646171906,-0.0061600113646171906,109243.88086441268,-4756.119135587316,70035.88457960855,100,-0.046588600995167484,-0.05023783770240253,97410.80825317383,-16589.191746826167,2128.081812744145,243,-0.16289441595055287,-0.16289441595055287,280.53624806924614,38600.0,SHORT_PUT,7229.772318704375,-7800.0,0.0,453.90000000000003,0.0,3.0022503521178514,0.0,COVERED_CALL,1853.28457960855,0.0,-7389.00146484375,782.6,0.0,1788.0600000000002,0
2023-03-23,393.1700134277344,0.0,114000.0,113644.17288222918,-355.82711777082295,113883.67231870437,0,-0.005801006976367651,-0.005801006976367651,109348.96390329511,-4651.036096704891,70035.88457960855,100,-0.045671502789576324,-0.04932424974269212,97668.3950756836,-16331.604924316402,2128.081812744145,243,-0.16068082824537688,-0.16068082824537688,239.49943647518728,38600.0,SHORT_PUT,7229.772318704375,-7800.0,0.0,453.90000000000003,0.0,3.922019086878702,0.0,COVERED_CALL,1853.28457960855,0.0,-7282.9986572265625,782.6,0.0,1788.0600000000002,0
2023-03-24,395.75,0.0,114000.0,113730.64280390965,-269.35719609035004,113883.67231870437,0,-0.005044537842216479,-0.005044537842216479,109605.86404727038,-4394.135952729615,70035.88457960855,100,-0.04342944104905644,-0.047090769621829676,98295.33181274415,-15704.668187255855,2128.081812744145,243,-0.15529321004519614,-0.15529321004519614,153.02951479472156,38600.0,SHORT_PUT,7229.772318704375,-7800.0,0.0,453.90000000000003,0.0,5.020532338168392,0.0,COVERED_CALL,1853.28457960855,0.0,-7025.0,782.6,0.0,1788.0600000000002,0
2023-03-27,396.489990234375,0.0,114000.0,113829.58027115864,-170.41972884135612,113883.67231870437,0,-0.004178998256537891,-0.004178998256537891,109682.16227460158,-4317.837725398422,70035.88457960855,100,-0.04276355844688384,-0.046427435723434995,98475.14943969727,-15524.85056030273,2128.081812744145,243,-0.15374793655519736,-0.15374793655519736,54.09204754572947,38600.0,SHORT_PUT,7229.772318704375,-7800.0,0.0,453.90000000000003,0.0,2.721328444466619,0.0,COVERED_CALL,1853.28457960855,0.0,-6951.0009765625,782.6,0.0,1788.0600000000002,0
2023-03-28,395.6000061035156,0.0,114000.0,113850.35191133231,-149.64808866768726,113883.67231870437,0,-0.003997280679469362,-0.003997280679469362,109594.24298965381,-4405.757010346191,70035.88457960855,100,-0.04353086227935743,-0.04719180265656597,98258.88329589844,-15741.116704101558,2128.081812744145,243,-0.1556064325461589,-0.1556064325461589,33.32040737206249,38600.0,SHORT_PUT,7229.772318704375,-7800.0,0.0,453.90000000000003,0.0,1.6422003063059902,0.0,COVERED_CALL,1853.28457960855,0.0,-7039.9993896484375,782.6,0.0,1788.0600000000002,0
2023-03-29,401.3500061035156,0.0,114000.0,113881.93049039,-118.0695096099953,113883.67231870437,0,-0.003721020219262572,-0.003721020219262572,110168.94031580933,-3831.0596841906663,70035.88457960855,100,-0.03851526801999272,-0.04219540587134407,99656.13329589844,-14343.866704101558,2128.081812744145,243,-0.14359908142888722,-0.14359908142888722,1.7418283143702633,38600.0,SHORT_PUT,7229.772318704375,-7800.0,0.0,453.90000000000003,0.0,1.9448741507835814,0.0,COVERED_CALL,1853.28457960855,0.0,-6464.9993896484375,782.6,0.0,1788.0600000000002,0
2023-03-30,403.7000122070313,0.0,114000.0,113882.67202180598,-117.32797819402185,113883.67231870437,0,-0.0037145330429441126,-0.0037145330429441126,110404.21053853461,-3595.7894614653924,70035.88457960855,100,-0.03646197853212574,-0.04014997546653132,100227.18477905275,-13772.815220947246,2128.081812744145,243,-0.13869171648755774,-0.13869171648755774,1.0002968983847105,38600.0,SHORT_PUT,7229.772318704375,-7800.0,0.0,453.90000000000003,0.0,1.6752617770827587,0.0,COVERED_CALL,1853.28457960855,0.0,-6229.998779296868,782.6,0.0,1788.0600000000002,0
2023-03-31,409.3900146484375,0.0,114000.0,113883.67231870437,-116.32768129563192,113883.67231870437,0,-0.0037057820956331033,-0.0037057820956331033,110972.47644851683,-3027.523551483173,70035.88457960855,100,-0.03150251359957412,-0.035209493169911066,101609.85537231446,-12390.144627685542,2128.081812744145,243,-0.12680965437067115,-0.12680965437067115,0.0,0.0,CASH,7229.772318704375,-7800.0,0.0,453.90000000000003,0.0,2.409595935472119,0.0,COVERED_CALL,1853.28457960855,0.0,-5660.99853515625,782.6,0.0,1788.0600000000002,0
2023-04-03,410.9500122070313,1000.0,115000.0,114883.67231870437,-116.32768129563192,114883.67231870437,0,-0.0037057820956331033,-0.0037057820956331033,112129.21726460247,-2870.78273539753,71035.88457960855,100,-0.03013457903369343,-0.033846794451887985,102988.90477905275,-12011.095220947245,1895.2017761230509,246,-0.12355227071169794,-0.12355227071169794,0.0,0.0,CASH,7229.772318704375,-7800.0,0.0,453.90000000000003,0.0,1.6685357092268587,0.0,COVERED_CALL,1853.28457960855,0.0,-5504.998779296868,782.6,0.0,1788.0600000000002,3
2023-04-04,408.6700134277344,0.0,115000.0,114833.18181836547,-166.81818163453136,115346.0070719239,0,-0.004143645827976217,-0.004143645827976217,111901.63010874293,-3098.369891257069,71035.88457960855,100,-0.03210310176228215,-0.035807782547045974,102428.02507934571,-12571.974920654291,1895.2017761230509,246,-0.12832542312327821,-0.12832542312327821,512.8252535584342,40000.0,SHORT_PUT,7692.107071923911,-7800.0,0.0,453.90000000000003,0.0,1.2558136390579446,0.0,COVERED_CALL,1853.28457960855,0.0,-5732.9986572265625,782.6,0.0,1788.0600000000002,0
2023-04-05,407.6000061035156,0.0,115000.0,114788.20731544451,-211.79268455549027,115346.0070719239,0,-0.00453367372583946,-0.00453367372583946,111794.70336337085,-3205.296636629151,71035.88457960855,100,-0.033027968228335536,-0.036729109033757035,102164.8032775879,-12835.196722412104,1895.2017761230509,246,-0.1305654717085578,-0.1305654717085578,557.7997564793941,40000.0,SHORT_PUT,7692.107071923911,-7800.0,0.0,453.90000000000003,0.0,1.1818265892631954,0.0,COVERED_CALL,1853.28457960855,0.0,-5839.9993896484375,782.6,0.0,1788.0600000000002,0
2023-04-06,409.1900024414063,0.0,115000.0,114853.80579659076,-146.19420340923534,115346.0070719239,0,-0.003964790557759557,-0.003964790557759557,111953.70476447545,-3046.2952355245507,71035.88457960855,100,-0.03165268028306567,-0.03535908508182539,102555.942376709,-12444.057623290995,1895.2017761230509,246,-0.1272368318322914,-0.1272368318322914,492.2012753331357,40000.0,SHORT_PUT,7692.107071923911,-7800.0,0.0,453.90000000000003,0.0,1.18005927374235,0.0,COVERED_CALL,1853.28457960855,0.0,-5680.999755859368,782.6,0.0,1788.0600000000002,0
2023-04-10,409.6099853515625,0.0,115000.0,114950.15349855584,-49.84650144416082,115346.0070719239,0,-0.003129243987574304,-0.003129243987574304,111995.87417851388,-3004.1258214861155,71035.88457960855,100,-0.0312879345236996,-0.03499573540773293,102659.25817260743,-12340.741827392572,1895.2017761230509,246,-0.1263576022210139,-0.1263576022210139,395.85357336806777,40000.0,SHORT_PUT,7692.107071923911,-7800.0,0.0,453.90000000000003,0.0,1.0089362509174773,0.0,COVERED_CALL,1853.28457960855,0.0,-5639.00146484375,782.6,0.0,1788.0600000000002,0
2023-04-11,409.7200012207031,0.0,115000.0,114945.7987842193,-54.20121578070393,115346.0070719239,0,-0.0031670089425636094,-0.0031670089425636094,112006.87805609274,-2993.1219439072593,71035.88457960855,100,-0.031192756115960396,-0.034900921300797805,102686.32207641602,-12313.677923583979,1895.2017761230509,246,-0.12612728520686955,-0.12612728520686955,400.2082877046042,40000.0,SHORT_PUT,7692.107071923911,-7800.0,0.0,453.90000000000003,0.0,1.00664558612203,0.0,COVERED_CALL,1853.28457960855,0.0,-5627.9998779296875,782.6,0.0,1788.0600000000002,0
2023-04-12,408.0499877929688,0.0,115000.0,114901.61245618295,-98.38754381705076,115346.0070719239,0,-0.0035502016299536754,-0.0035502016299536754,111839.8819945743,-3160.1180054256984,71035.88457960855,100,-0.032637194144294224,-0.0363398306598921,102275.49877319338,-12724.50122680662,1895.2017761230509,246,-0.12962343998218895,-0.12962343998218895,444.3946157409449,40000.0,SHORT_PUT,7692.107071923911,-7800.0,0.0,453.90000000000003,0.0,1.0013643311360554,0.0,COVERED_CALL,1853.28457960855,0.0,-5795.001220703118,782.6,0.0,1788.0600000000002,0
2023-04-13,413.4700012207031,0.0,115000.0,115072.3512652061,72.35126520610356,115346.0070719239,0,-0.0020695204785907695,-0.0020695204785907695,112381.88144700787,-2618.118552992135,71035.88457960855,100,-0.027949151723936194,-0.03166973199026257,103608.82207641602,-11391.177923583979,1895.2017761230509,246,-0.11827670137938806,-0.11827670137938806,273.6558067178032,40000.0,SHORT_PUT,7692.107071923911,-7800.0,0.0,453.90000000000003,0.0,1.003254670995034,0.0,COVERED_CALL,1853.28457960855,0.0,-5252.9998779296875,782.6,0.0,1788.0600000000002,0
2023-04-14,412.4599914550781,0.0,115000.0,115102.44693408553,102.44693408552848,115346.0070719239,0,-0.0018085248098123063,-0.0018085248098123063,112280.88364555818,-2719.116354441823,71035.88457960855,100,-0.02882273559091819,-0.03253997216498583,103360.35967407227,-11639.640325927729,1895.2017761230509,246,-0.12039114573448517,-0.12039114573448517,243.56013783837804,40000.0,SHORT_PUT,7692.107071923911,-7800.0,0.0,453.90000000000003,0.0,1.000079558191519,0.0,COVERED_CALL,1853.28457960855,0.0,-5354.0008544921875,782.6,0.0,1788.0600000000002,0
2023-04-17,413.9400024414063,0.0,115000.0,115190.09414822071,190.09414822071267,115346.0070719239,0,-0.0010484306128225596,-0.0010484306128225596,112428.88482374715,-2571.115176252846,71035.88457960855,100,-0.027542594442255486,-0.031264730829850595,103724.442376709,-11275.557623290995,1895.2017761230509,246,-0.11729275898414837,-0.11729275898414837,155.91292370318791,40000.0,SHORT_PUT,7692.107071923911,-7800.0,0.0,453.90000000000003,0.0,1.000000002033075,0.0,COVERED_CALL,1853.28457960855,0.0,-5205.999755859368,782.6,0.0,1788.0600000000002,0
2023-04-18,414.2099914550781,0.0,115000.0,115208.97604975177,208.97604975177092,115346.0070719239,0,-0.0008846829806417045,-0.0008846829806417045,112455.88372511636,-2544.116274883636,71035.88457960855,100,-0.027309066540421645,-0.031032096769429196,103790.85967407227,-11209.140325927729,1895.2017761230509,246,-0.11672753994832719,-0.11672753994832719,137.03102217212916,40000.0,SHORT_PUT,7692.107071923911,-7800.0,0.0,453.90000000000003,0.0,1.0000000000007998,0.0,COVERED_CALL,1853.28457960855,0.0,-5179.0008544921875,782.6,0.0,1788.0600000000002,0
2023-04-19,414.1400146484375,0.0,115000.0,115221.5870725417,221.5870725417044,115346.0070719239,0,-0.0007753176649804017,-0.0007753176649804017,112448.8860444523,-2551.1139555476984,71035.88457960855,100,-0.027369593213741994,-0.031092391773442696,103773.64537963868,-11226.354620361322,1895.2017761230509,246,-0.11687403562473031,-0.11687403562473031,124.41999938220198,40000.0,SHORT_PUT,7692.107071923911,-7800.0,0.0,453.90000000000003,0.0,1.0,0.0,COVERED_CALL,1853.28457960855,0.0,-5185.99853515625,782.6,0.0,1788.0600000000002,0
2023-04-20,411.8800048828125,0.0,115000.0,115201.97759357718,201.97759357717587,115346.0070719239,0,-0.0009453749944003942,-0.0009453749944003942,112222.8850678898,-2777.1149321101984,71035.88457960855,100,-0.02932439623136529,-0.03303971267061434,103217.68297729493,-11782.317022705072,1895.2017761230509,246,-0.12160534125565448,-0.12160534125565448,144.02947834672352,40000.0,SHORT_PUT,7692.107071923911,-7800.0,0.0,453.90000000000003,0.0,1.0,0.0,COVERED_CALL,1853.28457960855,0.0,-5411.99951171875,782.6,0.0,1788.0600000000002,0
2023-04-21,412.2000122070313,0.0,115000.0,115204.71751895017,204.71751895017223,115346.0070719239,0,-0.0009216138127502438,-0.0009216138127502438,112255.88580031169,-2744.114199688309,71035.88457960855,100,-0.02903895529078493,-0.032755364271573884,103296.40477905275,-11703.595220947245,1895.2017761230509,246,-0.12093540943587111,-0.12093540943587111,141.28955297372195,40000.0,SHORT_PUT,7692.107071923911,-7800.0,0.0,453.90000000000003,0.0,0.0,0.0,STOCK,1853.28457960855,0.0,-5379.998779296868,782.6,0.0,1788.0600000000002,0
2023-04-24,412.6300048828125,0.0,115000.0,115257.88995020979,257.889950209792,115346.0070719239,0,-0.000460491838263688,-0.000460491838263688,112298.8850678898,-2701.1149321101984,71035.88457960855,100,-0.028667031685428057,-0.03238486422510711,103402.18297729493,-11597.817022705072,1895.2017761230509,246,-0.12003522449015813,-0.12003522449015813,88.11712171410967,40000.0,SHORT_PUT,7692.107071923911,-7800.0,0.0,453.90000000000003,0.0,0.0,0.0,STOCK,1853.28457960855,0.0,-5336.99951171875,782.6,0.0,1788.0600000000002,0
2023-04-25,406.0799865722656,0.0,115000.0,115131.14159973376,131.1415997337608,115346.0070719239,0,-0.0015596789216802964,-0.0015596789216802964,111643.88323683511,-3356.116763164886,71035.88457960855,100,-0.03433249196515564,-0.038028639631297656,101790.8784729004,-13209.121527099604,1895.2017761230509,246,-0.1337476159084212,-0.1337476159084212,214.86547219014142,40000.0,SHORT_PUT,7692.107071923911,-7800.0,0.0,453.90000000000003,0.0,0.0,0.0,STOCK,1853.28457960855,0.0,-5992.0013427734375,782.6,0.0,1788.0600000000002,0
2023-04-26,404.3599853515625,0.0,115000.0,115050.78014662911,50.780146629113005,115346.0070719239,0,-0.002256589539652576,-0.002256589539652576,111471.8831147648,-3528.1168852351984,71035.88457960855,100,-0.035820212782864735,-0.03951066611241316,101367.75817260743,-13632.241827392572,1895.2017761230509,246,-0.13734841957948796,-0.13734841957948796,295.2269252947883,40000.0,SHORT_PUT,7692.107071923911,-7800.0,0.0,453.90000000000003,0.0,0.0,0.0,STOCK,1853.28457960855,0.0,-6164.00146484375,782.6,0.0,1788.0600000000002,0
2023-04-27,412.4100036621094,0.0,115000.0,115265.46416484528,265.46416484528163,115346.0070719239,0,-0.00039480673180603,-0.00039480673180603,112273.2349458195,-2726.765054180505,71052.88115799305,100,-0.028888893275533012,-0.032605876627275654,103348.06267700196,-11651.937322998041,1895.2017761230509,246,-0.1204957946302323,-0.1204957946302323,80.54290707861543,40000.0,SHORT_PUT,7692.107071923911,-7800.0,0.0,453.90000000000003,0.0,20.646578384491065,0.0,COVERED_CALL,1870.2811579930412,0.0,-5358.9996337890625,782.6,0.0,1788.0600000000002,0
2023-04-28,415.9299926757813,0.0,115000.0,115325.98434623657,325.98434623656794,115346.0070719239,0,0.00013003640359965374,0.0,112631.07267197945,-2368.9273280205525,71052.88115799305,100,-0.025793763875844422,-0.029522594012543424,104213.97997436525,-10786.020025634745,1895.2017761230509,246,-0.11312673627726022,-0.11312673627726022,20.02272568732819,40000.0,SHORT_PUT,7692.107071923911,-7800.0,0.0,453.90000000000003,0.0,14.807753591728478,0.0,COVERED_CALL,1870.2811579930412,0.0,-5007.000732421868,782.6,0.0,1788.0600000000002,0
2023-05-01,415.510009765625,1000.0,116000.0,116342.630575765,342.63057576499705,116346.0070719239,0,0.0002743958403617075,0.0,113597.74318765326,-2402.2568123467354,72052.88115799305,100,-0.026082048367033983,-0.02980977507834026,105110.6441784668,-10889.355821533201,2064.161756591801,248,-0.11400613609089749,-0.11400613609089749,3.376496158904118,40000.0,SHORT_PUT,7692.107071923911,-7800.0,0.0,453.90000000000003,0.0,6.138946902286223,0.0,COVERED_CALL,1870.2811579930412,0.0,-5048.9990234375,782.6,0.0,1788.0600000000002,2
2023-05-02,410.8399963378906,0.0,116000.0,116337.4308509327,337.43085093269474,116346.0070719239,0,0.00022969037350550892,-4.4693203227086364e-05,113133.4276284948,-2866.572371505201,72052.88115799305,100,-0.030062807540567338,-0.03377529766826037,103952.48084838867,-12047.519151611326,2064.161756591801,248,-0.1237684737863215,-0.1237684737863215,8.57622099120816,40000.0,SHORT_PUT,7692.107071923911,-7800.0,0.0,453.90000000000003,0.0,3.453163287304805,0.0,COVERED_CALL,1870.2811579930412,0.0,-5516.0003662109375,782.6,0.0,1788.0600000000002,0
2023-05-03,408.0199890136719,0.0,116000.0,116329.92658367884,329.92658367883996,116346.0070719239,0,0.0001651712341630418,-0.00010919464364267384,112850.45974570788,-3149.540254292122,72052.88115799305,100,-0.032488802045814835,-0.036192006540664234,103253.11903198242,-12746.880968017576,2064.161756591801,248,-0.12966350261837956,-0.12966350261837956,16.080488245066093,40000.0,SHORT_PUT,7692.107071923911,-7800.0,0.0,453.90000000000003,0.0,4.420313652362772,0.0,COVERED_CALL,1870.2811579930412,0.0,-5798.0010986328125,782.6,0.0,1788.0600000000002,0
2023-05-04,405.1300048828125,0.0,116000.0,116328.56197278296,328.5619727829617,116346.0070719239,0,0.00015343877347628876,-0.00012092388587414682,112562.39407112126,-3437.6059288787364,72052.88115799305,100,-0.034958501917102924,-0.038652253494318334,102536.4029675293,-13463.597032470701,2064.161756591801,248,-0.13570481308920468,-0.13570481308920468,17.44509914093888,40000.0,SHORT_PUT,7692.107071923911,-7800.0,0.0,453.90000000000003,0.0,3.487575153038435,0.0,COVERED_CALL,1870.2811579930412,0.0,-6086.99951171875,782.6,0.0,1788.0600000000002,0
2023-05-05,412.6300048828125,0.0,116000.0,116346.0070719239,346.0070719239011,116346.0070719239,0,0.0003034258067522444,0.0,113301.8017134083,-2698.1982865916943,72052.88115799305,100,-0.02861927055395541,-0.03233728590209928,104396.4029675293,-11603.597032470701,2064.161756591801,248,-0.12002658563896762,-0.12002658563896762,0.0,0.0,CASH,7692.107071923911,-7800.0,0.0,453.90000000000003,0.0,14.07993286598812,0.0,COVERED_CALL,1870.2811579930412,0.0,-5336.99951171875,782.6,0.0,1788.0600000000002,0
2023-05-08,412.739990234375,0.0,116000.0,116346.0070719239,346.0070719239011,116346.0070719239,0,0.0003034258067522444,0.0,113323.62182703121,-2676.3781729687908,72052.88115799305,100,-0.028432198172341994,-0.032150929550735285,104423.6793347168,-11576.320665283201,2064.161756591801,248,-0.11979666892456875,-0.11979666892456875,0.0,0.0,CASH,7692.107071923911,-7800.0,0.0,453.90000000000003,0.0,3.258354399345208,0.0,COVERED_CALL,1870.2811579930412,0.0,-5326.0009765625,782.6,0.0,1788.0600000000002,0
2023-05-09,410.9299926757813,0.0,116000.0,116299.3111716646,299.31117166459444,116772.29312438739,0,-9.804967294890776e-05,-0.00040135369863136816,113143.72551111315,-2856.2744888868474,72052.88115799305,100,-0.02997451975892329,-0.03368734781315463,103974.79994018556,-12025.200059814437,2064.161756591801,248,-0.12358034271230278,-0.12358034271230278,472.9819527228007,40300.0,SHORT_PUT,8118.393124387397,-7800.0,0.0,453.90000000000003,0.0,2.154914458017786,0.0,COVERED_CALL,1870.2811579930412,0.0,-5507.000732421868,782.6,0.0,1788.0600000000002,0
2023-05-10,412.8500061035156,0.0,116000.0,116342.19273561874,342.19273561873706,116772.29312438739,0,0.0002706314395946041,-3.2784419518705477e-05,113334.84348345612,-2665.1565165438806,72052.88115799305,100,-0.02833599051598712,-0.03205509013469254,104450.96327026367,-11549.036729736326,2064.161756591801,248,-0.11956668841529905,-0.11956668841529905,430.1003887686586,40300.0,SHORT_PUT,8118.393124387397,-7800.0,0.0,453.90000000000003,0.0,3.03828488848814,0.0,COVERED_CALL,1870.2811579930412,0.0,-5314.9993896484375,782.6,0.0,1788.0600000000002,0
2023-05-11,412.1300048828125,0.0,116000.0,116364.54113813903,364.5411381390295,116772.29312438739,0,0.0004627754088202263,0.0,113264.00235874267,-2735.9976412573305,72052.88115799305,100,-0.028943339228525544,-0.032660114185266376,104272.4029675293,-11727.597032470701,2064.161756591801,248,-0.12107180080231661,-0.12107180080231661,407.7519862483603,40300.0,SHORT_PUT,8118.393124387397,-7800.0,0.0,453.90000000000003,0.0,1.879287531623685,0.0,COVERED_CALL,1870.2811579930412,0.0,-5386.99951171875,782.6,0.0,1788.0600000000002,0
2023-05-12,411.5899963378906,0.0,116000.0,116359.6279647081,359.62796470809553,116772.29312438739,0,0.0004205336135216786,-4.2222255876800396e-05,113210.28591083051,-2789.714089169487,72052.88115799305,100,-0.02940387137865097,-0.03311888362222426,104138.48084838867,-11861.519151611326,2064.161756591801,248,-0.12220065104129751,-0.12220065104129751,412.6651596792933,40300.0,SHORT_PUT,8118.393124387397,-7800.0,0.0,453.90000000000003,0.0,1.5948809515978428,0.0,COVERED_CALL,1870.2811579930412,0.0,-5441.0003662109375,782.6,0.0,1788.0600000000002,0
2023-05-15,413.010009765625,0.0,116000.0,116436.17365898665,436.17365898664866,116772.29312438739,0,0.0010786474770276833,0.0,113352.54329567609,-2647.4567043239076,72052.88115799305,100,-0.028184243092333694,-0.031903923532989875,104490.6441784668,-11509.355821533201,2064.161756591801,248,-0.11923221190764277,-0.11923221190764277,336.11946540074683,40300.0,SHORT_PUT,8118.393124387397,-7800.0,0.0,453.90000000000003,0.0,1.338838879451231,0.0,COVERED_CALL,1870.2811579930412,0.0,-5298.9990234375,782.6,0.0,1788.0600000000002,0
2023-05-16,410.25,0.0,116000.0,116358.66338371707,358.6633837170666,116772.29312438739,0,0.00041224047399701647,-0.0006656889593141813,113076.75705467098,-2923.242945329024,72052.88115799305,100,-0.030548666569343852,-0.03425929704379149,103806.1617565918,-12193.838243408201,2064.161756591801,248,-0.12500182002368865,-0.12500182002368865,413.62974067032656,40300.0,SHORT_PUT,8118.393124387397,-7800.0,0.0,453.90000000000003,0.0,1.1241033220727357,0.0,COVERED_CALL,1870.2811579930412,0.0,-5575.0,782.6,0.0,1788.0600000000002,0
2023-05-17,415.2300109863281,0.0,116000.0,116487.00733500726,487.00733500726346,116772.29312438739,0,0.0015156981464017338,0.0,113574.34510856673,-2425.654891433267,72052.88115799305,100,-0.026282649264698477,-0.030009608164585644,105041.20448120117,-10958.795518798826,2064.161756591801,248,-0.1145914540305778,-0.1145914540305778,285.2857893801283,40300.0,SHORT_PUT,8118.393124387397,-7800.0,0.0,453.90000000000003,0.0,1.5371480591314426,0.0,COVERED_CALL,1870.2811579930412,0.0,-5076.9989013671875,782.6,0.0,1788.0600000000002,0
2023-05-18,419.2300109863281,0.0,116000.0,116616.1758801453,616.1758801452961,116772.29312438739,0,0.002626245396452065,0.0,113974.44108312987,-2025.5589168701263,72052.88115799305,100,-0.022852469746435955,-0.02659255785478809,106033.20448120117,-9966.795518798826,2064.161756591801,248,-0.10622973272378478,-0.10622973272378478,156.11724424210016,40300.0,SHORT_PUT,8118.393124387397,-7800.0,0.0,453.90000000000003,0.0,1.4411734959907598,0.0,COVERED_CALL,1870.2811579930412,0.0,-4676.9989013671875,782.6,0.0,1788.0600000000002,0
2023-05-19,418.6199951171875,0.0,116000.0,116636.65956043315,636.6595604331524,116772.29312438739,0,0.0028023571176940543,0.0,113913.75729191181,-2086.24270808819,72052.88115799305,100,-0.023372735660018296,-0.02711083242080392,105881.9205456543,-10118.079454345701,2064.161756591801,248,-0.10750492839640358,-0.10750492839640358,135.63356395423085,40300.0,SHORT_PUT,8118.393124387397,-7800.0,0.0,453.90000000000003,0.0,1.1233777999912256,0.0,COVERED_CALL,1870.2811579930412,0.0,-4738.00048828125,782.6,0.0,1788.0600000000002,0
2023-05-22,418.7900085449219,0.0,116000.0,116650.29338611041,650.2933861104102,116772.29312438739,0,0.0029195761170823786,0.0,113930.84014464136,-2069.1598553586373,72052.88115799305,100,-0.02322627767175589,-0.026964935008875424,105924.08387573242,-10075.916124267576,2064.161756591801,248,-0.1071495271711218,-0.1071495271711218,121.99973827698052,40300.0,SHORT_PUT,8118.393124387397,-7800.0,0.0,453.90000000000003,0.0,1.041867843879688,0.0,COVERED_CALL,1870.2811579930412,0.0,-4720.9991455078125,782.6,0.0,1788.0600000000002,0
2023-05-23,414.0899963378906,0.0,116000.0,116563.27407669096,563.2740766909556,116772.29312438739,0,0.0021714136703057108,-0.0007459844882810041,113460.87585272954,-2539.124147270457,72052.88115799305,100,-0.027255465643943877,-0.030978701033451128,104758.48084838867,-11241.519151611326,2064.161756591801,248,-0.11697457522455201,-0.11697457522455201,209.01904769642778,40300.0,SHORT_PUT,8118.393124387397,-7800.0,0.0,453.90000000000003,0.0,1.0049390525682897,0.0,COVERED_CALL,1870.2811579930412,0.0,-5191.0003662109375,782.6,0.0,1788.0600000000002,0
2023-05-24,411.0899963378906,0.0,116000.0,116459.0616308827,459.06163088270114,116772.29312438739,0,0.0012754304803603844,-0.0016393594021640867,113160.87844624746,-2839.1215537525422,72052.88115799305,100,-0.02982746092675148,-0.03354085185708122,104014.48084838867,-11985.519151611326,2064.161756591801,248,-0.12324586620464684,-0.12324586620464684,313.2314935046898,40300.0,SHORT_PUT,8118.393124387397,-7800.0,0.0,453.90000000000003,0.0,1.0023455346565626,0.0,COVERED_CALL,1870.2811579930412,0.0,-5491.0003662109375,782.6,0.0,1788.0600000000002,0
2023-05-25,414.6499938964844,0.0,116000.0,116530.33076229953,530.3307622995344,116772.29312438739,0,0.0018881782497484068,-0.0010283953887181285,113516.8676907962,-2483.132309203793,72052.88115799305,100,-0.026775425682692422,-0.03050049845263103,104897.36024291992,-11102.639757080076,2064.161756591801,248,-0.11580393934519062,-0.11580393934519062,241.96236208785015,40300.0,SHORT_PUT,8118.393124387397,-7800.0,0.0,453.90000000000003,0.0,1.0128568452759623,0.0,COVERED_CALL,1870.2811579930412,0.0,-5135.0006103515625,782.6,0.0,1788.0600000000002,0
2023-05-26,420.0199890136719,0.0,116000.0,116665.23828407237,665.2382840723731,116772.29312438739,0,0.003048067270374988,0.0,114053.86756054602,-1946.1324394539843,72052.88115799305,100,-0.022171515442064083,-0.025914209941997113,106229.11903198242,-9770.880968017576,2064.161756591801,248,-0.10457833869800037,-0.10457833869800037,107.05484031501572,40300.0,SHORT_PUT,8118.393124387397,-7800.0,0.0,453.90000000000003,0.0,1.0124988142221145,0.0,COVERED_CALL,1870.2811579930412,0.0,-4598.0010986328125,782.6,0.0,1788.0600000000002,0
2023-05-30,420.1799926757813,0.0,116000.0,116732.11067751954,732.1106775195367,116772.29312438739,0,0.003623013381037321,0.0,114069.88042556783,-1930.119574432174,72052.88115799305,100,-0.022034230877562955,-0.02577745084202543,106268.79994018556,-9731.200059814437,2064.161756591801,248,-0.1042438621903441,-0.1042438621903441,40.182446867859554,40300.0,SHORT_PUT,8118.393124387397,-7800.0,0.0,453.90000000000003,0.0,1.0000000033521037,0.0,COVERED_CALL,1870.2811579930412,0.0,-4582.000732421868,782.6,0.0,1788.0600000000002,0
2023-05-31,417.8500061035156,0.0,116000.0,116722.20516768828,722.2051676882838,116772.29312438739,0,0.0035378491741346885,-8.485676969061107e-05,113836.88176834461,-2163.1182316553895,72052.88115799305,100,-0.024031819637765794,-0.027767393716897626,105690.96327026367,-10309.036729736326,2064.161756591801,248,-0.10911453678180805,-0.10911453678180805,50.0879566991026,40300.0,SHORT_PUT,8118.393124387397,-7800.0,0.0,453.90000000000003,0.0,1.000000000000001,0.0,COVERED_CALL,1870.2811579930412,0.0,-4814.9993896484375,782.6,0.0,1788.0600000000002,0
2023-06-01,421.8200073242188,1000.0,117000.0,117752.717919209,752.717919208997,117772.29312438739,0,0.0038001874412150194,0.0,115233.88189041492,-1766.118109585077,73052.88115799305,100,-0.020628182075652868,-0.024376783772393162,107675.49357299806,-9324.506427001936,1798.6717346191444,251,-0.10081577870765723,-0.10081577870765723,19.575205178390064,40300.0,SHORT_PUT,8118.393124387397,-7800.0,0.0,453.90000000000003,0.0,1.0,0.0,COVERED_CALL,1870.2811579930412,0.0,-4417.999267578118,782.6,0.0,1788.0600000000002,3
2023-06-02,427.9200134277344,0.0,117000.0,117770.5645015016,770.5645015016053,117772.29312438739,0,0.003952323230240307,0.0,115844.88250076649,-1155.1174992335145,73052.88115799305,100,-0.015435292895004116,-0.019203770672347575,109206.59510498047,-7793.404895019528,1798.6717346191444,251,-0.08802974640754291,-0.08802974640754291,1.7286228857803503,40300.0,SHORT_PUT,8118.393124387397,-7800.0,0.0,453.90000000000003,0.0,0.0,0.0,STOCK,1870.2811579930412,0.0,-3807.9986572265625,782.6,0.0,1788.0600000000002,0
2023-06-05,427.1000061035156,0.0,117000.0,117771.28281918664,771.2828191866429,117772.29312438739,0,0.003958446633925972,0.0,115762.88176834461,-1237.1182316553895,73052.88115799305,100,-0.01613221644791807,-0.019898026710467698,109000.77326660157,-7999.226733398435,1798.6717346191444,251,-0.08974853815231654,-0.08974853815231654,1.010305200748767,40300.0,SHORT_PUT,8118.393124387397,-7800.0,0.0,453.90000000000003,0.0,0.0,0.0,STOCK,1870.2811579930412,0.0,-3889.9993896484375,782.6,0.0,1788.0600000000002,0
2023-06-06,428.0299987792969,0.0,117000.0,117771.29277771374,771.2927777137375,117772.29312438739,0,0.003958531526840003,0.0,115852.23103592274,-1147.7689640772587,73068.76230487412,100,-0.01537283775492726,-0.01914155458289457,109234.20142822266,-7765.798571777341,1798.6717346191444,251,-0.08779920954679987,-0.08779920954679987,1.0003466736459674,40300.0,SHORT_PUT,8118.393124387397,-7800.0,0.0,453.90000000000003,0.0,19.531146881068317,0.0,COVERED_CALL,1886.1623048741096,0.0,-3797.0001220703125,782.6,0.0,1788.0600000000002,0
2023-06-07,426.5499877929688,0.0,117000.0,117771.29312302382,771.2931230238173,117772.29312438739,0,0.003958534470485997,0.0,115713.53926309745,-1286.460736902547,73068.76230487412,100,-0.01655157799568585,-0.020315783127905274,108862.71867065431,-8137.281329345686,1798.6717346191444,251,-0.09090141435685883,-0.09090141435685883,1.0000013635662066,40300.0,SHORT_PUT,8118.393124387397,-7800.0,0.0,453.90000000000003,0.0,10.221821073560488,0.0,COVERED_CALL,1886.1623048741096,0.0,-3945.0012207031177,782.6,0.0,1788.0600000000002,0
2023-06-08,429.1300048828125,0.0,117000.0,117771.29312438739,771.29312438739,117772.29312438739,0,0.00395853448210981,0.0,115968.36554950922,-1031.6344504907756,73068.76230487412,100,-0.014385811475598032,-0.018158306203151287,109510.30296020508,-7489.697039794919,1798.6717346191444,251,-0.08549352110465747,-0.08549352110465747,1.0000000000000002,40300.0,SHORT_PUT,8118.393124387397,-7800.0,0.0,453.90000000000003,0.0,13.397243646149647,0.0,COVERED_CALL,1886.1623048741096,0.0,-3686.99951171875,782.6,0.0,1788.0600000000002,0
2023-06-09,429.8999938964844,0.0,117000.0,117772.29312438739,772.29312438739,117772.29312438739,0,0.003967059127699235,0.0,116046.91074334443,-953.0892566555704,73068.76230487412,100,-0.013718256516816352,-0.01749330634918822,109703.57020263672,-7296.429797363278,1798.6717346191444,251,-0.08387957117862899,-0.08387957117862899,0.0,0.0,CASH,8118.393124387397,-7800.0,0.0,453.90000000000003,0.0,11.850951178123491,0.0,COVERED_CALL,1886.1623048741096,0.0,-3610.0006103515625,782.6,0.0,1788.0600000000002,0
2023-06-12,433.7999877929688,0.0,117000.0,117772.29312438739,772.29312438739,117772.29312438739,0,0.003967059127699235,0.0,116432.00152040602,-567.9984795939818,73068.76230487412,100,-0.01044537315812355,-0.014232950138905354,110682.46867065431,-6317.531329345686,1798.6717346191444,251,-0.07570491576279903,-0.07570491576279903,0.0,0.0,CASH,8118.393124387397,-7800.0,0.0,453.90000000000003,0.0,16.75956376499512,0.0,COVERED_CALL,1886.1623048741096,0.0,-3220.0012207031177,782.6,0.0,1788.0600000000002,0
2023-06-13,436.6600036621094,0.0,117000.0,117738.59198706575,738.5919870657526,118075.12892894297,0,0.003679768876075018,-0.0002861550575911087,116698.42387984289,-301.57612015711493,73068.76230487412,100,-0.00818105170841743,-0.011977295509167929,111400.3326538086,-5599.667346191403,1798.6717346191444,251,-0.06971012581322888,-0.06971012581322888,336.5369418772224,42600.0,SHORT_PUT,8421.22892894298,-7800.0,0.0,453.90000000000003,0.0,36.33879124217137,0.0,COVERED_CALL,1886.1623048741096,0.0,-2933.9996337890625,782.6,0.0,1788.0600000000002,0
2023-06-14,437.1799926757813,0.0,117000.0,117779.99607242968,779.9960724296834,118075.12892894297,0,0.004032724029752854,0.0,116756.1356570969,-243.86434290310717,73068.76230487412,100,-0.007690559786443951,-0.011488680973103738,111530.84989624025,-5469.150103759748,1798.6717346191444,251,-0.06862019308009892,-0.06862019308009892,295.13285651329204,42600.0,SHORT_PUT,8421.22892894298,-7800.0,0.0,453.90000000000003,0.0,30.625915355376154,0.0,COVERED_CALL,1886.1623048741096,0.0,-2882.0007324218677,782.6,0.0,1788.0600000000002,0
2023-06-15,442.6000061035156,0.0,117000.0,117929.03868022104,929.0386802210414,118075.12892894297,0,0.005303259438883101,0.0,117279.55365900122,279.5536590012198,73068.76230487412,100,-0.003242034477309086,-0.007057182649243043,112891.27326660157,-4108.726733398435,1798.6717346191444,251,-0.05725947219260252,-0.05725947219260252,146.09024872192435,42600.0,SHORT_PUT,8421.22892894298,-7800.0,0.0,453.90000000000003,0.0,49.209256224471446,0.0,COVERED_CALL,1886.1623048741096,0.0,-2339.9993896484375,782.6,0.0,1788.0600000000002,0
2023-06-16,439.4599914550781,0.0,117000.0,117857.74454322828,857.7445432282839,118075.12892894297,0,0.004695502188422962,-0.0006045511588208541,117145.3524929563,145.3524929562991,73232.56230487413,100,-0.004382609087838829,-0.00819339164515942,112514.26758984376,-4485.732410156241,2209.8097346191444,251,-0.06040779819166964,-0.06040779819166964,217.3843857146866,42600.0,SHORT_PUT,8421.22892894298,-7800.0,0.0,453.90000000000003,0.0,33.20895742563847,0.0,COVERED_CALL,1886.1623048741096,0.0,-2654.0008544921875,946.4,0.0,2199.1980000000003,0
2023-06-20,437.1799926757813,0.0,117000.0,117852.76290335273,852.7629033527337,118075.12892894297,0,0.004653035474030176,-0.0006467938492668024,116939.78579151002,-60.21420848998241,73232.56230487413,100,-0.006129718798953188,-0.009933814193842094,111941.98789624026,-5058.012103759742,2209.8097346191444,251,-0.06518683243222712,-0.06518683243222712,222.36602559024007,42600.0,SHORT_PUT,8421.22892894298,-7800.0,0.0,453.90000000000003,0.0,10.775780942237233,0.0,COVERED_CALL,1886.1623048741096,0.0,-2882.0007324218677,946.4,0.0,2199.1980000000003,0
2023-06-21,434.9400024414063,0.0,117000.0,117819.83732199615,819.8373219961504,118075.12892894297,0,0.004372356562142743,-0.0009259921003935689,116721.44360470156,-278.55639529843756,73232.56230487413,100,-0.007985407255474475,-0.011782399896568152,111379.75034741213,-5620.249652587867,2209.8097346191444,251,-0.06988200601117711,-0.06988200601117711,255.2916069468163,42600.0,SHORT_PUT,8421.22892894298,-7800.0,0.0,453.90000000000003,0.0,5.118944313183981,0.0,COVERED_CALL,1886.1623048741096,0.0,-3105.9997558593677,946.4,0.0,2199.1980000000003,0
2023-06-22,436.510009765625,0.0,117000.0,117892.69370516016,892.6937051601562,118075.12892894297,0,0.004993431407535942,-0.00030819360072509294,116879.47578742442,-120.5242125755758,73232.56230487413,100,-0.006642293029477719,-0.010444426517157268,111773.82218579102,-5226.177814208975,2209.8097346191444,251,-0.0665911626877077,-0.0665911626877077,182.43522378281781,42600.0,SHORT_PUT,8421.22892894298,-7800.0,0.0,453.90000000000003,0.0,4.087494012198411,0.0,COVERED_CALL,1886.1623048741096,0.0,-2948.9990234375,946.4,0.0,2199.1980000000003,0
2023-06-23,433.2099914550781,0.0,117000.0,117828.14657988567,828.1465798856661,118075.12892894297,0,0.0044431900407611025,-0.0008555322884380434,116551.86329844616,-448.1367015538417,73232.56230487413,100,-0.009426668888745326,-0.013218145018433325,110945.51758984376,-6054.482410156241,2209.8097346191444,251,-0.07350822801413481,-0.07350822801413481,246.98234905730368,42600.0,SHORT_PUT,8421.22892894298,-7800.0,0.0,453.90000000000003,0.0,1.6981519357818213,0.0,COVERED_CALL,1886.1623048741096,0.0,-3279.0008544921875,946.4,0.0,2199.1980000000003,0
2023-06-26,431.4400024414063,0.0,117000.0,117788.33104203118,788.3310420311755,118075.12892894297,0,0.0041037766916032226,-0.0011931551360425674,116375.42083526198,-624.5791647380247,73232.56230487413,100,-0.01092625193752328,-0.014711988327249292,110501.25034741213,-6498.749652587867,2209.8097346191444,251,-0.07721824671175759,-0.07721824671175759,286.79788691179493,42600.0,SHORT_PUT,8421.22892894298,-7800.0,0.0,453.90000000000003,0.0,1.1417137527728236,0.0,COVERED_CALL,1886.1623048741096,0.0,-3455.9997558593677,946.4,0.0,2199.1980000000003,0
2023-06-27,436.1700134277344,0.0,117000.0,117904.94286836479,904.9428683647857,118075.12892894297,0,0.005097851182621405,-0.00020432466952946537,116847.71997606658,-152.2800239334174,73232.56230487413,100,-0.006912185409991167,-0.010713285869134448,111688.48310498048,-5311.516895019522,2209.8097346191444,251,-0.06730381839401689,-0.06730381839401689,170.18606057818516,42600.0,SHORT_PUT,8421.22892894298,-7800.0,0.0,453.90000000000003,0.0,1.8436715809746256,0.0,COVERED_CALL,1886.1623048741096,0.0,-2982.9986572265625,946.4,0.0,2199.1980000000003,0
2023-06-28,436.3900146484375,0.0,117000.0,117934.75728644563,934.7572864456306,118075.12892894297,0,0.00535200853021256,0.0,116870.2243598187,-129.77564018129488,73232.56230487413,100,-0.00672092083688991,-0.010522753372135596,111743.70341137696,-5256.296588623038,2209.8097346191444,251,-0.06684268070558841,-0.06684268070558841,140.37164249734312,42600.0,SHORT_PUT,8421.22892894298,-7800.0,0.0,453.90000000000003,0.0,1.3394098991721495,0.0,COVERED_CALL,1886.1623048741096,0.0,-2960.99853515625,946.4,0.0,2199.1980000000003,0
2023-06-29,438.1099853515625,0.0,117000.0,117982.17357437126,982.1735743712634,118075.12892894297,0,0.005756215579939994,0.0,117042.30969019959,42.30969019958866,73232.56230487413,100,-0.005258369024103593,-0.009065799560135757,112175.41605786134,-4824.583942138663,2209.8097346191444,251,-0.06323750382671078,-0.06323750382671078,92.9553545717124,42600.0,SHORT_PUT,8421.22892894298,-7800.0,0.0,453.90000000000003,0.0,1.2511498307802673,0.0,COVERED_CALL,1886.1623048741096,0.0,-2789.00146484375,946.4,0.0,2199.1980000000003,0
2023-06-30,443.2799987792969,0.0,117000.0,118041.38867670996,1041.3886767099611,118075.12892894297,0,0.006261003340912952,0.0,117558.50067862996,558.5006786299637,73232.56230487413,100,-0.0008712660432634856,-0.004695488467092224,113473.08942822267,-3526.9105717773346,2209.8097346191444,251,-0.0524008001321129,-0.0524008001321129,33.740252233002636,42600.0,SHORT_PUT,8421.22892894298,-7800.0,0.0,453.90000000000003,0.0,2.0615041738436304,0.0,COVERED_CALL,1886.1623048741096,0.0,-2272.0001220703125,946.4,0.0,2199.1980000000003,0
2023-07-03,443.7900085449219,1000.0,118000.0,119057.69982306626,1057.6998230662575,119075.12892894297,0,0.006400050082755904,0.0,118610.51147277268,610.5114727726759,74232.56230487413,100,-0.00042922673003731315,-0.004255141084641756,114601.08187939454,-3398.9181206054636,2322.2097175293006,253,-0.05133195160661019,-0.05133195160661019,17.42910587670947,42600.0,SHORT_PUT,8421.22892894298,-7800.0,0.0,453.90000000000003,0.0,1.0516865936321305,0.0,COVERED_CALL,1886.1623048741096,0.0,-2220.9991455078125,946.4,0.0,2199.1980000000003,2
2023-07-05,443.1300048828125,0.0,118000.0,119062.38619326796,1062.3861932679574,119075.12892894297,0,0.0064396641792210385,0.0,118544.56276164726,544.562761647263,74232.56230487413,100,-0.00098499875527569,-0.004808785860638598,114434.10095288086,-3565.8990471191355,2322.2097175293006,253,-0.052714220142620616,-0.052714220142620616,12.742735675012383,42600.0,SHORT_PUT,8421.22892894298,-7800.0,0.0,453.90000000000003,0.0,1.0000315081080962,0.0,COVERED_CALL,1886.1623048741096,0.0,-2286.99951171875,946.4,0.0,2199.1980000000003,0
2023-07-06,439.6600036621094,0.0,118000.0,119048.40080524581,1048.4008052458084,119075.12892894297,0,0.006321445070109899,-0.00011746268884138544,118197.56267108506,197.5626710850629,74232.56230487413,100,-0.003909285519924088,-0.007721879750296035,113556.19064404297,-4443.809355957026,2322.2097175293006,253,-0.05998156392063281,-0.05998156392063281,26.728123697156292,42600.0,SHORT_PUT,8421.22892894298,-7800.0,0.0,453.90000000000003,0.0,1.0000000000000986,0.0,COVERED_CALL,1886.1623048741096,0.0,-2633.9996337890625,946.4,0.0,2199.1980000000003,0
2023-07-07,438.5499877929688,0.0,118000.0,119037.26984385753,1037.2698438575317,119075.12892894297,0,0.006227354556726183,-0.00021095116781588708,118087.561084171,87.5610841710004,74232.56230487413,100,-0.004836305983180855,-0.008645351989662875,113275.35662915041,-4724.64337084959,2322.2097175293006,253,-0.06230630861292974,-0.06230630861292974,37.859085085441286,42600.0,SHORT_PUT,8421.22892894298,-7800.0,0.0,453.90000000000003,0.0,0.0,0.0,STOCK,1886.1623048741096,0.0,-2745.0012207031177,946.4,0.0,2199.1980000000003,0
2023-07-10,439.6600036621094,0.0,118000.0,119069.06014304527,1069.0601430452662,119075.12892894297,0,0.00649607937454344,0.0,118198.56267108506,198.5626710850629,74232.56230487413,100,-0.0039008581827442157,-0.007713484669231607,113556.19064404297,-4443.809355957026,2322.2097175293006,253,-0.05998156392063292,-0.05998156392063292,6.068785897702455,42600.0,SHORT_PUT,8421.22892894298,-7800.0,0.0,453.90000000000003,0.0,0.0,0.0,STOCK,1886.1623048741096,0.0,-2633.9996337890625,946.4,0.0,2199.1980000000003,0
2023-07-11,442.4599914550781,0.0,118000.0,119073.65263082496,1073.6526308249595,119075.12892894297,0,0.006534899878705369,0.0,118464.57528958903,464.57528958903276,74348.10583240674,100,-0.0016590801524839494,-0.005480287172711651,114264.58755566407,-3735.4124443359324,2322.2097175293006,253,-0.05411745247757749,-0.05411745247757749,1.4762981180099768,42600.0,SHORT_PUT,8421.22892894298,-7800.0,0.0,453.90000000000003,0.0,129.52968832552253,0.0,COVERED_CALL,2001.7058324067252,0.0,-2354.0008544921875,946.4,0.0,2199.1980000000003,0
2023-07-12,446.0199890136719,0.0,118000.0,119074.12746772435,1074.1274677243491,119075.12892894297,0,0.006538913696207738,0.0,118780.93023975076,780.9302397507563,74348.10583240674,100,0.0010069496810820588,-0.0028244617209490785,115165.26693798829,-2834.7330620117136,2322.2097175293006,253,-0.046661626251112365,-0.046661626251112365,1.0014612186133405,42600.0,SHORT_PUT,8421.22892894298,-7800.0,0.0,453.90000000000003,0.0,169.17449402317266,0.0,COVERED_CALL,2001.7058324067252,0.0,-1998.0010986328125,946.4,0.0,2199.1980000000003,0
2023-07-13,449.55999755859375,0.0,118000.0,119074.12892894297,1074.1289289429697,119075.12892894297,0,0.006538926047953808,0.0,119123.27106657438,1123.2710665743798,74348.10583240674,100,0.0038919712591951594,0.0,116060.88909985352,-1939.1109001464793,2322.2097175293006,253,-0.03924766370851851,-0.03924766370851851,1.0000000000005786,42600.0,SHORT_PUT,8421.22892894298,-7800.0,0.0,453.90000000000003,0.0,180.83452169173106,0.0,COVERED_CALL,2001.7058324067252,0.0,-1644.000244140625,946.4,0.0,2199.1980000000003,0
2023-07-14,449.2799987792969,0.0,118000.0,119075.12892894297,1075.1289289429697,119075.12892894297,0,0.006547379092583405,0.0,119106.78547501896,1106.785475018958,74348.10583240674,100,0.003753041620546238,-0.00013839102475798892,115990.04940869141,-2009.9505913085886,2322.2097175293006,253,-0.039834074852824086,-0.039834074852824086,0.0,0.0,CASH,8421.22892894298,-7800.0,0.0,453.90000000000003,0.0,169.3202353174732,0.0,COVERED_CALL,2001.7058324067252,0.0,-1672.0001220703125,946.4,0.0,2199.1980000000003,0
2023-07-17,450.8399963378906,0.0,118000.0,119075.12892894297,1075.1289289429697,119075.12892894297,0,0.006547379092583405,0.0,119268.79540260285,1268.7954026028456,74348.10583240674,100,0.0051183539067984896,0.0,116384.72879101563,-1615.2712089843699,2322.2097175293006,253,-0.03656691791826172,-0.03656691791826172,0.0,0.0,CASH,8421.22892894298,-7800.0,0.0,453.90000000000003,0.0,163.3100635929551,0.0,COVERED_CALL,2001.7058324067252,0.0,-1516.0003662109375,946.4,0.0,2199.1980000000003,0
2023-07-18,454.1900024414063,0.0,118000.0,119046.98755884197,1046.9875588419673,119325.14694490242,0,0.006309498835186167,-0.00023633289633284704,119534.13648357129,1534.1364835712884,74348.10583240674,100,0.007354472663817724,0.0,117232.2803352051,-767.7196647949022,2322.2097175293006,253,-0.02955088407152029,-0.02955088407152029,278.1593860604409,44300.0,SHORT_PUT,8671.246944902427,-7800.0,0.0,453.90000000000003,0.0,232.96959297609598,0.0,COVERED_CALL,2001.7058324067252,0.0,-1180.9997558593677,946.4,0.0,2199.1980000000003,0
2023-07-19,455.2000122070313,0.0,118000.0,119088.23399304111,1088.2339930411108,119325.14694490242,0,0.006658156784276725,0.0,119626.97118119246,1626.9711811924644,74348.10583240674,100,0.00813682196267207,0.0,117487.81280590822,-512.1871940917772,2322.2097175293006,253,-0.027435585626622738,-0.027435585626622738,236.91295186130938,44300.0,SHORT_PUT,8671.246944902427,-7800.0,0.0,453.90000000000003,0.0,241.13587191742013,0.0,COVERED_CALL,2001.7058324067252,0.0,-1079.9987792968677,946.4,0.0,2199.1980000000003,0
2023-07-20,452.1799926757813,0.0,118000.0,118998.31453038417,998.3145303841738,119325.14694490242,0,0.005898063553382515,-0.0007550658838569868,119391.50178195421,1391.5017819542118,74348.10583240674,100,0.006152441939725861,-0.0019683637971709134,116723.74786450197,-1276.2521354980272,2322.2097175293006,253,-0.0337605171623695,-0.0337605171623695,326.8324145182464,44300.0,SHORT_PUT,8671.246944902427,-7800.0,0.0,453.90000000000003,0.0,174.60331803066856,0.0,COVERED_CALL,2001.7058324067252,0.0,-1382.0007324218677,946.4,0.0,2199.1980000000003,0
2023-07-21,452.1799926757813,0.0,118000.0,118998.21814806647,998.2181480664731,119325.14694490242,0,0.0058972488293493885,-0.0007558752192085016,119394.90924507976,1394.9092450797616,74348.10583240674,100,0.006181157780413171,-0.0019398797262970557,116723.74786450197,-1276.2521354980272,2322.2097175293006,253,-0.0337605171623695,-0.0337605171623695,326.92879683593645,44300.0,SHORT_PUT,8671.246944902427,-7800.0,0.0,453.90000000000003,0.0,171.19585490512156,0.0,COVERED_CALL,2001.7058324067252,0.0,-1382.0007324218677,946.4,0.0,2199.1980000000003,0
2023-07-24,454.2000122070313,0.0,118000.0,119098.49590813617,1098.495908136174,119325.14694490242,0,0.006744901210558707,0.0,119600.16281519404,1600.1628151940386,74348.10583240674,100,0.007910898823159096,-0.00022409968031233962,117234.81280590822,-765.1871940917772,2322.2097175293006,253,-0.02952992027257406,-0.02952992027257406,226.65103676623892,44300.0,SHORT_PUT,8671.246944902427,-7800.0,0.0,453.90000000000003,0.0,167.94423791583966,0.0,COVERED_CALL,2001.7058324067252,0.0,-1179.9987792968677,946.4,0.0,2199.1980000000003,0
2023-07-25,455.4400024414063,0.0,118000.0,119125.10860142541,1125.1086014254106,119325.14694490242,0,0.006969859494642128,0.0,119698.29745269733,1698.2974526973267,74348.10583240674,100,0.008737912502433609,0.0,117548.5303352051,-451.4696647949022,2322.2097175293006,253,-0.026932965764081107,-0.026932965764081107,200.03834347700337,44300.0,SHORT_PUT,8671.246944902427,-7800.0,0.0,453.90000000000003,0.0,193.80862385005605,0.0,COVERED_CALL,2001.7058324067252,0.0,-1055.9997558593677,946.4,0.0,2199.1980000000003,0
2023-07-26,455.510009765625,0.0,118000.0,119137.98073742336,1137.9807374233642,119325.14694490242,0,0.00707866823470904,0.0,119718.60529949509,1718.6052994950878,74348.10583240674,100,0.008909053574797543,0.0,117566.24218823243,-433.757811767573,2322.2097175293006,253,-0.026786346999499555,-0.026786346999499555,187.16620747904577,44300.0,SHORT_PUT,8671.246944902427,-7800.0,0.0,453.90000000000003,0.0,180.50150947415588,0.0,COVERED_CALL,2001.7058324067252,0.0,-1048.9990234375,946.4,0.0,2199.1980000000003,0
2023-07-27,452.489990234375,0.0,118000.0,119101.90202817142,1101.9020281714184,119325.14694490242,0,0.00677369329522981,-0.0003028312971953273,119504.47847436552,1504.4784743655182,74348.10583240674,100,0.007104534620153702,-0.001788584360750911,116802.17724682618,-1197.822753173823,2322.2097175293006,253,-0.033111278535246313,-0.033111278535246313,223.24491673099328,44300.0,SHORT_PUT,8671.246944902427,-7800.0,0.0,453.90000000000003,0.0,92.6263814787174,0.0,COVERED_CALL,2001.7058324067252,0.0,-1351.0009765625,946.4,0.0,2199.1980000000003,0
2023-07-28,456.9200134277344,0.0,118000.0,119167.60798691087,1167.6079869108653,119325.14694490242,0,0.007329108696874309,0.0,119836.87846422858,1836.8784642285755,74348.10583240674,100,0.009905781413348747,0.0,117922.9731147461,-77.02688525390113,2322.2097175293006,253,-0.023833327479025668,-0.023833327479025668,157.5389579915568,44300.0,SHORT_PUT,8671.246944902427,-7800.0,0.0,453.90000000000003,0.0,203.22871095160764,0.0,COVERED_CALL,2001.7058324067252,0.0,-907.9986572265625,946.4,0.0,2199.1980000000003,0
2023-07-31,457.7900085449219,0.0,118000.0,119235.77492253795,1235.774922537952,119325.14694490242,0,0.007905326845982108,0.0,119979.40563487442,1979.4056348744198,74348.10583240674,100,0.011106905937688705,0.0,118143.08187939454,143.08187939453637,2322.2097175293006,253,-0.022011266563291332,-0.022011266563291332,89.37202236447,44300.0,SHORT_PUT,8671.246944902427,-7800.0,0.0,453.90000000000003,0.0,147.70105202451612,0.0,COVERED_CALL,2001.7058324067252,0.0,-820.9991455078125,946.4,0.0,2199.1980000000003,0
2023-08-01,456.4800109863281,1000.0,119000.0,120218.91631721043,1218.9163172104309,120325.14694490242,0,0.007762820302758433,-0.00014138881840186635,120885.5987698429,1885.5987698428944,75348.10583240674,100,0.010316363856271993,-0.0007818580575152945,118811.63249707031,-188.36750292968645,2409.2296955566444,255,-0.024755005396417062,-0.024755005396417062,106.23062769197809,44300.0,SHORT_PUT,8671.246944902427,-7800.0,0.0,453.90000000000003,0.0,110.50816119665873,0.0,COVERED_CALL,2001.7058324067252,0.0,-951.9989013671875,946.4,0.0,2199.1980000000003,2
2023-08-02,450.1300048828125,0.0,119000.0,120083.69702696818,1083.697026968177,120325.14694490242,0,0.0066293133849759656,-0.001266005275514459,120334.66530414877,1334.6653041487734,75348.10583240674,100,0.00571186918154587,-0.005335772829223817,117192.38094067383,-1807.6190593261708,2409.2296955566444,255,-0.0380463552599809,-0.0380463552599809,241.4499179342399,44300.0,SHORT_PUT,8671.246944902427,-7800.0,0.0,453.90000000000003,0.0,26.441016539220126,0.0,COVERED_CALL,2001.7058324067252,0.0,-1586.99951171875,946.4,0.0,2199.1980000000003,0
2023-08-03,448.8399963378906,0.0,119000.0,119984.51789764068,984.5178976406751,120325.14694490242,0,0.005797921436453191,-0.0020908763485987247,120202.97768981785,1202.9776898178534,75348.10583240674,100,0.004611273634767432,-0.00642427844649851,116863.42876171875,-2136.571238281249,2409.2296955566444,255,-0.04074650304220917,-0.04074650304220917,340.62904726174213,44300.0,SHORT_PUT,8671.246944902427,-7800.0,0.0,453.90000000000003,0.0,29.127776377950955,0.0,COVERED_CALL,2001.7058324067252,0.0,-1716.0003662109375,946.4,0.0,2199.1980000000003,0
2023-08-04,446.80999755859375,0.0,119000.0,119933.44291063918,933.4429106391763,120325.14694490242,0,0.00536977356651458,-0.002515666116580606,120016.81413232355,1016.8141323235468,75348.10583240674,100,0.003055388645950119,-0.007963072197861965,116345.77907299805,-2654.220927001952,2409.2296955566444,255,-0.044995542107432174,-0.044995542107432174,391.7040342632387,44300.0,SHORT_PUT,8671.246944902427,-7800.0,0.0,453.90000000000003,0.0,12.29145594257075,0.0,COVERED_CALL,2001.7058324067252,0.0,-1919.000244140625,946.4,0.0,2199.1980000000003,0
2023-08-07,450.7099914550781,0.0,119000.0,120089.19783402272,1089.1978340227215,120325.14694490242,0,0.0066754251700515965,-0.0012202551600547507,120407.90249218956,1407.9024921895616,75348.10583240674,100,0.006323958051298595,-0.0047304076930959615,117340.27751660156,-1659.7224833984365,2409.2296955566444,255,-0.036832371474377346,-0.036832371474377346,235.94911087969626,44300.0,SHORT_PUT,8671.246944902427,-7800.0,0.0,453.90000000000003,0.0,11.202485724991561,0.0,COVERED_CALL,2001.7058324067252,0.0,-1529.0008544921875,946.4,0.0,2199.1980000000003,0
2023-08-08,448.75,0.0,119000.0,120087.4726668204,1087.4726668203948,120325.14694490242,0,0.006660963557698185,-0.0012346033453141114,120221.23467400626,1221.234674006264,75348.10583240674,100,0.0047638586413185635,-0.006273369570636733,116840.47969555664,-2159.5203044433583,2409.2296955566444,255,-0.040934876532540354,-0.040934876532540354,237.67427808202325,44300.0,SHORT_PUT,8671.246944902427,-7800.0,0.0,453.90000000000003,0.0,1.8711584004796882,0.0,COVERED_CALL,2001.7058324067252,0.0,-1725.0,946.4,0.0,2199.1980000000003,0
2023-08-09,445.75,0.0,119000.0,119995.32328680341,995.3232868034102,120325.14694490242,0,0.0058885001056900865,-0.0020010081171047966,119922.0943117225,922.0943117224961,75348.10583240674,100,0.0022637560138698554,-0.008746008826453266,116075.47969555664,-2924.5203044433583,2409.2296955566444,255,-0.04721424838520927,-0.04721424838520927,329.8236580989979,44300.0,SHORT_PUT,8671.246944902427,-7800.0,0.0,453.90000000000003,0.0,1.011520684245305,0.0,COVERED_CALL,2001.7058324067252,0.0,-2025.0,946.4,0.0,2199.1980000000003,0
2023-08-10,445.9100036621094,0.0,119000.0,120027.49479638031,1027.4947963803133,120325.14694490242,0,0.006158185211976308,-0.001733438238165741,119938.10619399796,938.1061939979554,75348.10583240674,100,0.0023975773031190695,-0.008613657550378129,116116.28062939453,-2883.7193706054677,2409.2296955566444,255,-0.0468793408878182,-0.0468793408878182,297.65214852209624,44300.0,SHORT_PUT,8671.246944902427,-7800.0,0.0,453.90000000000003,0.0,1.000004619723986,0.0,COVERED_CALL,2001.7058324067252,0.0,-2008.9996337890625,946.4,0.0,2199.1980000000003,0
2023-08-11,445.6499938964844,0.0,119000.0,120046.24376607378,1046.2437660737778,120325.14694490242,0,0.006315352778902161,-0.001577503387203416,119913.10522205518,913.1052220551792,75348.10583240674,100,0.002188628583642549,-0.008820310989544167,116049.97813916016,-2950.0218608398427,2409.2296955566444,255,-0.04742357355571314,-0.04742357355571314,278.9031788286375,44300.0,SHORT_PUT,8671.246944902427,-7800.0,0.0,453.90000000000003,0.0,0.0,0.0,STOCK,2001.7058324067252,0.0,-2035.0006103515625,946.4,0.0,2199.1980000000003,0
2023-08-14,448.1099853515625,0.0,119000.0,120229.69363586114,1229.693635861142,120325.14694490242,0,0.00785316366444766,-5.17540488625956e-05,120159.10436756299,1159.1043675629917,75348.10583240674,100,0.0042445969101461145,-0.006786927264806453,116677.27596020508,-2322.724039794921,2409.2296955566444,255,-0.04227450652210529,-0.04227450652210529,95.45330904128029,44300.0,SHORT_PUT,8671.246944902427,-7800.0,0.0,453.90000000000003,0.0,0.0,0.0,STOCK,2001.7058324067252,0.0,-1789.00146484375,946.4,0.0,2199.1980000000003,0
2023-08-15,442.8900146484375,0.0,119000.0,120073.06931767828,1073.0693176782806,120325.14694490242,0,0.006540224158293029,-0.001354395746633097,119623.23073571695,623.2307357169484,75462.60816697536,100,-0.0002340333379774462,-0.011216360217764176,115346.1834309082,-3653.816569091796,2409.2296955566444,255,-0.05320055222375841,-0.05320055222375841,252.07762722412923,44300.0,SHORT_PUT,8671.246944902427,-7800.0,0.0,453.90000000000003,0.0,128.37889610215754,0.0,COVERED_CALL,2116.208166975344,0.0,-2310.99853515625,946.4,0.0,2199.1980000000003,0
2023-08-16,439.6400146484375,0.0,119000.0,119883.8065775868,883.8065775868017,120325.14694490242,0,0.00495368554543818,-0.0029284906249880116,119302.92210704177,302.9221070417698,75462.60816697536,100,-0.0029110523735619287,-0.013863972473069586,114517.4334309082,-4482.566569091796,2409.2296955566444,255,-0.06000320506414969,-0.06000320506414969,441.3403673156165,44300.0,SHORT_PUT,8671.246944902427,-7800.0,0.0,453.90000000000003,0.0,123.68752477734044,0.0,COVERED_CALL,2116.208166975344,0.0,-2635.99853515625,946.4,0.0,2199.1980000000003,0
2023-08-17,436.2900085449219,0.0,119000.0,119615.72106260009,615.7210626000888,120325.14694490242,0,0.0027063968246476833,-0.005158153134881549,119003.58680937483,3.58680937482859,75462.60816697536,100,-0.005412784197618925,-0.016338223028936283,113663.18187451172,-5336.81812548828,2409.2296955566444,255,-0.06701518307504473,-0.06701518307504473,709.4258823023313,44300.0,SHORT_PUT,8671.246944902427,-7800.0,0.0,453.90000000000003,0.0,88.02221209271917,0.0,COVERED_CALL,2116.208166975344,0.0,-2970.9991455078125,946.4,0.0,2199.1980000000003,0
2023-08-18,436.5,0.0,119000.0,119675.14694490242,675.1469449024153,76025.14694490242,100,0.0032045480023703554,-0.004663909117656684,119005.19292031323,5.192920313231298,75462.60816697536,100,-0.005399360926528263,-0.016324947211105445,113716.72969555664,-5283.270304443358,2409.2296955566444,255,-0.06657564493093848,-0.06657564493093848,0.0,0.0,STOCK,8671.246944902427,-7800.0,-650.0,453.90000000000003,0.0,107.41524666212476,0.0,COVERED_CALL,2116.208166975344,0.0,-2950.0,946.4,0.0,2199.1980000000003,0
2023-08-21,439.3399963378906,0.0,119000.0,119959.14657869148,959.1465786914778,76025.14694490242,100,0.00558524049802589,-0.0023018891617692105,119294.26302167833,294.2630216783291,75462.60816697536,100,-0.002983421751947213,-0.013935546881235772,114440.92876171875,-4559.071238281249,2409.2296955566444,255,-0.06063118057566086,-0.06063118057566086,0.0,0.0,STOCK,8671.246944902427,-7800.0,-366.0003662109375,453.90000000000003,0.0,102.34477908610162,0.0,COVERED_CALL,2116.208166975344,0.0,-2666.0003662109375,946.4,0.0,2199.1980000000003,0
2023-08-22,438.1499938964844,0.0,119000.0,119800.95506414193,800.9550641419337,76380.13901378727,100,0.00425916360651768,-0.0036175652041390283,119197.93284548348,197.93284548347583,75462.60816697536,100,-0.003788513130351334,-0.014731794413199273,114137.47813916016,-4862.521860839843,2409.2296955566444,255,-0.06312200318738548,-0.06312200318738548,394.183339293775,0.0,COVERED_CALL,9026.23901378727,-7800.0,-485.0006103515625,453.90000000000003,0.0,79.67471114032186,0.0,COVERED_CALL,2116.208166975344,0.0,-2785.0006103515625,946.4,0.0,2199.1980000000003,0
2023-08-23,443.0299987792969,0.0,119000.0,120146.6909378208,1146.690937820793,76380.13901378727,100,0.00715737438575248,-0.0007420860276333707,119643.1620145779,643.1620145779016,75462.60816697536,100,-6.74552063331113e-05,-0.011051611929857041,115381.87938427734,-3618.120615722655,2409.2296955566444,255,-0.052907548086712275,-0.052907548086712275,536.4479538961597,0.0,COVERED_CALL,9026.23901378727,-7800.0,2.9998779296875,453.90000000000003,0.0,122.4460303271511,0.0,COVERED_CALL,2116.208166975344,0.0,-2297.0001220703125,946.4,0.0,2199.1980000000003,0
2023-08-24,436.8900146484375,0.0,119000.0,119783.3290687961,783.329068796098,76380.13901378727,100,0.004111409631315732,-0.003764160297216157,119110.53477184092,110.53477184091753,75462.60816697536,100,-0.0045189533554002015,-0.015454210827091197,113816.1834309082,-5183.816569091796,2409.2296955566444,255,-0.06575929592909624,-0.06575929592909624,285.8114098349217,0.0,COVERED_CALL,9026.23901378727,-7800.0,-610.99853515625,453.90000000000003,0.0,41.07485997819545,0.0,COVERED_CALL,2116.208166975344,0.0,-2910.99853515625,946.4,0.0,2199.1980000000003,0
2023-08-25,439.9700012207031,0.0,119000.0,119964.90164425269,964.9016442526918,76380.13901378727,100,0.005633483663733063,-0.0022540243827843254,119383.27472753794,383.274727537937,75462.60816697536,100,-0.0022394953957902697,-0.013199792480006578,114601.58000683594,-4398.419993164061,2409.2296955566444,255,-0.05931250226626861,-0.05931250226626861,412.23749160489245,0.0,COVERED_CALL,9026.23901378727,-7800.0,-302.9998779296875,453.90000000000003,0.0,76.33356150773899,0.0,COVERED_CALL,2116.208166975344,0.0,-2602.9998779296875,946.4,0.0,2199.1980000000003,0
2023-08-28,442.760009765625,0.0,119000.0,120262.25823942389,1262.2582394238852,76380.13901378727,100,0.008126143971821653,0.0,119683.8980937763,683.8980937762972,75462.60816697536,100,0.00027300162088428337,-0.01071489498606204,115313.03218579102,-3686.9678142089833,2409.2296955566444,255,-0.05347266855770583,-0.05347266855770583,393.88175092588756,0.0,COVERED_CALL,9026.23901378727,-7800.0,-23.9990234375,453.90000000000003,0.0,54.71104976156187,0.0,COVERED_CALL,2116.208166975344,0.0,-2323.9990234375,946.4,0.0,2199.1980000000003,0
2023-08-29,449.1600036621094,0.0,119000.0,120685.74232825263,1685.7423282526288,76380.13901378727,100,0.011676097113848982,0.0,120273.36501927699,1273.3650192769855,75462.60816697536,100,0.005199544458458272,-0.005842469717632914,116945.03062939453,-2054.9693706054677,2409.2296955566444,255,-0.040076688047427034,-0.040076688047427034,610.3970517455709,0.0,COVERED_CALL,9026.23901378727,-7800.0,616.0003662109375,453.90000000000003,0.0,105.24351390930953,0.0,COVERED_CALL,2116.208166975344,0.0,-1683.9996337890625,946.4,0.0,2199.1980000000003,0
2023-08-30,451.010009765625,0.0,119000.0,120824.52656252046,1824.526562520463,76380.13901378727,100,0.012839487997944765,0.0,120455.27030458623,1455.270304586229,75462.60816697536,100,0.006719840410085887,-0.004338874061525999,117416.78218579102,-1583.2178142089833,2409.2296955566444,255,-0.03620439596286662,-0.03620439596286662,656.6134278292981,0.0,COVERED_CALL,9026.23901378727,-7800.0,801.0009765625,453.90000000000003,0.0,108.33883895162984,0.0,COVERED_CALL,2116.208166975344,0.0,-1498.9990234375,946.4,0.0,2199.1980000000003,0
2023-08-31,450.3500061035156,0.0,119000.0,120834.31653654658,1834.316536546583,76380.13901378727,100,0.012921554715375816,0.0,120420.39505388826,1420.3950538882636,75462.60816697536,100,0.006428366182946288,-0.00462714647409479,117248.48125195313,-1751.518748046874,2409.2296955566444,255,-0.03758586543570264,-0.03758586543570264,580.8230875922437,0.0,COVERED_CALL,9026.23901378727,-7800.0,735.0006103515625,453.90000000000003,0.0,77.21372343865589,0.0,COVERED_CALL,2116.208166975344,0.0,-1564.9993896484375,946.4,0.0,2199.1980000000003,0
2023-09-01,451.1900024414063,1000.0,120000.0,121905.31388225498,1905.3138822549809,77380.13901378727,100,0.013516706356539565,0.0,121508.82973349762,1508.8297334976232,76462.60816697536,100,0.00716746997075024,-0.0038961616657984255,118462.66031811525,-1537.339681884754,2506.829690673832,257,-0.03582781314878847,-0.03582781314878847,593.8253756729158,0.0,COVERED_CALL,9026.23901378727,-7800.0,819.0002441406323,453.90000000000003,0.0,72.77867761838496,0.0,COVERED_CALL,2116.208166975344,0.0,-1480.9997558593677,946.4,0.0,2199.1980000000003,2
2023-09-05,449.239990234375,0.0,120000.0,121860.20125100607,1860.201251006074,77380.13901378727,100,0.013141641447698804,-0.0003700628775908932,121360.0172655616,1360.0172655616043,76462.60816697536,100,0.005933986962478821,-0.00511609498939436,117961.5071809082,-2038.4928190918,2506.829690673832,257,-0.03990671796952017,-0.03990671796952017,443.9367862186984,0.0,COVERED_CALL,9026.23901378727,-7800.0,623.9990234375,453.90000000000003,0.0,26.5899248512557,0.0,COVERED_CALL,2116.208166975344,0.0,-1676.0009765625,946.4,0.0,2199.1980000000003,0
2023-09-06,446.2200012207031,0.0,120000.0,121691.09990605536,1691.0999060553586,77380.13901378727,100,0.011735738516014838,-0.0017572160669429016,121073.99277143636,1073.9927714363585,76462.60816697536,100,0.0035631751726721284,-0.007460863654195515,117185.37000439453,-2814.629995605472,2506.829690673832,257,-0.0462237285513033,-0.0462237285513033,311.03922980222467,0.0,COVERED_CALL,9026.23901378727,-7800.0,322.0001220703125,453.90000000000003,0.0,10.615517609313606,0.0,COVERED_CALL,2116.208166975344,0.0,-1977.9998779296875,946.4,0.0,2199.1980000000003,0
2023-09-07,444.8500061035156,0.0,120000.0,121602.14258410693,1602.1425841069286,77380.13901378727,100,0.010996150313694608,-0.002486940794400927,120941.21308961426,941.2130896142626,76462.60816697536,100,0.002462585392508876,-0.008549363568200685,116833.28125927734,-3166.7187407226593,2506.829690673832,257,-0.04908939250341893,-0.04908939250341893,262.9970400318996,0.0,COVERED_CALL,9026.23901378727,-7800.0,185.0006103515625,453.90000000000003,0.0,6.395687712664276,0.0,COVERED_CALL,2116.208166975344,0.0,-2114.9993896484375,946.4,0.0,2199.1980000000003,0
2023-09-08,445.5199890136719,0.0,120000.0,121665.89623258378,1665.8962325837783,77380.13901378727,100,0.011526196016910406,-0.001963964014746966,121009.63700821363,1009.6370082136273,76462.60816697536,100,0.00302974043080817,-0.007988438669984,117005.4668671875,-2994.533132812503,2506.829690673832,257,-0.04768796716249524,-0.04768796716249524,266.2416825706768,0.0,COVERED_CALL,9026.23901378727,-7800.0,251.9989013671875,453.90000000000003,0.0,4.970060128926622,0.0,COVERED_CALL,2116.208166975344,0.0,-2048.0010986328125,946.4,0.0,2199.1980000000003,0
2023-09-11,448.4500122070313,0.0,120000.0,121926.21362559337,1926.2136255933729,77380.13901378727,100,0.01369046612432534,0.0,121305.75103015213,1305.7510301521252,76462.60816697536,100,0.005484182720745245,-0.005560958177542097,117758.48282788087,-2241.517172119129,2506.829690673832,257,-0.04155914105301972,-0.04155914105301972,298.9266088970217,0.0,COVERED_CALL,9026.23901378727,-7800.0,545.0012207031323,453.90000000000003,0.0,1.8583575263813261,0.0,COVERED_CALL,2116.208166975344,0.0,-1754.9987792968677,946.4,0.0,2199.1980000000003,0
2023-09-12,445.989990234375,0.0,120000.0,121787.82917897975,1787.8291789797513,77380.13901378727,100,0.012539942459062647,-0.0011349851889813634,121060.57355920412,1060.5735592041165,76462.60816697536,100,0.003451945445066329,-0.007570871534620993,117126.2571809082,-2873.7428190918,2506.829690673832,257,-0.04670485011432335,-0.04670485011432335,191.30885824501448,0.0,COVERED_CALL,9026.23901378727,-7800.0,298.9990234375,453.90000000000003,0.0,1.0336312087385617,0.0,COVERED_CALL,2116.208166975344,0.0,-2001.0009765625,946.4,0.0,2199.1980000000003,0
2023-09-13,446.510009765625,0.0,120000.0,121832.33854129296,1832.3385412929638,77380.13901378727,100,0.012909991810129418,-0.0007699335648089223,121112.60637145053,1112.606371450529,76462.60816697536,100,0.0038832371954733436,-0.0071443174799762366,117259.90220043945,-2740.09779956055,2506.829690673832,257,-0.045617108116995375,-0.045617108116995375,198.80144905679856,0.0,COVERED_CALL,9026.23901378727,-7800.0,351.0009765625,453.90000000000003,0.0,1.0027720873368187,0.0,COVERED_CALL,2116.208166975344,0.0,-1948.9990234375,946.4,0.0,2199.1980000000003,0
2023-09-14,450.3599853515625,0.0,120000.0,122112.09319683391,2112.0931968339137,77380.13901378727,100,0.015235862668766753,0.0,121497.60666024471,1497.60666024471,76462.60816697536,100,0.00707444369176935,-0.003988166060620135,118249.34592602539,-1750.6540739746124,2506.829690673832,257,-0.03756398725931265,-0.03756398725931265,304.04435210960753,0.0,COVERED_CALL,9026.23901378727,-7800.0,735.99853515625,453.90000000000003,0.0,1.0000418869067986,0.0,COVERED_CALL,2116.208166975344,0.0,-1564.00146484375,946.4,0.0,2199.1980000000003,0
2023-09-15,443.3699951171875,0.0,120000.0,121814.61176524726,1814.6117652472603,77538.43901378727,100,0.012762611986395722,-0.0024361340781141605,120957.90767869412,957.907678694115,76620.90816697537,100,0.0026009642007209788,-0.008412504837042367,116859.74943579102,-3140.250564208982,2913.660690673832,257,-0.048873966988217665,-0.048873966988217665,60.82676025875209,0.0,COVERED_CALL,9026.23901378727,-7800.0,36.99951171875,612.2,0.0,0.0,0.0,STOCK,2116.208166975344,0.0,-2263.00048828125,1104.7,0.0,2606.0290000000005,0
2023-09-18,443.6300048828125,0.0,120000.0,121869.60566451738,1869.6056645173812,77538.43901378727,100,0.013219829427399077,-0.001985778197460486,120983.90865525662,983.908655256615,76620.90816697537,100,0.002816482182736335,-0.00819935429801455,116926.57194555664,-3073.428054443357,2913.660690673832,257,-0.04833009598955362,-0.04833009598955362,31.833837551132017,0.0,COVERED_CALL,9026.23901378727,-7800.0,63.00048828125,612.2,0.0,0.0,0.0,STOCK,2116.208166975344,0.0,-2236.99951171875,1104.7,0.0,2606.0290000000005,0
2023-09-19,442.7099914550781,0.0,120000.0,121796.04065624811,1796.0406562481076,77538.43901378727,100,0.01260821240669907,-0.002588216550152511,120880.39688522379,880.3968852237886,76712.93222593951,100,0.001958489493934845,-0.009047922024891797,116690.12849462891,-3309.871505371091,2913.660690673832,257,-0.05025451840700945,-0.05025451840700945,13.39750304697722,0.0,COVERED_CALL,9026.23901378727,-7800.0,-29.0008544921875,612.2,0.0,103.53448622353241,0.0,COVERED_CALL,2208.2322259394923,0.0,-2329.0008544921875,1104.7,0.0,2606.0290000000005,0
2023-09-20,438.6400146484375,0.0,120000.0,121401.15603324128,1401.1560332412773,77538.43901378727,100,0.009325154845424288,-0.005822004561388261,120516.08526379337,516.0852637933713,76712.93222593951,100,-0.0010612319110180346,-0.012034472099092364,115644.14445532227,-4355.855544677732,2913.660690673832,257,-0.05876782307095618,-0.05876782307095618,1.2844453897477006,0.0,COVERED_CALL,9026.23901378727,-7800.0,-435.99853515625,612.2,0.0,60.84842698989546,0.0,COVERED_CALL,2208.2322259394923,0.0,-2735.99853515625,1104.7,0.0,2606.0290000000005,0
2023-09-21,431.3900146484375,0.0,120000.0,120676.44047851795,676.4404785179504,77538.43901378727,100,0.0032998939386028603,-0.011756843083525093,119821.84651231846,-178.15348768154217,76712.93222593951,100,-0.006815667110601553,-0.017725695416617726,113780.89445532227,-6219.105544677732,2913.660690673832,257,-0.0739328870862862,-0.0739328870862862,1.0000001130673655,0.0,COVERED_CALL,9026.23901378727,-7800.0,-1160.99853515625,612.2,0.0,30.087178464810517,0.0,COVERED_CALL,2208.2322259394923,0.0,-3460.99853515625,1104.7,0.0,2606.0290000000005,0
2023-09-22,430.4200134277344,0.0,120000.0,120580.4403565607,580.4403565607063,77538.43901378727,100,0.002501752132332502,-0.012543007004263917,119703.34214791475,-296.65785208524903,76712.93222593951,100,-0.0077979310426856685,-0.01869716927988163,113531.60414160157,-6468.395858398435,2913.660690673832,257,-0.07596187061827397,-0.07596187061827397,0.0,0.0,STOCK,9026.23901378727,-7800.0,-1257.9986572265625,612.2,0.0,51.59142079819452,0.0,COVERED_CALL,2208.2322259394923,0.0,-3557.9986572265625,1104.7,0.0,2606.0290000000005,0
2023-09-25,432.2300109863281,0.0,120000.0,120761.44011242008,761.4401124200813,77538.43901378727,100,0.004006578054745802,-0.011060764327712302,119892.08079667718,-107.91920332281734,76712.93222593951,100,-0.006233506236877906,-0.01714992952054395,113996.77351416016,-6003.226485839841,2913.660690673832,257,-0.07217583905363056,-0.07217583905363056,0.0,0.0,STOCK,9026.23901378727,-7800.0,-1076.9989013671875,612.2,0.0,43.852527895134905,0.0,COVERED_CALL,2208.2322259394923,0.0,-3376.9989013671875,1104.7,0.0,2606.0290000000005,0
2023-09-26,425.8800048828125,0.0,120000.0,120101.92522478335,101.92522478335013,77753.99964799639,100,-0.0014766066844879022,-0.016461661735749145,119285.81972962801,-714.1802703719877,76712.93222593951,100,-0.01125870832614917,-0.02211993027888215,112364.82194555664,-7635.178054443357,2913.660690673832,257,-0.08545835616501696,-0.08545835616501696,240.07491149428475,0.0,COVERED_CALL,9241.799647996384,-7800.0,-1711.99951171875,612.2,0.0,15.112984592745725,0.0,COVERED_CALL,2208.2322259394923,0.0,-4011.99951171875,1104.7,0.0,2606.0290000000005,0
2023-09-27,426.0499877929688,0.0,120000.0,120050.1054742437,50.105474243697245,77753.99964799639,100,-0.001907434359004978,-0.01688602388681082,119291.10480615585,-708.895193844146,76712.93222593951,100,-0.011214901162778235,-0.02207660433271985,112408.50755346681,-7591.492446533186,2913.660690673832,257,-0.08510279730790915,-0.08510279730790915,308.89295304955897,0.0,COVERED_CALL,9241.799647996384,-7800.0,-1695.0012207031177,612.2,0.0,26.826199080553366,0.0,COVERED_CALL,2208.2322259394923,0.0,-3995.0012207031177,1104.7,0.0,2606.0290000000005,0
2023-09-28,428.5199890136719,0.0,120000.0,120276.99093252869,276.99093252868624,77753.99964799639,100,-2.1116239818597116e-05,-0.015028014148829483,119538.89045827842,-461.1095417215838,76712.93222593951,100,-0.009161045085893105,-0.020045309654754595,113043.2978671875,-6956.702132812497,2913.660690673832,257,-0.07993621432447384,-0.07993621432447384,329.0076168348966,0.0,COVERED_CALL,9241.799647996384,-7800.0,-1448.0010986328125,612.2,0.0,26.040669028276813,0.0,COVERED_CALL,2208.2322259394923,0.0,-3748.0010986328125,1104.7,0.0,2606.0290000000005,0
2023-09-29,427.4800109863281,0.0,120000.0,120243.96499328608,243.96499328607752,77753.99964799639,100,-0.00029569279517549507,-0.015298470074839754,119446.32699541874,-553.6730045812583,76712.93222593951,100,-0.00992828898828757,-0.02080412546136101,112776.02351416016,-7223.976485839841,2913.660690673832,257,-0.0821115706498814,-0.0821115706498814,258.0357533431207,0.0,COVERED_CALL,9241.799647996384,-7800.0,-1551.9989013671875,612.2,0.0,14.606329153575736,0.0,COVERED_CALL,2208.2322259394923,0.0,-3851.9989013671875,1104.7,0.0,2606.0290000000005,0
2023-10-02,427.30999755859375,1000.0,121000.0,121259.69608484076,259.6960848407616,78753.99964799639,100,-0.00016490502561772313,-0.015169645065433612,120434.67408825217,-565.3259117478301,77712.93222593951,100,-0.010024878092589784,-0.0208996535442324,113732.30006323243,-7267.699936767574,2631.7006979980506,260,-0.08246743751277696,-0.08246743751277696,225.30331901499875,0.0,COVERED_CALL,9241.799647996384,-7800.0,-1569.000244140625,612.2,0.0,9.257893546715689,0.0,COVERED_CALL,2208.2322259394923,0.0,-3869.000244140625,1104.7,0.0,2606.0290000000005,3
2023-10-03,421.5899963378906,0.0,121000.0,120792.0106171517,-207.98938284830365,78753.99964799639,100,-0.004021160311610483,-0.01896802870000669,119868.60016922826,-1131.399830771741,77712.93222593951,100,-0.01467801558174553,-0.025501676794029593,112245.09974584961,-8754.900254150387,2631.7006979980506,260,-0.09446538987443154,-0.09446538987443154,120.98866463375664,0.0,COVERED_CALL,9241.799647996384,-7800.0,-2141.0003662109375,612.2,0.0,3.3316905003141875,0.0,COVERED_CALL,2208.2322259394923,0.0,-4441.0003662109375,1104.7,0.0,2606.0290000000005,0
2023-10-04,424.6600036621094,0.0,121000.0,121002.4838035895,2.4838035894936183,78753.99964799639,100,-0.002285724011288792,-0.017258636465024235,120169.6251950016,-830.3748049983988,77712.93222593951,100,-0.012203584618709296,-0.02305442720201789,113043.30165014649,-7956.698349853512,2631.7006979980506,260,-0.08802591543995231,-0.08802591543995231,217.51621061783516,0.0,COVERED_CALL,9241.799647996384,-7800.0,-1833.9996337890625,612.2,0.0,9.307397148843698,0.0,COVERED_CALL,2208.2322259394923,0.0,-4133.9996337890625,1104.7,0.0,2606.0290000000005,0
2023-10-05,424.5,0.0,121000.0,121035.56340760754,35.56340760753665,78753.99964799639,100,-0.002012969336050663,-0.016989975077786545,120158.14257719759,-841.8574228024081,77712.93222593951,100,-0.012297971937364816,-0.023147777685632698,113001.70069799805,-7998.299302001949,2631.7006979980506,260,-0.08836153010883208,-0.08836153010883208,168.43624038885233,0.0,COVERED_CALL,9241.799647996384,-7800.0,-1850.0,612.2,0.0,4.789648741924401,0.0,COVERED_CALL,2208.2322259394923,0.0,-4150.0,1104.7,0.0,2606.0290000000005,0
2023-10-06,429.5400085449219,0.0,121000.0,121454.10352379581,454.1035237958131,78753.99964799639,100,0.0014380627078274255,-0.013590733413089695,120658.76191787716,-341.2380821228435,77712.93222593951,100,-0.008182872224010818,-0.019077881921704787,114312.10291967774,-6687.897080322262,2631.7006979980506,260,-0.0777898920809521,-0.0777898920809521,253.8969786927646,0.0,COVERED_CALL,9241.799647996384,-7800.0,-1345.9991455078125,612.2,0.0,8.171162554541954,0.0,COVERED_CALL,2208.2322259394923,0.0,-3645.9991455078125,1104.7,0.0,2606.0290000000005,0
2023-10-09,432.2900085449219,0.0,121000.0,121740.55694631409,740.5569463140855,78753.99964799639,100,0.0037999866954061545,-0.0112642553261455,120937.89034625483,-62.109653745166725,77712.93222593951,100,-0.0058884316735383635,-0.016808645565985714,115027.10291967774,-5972.897080322262,2631.7006979980506,260,-0.07202164698423252,-0.07202164698423252,242.44355617448917,0.0,COVERED_CALL,9241.799647996384,-7800.0,-1070.9991455078125,612.2,0.0,4.042734176866979,0.0,COVERED_CALL,2208.2322259394923,0.0,-3370.9991455078125,1104.7,0.0,2606.0290000000005,0
2023-10-10,434.5400085449219,0.0,121000.0,121913.00096396415,913.0009639641503,78753.99964799639,100,0.005221857162938104,-0.009863723174144634,121162.03290235525,162.03290235524764,77712.93222593951,100,-0.004045975952376768,-0.014986429032460058,115612.10291967774,-5387.897080322262,2631.7006979980506,260,-0.06730217372328029,-0.06730217372328029,294.9995385244281,0.0,COVERED_CALL,9241.799647996384,-7800.0,-845.9991455078125,612.2,0.0,4.900178076457683,0.0,COVERED_CALL,2208.2322259394923,0.0,-3145.9991455078125,1104.7,0.0,2606.0290000000005,0
2023-10-11,436.3200073242188,0.0,121000.0,122076.99688417742,1076.9968841774244,78753.99964799639,100,0.006574069660214343,-0.008531803620276945,121341.09094788988,341.09094788988295,77712.93222593951,100,-0.0025741156945348065,-0.013530737008996985,116074.90260229494,-4925.09739770506,2631.7006979980506,260,-0.0635685485484272,-0.0635685485484272,309.0034962408383,0.0,COVERED_CALL,9241.799647996384,-7800.0,-667.9992675781177,612.2,0.0,3.8420104715204175,0.0,COVERED_CALL,2208.2322259394923,0.0,-2967.9992675781177,1104.7,0.0,2606.0290000000005,0
2023-10-12,433.6600036621094,0.0,121000.0,121930.36586458203,930.3658645820251,78753.99964799639,100,0.005365037771327019,-0.00972269130790171,121077.5315327568,77.53153275679506,77712.93222593951,100,-0.004740578684545804,-0.015673401624665684,115383.30165014649,-5616.698349853512,2631.7006979980506,260,-0.06914802239614304,-0.06914802239614304,189.6341496252976,0.0,COVERED_CALL,9241.799647996384,-7800.0,-933.9996337890625,612.2,0.0,1.401059393653036,0.0,COVERED_CALL,2208.2322259394923,0.0,-3233.9996337890625,1104.7,0.0,2606.0290000000005,0
2023-10-13,431.5,0.0,121000.0,121759.85871295845,759.8587129584485,78753.99964799639,100,0.00395913754526922,-0.011107492887272752,120861.80791482121,-138.19208517878724,77712.93222593951,100,-0.006513830587129843,-0.017427174536482126,114821.70069799805,-6178.299302001949,2631.7006979980506,260,-0.07367872440809153,-0.07367872440809153,144.1409350379471,0.0,COVERED_CALL,9241.799647996384,-7800.0,-1150.0,612.2,0.0,1.1243111183033163,0.0,COVERED_CALL,2208.2322259394923,0.0,-3450.0,1104.7,0.0,2606.0290000000005,0
2023-10-16,436.0400085449219,0.0,121000.0,122093.57368287662,1093.573682876624,78753.99964799639,100,0.006710752050463675,-0.008397172452018209,121315.80677235751,315.8067723575077,77712.93222593951,100,-0.0027819520584764224,-0.01373629031173984,116002.10291967774,-4997.897080322262,2631.7006979980506,260,-0.0641558582159788,-0.0641558582159788,264.42681961194927,0.0,COVERED_CALL,9241.799647996384,-7800.0,-695.9991455078125,612.2,0.0,1.1263080741853828,0.0,COVERED_CALL,2208.2322259394923,0.0,-2995.9991455078125,1104.7,0.0,2606.0290000000005,0
2023-10-17,436.0199890136719,0.0,121000.0,122168.24594207072,1168.2459420707164,78753.99964799639,100,0.007326454940820959,-0.00779070954719252,121313.92954542108,313.92954542108055,77712.93222593951,100,-0.0027973828966407766,-0.013751551643725324,115996.89784155274,-5003.102158447262,2631.7006979980506,260,-0.06419785005705925,-0.06419785005705925,187.75260729285904,0.0,COVERED_CALL,9241.799647996384,-7800.0,-698.0010986328125,612.2,0.0,1.0015818856251448,0.0,COVERED_CALL,2208.2322259394923,0.0,-2998.0010986328125,1104.7,0.0,2606.0290000000005,0
2023-10-18,430.2099914550781,0.0,121000.0,121701.2794225999,701.279422599895,78753.99964799639,100,0.0034761276728201285,-0.011583254126813047,120732.93137137144,-267.0686286285636,77712.93222593951,100,-0.00757319802245171,-0.01847490492888748,114486.29847631836,-6513.701523681637,2631.7006979980506,260,-0.07638457366771756,-0.07638457366771756,73.71937090430632,0.0,COVERED_CALL,9241.799647996384,-7800.0,-1279.0008544921875,612.2,0.0,1.0000000758930132,0.0,COVERED_CALL,2208.2322259394923,0.0,-3579.0008544921875,1104.7,0.0,2606.0290000000005,0
2023-10-19,426.4299926757813,0.0,121000.0,121357.69655958847,357.6965595884685,78753.99964799639,100,0.0006431484096176554,-0.014373718261674662,120354.93149351765,-645.0685064823483,77712.93222593951,100,-0.010680363612363686,-0.021547938622619833,113503.49879370119,-7496.50120629881,2631.7006979980506,260,-0.08431328618563916,-0.08431328618563916,39.30235598604057,0.0,COVERED_CALL,9241.799647996384,-7800.0,-1657.0007324218677,612.2,0.0,1.0,0.0,COVERED_CALL,2208.2322259394923,0.0,-3957.0007324218677,1104.7,0.0,2606.0290000000005,0
2023-10-20,421.1900024414063,0.0,121000.0,120855.70862855738,-144.29137144262495,78753.99964799639,100,-0.003495944519885441,-0.018450694934487033,119831.93247008015,-1168.0675299198483,77712.93222593951,100,-0.014979424708386535,-0.02579977497224495,112141.10133276369,-8858.89866723631,2631.7006979980506,260,-0.0953043945406542,-0.0953043945406542,17.291263579636173,0.0,COVERED_CALL,9241.799647996384,-7800.0,-2180.9997558593677,612.2,0.0,0.0,0.0,STOCK,2208.2322259394923,0.0,-4480.999755859368,1104.7,0.0,2606.0290000000005,0
2023-10-23,420.4599914550781,0.0,121000.0,120796.96039895309,-203.03960104691214,78753.99964799639,100,-0.003980347364544334,-0.018927828241603994,119758.93137144732,-1241.0686285526754,77712.93222593951,100,-0.015579495012603473,-0.02639325356555,111951.29847631836,-9048.701523681637,2631.7006979980506,260,-0.09683562446517746,-0.09683562446517746,3.038394551108036,0.0,COVERED_CALL,9241.799647996384,-7800.0,-2254.0008544921875,612.2,0.0,0.0,0.0,STOCK,2208.2322259394923,0.0,-4554.0008544921875,1104.7,0.0,2606.0290000000005,0
2023-10-24,423.6300048828125,0.0,121000.0,121115.02732195686,115.02732195686258,78753.99964799639,100,-0.0013577573165931556,-0.016344595965847808,120067.94640186291,-932.0535981370922,77771.47719333903,100,-0.013039386072027814,-0.023881047461864147,112775.5019675293,-8224.4980324707,2631.7006979980506,260,-0.09018638286115432,-0.09018638286115432,1.9728143207729858,0.0,COVERED_CALL,9241.799647996384,-7800.0,-1936.99951171875,612.2,0.0,66.53127975736902,0.0,COVERED_CALL,2266.777193339017,0.0,-4236.99951171875,1104.7,0.0,2606.0290000000005,0
2023-10-25,417.5499877929688,0.0,121000.0,120507.99806193644,-492.001938063564,78753.99964799639,100,-0.006362958363939519,-0.021274682885934593,119504.93136583056,-1495.0686341694382,77771.47719333903,100,-0.017667379489632706,-0.028458202845164537,111194.69752416994,-9805.30247583006,2631.7006979980506,260,-0.10293948423077659,-0.10293948423077659,1.0003653568324173,0.0,COVERED_CALL,9241.799647996384,-7800.0,-2545.0012207031177,612.2,0.0,21.5446068053412,0.0,COVERED_CALL,2266.777193339017,0.0,-4845.001220703118,1104.7,0.0,2606.0290000000005,0
2023-10-26,412.5499877929688,0.0,121000.0,120007.99842729323,-992.0015727067657,78753.99964799639,100,-0.010485656987898384,-0.02533551128606759,119010.26323397724,-1989.736766022761,77771.47719333903,100,-0.02173356016262029,-0.032479716939380565,109894.69752416994,-11105.30247583006,2631.7006979980506,260,-0.1134272025884483,-0.1134272025884483,1.0000000000244083,0.0,COVERED_CALL,9241.799647996384,-7800.0,-3045.0012207031177,612.2,0.0,16.212738658665792,0.0,COVERED_CALL,2266.777193339017,0.0,-5345.001220703118,1104.7,0.0,2606.0290000000005,0
2023-10-27,410.6799926757813,0.0,121000.0,119821.99891557451,-1178.0010844254866,78753.99964799639,100,-0.012019297970590315,-0.026846136589098624,118825.80620105397,-2174.1937989460275,77771.47719333903,100,-0.023249800190978553,-0.03397930122612036,109408.49879370119,-11591.50120629881,2631.7006979980506,260,-0.11734959901230502,-0.11734959901230502,0.0,0.0,STOCK,9241.799647996384,-7800.0,-3232.0007324218677,612.2,0.0,13.670259863188083,0.0,COVERED_CALL,2266.777193339017,0.0,-5532.000732421868,1104.7,0.0,2606.0290000000005,0
2023-10-30,415.5899963378906,0.0,121000.0,120312.99928178545,-687.0007182145491,78753.99964799639,100,-0.007970801944017114,-0.0228583972120332,119310.80016011249,-1689.1998398875148,77771.47719333903,100,-0.019263141387123706,-0.03003643546143875,110685.09974584961,-10314.900254150387,2631.7006979980506,260,-0.10705065190363705,-0.10705065190363705,0.0,0.0,STOCK,9241.799647996384,-7800.0,-2741.0003662109375,612.2,0.0,19.676667015603776,0.0,COVERED_CALL,2266.777193339017,0.0,-5041.0003662109375,1104.7,0.0,2606.0290000000005,0
2023-10-31,418.2000122070313,0.0,121000.0,120524.31876514698,-475.68123485302203,79208.65463174548,100,-0.0062283875842708,-0.021142131638862804,119576.75915489113,-1423.2408451088704,77771.47719333903,100,-0.017076953810567286,-0.027874262931790184,111363.70387182619,-9636.29612817381,2631.7006979980506,260,-0.1015760296347169,-0.1015760296347169,504.3370873016307,0.0,COVERED_CALL,9696.454631745479,-7800.0,-2479.9987792968677,612.2,0.0,14.719259151027963,0.0,COVERED_CALL,2266.777193339017,0.0,-4779.998779296868,1104.7,0.0,2606.0290000000005,0
2023-11-01,422.6600036621094,1000.0,122000.0,121899.97724606095,-100.0227539390471,80208.65463174548,100,-0.0031309319162328153,-0.018091160153383967,121024.25917063335,-975.7408293666522,78771.47719333903,100,-0.013398495874829108,-0.024236212480214236,113523.28165014648,-8476.718349853516,2786.360690673832,262,-0.0922211641325339,-0.0922211641325339,574.6777518954594,0.0,COVERED_CALL,9696.454631745479,-7800.0,-2033.9996337890625,612.2,0.0,13.218388916612444,0.0,COVERED_CALL,2266.777193339017,0.0,-4333.9996337890625,1104.7,0.0,2606.0290000000005,2
2023-11-02,430.760009765625,0.0,122000.0,122414.32439530393,414.3243953039346,80208.65463174548,100,0.0010752769356559,-0.013948074781250042,121824.67412439128,-175.32587560871616,78771.47719333903,100,-0.006873435505003078,-0.01778282923111585,115645.48324926758,-6354.516750732422,2786.360690673832,262,-0.0752511675897698,-0.0752511675897698,870.331213004048,0.0,COVERED_CALL,9696.454631745479,-7800.0,-1223.9990234375,612.2,0.0,22.804045510252465,0.0,COVERED_CALL,2266.777193339017,0.0,-3523.9990234375,1104.7,0.0,2606.0290000000005,0
2023-11-03,434.6900024414063,0.0,122000.0,122653.93003260215,653.9300326021475,80208.65463174548,100,0.0030347149417759844,-0.012018042482184743,122216.95220583129,216.95220583128685,78771.47719333903,100,-0.0036755465211226745,-0.01462006873061783,116675.14133032228,-5324.85866967772,2786.360690673832,262,-0.0670175982234269,-0.0670175982234269,1023.7248432839579,0.0,COVERED_CALL,9696.454631745479,-7800.0,-830.9997558593677,612.2,0.0,23.52523164837435,0.0,COVERED_CALL,2266.777193339017,0.0,-3130.9997558593677,1104.7,0.0,2606.0290000000005,0
2023-11-06,435.6900024414063,0.0,122000.0,122768.862731456,768.8627314559999,80208.65463174548,100,0.003974607261587604,-0.011092255328310152,122327.12139750048,327.12139750047936,78771.47719333903,100,-0.0027774365805707246,-0.013731824435897044,116937.14133032228,-5062.85866967772,2786.360690673832,262,-0.06492253850052132,-0.06492253850052132,1008.7921444301078,0.0,COVERED_CALL,9696.454631745479,-7800.0,-730.9997558593677,612.2,0.0,13.356039979178668,0.0,COVERED_CALL,2266.777193339017,0.0,-3030.9997558593677,1104.7,0.0,2606.0290000000005,0
2023-11-07,436.9299926757813,0.0,122000.0,122824.81896530886,824.818965308863,80208.65463174548,100,0.0044322040549142905,-0.010641525788354977,122450.59479213656,450.5947921365587,78771.47719333903,100,-0.0017708694864838614,-0.012736314378379077,117262.01877172853,-4737.98122827147,2786.360690673832,262,-0.062324684903686256,-0.062324684903686256,1076.834934014741,0.0,COVERED_CALL,9696.454631745479,-7800.0,-607.0007324218677,612.2,0.0,13.88166878059247,0.0,COVERED_CALL,2266.777193339017,0.0,-2907.0007324218677,1104.7,0.0,2606.0290000000005,0
2023-11-08,437.25,0.0,122000.0,122852.5374060387,852.5374060386966,80208.65463174548,100,0.004658878881303341,-0.010418252719776366,122484.59615928991,484.59615928991116,78771.47719333903,100,-0.001493687042189551,-0.012462176754882925,117345.86069067383,-4654.139309326172,2786.360690673832,262,-0.061654250447680914,-0.061654250447680914,1081.117225706782,0.0,COVERED_CALL,9696.454631745479,-7800.0,-575.0,612.2,0.0,11.88103404912335,0.0,COVERED_CALL,2266.777193339017,0.0,-2875.0,1104.7,0.0,2606.0290000000005,0
2023-11-09,433.8399963378906,0.0,122000.0,122767.20029228026,767.200292280264,80208.65463174548,100,0.003961012228764105,-0.01110564633755573,122151.10689394543,151.10689394542715,78771.47719333903,100,-0.004212323892794689,-0.015150949657767865,116452.43973120117,-5547.5602687988285,2786.360690673832,262,-0.06879841177512647,-0.06879841177512647,825.453973254282,0.0,COVERED_CALL,9696.454631745479,-7800.0,-916.0003662109375,612.2,0.0,4.369933182665319,0.0,COVERED_CALL,2266.777193339017,0.0,-3216.0003662109375,1104.7,0.0,2606.0290000000005,0
2023-11-10,440.6099853515625,0.0,122000.0,122951.04156623025,951.0415662302548,80208.65463174548,100,0.005464422512983624,-0.00962479805441152,122814.50460279691,814.5046027969074,78771.47719333903,100,0.001195758601337804,-0.009802274396651822,118226.1768527832,-3773.823147216797,2786.360690673832,262,-0.05461488046806995,-0.05461488046806995,1318.6116006714665,0.0,COVERED_CALL,9696.454631745479,-7800.0,-239.00146484375,612.2,0.0,17.97112569837902,0.0,COVERED_CALL,2266.777193339017,0.0,-2539.00146484375,1104.7,0.0,2606.0290000000005,0
2023-11-13,440.1900024414063,0.0,122000.0,123022.10029288573,1022.1002928857342,80208.65463174548,100,0.006045523906278216,-0.009052417374549537,122785.37284835255,785.3728483525483,78771.47719333903,100,0.000958273712361235,-0.010037150538414918,118116.14133032228,-3883.85866967772,2786.360690673832,262,-0.055494769747446826,-0.055494769747446826,1205.5545830003728,0.0,COVERED_CALL,9696.454631745479,-7800.0,-280.9997558593677,612.2,0.0,5.104589127103253,0.0,COVERED_CALL,2266.777193339017,0.0,-2580.9997558593677,1104.7,0.0,2606.0290000000005,0
2023-11-14,448.7300109863281,0.0,122000.0,123120.60475328952,1120.6047532895172,80208.65463174548,100,0.0068510699930228736,-0.008258960290963957,123612.30852129988,1612.308521299885,78771.47719333903,100,0.007699533558408467,-0.0033699427422269057,120353.6235690918,-1646.3764309082035,2786.360690673832,262,-0.03760294181171264,-0.03760294181171264,1961.0509770887681,0.0,COVERED_CALL,9696.454631745479,-7800.0,573.0010986328125,612.2,0.0,32.16977067195064,0.0,COVERED_CALL,2266.777193339017,0.0,-1726.9989013671875,1104.7,0.0,2606.0290000000005,0
2023-11-15,449.6799926757813,0.0,122000.0,123141.27291685661,1141.2729168566148,80208.65463174548,100,0.007020089326903012,-0.00809247746653352,123713.82730644333,1713.8273064433306,78771.47719333903,100,0.00852712454558624,-0.0025514427573907206,120602.51877172853,-1397.4812282714702,2786.360690673832,262,-0.03561267343664165,-0.03561267343664165,2035.3809824669916,0.0,COVERED_CALL,9696.454631745479,-7800.0,667.9992675781323,612.2,0.0,25.649154473827736,0.0,COVERED_CALL,2266.777193339017,0.0,-1632.0007324218677,1104.7,0.0,2606.0290000000005,0
2023-11-16,450.2300109863281,0.0,122000.0,123149.39747099383,1149.3974709938338,80208.65463174548,100,0.007086530001416014,-0.008027033881494727,123772.30470574029,1772.3047057402873,78771.47719333903,100,0.009003837978901919,-0.0020799659723780284,120746.6235690918,-1253.3764309082035,2786.360690673832,262,-0.03446035222735444,-0.03446035222735444,2082.2582593844613,0.0,COVERED_CALL,9696.454631745479,-7800.0,723.0010986328125,612.2,0.0,22.17358623155425,0.0,COVERED_CALL,2266.777193339017,0.0,-1576.9989013671875,1104.7,0.0,2606.0290000000005,0
2023-11-17,450.7900085449219,0.0,122000.0,123155.28528856211,1155.2852885621105,80208.65463174548,100,0.007134679175394121,-0.007979607292513236,123831.09934889678,1831.0993488967797,78771.47719333903,100,0.009483137614943571,-0.0016059313938117104,120893.34292944336,-1106.657070556641,2786.360690673832,262,-0.03328712389741917,-0.03328712389741917,2132.3701976755524,0.0,COVERED_CALL,9696.454631745479,-7800.0,779.0008544921875,612.2,0.0,19.378698934437665,0.0,COVERED_CALL,2266.777193339017,0.0,-1520.9991455078125,1104.7,0.0,2606.0290000000005,0
2023-11-20,454.260009765625,0.0,122000.0,123166.97657291644,1166.9765729164355,80208.65463174548,100,0.007230287722682638,-0.007885433563231015,124185.84801424222,2185.8480142422195,78771.47719333903,100,0.012375083157223132,0.0,121802.48324926758,-197.51675073242222,2786.360690673832,262,-0.0260172641014913,-0.0260172641014913,2467.679035391543,0.0,COVERED_CALL,9696.454631745479,-7800.0,1126.0009765625,612.2,0.0,11.63015565931451,0.0,COVERED_CALL,2266.777193339017,0.0,-1173.9990234375,1104.7,0.0,2606.0290000000005,0
2023-11-21,453.2699890136719,0.0,122000.0,123174.90952154069,1174.909521540685,80208.65463174548,100,0.007295161492808511,-0.007821533367708633,124095.22830311583,2095.2283031158295,78771.47719333903,100,0.011636342479004025,-0.0007297104507109076,121543.09781225586,-456.902187744141,2786.360690673832,262,-0.028091416703748817,-0.028091416703748817,2360.7440115719746,0.0,COVERED_CALL,9696.454631745479,-7800.0,1026.9989013671875,612.2,0.0,3.247791590383663,0.0,COVERED_CALL,2266.777193339017,0.0,-1273.0010986328125,1104.7,0.0,2606.0290000000005,0
2023-11-22,455.0199890136719,0.0,122000.0,123170.60088579274,1170.6008857927372,80208.65463174548,100,0.007259926492771518,-0.007856239588531433,124271.25389709637,2271.253897096365,78771.47719333903,100,0.01307132020145274,0.0,122001.59781225586,1.5978122558590258,2786.360690673832,262,-0.02442506218866425,-0.02442506218866425,2540.0526473199297,0.0,COVERED_CALL,9696.454631745479,-7800.0,1201.9989013671875,612.2,0.0,2.2221976098553355,0.0,COVERED_CALL,2266.777193339017,0.0,-1098.0010986328125,1104.7,0.0,2606.0290000000005,0
2023-11-24,455.2999877929688,0.0,122000.0,123174.02499872868,1174.0249987286807,80208.65463174548,100,0.007287928075286665,-0.007828658231780028,124301.4759726359,2301.4759726359043,78771.47719333903,100,0.013317693493794636,0.0,122074.95749243165,74.95749243165483,2786.360690673832,262,-0.023838448023696612,-0.023838448023696612,2564.628412313672,0.0,COVERED_CALL,9696.454631745479,-7800.0,1229.9987792968823,612.2,0.0,0.0,0.0,STOCK,2266.777193339017,0.0,-1070.0012207031177,1104.7,0.0,2606.0290000000005,0
2023-11-27,454.4800109863281,0.0,122000.0,123183.85022259527,1183.8502225952689,80208.65463174548,100,0.007368276423012965,-0.007749515688967201,124219.47829197184,2219.478291971842,78771.47719333903,100,0.01264924044452731,-0.0006596677957557695,121860.1235690918,-139.87643090820347,2786.360690673832,262,-0.025556348405006202,-0.025556348405006202,2472.8055077830186,0.0,COVERED_CALL,9696.454631745479,-7800.0,1148.0010986328125,612.2,0.0,0.0,0.0,STOCK,2266.777193339017,0.0,-1151.9989013671875,1104.7,0.0,2606.0290000000005,0
2023-11-28,454.9299926757813,0.0,122000.0,123183.46886863007,1183.4688686300651,80208.65463174548,100,0.0073651578008402385,-0.007752587509307074,124234.81248712073,2234.8124871207256,79035.95994440501,100,0.012774246291306302,-0.000536304858760106,121978.01877172853,-21.981228271470172,2786.360690673832,262,-0.024613609891387833,-0.024613609891387833,2518.185030693535,0.0,COVERED_CALL,9696.454631745479,-7800.0,1192.9992675781323,612.2,0.0,294.14672486240823,0.0,COVERED_CALL,2531.259944405005,0.0,-1107.0007324218677,1104.7,0.0,2606.0290000000005,0
2023-11-29,454.6099853515625,0.0,122000.0,123186.90768612338,1186.907686123377,80208.65463174548,100,0.007393279633734151,-0.007724887706800132,124221.90385700375,2221.903857003752,79035.95994440501,100,0.012669013886027702,-0.0006401542299437901,121894.1768527832,-105.82314721679722,2786.360690673832,262,-0.025284044347393397,-0.025284044347393397,2482.7454807783533,0.0,COVERED_CALL,9696.454631745479,-7800.0,1160.99853515625,612.2,0.0,275.0546225575042,0.0,COVERED_CALL,2531.259944405005,0.0,-1139.00146484375,1104.7,0.0,2606.0290000000005,0
2023-11-30,456.3999938964844,0.0,122000.0,123179.81472517525,1179.8147251752525,80208.65463174548,100,0.007335275083363735,-0.007782021770423531,124344.83374318911,2344.8337431891123,79035.95994440501,100,0.013671150246485908,0.0,122363.15909155273,363.159091552734,2786.360690673832,262,-0.02153386954127101,-0.02153386954127101,2668.8392962186563,0.0,COVERED_CALL,9696.454631745479,-7800.0,1339.9993896484375,612.2,0.0,331.12559086433737,0.0,COVERED_CALL,2531.259944405005,0.0,-960.0006103515625,1104.7,0.0,2606.0290000000005,0
2023-12-01,459.1000061035156,1000.0,123000.0,124308.65463174548,1308.6546317454777,124308.65463174548,0,0.008388897245535265,-0.006744211542362932,125536.0081614076,2536.0081614076043,80035.95994440501,100,0.015229622654060693,0.0,124070.54228979493,1070.542289794932,2868.1406784668006,264,-0.01587734264318974,-0.01587734264318974,0.0,0.0,CASH,9696.454631745479,-9000.0,0.0,612.2,0.0,409.9523933489752,0.0,COVERED_CALL,2531.259944405005,0.0,-689.9993896484375,1104.7,0.0,2606.0290000000005,2
2023-12-04,456.6900024414063,0.0,123000.0,124308.65463174548,1308.6546317454777,124308.65463174548,0,0.008388897245535265,-0.006744211542362932,125425.43624401752,2425.4362440175173,80035.95994440501,100,0.014335410008524452,-0.0008807984179958206,123434.30132299807,434.30132299807156,2868.1406784668006,264,-0.02092398094594583,-0.02092398094594583,0.0,0.0,CASH,9696.454631745479,-9000.0,0.0,612.2,0.0,279.5239445281125,0.0,COVERED_CALL,2531.259944405005,0.0,-930.9997558593677,1104.7,0.0,2606.0290000000005,0
2023-12-05,456.6000061035156,0.0,123000.0,124271.60787982379,1271.6078798237868,124643.2737750015,0,0.00808837486093128,-0.007040223922987421,125411.85454499185,2411.8545449918456,80035.95994440501,100,0.014225572652862173,-0.000988988085841802,123410.54228979493,410.542289794932,2868.1406784668006,264,-0.021112436662029332,-0.021112436662029332,371.6658951777032,44900.0,SHORT_PUT,10031.073775001496,-9000.0,0.0,612.2,0.0,284.10600976472165,0.0,COVERED_CALL,2531.259944405005,0.0,-939.9993896484375,1104.7,0.0,2606.0290000000005,0
2023-12-06,454.760009765625,0.0,123000.0,124229.79885704977,1229.7988570497691,124643.2737750015,0,0.007749221046622123,-0.007374287983153316,125299.20348470521,2299.2034847052128,80035.95994440501,100,0.013314545648727139,-0.0018863486275421115,122924.7832565918,-75.216743408193,2868.1406784668006,264,-0.024965458191300582,-0.024965458191300582,413.47491795172806,44900.0,SHORT_PUT,10031.073775001496,-9000.0,0.0,612.2,0.0,212.7574362623038,0.0,COVERED_CALL,2531.259944405005,0.0,-1123.9990234375,1104.7,0.0,2606.0290000000005,0
2023-12-07,458.2300109863281,0.0,123000.0,124345.66169824934,1345.6616982493433,124643.2737750015,0,0.008689097702958781,-0.006448516257688497,125553.00782108396,2553.0078210839565,80035.95994440501,100,0.015367101599992328,0.0,123840.86357885743,840.863578857432,2868.1406784668006,264,-0.01769914513695292,-0.01769914513695292,297.61207675214877,44900.0,SHORT_PUT,10031.073775001496,-9000.0,0.0,612.2,0.0,305.9532219538633,0.0,COVERED_CALL,2531.259944405005,0.0,-776.9989013671875,1104.7,0.0,2606.0290000000005,0
2023-12-08,460.2000122070313,0.0,123000.0,124403.08391687812,1403.083916878124,124643.2737750015,0,0.009154905396654867,-0.005989699040109486,125689.8701530443,2689.870153044307,80035.95994440501,100,0.016473929000884402,0.0,124360.94390112307,1360.9439011230716,2868.1406784668006,264,-0.013573888493908948,-0.013573888493908948,240.18985812337,44900.0,SHORT_PUT,10031.073775001496,-9000.0,0.0,612.2,0.0,366.0910120638344,0.0,COVERED_CALL,2531.259944405005,0.0,-579.9987792968677,1104.7,0.0,2606.0290000000005,0
2023-12-11,461.989990234375,0.0,123000.0,124492.77969754254,1492.7796975425445,124643.2737750015,0,0.009882515470303721,-0.005273008367130183,125872.05241867524,2872.0524186752446,80035.95994440501,100,0.0179472658983979,0.0,124833.4981003418,1833.498100341807,2868.1406784668006,264,-0.009825607187988417,-0.009825607187988417,150.49407745895294,44900.0,SHORT_PUT,10031.073775001496,-9000.0,0.0,612.2,0.0,362.9065491672637,0.0,COVERED_CALL,2531.259944405005,0.0,-401.0009765625,1104.7,0.0,2606.0290000000005,0
2023-12-12,464.1000061035156,0.0,123000.0,124526.79981699226,1526.7998169922648,124643.2737750015,0,0.010158485883125623,-0.005001179501573305,125993.12242842857,2993.122428428571,80035.95994440501,100,0.01892637828309751,0.0,125390.54228979493,2390.542289794932,2868.1406784668006,264,-0.005407154605510445,-0.005407154605510445,116.4739580092288,44900.0,SHORT_PUT,10031.073775001496,-9000.0,0.0,612.2,0.0,452.83812632799555,0.0,COVERED_CALL,2531.259944405005,0.0,-189.9993896484375,1104.7,0.0,2606.0290000000005,0
2023-12-13,470.5,0.0,123000.0,124607.45135212544,1607.4513521254412,124643.2737750015,0,0.010812729248682373,-0.004356754506738225,126296.89978021437,3296.8997802143713,80035.95994440501,100,0.0213830739415084,0.0,127080.1406784668,4080.140678466807,2868.1406784668006,264,0.00799467330172754,0.0,35.82242287605048,44900.0,SHORT_PUT,10031.073775001496,-9000.0,0.0,612.2,0.0,789.0601641906329,0.0,COVERED_CALL,2531.259944405005,0.0,450.0,1104.7,0.0,2606.0290000000005,0
2023-12-14,472.010009765625,0.0,123000.0,124617.01679734781,1617.0167973478092,124643.2737750015,0,0.010890323916471267,-0.004280324318796547,126349.9213522931,3349.921352293095,80035.95994440501,100,0.021811867810314522,0.0,127478.7832565918,4478.783256591807,2868.1406784668006,264,0.011156690538692615,0.0,26.256977653686686,44900.0,SHORT_PUT,10031.073775001496,-9000.0,0.0,612.2,0.0,887.0395686744135,0.0,COVERED_CALL,2531.259944405005,0.0,601.0009765625,1104.7,0.0,2606.0290000000005,0
2023-12-15,469.3299865722656,0.0,123000.0,124602.04273096954,1602.042730969537,124643.2737750015,0,0.010768854640440528,-0.004399970679309639,126467.4245398256,3467.4245398256026,80226.55994440502,100,0.02276213473760058,0.0,127274.44113354493,4274.441133544926,3371.324678466801,264,0.009535856862693093,-0.0016029500582506184,41.231044031959904,44900.0,SHORT_PUT,10031.073775001496,-9000.0,0.0,612.2,0.0,692.1340618059776,0.0,COVERED_CALL,2531.259944405005,0.0,332.9986572265625,1295.3,0.0,3109.2130000000006,0
2023-12-18,471.9700012207031,0.0,123000.0,124626.5637261296,1626.563726129607,124643.2737750015,0,0.01096776837932767,-0.004204042081629611,126606.37837827516,3606.378378275156,80226.55994440502,100,0.02388587648342777,0.0,127971.40500073243,4971.405000732426,3371.324678466801,264,0.015064146820966684,0.0,16.710048871880566,44900.0,SHORT_PUT,10031.073775001496,-9000.0,0.0,612.2,0.0,817.1816882001697,0.0,COVERED_CALL,2531.259944405005,0.0,597.0001220703125,1295.3,0.0,3109.2130000000006,0
2023-12-19,474.8399963378906,0.0,123000.0,124633.99949297437,1633.9994929743698,124643.2737750015,0,0.011028087145957377,-0.004144628531687511,126662.9210149369,3662.921014936903,80226.55994440502,100,0.024343145760368223,0.0,128729.08371166993,5729.083711669926,3371.324678466801,264,0.02107402452980156,0.0,9.274282027118396,44900.0,SHORT_PUT,10031.073775001496,-9000.0,0.0,612.2,0.0,1047.6385632571717,0.0,COVERED_CALL,2531.259944405005,0.0,883.9996337890625,1295.3,0.0,3109.2130000000006,0
2023-12-20,468.260009765625,0.0,123000.0,124615.81666042654,1615.8166604265425,124643.2737750015,0,0.010880588433852312,-0.004289913698936609,126525.96722383852,3525.9672238385247,80226.55994440502,100,0.023235578714910776,-0.0010812461137086338,126991.9672565918,3991.967256591801,3371.324678466801,264,0.007295285190396461,-0.013494358889160951,27.457114574956552,44900.0,SHORT_PUT,10031.073775001496,-9000.0,0.0,612.2,0.0,526.5936971289951,0.0,COVERED_CALL,2531.259944405005,0.0,226.0009765625,1295.3,0.0,3109.2130000000006,0
2023-12-21,472.7000122070313,0.0,123000.0,124627.41177858703,1627.411778587033,124643.2737750015,0,0.010974647761015976,-0.004197265940300121,126639.23260573317,3639.2326057331666,80226.55994440502,100,0.024151573835393014,-0.00018701928720676886,128164.12790112307,5164.127901123065,3371.324678466801,264,0.016592817280252303,-0.0043887192719576085,15.861996414457757,44900.0,SHORT_PUT,10031.073775001496,-9000.0,0.0,612.2,0.0,857.3285593749735,0.0,COVERED_CALL,2531.259944405005,0.0,670.0012207031323,1295.3,0.0,3109.2130000000006,0
2023-12-22,473.6499938964844,0.0,123000.0,124632.42014345156,1632.4201434515562,124643.2737750015,0,0.011015275499588917,-0.0041572479109269755,126676.0315909235,3676.031590923507,80226.55994440502,100,0.02444917306923844,0.0,128414.92306713868,5414.923067138676,3371.324678466801,264,0.0185821146644376,-0.002440479147935881,10.853631549941788,44900.0,SHORT_PUT,10031.073775001496,-9000.0,0.0,612.2,0.0,915.5277431299459,0.0,COVERED_CALL,2531.259944405005,0.0,764.9993896484375,1295.3,0.0,3109.2130000000006,0
2023-12-26,475.6499938964844,0.0,123000.0,124641.19613802653,1641.1961380265275,124643.2737750015,0,0.011086466162201214,-0.004087125621880516,126762.46311294098,3762.4631129409827,80226.55994440502,100,0.02514815850591412,0.0,128942.92306713868,5942.923067138676,3371.324678466801,264,0.022770189879509406,0.0,2.0776369749594172,44900.0,SHORT_PUT,10031.073775001496,-9000.0,0.0,612.2,0.0,1029.09622111247,0.0,COVERED_CALL,2531.259944405005,0.0,964.9993896484375,1295.3,0.0,3109.2130000000006,0
2023-12-27,476.510009765625,0.0,123000.0,124641.8208013218,1641.8208013217954,124643.2737750015,0,0.011091533416233812,-0.004082134413217697,126768.18899538396,3768.1889953839564,80226.55994440502,100,0.025194464626023372,0.0,129169.9672565918,6169.967256591801,3371.324678466801,264,0.024571095452567526,0.0,1.4529736796917372,44900.0,SHORT_PUT,10031.073775001496,-9000.0,0.0,612.2,0.0,1109.3719255835663,0.0,COVERED_CALL,2531.259944405005,0.0,1051.0009765625,1295.3,0.0,3109.2130000000006,0
2023-12-28,476.6900024414063,0.0,123000.0,124642.15297241308,1642.1529724130814,124643.2737750015,0,0.011094227980352755,-0.004079480287001336,126770.97788753164,3770.9778875316406,80226.55994440502,100,0.025217018839465144,0.0,129217.48532299807,6217.485322998065,3371.324678466801,264,0.02494800688473453,0.0,1.1208025884120112,44900.0,SHORT_PUT,10031.073775001496,-9000.0,0.0,612.2,0.0,1124.5823010140052,0.0,COVERED_CALL,2531.259944405005,0.0,1069.0002441406323,1295.3,0.0,3109.2130000000006,0
2023-12-29,475.30999755859375,0.0,123000.0,124642.17804251201,1642.1780425120087,124643.2737750015,0,0.011094431348408484,-0.0040792799709337135,126826.55994440502,3826.5599444050167,126826.55994440502,0,0.02566651975519707,0.0,128853.16403393555,5853.164033935551,3371.324678466801,264,0.022058224761541956,-0.0028194426485845803,1.0957324894902412,44900.0,SHORT_PUT,10031.073775001496,-9000.0,0.0,612.2,0.0,0.0,0.0,CASH,2531.259944405005,0.0,0.0,1295.3,0.0,3109.2130000000006,0
