date,spot,deposit,contributed,wheel_equity,wheel_net_pnl,wheel_cash,wheel_shares,wheel_twr,wheel_drawdown,floor_equity,floor_net_pnl,floor_cash,floor_shares,floor_twr,floor_drawdown,dca_equity,dca_net_pnl,dca_cash,dca_shares,dca_twr,dca_drawdown,wheel_option_liability,wheel_collateral,wheel_state,wheel_premiums,wheel_stock_realized,wheel_stock_unrealized,wheel_dividends,wheel_interest,floor_option_liability,floor_collateral,floor_state,floor_premiums,floor_stock_realized,floor_stock_unrealized,floor_dividends,floor_interest,dca_dividends,dca_bought
2018-01-02,268.7699890136719,0.0,100000,100000.0,0.0,100000.0,0,0.0,0.0,100000.0,0.0,100000.0,0,0.0,0.0,99999.69,-0.3099999999976717,91667.82034057617,31,-3.099999999922609e-06,-3.099999999922609e-06,0.0,0.0,CASH,0.0,0.0,0.0,0.0,0.0,0.0,0.0,CASH,0.0,0.0,0.0,0.0,0.0,0.0,31
2018-01-03,270.4700012207031,0.0,100000,99988.7865401394,-11.213459860606235,100089.20286867571,0,-0.00011213459860603958,-0.00011213459860603958,99988.7865401394,-11.213459860606235,100089.20286867571,0,-0.00011213459860603958,-0.00011213459860603958,100052.39037841797,52.39037841797108,91667.82034057617,31,0.0005239037841797689,0.0,100.41632853631124,26500.0,SHORT_PUT,89.20286867571016,0.0,0.0,0.0,0.0,100.41632853631124,26500.0,SHORT_PUT,89.20286867571016,0.0,0.0,0.0,0.0,0.0,0
2018-01-04,271.6099853515625,0.0,100000,100027.97696435523,27.97696435522812,100089.20286867571,0,0.00027976964355236333,0.0,100027.97696435523,27.97696435522812,100089.20286867571,0,0.00027976964355236333,0.0,100087.72988647461,87.7298864746117,91667.82034057617,31,0.0008772988647460789,0.0,61.225904320476054,26500.0,SHORT_PUT,89.20286867571016,0.0,0.0,0.0,0.0,61.225904320476054,26500.0,SHORT_PUT,89.20286867571016,0.0,0.0,0.0,0.0,0.0,0
2018-01-05,273.4200134277344,0.0,100000,100053.65588813042,53.65588813042268,100089.20286867571,0,0.0005365588813042166,0.0,100053.65588813042,53.65588813042268,100089.20286867571,0,0.0005365588813042166,0.0,100143.84075683594,143.84075683593983,91667.82034057617,31,0.0014384075683593345,0.0,35.54698054528592,26500.0,SHORT_PUT,89.20286867571016,0.0,0.0,0.0,0.0,35.54698054528592,26500.0,SHORT_PUT,89.20286867571016,0.0,0.0,0.0,0.0,0.0,0
2018-01-08,273.9200134277344,0.0,100000,100064.61412323469,64.6141232346854,100089.20286867571,0,0.0006461412323468529,0.0,100064.61412323469,64.6141232346854,100089.20286867571,0,0.0006461412323468529,0.0,100159.34075683594,159.34075683593983,91667.82034057617,31,0.0015934075683592397,0.0,24.58874544102782,26500.0,SHORT_PUT,89.20286867571016,0.0,0.0,0.0,0.0,24.58874544102782,26500.0,SHORT_PUT,89.20286867571016,0.0,0.0,0.0,0.0,0.0,0
2018-01-09,274.5400085449219,0.0,100000,100068.14683829983,68.14683829982823,100089.20286867571,0,0.0006814683829980961,0.0,100068.14683829983,68.14683829982823,100089.20286867571,0,0.0006814683829980961,0.0,100178.56060546875,178.56060546875233,91667.82034057617,31,0.0017856060546872499,0.0,21.05603037588189,26500.0,SHORT_PUT,89.20286867571016,0.0,0.0,0.0,0.0,21.05603037588189,26500.0,SHORT_PUT,89.20286867571016,0.0,0.0,0.0,0.0,0.0,0
2018-01-10,274.1199951171875,0.0,100000,100061.10575408988,61.10575408987643,100089.20286867571,0,0.0006110575408986296,-7.036289201323154e-05,100061.10575408988,61.10575408987643,100089.20286867571,0,0.0006110575408986296,-7.036289201323154e-05,100165.54018920899,165.5401892089867,91667.82034057617,31,0.0016554018920895697,-0.0001299720836581697,28.097114585837968,26500.0,SHORT_PUT,89.20286867571016,0.0,0.0,0.0,0.0,28.097114585837968,26500.0,SHORT_PUT,89.20286867571016,0.0,0.0,0.0,0.0,0.0,0
2018-01-11,276.1199951171875,0.0,100000,100077.30571914435,77.30571914435131,100089.20286867571,0,0.0007730571914432716,0.0,100077.30571914435,77.30571914435131,100089.20286867571,0,0.0007730571914432716,0.0,100227.54018920899,227.5401892089867,91667.82034057617,31,0.0022754018920896346,0.0,11.897149531355588,26500.0,SHORT_PUT,89.20286867571016,0.0,0.0,0.0,0.0,11.897149531355588,26500.0,SHORT_PUT,89.20286867571016,0.0,0.0,0.0,0.0,0.0,0
2018-01-12,277.9200134277344,0.0,100000,100083.29843987021,83.29843987021013,100089.20286867571,0,0.0008329843987018304,0.0,100083.29843987021,83.29843987021013,100089.20286867571,0,0.0008329843987018304,0.0,100283.34075683594,283.3407568359398,91667.82034057617,31,0.0028334075683591475,0.0,5.904428805504857,26500.0,SHORT_PUT,89.20286867571016,0.0,0.0,0.0,0.0,5.904428805504857,26500.0,SHORT_PUT,89.20286867571016,0.0,0.0,0.0,0.0,0.0,0
2018-01-16,276.9700012207031,0.0,100000,100083.70310414082,83.70310414081905,100089.20286867571,0,0.0008370310414078652,0.0,100083.70310414082,83.70310414081905,100089.20286867571,0,0.0008370310414078652,0.0,100253.89037841797,253.89037841797108,91667.82034057617,31,0.002538903784179425,-0.0002936716925833194,5.4997645348883175,26500.0,SHORT_PUT,89.20286867571016,0.0,0.0,0.0,0.0,5.4997645348883175,26500.0,SHORT_PUT,89.20286867571016,0.0,0.0,0.0,0.0,0.0,0
2018-01-17,279.6099853515625,0.0,100000,100085.14788136631,85.1478813663125,100089.20286867571,0,0.0008514788136626539,0.0,100085.14788136631,85.1478813663125,100089.20286867571,0,0.0008514788136626539,0.0,100335.72988647461,335.7298864746117,91667.82034057617,31,0.0033572988647456725,0.0,4.054987309405499,26500.0,SHORT_PUT,89.20286867571016,0.0,0.0,0.0,0.0,4.054987309405499,26500.0,SHORT_PUT,89.20286867571016,0.0,0.0,0.0,0.0,0.0,0
2018-01-18,279.1400146484375,0.0,100000,100084.76054836878,84.76054836878029,100089.20286867571,0,0.0008476054836872304,-3.870034722797122e-06,100084.76054836878,84.76054836878029,100089.20286867571,0,0.0008476054836872304,-3.870034722797122e-06,100321.16079467774,321.1607946777367,91667.82034057617,31,0.0032116079467769953,-0.0001452034266691271,4.442320306927904,26500.0,SHORT_PUT,89.20286867571016,0.0,0.0,0.0,0.0,4.442320306927904,26500.0,SHORT_PUT,89.20286867571016,0.0,0.0,0.0,0.0,0.0,0
2018-01-19,280.4100036621094,0.0,100000,100086.33274744876,86.33274744875962,100089.20286867571,0,0.0008633274744871411,0.0,100086.33274744876,86.33274744875962,100089.20286867571,0,0.0008633274744871411,0.0,100360.53045410156,360.5304541015648,91667.82034057617,31,0.003605304541015153,0.0,2.8701212269563783,26500.0,SHORT_PUT,89.20286867571016,0.0,0.0,0.0,0.0,2.8701212269563783,26500.0,SHORT_PUT,89.20286867571016,0.0,0.0,0.0,0.0,0.0,0
2018-01-22,282.69000244140625,0.0,100000,100088.14042532467,88.14042532467283,100089.20286867571,0,0.0008814042532463429,0.0,100088.14042532467,88.14042532467283,100089.20286867571,0,0.0008814042532463429,0.0,100431.21041625977,431.21041625976795,91667.82034057617,31,0.004312104162597308,0.0,1.0624433510316103,26500.0,SHORT_PUT,89.20286867571016,0.0,0.0,0.0,0.0,1.0624433510316103,26500.0,SHORT_PUT,89.20286867571016,0.0,0.0,0.0,0.0,0.0,0
2018-01-23,283.2900085449219,0.0,100000,100088.18850645168,88.18850645168277,100089.20286867571,0,0.0008818850645164744,0.0,100088.18850645168,88.18850645168277,100089.20286867571,0,0.0008818850645164744,0.0,100449.81060546875,449.8106054687523,91667.82034057617,31,0.004498106054687145,0.0,1.0143622240350625,26500.0,SHORT_PUT,89.20286867571016,0.0,0.0,0.0,0.0,1.0143622240350625,26500.0,SHORT_PUT,89.20286867571016,0.0,0.0,0.0,0.0,0.0,0
2018-01-24,283.17999267578125,0.0,100000,100088.1955744696,88.19557446960243,100089.20286867571,0,0.0008819557446957393,0.0,100088.1955744696,88.19557446960243,100089.20286867571,0,0.0008819557446957393,0.0,100446.4001135254,446.40011352539295,91667.82034057617,31,0.00446400113525347,-3.395219884250178e-05,1.0072942061120793,26500.0,SHORT_PUT,89.20286867571016,0.0,0.0,0.0,0.0,1.0072942061120793,26500.0,SHORT_PUT,89.20286867571016,0.0,0.0,0.0,0.0,0.0,0
2018-01-25,283.29998779296875,0.0,100000,100088.1987131458,88.19871314580087,100089.20286867571,0,0.0008819871314578176,0.0,100088.1987131458,88.19871314580087,100089.20286867571,0,0.0008819871314578176,0.0,100450.1199621582,450.11996215820545,91667.82034057617,31,0.004501199621581575,0.0,1.004155529916281,26500.0,SHORT_PUT,89.20286867571016,0.0,0.0,0.0,0.0,1.004155529916281,26500.0,SHORT_PUT,89.20286867571016,0.0,0.0,0.0,0.0,0.0,0
2018-01-26,286.5799865722656,0.0,100000,100088.20282795076,88.20282795076491,100089.20286867571,0,0.0008820282795074519,0.0,100088.20282795076,88.20282795076491,100089.20286867571,0,0.0008820282795074519,0.0,100551.79992431641,551.7999243164086,91667.82034057617,31,0.0055179992431635405,0.0,1.0000407249401215,26500.0,SHORT_PUT,89.20286867571016,0.0,0.0,0.0,0.0,1.0000407249401215,26500.0,SHORT_PUT,89.20286867571016,0.0,0.0,0.0,0.0,0.0,0
2018-01-29,284.67999267578125,0.0,100000,100088.20286866081,88.20286866081005,100089.20286867571,0,0.0008820286866080274,0.0,100088.20286866081,88.20286866081005,100089.20286867571,0,0.0008820286866080274,0.0,100492.9001135254,492.90011352539295,91667.82034057617,31,0.004929001135253408,-0.0005857658523800158,1.0000000149024852,26500.0,SHORT_PUT,89.20286867571016,0.0,0.0,0.0,0.0,1.0000000149024852,26500.0,SHORT_PUT,89.20286867571016,0.0,0.0,0.0,0.0,0.0,0
2018-01-30,281.760009765625,0.0,100000,100088.2028368608,88.20283686080074,100089.20286867571,0,0.0008820283686079566,-3.1771985042894357e-10,100088.2028368608,88.20283686080074,100089.20286867571,0,0.0008820283686079566,-3.1771985042894357e-10,100402.38064331055,402.3806433105492,91667.82034057617,31,0.0040238064331050705,-0.0014859931012504157,1.0000318149079992,26500.0,SHORT_PUT,89.20286867571016,0.0,0.0,0.0,0.0,1.0000318149079992,26500.0,SHORT_PUT,89.20286867571016,0.0,0.0,0.0,0.0,0.0,0
2018-01-31,281.8999938964844,0.0,100000,100088.20286828214,88.20286828214012,100089.20286867571,0,0.0008820286828212787,-3.7834180233176085e-12,100088.20286828214,88.20286828214012,100089.20286867571,0,0.0008820286828212787,-3.7834180233176085e-12,100406.72015136719,406.7201513671898,91667.82034057617,31,0.00406720151367157,-0.0014428361606495521,1.0000003935693675,26500.0,SHORT_PUT,89.20286867571016,0.0,0.0,0.0,0.0,1.0000003935693675,26500.0,SHORT_PUT,89.20286867571016,0.0,0.0,0.0,0.0,0.0,0
2018-02-01,281.5799865722656,0.0,100000,100088.20286867571,88.20286867571122,100089.20286867571,0,0.0008820286867570193,0.0,100088.20286867571,88.20286867571122,100089.20286867571,0,0.0008820286867570193,0.0,100396.50992431641,396.509924316415,83501.71072998048,60,0.003965099243163905,-0.0015443781226874842,1.0000000000000002,26500.0,SHORT_PUT,89.20286867571016,0.0,0.0,0.0,0.0,1.0000000000000002,26500.0,SHORT_PUT,89.20286867571016,0.0,0.0,0.0,0.0,0.0,29
2018-02-02,275.45001220703125,0.0,100000,100089.20286867571,89.20286867571122,100089.20286867571,0,0.0008920286867570848,0.0,100089.20286867571,89.20286867571122,100089.20286867571,0,0.0008920286867570848,0.0,100028.71146240235,28.71146240235248,83501.71072998048,60,0.00028711462402331023,-0.005202178999358931,0.0,0.0,CASH,89.20286867571016,0.0,0.0,0.0,0.0,0.0,0.0,CASH,89.20286867571016,0.0,0.0,0.0,0.0,0.0,0
2018-02-05,263.92999267578125,0.0,100000,100089.20286867571,89.20286867571122,100089.20286867571,0,0.0008920286867570848,0.0,100089.20286867571,89.20286867571122,100089.20286867571,0,0.0008920286867570848,0.0,99337.51029052735,-662.4897094726475,83501.71072998048,60,-0.006624897094726689,-0.012076259546850432,0.0,0.0,CASH,89.20286867571016,0.0,0.0,0.0,0.0,0.0,0.0,CASH,89.20286867571016,0.0,0.0,0.0,0.0,0.0,0
2018-02-06,269.1300048828125,0.0,100000,100021.45002864969,21.450028649691376,100715.52984892292,0,0.00021450028649683262,-0.0006769245641302657,100021.45002864969,21.450028649691376,100715.52984892292,0,0.00021450028649683262,-0.0006769245641302657,99649.51102294923,-350.4889770507725,83501.71072998048,60,-0.0035048897705080018,-0.008973373943045204,694.079820273225,25800.0,SHORT_PUT,715.5298489229137,0.0,0.0,0.0,0.0,694.079820273225,25800.0,SHORT_PUT,715.5298489229137,0.0,0.0,0.0,0.0,0.0,0
2018-02-07,267.6700134277344,0.0,100000,100202.04125447532,202.04125447531987,100715.52984892292,0,0.0020204125447531585,0.0,100202.04125447532,202.04125447531987,100715.52984892292,0,0.0020204125447531585,0.0,99561.91153564454,-438.08846435546,83501.71072998048,60,-0.004380884643554905,-0.00984456160324243,513.4885944476023,25800.0,SHORT_PUT,715.5298489229137,0.0,0.0,0.0,0.0,513.4885944476023,25800.0,SHORT_PUT,715.5298489229137,0.0,0.0,0.0,0.0,0.0,0
2018-02-08,257.6300048828125,0.0,100000,99866.76055680469,-133.23944319531438,100715.52984892292,0,-0.001332394431953099,-0.0033460465822162666,99866.76055680469,-133.23944319531438,100715.52984892292,0,-0.001332394431953099,-0.0033460465822162666,98959.51102294923,-1040.4889770507725,83501.71072998048,60,-0.010404889770508019,-0.015835508688712086,848.7692921182258,25800.0,SHORT_PUT,715.5298489229137,0.0,0.0,0.0,0.0,848.7692921182258,25800.0,SHORT_PUT,715.5298489229137,0.0,0.0,0.0,0.0,0.0,0
2018-02-09,261.5,0.0,100000,99892.65911649539,-107.34088350461388,100715.52984892292,0,-0.0010734088350460302,-0.0030875831879931814,99892.65911649539,-107.34088350461388,100715.52984892292,0,-0.0010734088350460302,-0.0030875831879931814,99191.71072998048,-808.2892700195225,83501.71072998048,60,-0.008082892700195465,-0.013526254083563116,822.8707324275371,25800.0,SHORT_PUT,715.5298489229137,0.0,0.0,0.0,0.0,822.8707324275371,25800.0,SHORT_PUT,715.5298489229137,0.0,0.0,0.0,0.0,0.0,0
2018-02-12,265.3399963378906,0.0,100000,100219.99861371407,219.99861371406587,100715.52984892292,0,0.002199986137140675,0.0,100219.99861371407,219.99861371406587,100715.52984892292,0,0.002199986137140675,0.0,99422.11051025391,-577.889489746085,83501.71072998048,60,-0.005778894897461084,-0.011234899971087176,495.531235208852,25800.0,SHORT_PUT,715.5298489229137,0.0,0.0,0.0,0.0,495.531235208852,25800.0,SHORT_PUT,715.5298489229137,0.0,0.0,0.0,0.0,0.0,0
2018-02-13,266.0,0.0,100000,100345.8855094668,345.88550946679607,100715.52984892292,0,0.003458855094667923,0.0,100345.8855094668,345.88550946679607,100715.52984892292,0,0.003458855094667923,0.0,99461.71072998048,-538.2892700195225,83501.71072998048,60,-0.00538289270019543,-0.01084107092221509,369.64433945612296,25800.0,SHORT_PUT,715.5298489229137,0.0,0.0,0.0,0.0,369.64433945612296,25800.0,SHORT_PUT,715.5298489229137,0.0,0.0,0.0,0.0,0.0,0
2018-02-14,269.5899963378906,0.0,100000,100473.4019506008,473.4019506008044,100715.52984892292,0,0.004734019506008158,0.0,100473.4019506008,473.4019506008044,100715.52984892292,0,0.004734019506008158,0.0,99677.11051025391,-322.889489746085,83501.71072998048,60,-0.003228894897461032,-0.008698893652036244,242.1278983221073,25800.0,SHORT_PUT,715.5298489229137,0.0,0.0,0.0,0.0,242.1278983221073,25800.0,SHORT_PUT,715.5298489229137,0.0,0.0,0.0,0.0,0.0,0
2018-02-15,273.0299987792969,0.0,100000,100643.66990593445,643.6699059344537,100715.52984892292,0,0.0064366990593447415,0.0,100643.66990593445,643.6699059344537,100715.52984892292,0,0.0064366990593447415,0.0,99883.51065673829,-116.48934326171002,83501.71072998048,60,-0.0011648934326172755,-0.006646218845222984,71.859942988457,25800.0,SHORT_PUT,715.5298489229137,0.0,0.0,0.0,0.0,71.859942988457,25800.0,SHORT_PUT,715.5298489229137,0.0,0.0,0.0,0.0,0.0,0
2018-02-16,273.1099853515625,0.0,100000,100651.7283405577,651.7283405577036,100715.52984892292,0,0.006517283405577112,0.0,100651.7283405577,651.7283405577036,100715.52984892292,0,0.006517283405577112,0.0,99888.30985107423,-111.69014892577252,83501.71072998048,60,-0.0011169014892578044,-0.006598490268115875,63.80150836521994,25800.0,SHORT_PUT,715.5298489229137,0.0,0.0,0.0,0.0,63.80150836521994,25800.0,SHORT_PUT,715.5298489229137,0.0,0.0,0.0,0.0,0.0,0
2018-02-20,271.3999938964844,0.0,100000,100652.71001917457,652.7100191745703,100715.52984892292,0,0.006527100191745738,0.0,100652.71001917457,652.7100191745703,100715.52984892292,0,0.006527100191745738,0.0,99785.71036376954,-214.28963623046002,83501.71072998048,60,-0.0021428963623046915,-0.007618854770610195,62.81982974834438,25800.0,SHORT_PUT,715.5298489229137,0.0,0.0,0.0,0.0,62.81982974834438,25800.0,SHORT_PUT,715.5298489229137,0.0,0.0,0.0,0.0,0.0,0
2018-02-21,270.04998779296875,0.0,100000,100628.77312971106,628.7731297110586,100715.52984892292,0,0.006287731297110577,-0.0002378166415882843,100628.77312971106,628.7731297110586,100715.52984892292,0,0.006287731297110577,-0.0002378166415882843,99704.7099975586,-295.2900024413975,83501.71072998048,60,-0.0029529000244140624,-0.008424413361027394,86.75671921185867,25800.0,SHORT_PUT,715.5298489229137,0.0,0.0,0.0,0.0,86.75671921185867,25800.0,SHORT_PUT,715.5298489229137,0.0,0.0,0.0,0.0,0.0,0
2018-02-22,270.3999938964844,0.0,100000,100648.34164243909,648.3416424390889,100715.52984892292,0,0.006483416424390764,-4.3400488021316797e-05,100648.34164243909,648.3416424390889,100715.52984892292,0,0.006483416424390764,-4.3400488021316797e-05,99725.71036376954,-274.28963623046,83501.71072998048,60,-0.0027428963623046254,-0.008215562139798571,67.18820648382255,25800.0,SHORT_PUT,715.5298489229137,0.0,0.0,0.0,0.0,67.18820648382255,25800.0,SHORT_PUT,715.5298489229137,0.0,0.0,0.0,0.0,0.0,0
2018-02-23,274.7099914550781,0.0,100000,100697.73754009076,697.7375400907622,100715.52984892292,0,0.006977375400907482,0.0,100697.73754009076,697.7375400907622,100715.52984892292,0,0.006977375400907482,0.0,99984.31021728516,-15.689782714835019,83501.71072998048,60,-0.000156897827148339,-0.005643754835401582,17.79230883215208,25800.0,SHORT_PUT,715.5298489229137,0.0,0.0,0.0,0.0,17.79230883215208,25800.0,SHORT_PUT,715.5298489229137,0.0,0.0,0.0,0.0,0.0,0
2018-02-26,277.8999938964844,0.0,100000,100713.43940363899,713.4394036389858,100715.52984892292,0,0.007134394036389713,0.0,100713.43940363899,713.4394036389858,100715.52984892292,0,0.007134394036389713,0.0,100175.71036376954,175.71036376953998,83501.71072998048,60,0.0017571036376955451,-0.0037402568708851947,2.0904452839269663,25800.0,SHORT_PUT,715.5298489229137,0.0,0.0,0.0,0.0,2.0904452839269663,25800.0,SHORT_PUT,715.5298489229137,0.0,0.0,0.0,0.0,0.0,0
2018-02-27,274.42999267578125,0.0,100000,100712.48438023013,712.484380230133,100715.52984892292,0,0.007124843802301273,-9.482581614705943e-06,100712.48438023013,712.484380230133,100715.52984892292,0,0.007124843802301273,-9.482581614705943e-06,99967.51029052735,-32.48970947264752,83501.71072998048,60,-0.00032489709472627304,-0.005810832170371594,3.0454686927904753,25800.0,SHORT_PUT,715.5298489229137,0.0,0.0,0.0,0.0,3.0454686927904753,25800.0,SHORT_PUT,715.5298489229137,0.0,0.0,0.0,0.0,0.0,0
2018-02-28,271.6499938964844,0.0,100000,100702.8405146946,702.8405146946025,100715.52984892292,0,0.007028405146946026,-0.00010523807951678954,100702.8405146946,702.8405146946025,100715.52984892292,0,0.007028405146946026,-0.00010523807951678954,99800.71036376954,-199.28963623046002,83501.71072998048,60,-0.001992896362304375,-0.007469677928312768,12.689334228320547,25800.0,SHORT_PUT,715.5298489229137,0.0,0.0,0.0,0.0,12.689334228320547,25800.0,SHORT_PUT,715.5298489229137,0.0,0.0,0.0,0.0,0.0,0
2018-03-01,267.70001220703125,0.0,100000,100675.8072250198,675.807225019802,100715.52984892292,0,0.006758072250198088,-0.0003736559772160586,100675.8072250198,675.807225019802,100715.52984892292,0,0.006758072250198088,-0.0003736559772160586,99563.40146240235,-436.5985375976452,75202.70035156251,91,-0.004365985375976211,-0.0098297440986429,39.72262390311052,25800.0,SHORT_PUT,715.5298489229137,0.0,0.0,0.0,0.0,39.72262390311052,25800.0,SHORT_PUT,715.5298489229137,0.0,0.0,0.0,0.0,0.0,31
2018-03-02,269.0799865722656,0.0,100000,100681.00061360584,681.0006136058364,100715.52984892292,0,0.006810006136058533,-0.0003220899834739388,100681.00061360584,681.0006136058364,100715.52984892292,0,0.006810006136058533,-0.0003220899834739388,99688.97912963868,-311.02087036131707,75202.70035156251,91,-0.0031102087036128934,-0.008580858774552724,34.529235317075866,25800.0,SHORT_PUT,715.5298489229137,0.0,0.0,0.0,0.0,34.529235317075866,25800.0,SHORT_PUT,715.5298489229137,0.0,0.0,0.0,0.0,0.0,0
2018-03-05,272.19000244140625,0.0,100000,100713.77714809771,713.7771480977099,100715.52984892292,0,0.007137771480977273,0.0,100713.77714809771,713.7771480977099,100715.52984892292,0,0.007137771480977273,0.0,99971.99057373048,-28.00942626952019,75202.70035156251,91,-0.0002800942626950409,-0.0057662752036489184,1.7527008252142144,25800.0,SHORT_PUT,715.5298489229137,0.0,0.0,0.0,0.0,1.7527008252142144,25800.0,SHORT_PUT,715.5298489229137,0.0,0.0,0.0,0.0,0.0,0
2018-03-06,272.8800048828125,0.0,100000,100714.47426823796,714.4742682379583,100715.52984892292,0,0.0071447426823798565,0.0,100714.47426823796,714.4742682379583,100715.52984892292,0,0.0071447426823798565,0.0,100034.78079589845,34.78079589844856,75202.70035156251,91,0.00034780795898470274,-0.005141818732305459,1.0555806849606184,25800.0,SHORT_PUT,715.5298489229137,0.0,0.0,0.0,0.0,1.0555806849606184,25800.0,SHORT_PUT,715.5298489229137,0.0,0.0,0.0,0.0,0.0,0
2018-03-07,272.7799987792969,0.0,100000,100714.52823133295,714.5282313329517,100715.52984892292,0,0.007145282313329782,0.0,100714.52823133295,714.5282313329517,100715.52984892292,0,0.007145282313329782,0.0,100025.68024047853,25.680240478526684,75202.70035156251,91,0.00025680240478553884,-0.005232324873684968,1.0016175899604425,25800.0,SHORT_PUT,715.5298489229137,0.0,0.0,0.0,0.0,1.0016175899604425,25800.0,SHORT_PUT,715.5298489229137,0.0,0.0,0.0,0.0,0.0,0
2018-03-08,274.1000061035156,0.0,100000,100714.52984892161,714.5298489216075,100715.52984892292,0,0.007145298489216412,0.0,100714.52984892161,714.5298489216075,100715.52984892292,0,0.007145298489216412,0.0,100145.80090698243,145.80090698243293,75202.70035156251,91,0.0014580090698246284,-0.004037710092106517,1.000000001316787,25800.0,SHORT_PUT,715.5298489229137,0.0,0.0,0.0,0.0,1.000000001316787,25800.0,SHORT_PUT,715.5298489229137,0.0,0.0,0.0,0.0,0.0,0
2018-03-09,278.8699951171875,0.0,100000,100715.52984892292,715.5298489229172,100715.52984892292,0,0.007155298489229356,0.0,100715.52984892292,715.5298489229172,100715.52984892292,0,0.007155298489229356,0.0,100579.86990722657,579.8699072265736,75202.70035156251,91,0.005798699072266045,0.0,0.0,0.0,CASH,715.5298489229137,0.0,0.0,0.0,0.0,0.0,0.0,CASH,715.5298489229137,0.0,0.0,0.0,0.0,0.0,0
2018-03-12,278.5199890136719,0.0,100000,100715.52984892292,715.5298489229172,100715.52984892292,0,0.007155298489229356,0.0,100715.52984892292,715.5298489229172,100715.52984892292,0,0.007155298489229356,0.0,100548.01935180665,548.0193518066517,75202.70035156251,91,0.005480193518066834,-0.00031666928431406394,0.0,0.0,CASH,715.5298489229137,0.0,0.0,0.0,0.0,0.0,0.0,CASH,715.5298489229137,0.0,0.0,0.0,0.0,0.0,0
2018-03-13,276.7200012207031,0.0,100000,100681.08658642546,681.0865864254592,101025.41584264876,0,0.006810865864254723,-0.0003419856158144441,100681.08658642546,681.0865864254592,101025.41584264876,0,0.006810865864254723,-0.0003419856158144441,100384.2204626465,384.22046264649543,75202.70035156251,91,0.0038422046264652288,-0.0019452147309451107,344.3292562233023,27300.0,SHORT_PUT,1025.4158426487588,0.0,0.0,0.0,0.0,344.3292562233023,27300.0,SHORT_PUT,1025.4158426487588,0.0,0.0,0.0,0.0,0.0,0
2018-03-14,275.29998779296875,0.0,100000,100612.8325063752,612.8325063751981,101025.41584264876,0,0.006128325063752049,-0.0010196773298197792,100612.8325063752,612.8325063751981,101025.41584264876,0,0.006128325063752049,-0.0010196773298197792,100254.99924072267,254.9992407226673,75202.70035156251,91,0.0025499924072269753,-0.0032299770004033945,412.5833362735624,27300.0,SHORT_PUT,1025.4158426487588,0.0,0.0,0.0,0.0,412.5833362735624,27300.0,SHORT_PUT,1025.4158426487588,0.0,0.0,0.0,0.0,0.0,0
2018-03-15,275.0,0.0,100000,100580.12253208182,580.1225320818194,101025.41584264876,0,0.005801225320818393,-0.0013444532044284419,100580.12253208182,580.1225320818194,101025.41584264876,0,0.005801225320818393,-0.0013444532044284419,100227.70035156251,227.70035156251106,75202.70035156251,91,0.002277003515625431,-0.0035013920378789143,445.29331056692916,27300.0,SHORT_PUT,1025.4158426487588,0.0,0.0,0.0,0.0,445.29331056692916,27300.0,SHORT_PUT,1025.4158426487588,0.0,0.0,0.0,0.0,0.0,0
2018-03-16,274.20001220703125,0.0,100000,100572.9242723964,572.924272396398,101025.41584264876,0,0.005729242723964134,-0.001415924403519897,100572.9242723964,572.924272396398,101025.41584264876,0,0.005729242723964134,-0.001415924403519897,100254.72846240236,254.72846240235958,75302.52735156252,91,0.002547284624023982,-0.003232669172510527,452.4915702523518,27300.0,SHORT_PUT,1025.4158426487588,0.0,0.0,0.0,0.0,452.4915702523518,27300.0,SHORT_PUT,1025.4158426487588,0.0,0.0,0.0,0.0,99.827,0
2018-03-19,270.489990234375,0.0,100000,100422.06350602854,422.0635060285422,101025.41584264876,0,0.0042206350602855824,-0.00291381421846848,100422.06350602854,422.0635060285422,101025.41584264876,0,0.0042206350602855824,-0.00291381421846848,99917.11646289064,-82.88353710935917,75302.52735156252,91,-0.0008288353710932395,-0.006589324930995066,603.3523366202076,27300.0,SHORT_PUT,1025.4158426487588,0.0,0.0,0.0,0.0,603.3523366202076,27300.0,SHORT_PUT,1025.4158426487588,0.0,0.0,0.0,0.0,99.827,0
2018-03-20,270.95001220703125,0.0,100000,100369.20604071186,369.20604071185517,101025.41584264876,0,0.003692060407118669,-0.003438633632078081,100369.20604071186,369.20604071185517,101025.41584264876,0,0.003692060407118669,-0.003438633632078081,99958.97846240236,-41.02153759764042,75302.52735156252,91,-0.00041021537597607516,-0.006173118392347465,656.2098019369053,27300.0,SHORT_PUT,1025.4158426487588,0.0,0.0,0.0,0.0,656.2098019369053,27300.0,SHORT_PUT,1025.4158426487588,0.0,0.0,0.0,0.0,99.827,0
2018-03-21,270.42999267578125,0.0,100000,100372.95163528441,372.95163528440753,101025.41584264876,0,0.003729516352844131,-0.0034014437907678996,100372.95163528441,372.95163528440753,101025.41584264876,0,0.003729516352844131,-0.0034014437907678996,99911.65668505861,-88.34331494139042,75302.52735156252,91,-0.0008834331494135261,-0.00664360793849017,652.4642073643432,27300.0,SHORT_PUT,1025.4158426487588,0.0,0.0,0.0,0.0,652.4642073643432,27300.0,SHORT_PUT,1025.4158426487588,0.0,0.0,0.0,0.0,99.827,0
2018-03-22,263.6700134277344,0.0,100000,99913.0686788274,-86.93132117259665,101025.41584264876,0,-0.0008693132117258973,-0.007967601136579905,99913.0686788274,-86.93132117259665,101025.41584264876,0,-0.0008693132117258973,-0.007967601136579905,99296.49857348634,-703.501426513656,75302.52735156252,91,-0.007035014265136197,-0.01275972354034649,1112.3471638213557,27300.0,SHORT_PUT,1025.4158426487588,0.0,0.0,0.0,0.0,1112.3471638213557,27300.0,SHORT_PUT,1025.4158426487588,0.0,0.0,0.0,0.0,99.827,0
2018-03-23,258.04998779296875,0.0,100000,99345.10460445896,-654.8953955410398,101025.41584264876,0,-0.00654895395541033,-0.01360689107746993,99345.10460445896,-654.8953955410398,101025.41584264876,0,-0.00654895395541033,-0.01360689107746993,98785.07624072267,-1214.923759277328,75302.52735156252,91,-0.012149237592772866,-0.017844461999795613,1680.3112381897975,27300.0,SHORT_PUT,1025.4158426487588,0.0,0.0,0.0,0.0,1680.3112381897975,27300.0,SHORT_PUT,1025.4158426487588,0.0,0.0,0.0,0.0,99.827,0
2018-03-26,265.1099853515625,0.0,100000,99915.32107700681,-84.67892299318919,101025.41584264876,0,-0.0008467892299318658,-0.007945237175602027,99915.32107700681,-84.67892299318919,101025.41584264876,0,-0.0008467892299318658,-0.007945237175602027,99427.5360185547,-572.4639814452967,75302.52735156252,91,-0.005724639814452592,-0.011456903749574976,1110.0947656419396,27300.0,SHORT_PUT,1025.4158426487588,0.0,0.0,0.0,0.0,1110.0947656419396,27300.0,SHORT_PUT,1025.4158426487588,0.0,0.0,0.0,0.0,99.827,0
2018-03-27,260.6000061035156,0.0,100000,99636.74403260705,-363.25596739294997,101025.41584264876,0,-0.003632559673929503,-0.010711216213965313,99636.74403260705,-363.25596739294997,101025.41584264876,0,-0.003632559673929503,-0.010711216213965313,99017.12790698244,-982.8720930175623,75302.52735156252,91,-0.009828720930175283,-0.015537323737698006,1388.6718100417033,27300.0,SHORT_PUT,1025.4158426487588,0.0,0.0,0.0,0.0,1388.6718100417033,27300.0,SHORT_PUT,1025.4158426487588,0.0,0.0,0.0,0.0,99.827,0
2018-03-28,259.8299865722656,0.0,100000,99556.20489682005,-443.7951031799457,101025.41584264876,0,-0.0044379510317995585,-0.011510885697984419,99556.20489682005,-443.7951031799457,101025.41584264876,0,-0.0044379510317995585,-0.011510885697984419,98947.05612963869,-1052.9438703613123,75302.52735156252,91,-0.010529438703612781,-0.016234001685366706,1469.2109458286998,27300.0,SHORT_PUT,1025.4158426487588,0.0,0.0,0.0,0.0,1469.2109458286998,27300.0,SHORT_PUT,1025.4158426487588,0.0,0.0,0.0,0.0,99.827,0
2018-03-29,263.1499938964844,0.0,100000,99843.7097068968,-156.29029310320038,101025.41584264876,0,-0.0015629029310321174,-0.008656263272743603,99843.7097068968,-156.29029310320038,101025.41584264876,0,-0.0015629029310321174,-0.008656263272743603,99249.1767961426,-750.823203857406,75302.52735156252,91,-0.007508232038573759,-0.013230213086489306,1181.7061357519617,27300.0,SHORT_PUT,1025.4158426487588,0.0,0.0,0.0,0.0,1181.7061357519617,27300.0,SHORT_PUT,1025.4158426487588,0.0,0.0,0.0,0.0,99.827,0
2018-04-02,257.4700012207031,0.0,100000,99387.07080331798,-612.9291966820165,101025.41584264876,0,-0.006129291966820327,-0.013190210562340376,99387.07080331798,-612.9291966820165,101025.41584264876,0,-0.006129291966820327,-0.013190210562340376,98731.9674626465,-1268.0325373535015,66805.68731127931,124,-0.012680325373534695,-0.018372487917160285,1638.3450393307762,27300.0,SHORT_PUT,1025.4158426487588,0.0,0.0,0.0,0.0,1638.3450393307762,27300.0,SHORT_PUT,1025.4158426487588,0.0,0.0,0.0,0.0,99.827,33
2018-04-03,260.7699890136719,0.0,100000,99684.64006407617,-315.35993592382874,101025.41584264876,0,-0.0031535993592384237,-0.010235658655553426,99684.64006407617,-315.35993592382874,101025.41584264876,0,-0.0031535993592384237,-0.010235658655553426,99141.16594897462,-858.8340510253765,66805.68731127931,124,-0.008588340510253478,-0.014304094443341353,1340.7757785725812,27300.0,SHORT_PUT,1025.4158426487588,0.0,0.0,0.0,0.0,1340.7757785725812,27300.0,SHORT_PUT,1025.4158426487588,0.0,0.0,0.0,0.0,99.827,0
2018-04-04,263.5599975585937,0.0,100000,99972.60881931012,-27.391180689883186,101025.41584264876,0,-0.0002739118068989521,-0.007376429739556989,99972.60881931012,-27.391180689883186,101025.41584264876,0,-0.0002739118068989521,-0.007376429739556989,99487.12700854492,-512.8729914550786,66805.68731127931,124,-0.005128729914550489,-0.010864429429960354,1052.807023338639,27300.0,SHORT_PUT,1025.4158426487588,0.0,0.0,0.0,0.0,1052.807023338639,27300.0,SHORT_PUT,1025.4158426487588,0.0,0.0,0.0,0.0,99.827,0
2018-04-05,265.6400146484375,0.0,100000,100177.68634357104,177.6863435710402,101025.41584264876,0,0.001776863435710263,-0.005340224155685802,100177.68634357104,177.6863435710402,101025.41584264876,0,0.001776863435710263,-0.005340224155685802,99745.04912768556,-254.95087231443904,66805.68731127931,124,-0.0025495087231441893,-0.008300078140000111,847.7294990777115,27300.0,SHORT_PUT,1025.4158426487588,0.0,0.0,0.0,0.0,847.7294990777115,27300.0,SHORT_PUT,1025.4158426487588,0.0,0.0,0.0,0.0,99.827,0
2018-04-06,259.7200012207031,0.0,100000,99629.66748608623,-370.33251391377416,101025.41584264876,0,-0.0037033251391378474,-0.010781478928478583,99629.66748608623,-370.33251391377416,101025.41584264876,0,-0.0037033251391378474,-0.010781478928478583,99010.9674626465,-989.0325373535015,66805.68731127931,124,-0.009890325373534736,-0.015598573014930395,1395.7483565625284,27300.0,SHORT_PUT,1025.4158426487588,0.0,0.0,0.0,0.0,1395.7483565625284,27300.0,SHORT_PUT,1025.4158426487588,0.0,0.0,0.0,0.0,99.827,0
2018-04-09,261.0,0.0,100000,99763.75367054636,-236.24632945364283,101025.41584264876,0,-0.0023624632945364876,-0.009450143188486249,99763.75367054636,-236.24632945364283,101025.41584264876,0,-0.0023624632945364876,-0.009450143188486249,99169.68731127931,-830.312688720689,66805.68731127931,124,-0.008303126887206691,-0.014020525153273788,1261.6621721024028,27300.0,SHORT_PUT,1025.4158426487588,0.0,0.0,0.0,0.0,1261.6621721024028,27300.0,SHORT_PUT,1025.4158426487588,0.0,0.0,0.0,0.0,99.827,0
2018-04-10,265.1499938964844,0.0,100000,100186.61937069276,186.61937069275882,101025.41584264876,0,0.0018661937069275325,-0.005251528528158134,100186.61937069276,186.61937069275882,101025.41584264876,0,0.0018661937069275325,-0.005251528528158134,99684.28655444337,-315.71344555662654,66805.68731127931,124,-0.0031571344555659797,-0.00890420074721987,838.7964719559903,27300.0,SHORT_PUT,1025.4158426487588,0.0,0.0,0.0,0.0,838.7964719559903,27300.0,SHORT_PUT,1025.4158426487588,0.0,0.0,0.0,0.0,99.827,0
2018-04-11,263.760009765625,0.0,100000,100055.21686803938,55.21686803938064,101025.41584264876,0,0.0005521686803937609,-0.006556218111288814,100055.21686803938,55.21686803938064,101025.41584264876,0,0.0005521686803937609,-0.006556218111288814,99511.92852221681,-488.07147778318904,66805.68731127931,124,-0.004880714777831585,-0.010617844166977086,970.198974609375,27300.0,SHORT_PUT,1025.4158426487588,0.0,0.0,0.0,0.0,970.198974609375,27300.0,SHORT_PUT,1025.4158426487588,0.0,0.0,0.0,0.0,99.827,0
2018-04-12,265.92999267578125,0.0,100000,100283.06507360579,283.0650736057869,101025.41584264876,0,0.002830650736057816,-0.004293923449202541,100283.06507360579,283.0650736057869,101025.41584264876,0,0.002830650736057816,-0.004293923449202541,99781.00640307619,-218.99359692381404,66805.68731127931,124,-0.0021899359692377773,-0.007942578419391944,742.3507690429688,27300.0,SHORT_PUT,1025.4158426487588,0.0,0.0,0.0,0.0,742.3507690429688,27300.0,SHORT_PUT,1025.4158426487588,0.0,0.0,0.0,0.0,99.827,0
2018-04-13,265.1499938964844,0.0,100000,100240.4152322972,240.41523229719314,73725.41584264876,100,0.002404152322971864,-0.004717391819696881,100240.4152322972,240.41523229719314,73725.41584264876,100,0.002404152322971864,-0.004717391819696881,99684.28655444337,-315.71344555662654,66805.68731127931,124,-0.0031571344555659797,-0.00890420074721987,0.0,0.0,STOCK,1025.4158426487588,0.0,-785.0006103515625,0.0,0.0,0.0,0.0,STOCK,1025.4158426487588,0.0,-785.0006103515625,0.0,0.0,99.827,0
2018-04-16,267.3299865722656,0.0,100000,100458.41449987532,458.41449987531814,73725.41584264876,100,0.004584144998753148,-0.002552886823246614,100458.41449987532,458.41449987531814,73725.41584264876,100,0.004584144998753148,-0.002552886823246614,99954.60564624025,-45.39435375975154,66805.68731127931,124,-0.0004539435375972012,-0.006216594449396928,0.0,0.0,STOCK,1025.4158426487588,0.0,-567.0013427734375,0.0,0.0,0.0,0.0,STOCK,1025.4158426487588,0.0,-567.0013427734375,0.0,0.0,99.827,0
2018-04-17,270.19000244140625,0.0,100000,100709.94995943426,709.9499594342633,74035.5190525224,100,0.007099499594342529,-5.540247365076745e-05,100709.94995943426,709.9499594342633,74035.5190525224,100,0.007099499594342529,-5.540247365076745e-05,100309.24761401369,309.24761401368596,66805.68731127931,124,0.0030924761401371903,-0.0026906208316087588,344.56933722876283,0.0,COVERED_CALL,1335.5190525224016,0.0,-280.999755859375,0.0,0.0,344.56933722876283,0.0,COVERED_CALL,1335.5190525224016,0.0,-280.999755859375,0.0,0.0,99.827,0
2018-04-18,270.3900146484375,0.0,100000,100770.92315145541,770.9231514554122,74035.5190525224,100,0.007709231514553938,0.0,100770.92315145541,770.9231514554122,74035.5190525224,100,0.007709231514553938,0.0,100334.04912768556,334.04912768556096,66805.68731127931,124,0.0033404912768559836,-0.002444035568625713,303.5973659107409,0.0,COVERED_CALL,1335.5190525224016,0.0,-260.99853515625,0.0,0.0,303.5973659107409,0.0,COVERED_CALL,1335.5190525224016,0.0,-260.99853515625,0.0,0.0,99.827,0
2018-04-19,268.8900146484375,0.0,100000,100672.5212560496,672.5212560496002,74035.5190525224,100,0.006725212560495741,-0.0009764909591819526,100672.5212560496,672.5212560496002,74035.5190525224,100,0.006725212560495741,-0.0009764909591819526,100148.04912768556,148.04912768556096,66805.68731127931,124,0.0014804912768560108,-0.004293312170112307,251.999261316557,0.0,COVERED_CALL,1335.5190525224016,0.0,-410.99853515625,0.0,0.0,251.999261316557,0.0,COVERED_CALL,1335.5190525224016,0.0,-410.99853515625,0.0,0.0,99.827,0
2018-04-20,266.6099853515625,0.0,100000,100511.24182926817,511.24182926816866,74035.5190525224,100,0.005112418292681387,-0.0025769469413012835,100511.24182926817,511.24182926816866,74035.5190525224,100,0.005112418292681387,-0.0025769469413012835,99865.32549487306,-134.67450512693904,66805.68731127931,124,-0.0013467450512689716,-0.007104248723055484,185.27575841048738,0.0,COVERED_CALL,1335.5190525224016,0.0,-639.00146484375,0.0,0.0,185.27575841048738,0.0,COVERED_CALL,1335.5190525224016,0.0,-639.00146484375,0.0,0.0,99.827,0
2018-04-23,266.57000732421875,0.0,100000,100509.2805674907,509.28056749069947,74035.5190525224,100,0.005092805674906664,-0.0025964095175697866,100509.2805674907,509.28056749069947,74035.5190525224,100,0.005092805674906664,-0.0025964095175697866,99860.36821948244,-139.63178051756404,66805.68731127931,124,-0.00139631780517524,-0.007153535676749145,183.23921745358163,0.0,COVERED_CALL,1335.5190525224016,0.0,-642.999267578125,0.0,0.0,183.23921745358163,0.0,COVERED_CALL,1335.5190525224016,0.0,-642.999267578125,0.0,0.0,99.827,0
2018-04-24,262.9800109863281,0.0,100000,100243.8294967357,243.82949673570693,74035.5190525224,100,0.0024382949673567023,-0.0052306125441315965,100243.8294967357,243.82949673570693,74035.5190525224,100,0.0024382949673567023,-0.0052306125441315965,99415.208673584,-584.7913264160015,66805.68731127931,124,-0.0058479132641595655,-0.011579466494804902,89.69065441951275,0.0,COVERED_CALL,1335.5190525224016,0.0,-1001.9989013671875,0.0,0.0,89.69065441951275,0.0,COVERED_CALL,1335.5190525224016,0.0,-1001.9989013671875,0.0,0.0,99.827,0
2018-04-25,263.6300048828125,0.0,100000,100274.34395013047,274.3439501304674,74035.5190525224,100,0.002743439501304401,-0.004927802443355778,100274.34395013047,274.3439501304674,74035.5190525224,100,0.002743439501304401,-0.004927802443355778,99495.80791674806,-504.19208325193904,66805.68731127931,124,-0.005041920832518865,-0.010778120825552961,124.17559067317984,0.0,COVERED_CALL,1335.5190525224016,0.0,-936.99951171875,0.0,0.0,124.17559067317984,0.0,COVERED_CALL,1335.5190525224016,0.0,-936.99951171875,0.0,0.0,99.827,0
2018-04-26,266.3099975585937,0.0,100000,100494.11110191484,494.1111019148375,74035.5190525224,100,0.004941111019148181,-0.002746943670690949,100494.11110191484,494.1111019148375,74035.5190525224,100,0.004941111019148181,-0.002746943670690949,99828.12700854492,-171.8729914550786,66805.68731127931,124,-0.0017187299145503543,-0.007474088993901451,172.40770646693434,0.0,COVERED_CALL,1335.5190525224016,0.0,-669.0002441406323,0.0,0.0,172.40770646693434,0.0,COVERED_CALL,1335.5190525224016,0.0,-669.0002441406323,0.0,0.0,99.827,0
2018-04-27,266.5599975585937,0.0,100000,100554.54922670586,554.549226705858,74035.5190525224,100,0.005545492267058361,-0.00214718609280129,100554.54922670586,554.549226705858,74035.5190525224,100,0.005545492267058361,-0.00214718609280129,99859.12700854492,-140.8729914550786,66805.68731127931,124,-0.0014087299145503218,-0.007165876226986945,136.96958167591387,0.0,COVERED_CALL,1335.5190525224016,0.0,-644.0002441406323,0.0,0.0,136.96958167591387,0.0,COVERED_CALL,1335.5190525224016,0.0,-644.0002441406323,0.0,0.0,99.827,0
2018-04-30,264.510009765625,0.0,100000,100422.63582496582,422.6358249658224,74035.5190525224,100,0.004226358249658002,-0.0034562283999932664,100422.63582496582,422.6358249658224,74035.5190525224,100,0.004226358249658002,-0.0034562283999932664,99604.92852221681,-395.07147778318904,66805.68731127931,124,-0.003950714777831488,-0.009693205866233678,63.88420411908694,0.0,COVERED_CALL,1335.5190525224016,0.0,-848.9990234375,0.0,0.0,63.88420411908694,0.0,COVERED_CALL,1335.5190525224016,0.0,-848.9990234375,0.0,0.0,99.827,0
2018-05-01,264.9800109863281,0.0,100000,100461.83119049839,461.8311904983857,74035.5190525224,100,0.00461831190498363,-0.0030672732896619426,100461.83119049839,461.8311904983857,74035.5190525224,100,0.00461831190498363,-0.0030672732896619426,99662.898673584,-337.1013264159992,58590.99697070314,155,-0.0033710132641596724,-0.009116846487158603,71.68896065683178,0.0,COVERED_CALL,1335.5190525224016,0.0,-801.9989013671875,0.0,0.0,71.68896065683178,0.0,COVERED_CALL,1335.5190525224016,0.0,-801.9989013671875,0.0,0.0,99.827,31
2018-05-02,263.20001220703125,0.0,100000,100316.99433499138,316.99433499138104,74035.5190525224,100,0.0031699433499137175,-0.004504561457492895,100316.99433499138,316.99433499138104,74035.5190525224,100,0.0031699433499137175,-0.004504561457492895,99386.99886279299,-613.0011372070148,58590.99697070314,155,-0.00613001137206981,-0.011859938231515654,38.52593823415157,0.0,COVERED_CALL,1335.5190525224016,0.0,-979.998779296875,0.0,0.0,38.52593823415157,0.0,COVERED_CALL,1335.5190525224016,0.0,-979.998779296875,0.0,0.0,99.827,0
2018-05-03,262.6199951171875,0.0,100000,100264.65725686312,264.6572568631236,74035.5190525224,100,0.0026465725686311004,-0.0050239283193961315,100264.65725686312,264.6572568631236,74035.5190525224,100,0.0026465725686311004,-0.0050239283193961315,99297.0962138672,-702.9037861327961,58590.99697070314,155,-0.007029037861327581,-0.012753781592107605,32.86130737802305,0.0,COVERED_CALL,1335.5190525224016,0.0,-1038.00048828125,0.0,0.0,32.86130737802305,0.0,COVERED_CALL,1335.5190525224016,0.0,-1038.00048828125,0.0,0.0,99.827,0
2018-05-04,266.0199890136719,0.0,100000,100570.91904781254,570.9190478125383,74035.5190525224,100,0.005709190478125237,-0.0019847402146179194,100570.91904781254,570.9190478125383,74035.5190525224,100,0.005709190478125237,-0.0019847402146179194,99824.09526782228,-175.90473217771796,58590.99697070314,155,-0.0017590473217768965,-0.007514173960469495,66.59890607705137,0.0,COVERED_CALL,1335.5190525224016,0.0,-698.0010986328125,0.0,0.0,66.59890607705137,0.0,COVERED_CALL,1335.5190525224016,0.0,-698.0010986328125,0.0,0.0,99.827,0
2018-05-07,266.9200134277344,0.0,100000,100682.19364877614,682.1936487761413,74035.5190525224,100,0.006821936487761304,-0.0008805069945216903,100682.19364877614,682.1936487761413,74035.5190525224,100,0.006821936487761304,-0.0008805069945216903,99963.59905200197,-36.40094799803046,58590.99697070314,155,-0.0003640094799800542,-0.006127178885725781,45.32674651970254,0.0,COVERED_CALL,1335.5190525224016,0.0,-607.9986572265625,0.0,0.0,45.32674651970254,0.0,COVERED_CALL,1335.5190525224016,0.0,-607.9986572265625,0.0,0.0,99.827,0
2018-05-08,266.9200134277344,0.0,100000,100689.2404836409,689.2404836408969,74035.5190525224,100,0.006892404836408739,-0.0008105777466358433,100689.2404836409,689.2404836408969,74035.5190525224,100,0.006892404836408739,-0.0008105777466358433,99963.59905200197,-36.40094799803046,58590.99697070314,155,-0.0003640094799800542,-0.006127178885725781,38.27991165494499,0.0,COVERED_CALL,1335.5190525224016,0.0,-607.9986572265625,0.0,0.0,38.27991165494499,0.0,COVERED_CALL,1335.5190525224016,0.0,-607.9986572265625,0.0,0.0,99.827,0
2018-05-09,269.5,0.0,100000,100914.51378183991,914.5137818399089,74035.5190525224,100,0.009145137818398874,0.0,100914.51378183991,914.5137818399089,74035.5190525224,100,0.009145137818398874,0.0,100363.49697070314,363.4969707031414,58590.99697070314,155,0.003634969707031699,-0.0021512548855254776,71.00527068249185,0.0,COVERED_CALL,1335.5190525224016,0.0,-350.0,0.0,0.0,71.00527068249185,0.0,COVERED_CALL,1335.5190525224016,0.0,-350.0,0.0,0.0,99.827,0
2018-05-10,272.0199890136719,0.0,100000,101130.79757668966,1130.7975766896561,74035.5190525224,100,0.01130797576689635,0.0,101130.79757668966,1130.7975766896561,74035.5190525224,100,0.01130797576689635,0.0,100754.09526782228,754.095267822282,58590.99697070314,155,0.0075409526782230785,0.0,106.72037719992696,0.0,COVERED_CALL,1335.5190525224016,0.0,-98.0010986328125,0.0,0.0,106.72037719992696,0.0,COVERED_CALL,1335.5190525224016,0.0,-98.0010986328125,0.0,0.0,99.827,0
2018-05-11,272.8500061035156,0.0,100000,101201.97397268817,1201.9739726881671,74035.5190525224,100,0.012019739726881529,0.0,101201.97397268817,1201.9739726881671,74035.5190525224,100,0.012019739726881529,0.0,100882.74791674806,882.7479167480633,58590.99697070314,155,0.008827479167480945,0.0,118.54569018580321,0.0,COVERED_CALL,1335.5190525224016,0.0,-14.9993896484375,0.0,0.0,118.54569018580321,0.0,COVERED_CALL,1335.5190525224016,0.0,-14.9993896484375,0.0,0.0,99.827,0
2018-05-14,272.9800109863281,0.0,100000,101263.52364795482,1263.5236479548184,74035.5190525224,100,0.012635236479547896,0.0,101263.52364795482,1263.5236479548184,74035.5190525224,100,0.012635236479547896,0.0,100902.898673584,902.8986735840008,58590.99697070314,155,0.009028986735840405,0.0,69.99650320039841,0.0,COVERED_CALL,1335.5190525224016,0.0,-1.9989013671875,0.0,0.0,69.99650320039841,0.0,COVERED_CALL,1335.5190525224016,0.0,-1.9989013671875,0.0,0.0,99.827,0
2018-05-15,271.1000061035156,0.0,100000,101126.92962703605,1126.92962703605,74035.5190525224,100,0.011269296270360218,-0.0013488965818890808,101126.92962703605,1126.92962703605,74035.5190525224,100,0.011269296270360218,-0.0013488965818890808,100611.49791674806,611.4979167480633,58590.99697070314,155,0.006114979167481049,-0.002887932464443854,18.590035837915252,0.0,COVERED_CALL,1335.5190525224016,0.0,-189.9993896484375,0.0,0.0,18.590035837915252,0.0,COVERED_CALL,1335.5190525224016,0.0,-189.9993896484375,0.0,0.0,99.827,0
2018-05-16,272.239990234375,0.0,100000,101229.6996938102,1229.6996938101947,74035.5190525224,100,0.012296996938101712,-0.00033401913074060374,101229.6996938102,1229.6996938101947,74035.5190525224,100,0.012296996938101712,-0.00033401913074060374,100788.19545703127,788.1954570312664,58590.99697070314,155,0.007881954570313265,-0.0011367682996280548,29.818382149706046,0.0,COVERED_CALL,1335.5190525224016,0.0,-76.0009765625,0.0,0.0,29.818382149706046,0.0,COVERED_CALL,1335.5190525224016,0.0,-76.0009765625,0.0,0.0,99.827,0
2018-05-17,272.010009765625,0.0,100000,101230.52010074595,1230.5201007459546,74035.5190525224,100,0.012305201007459354,-0.00032591742830900827,101230.52010074595,1230.5201007459546,74035.5190525224,100,0.012305201007459354,-0.00032591742830900827,100752.54848437502,752.5484843750164,58590.99697070314,155,0.007525484843750707,-0.0014900482660596959,5.999928338946091,0.0,COVERED_CALL,1335.5190525224016,0.0,-98.9990234375,0.0,0.0,5.999928338946091,0.0,COVERED_CALL,1335.5190525224016,0.0,-98.9990234375,0.0,0.0,99.827,0
2018-05-18,271.3299865722656,0.0,100000,101168.51770974896,1168.517709748965,74035.5190525224,100,0.011685177097489508,-0.0009382049407655746,101168.51770974896,1168.517709748965,74035.5190525224,100,0.011685177097489508,-0.0009382049407655746,100647.14488940431,647.1448894043133,58590.99697070314,155,0.006471448894043608,-0.002534652498012324,0.0,0.0,STOCK,1335.5190525224016,0.0,-167.0013427734375,0.0,0.0,0.0,0.0,STOCK,1335.5190525224016,0.0,-167.0013427734375,0.0,0.0,99.827,0
2018-05-21,273.3699951171875,0.0,100000,101372.51856424115,1372.5185642411525,74035.5190525224,100,0.01372518564241143,0.0,101372.51856424115,1372.5185642411525,74035.5190525224,100,0.01372518564241143,0.0,100963.3462138672,963.3462138672039,58590.99697070314,155,0.009633462138672444,0.0,0.0,0.0,STOCK,1335.5190525224016,0.0,36.99951171875,0.0,0.0,0.0,0.0,STOCK,1335.5190525224016,0.0,36.99951171875,0.0,0.0,99.827,0
2018-05-22,272.6099853515625,0.0,100000,101279.19305990421,1279.1930599042098,74182.77706637964,100,0.012791930599042045,-0.0009206193715883826,101279.19305990421,1279.1930599042098,74182.77706637964,100,0.012791930599042045,-0.0009206193715883826,100845.54470019533,845.5447001953289,58590.99697070314,155,0.008455447001953775,-0.0011667750534172239,164.58254163168155,0.0,COVERED_CALL,1482.7770663796373,0.0,-39.00146484375,0.0,0.0,164.58254163168155,0.0,COVERED_CALL,1482.7770663796373,0.0,-39.00146484375,0.0,0.0,99.827,0
2018-05-23,273.3599853515625,0.0,100000,101335.51907015829,1335.5190701582906,74182.77706637964,100,0.013355190701582753,-0.0003649854478008363,101335.51907015829,1335.5190701582906,74182.77706637964,100,0.013355190701582753,-0.0003649854478008363,100961.79470019533,961.7947001953289,58590.99697070314,155,0.00961794700195373,-1.5367098358476383e-05,183.25653137759494,0.0,COVERED_CALL,1482.7770663796373,0.0,35.99853515625,0.0,0.0,183.25653137759494,0.0,COVERED_CALL,1482.7770663796373,0.0,35.99853515625,0.0,0.0,99.827,0
2018-05-24,272.79998779296875,0.0,100000,101317.8540201279,1317.8540201278956,74182.77706637964,100,0.013178540201278732,-0.0005392442141863851,101317.8540201279,1317.8540201278956,74182.77706637964,100,0.013178540201278732,-0.0005392442141863851,100874.9950786133,874.9950786132977,58590.99697070314,155,0.008749950786133498,-0.0008750812900628624,144.92182554862615,0.0,COVERED_CALL,1482.7770663796373,0.0,-20.001220703125,0.0,0.0,144.92182554862615,0.0,COVERED_CALL,1482.7770663796373,0.0,-20.001220703125,0.0,0.0,99.827,0
2018-05-25,272.1499938964844,0.0,100000,101275.4887225466,1275.4887225465936,74182.77706637964,100,0.012754887225465694,-0.0009571612017618136,101275.4887225466,1275.4887225465936,74182.77706637964,100,0.012754887225465694,-0.0009571612017618136,100774.24602465822,774.2460246582195,58590.99697070314,155,0.007742460246582761,-0.001872958814265191,122.28773348147901,0.0,COVERED_CALL,1482.7770663796373,0.0,-85.0006103515625,0.0,0.0,122.28773348147901,0.0,COVERED_CALL,1482.7770663796373,0.0,-85.0006103515625,0.0,0.0,99.827,0
2018-05-29,269.0199890136719,0.0,100000,101025.00540906578,1025.0054090657795,74182.77706637964,100,0.010250054090657601,-0.0034280805103521494,101025.00540906578,1025.0054090657795,74182.77706637964,100,0.010250054090657601,-0.0034280805103521494,100289.09526782228,289.09526782228204,58590.99697070314,155,0.0028909526782234796,-0.006678175509522544,59.77055868104589,0.0,COVERED_CALL,1482.7770663796373,0.0,-398.0010986328125,0.0,0.0,59.77055868104589,0.0,COVERED_CALL,1482.7770663796373,0.0,-398.0010986328125,0.0,0.0,99.827,0
2018-05-30,272.6099853515625,0.0,100000,101237.92412367887,1237.9241236788657,74182.77706637964,100,0.012379241236788463,-0.001327721185865549,101237.92412367887,1237.9241236788657,74182.77706637964,100,0.012379241236788463,-0.001327721185865549,100845.54470019533,845.5447001953289,58590.99697070314,155,0.008455447001953775,-0.0011667750534172239,205.85147785702773,0.0,COVERED_CALL,1482.7770663796373,0.0,-39.00146484375,0.0,0.0,205.85147785702773,0.0,COVERED_CALL,1482.7770663796373,0.0,-39.00146484375,0.0,0.0,99.827,0
2018-05-31,270.94000244140625,0.0,100000,101165.80768705343,1165.8076870534278,74182.77706637964,100,0.011658076870534106,-0.002039121451409276,101165.80768705343,1165.8076870534278,74182.77706637964,100,0.011658076870534106,-0.002039121451409276,100586.69734912111,586.6973491211102,58590.99697070314,155,0.005866973491211569,-0.0037305505301720165,110.96962346684253,0.0,COVERED_CALL,1482.7770663796373,0.0,-205.999755859375,0.0,0.0,110.96962346684253,0.0,COVERED_CALL,1482.7770663796373,0.0,-205.999755859375,0.0,0.0,99.827,0
2018-06-01,273.6000061035156,0.0,100000,101363.38768857587,1363.3876885758655,74182.77706637964,100,0.013633876885758678,-9.007249493842018e-05,101363.38768857587,1363.3876885758655,74182.77706637964,100,0.013633876885758678,-9.007249493842018e-05,100998.68791674807,998.6879167480656,50109.08678149416,186,0.009986879167481089,0.0,179.38998815533054,0.0,COVERED_CALL,1482.7770663796373,0.0,60.0006103515625,0.0,0.0,179.38998815533054,0.0,COVERED_CALL,1482.7770663796373,0.0,60.0006103515625,0.0,0.0,99.827,31
2018-06-04,274.8999938964844,0.0,100000,101524.85056737803,1524.850567378031,74182.77706637964,100,0.015248505673780333,0.0,101524.85056737803,1524.850567378031,74182.77706637964,100,0.015248505673780333,0.0,101240.48564624025,1240.4856462402531,50109.08678149416,186,0.012404856462402858,0.0,147.92588865005035,0.0,COVERED_CALL,1482.7770663796373,0.0,189.9993896484375,0.0,0.0,147.92588865005035,0.0,COVERED_CALL,1482.7770663796373,0.0,189.9993896484375,0.0,0.0,99.827,0
2018-06-05,275.1000061035156,0.0,100000,101562.40018480975,1562.4001848097541,74182.77706637964,100,0.015624001848097535,0.0,101562.40018480975,1562.4001848097541,74182.77706637964,100,0.015624001848097535,0.0,101277.68791674807,1277.6879167480656,50109.08678149416,186,0.012776879167480937,0.0,130.37749192145037,0.0,COVERED_CALL,1482.7770663796373,0.0,210.0006103515625,0.0,0.0,130.37749192145037,0.0,COVERED_CALL,1482.7770663796373,0.0,210.0006103515625,0.0,0.0,99.827,0
2018-06-06,277.3999938964844,0.0,100000,101731.29516003137,1731.2951600313681,74182.77706637964,100,0.017312951600313653,0.0,101731.29516003137,1731.2951600313681,74182.77706637964,100,0.017312951600313653,0.0,101705.48564624025,1705.4856462402531,50109.08678149416,186,0.01705485646240268,0.0,191.48129599670577,0.0,COVERED_CALL,1482.7770663796373,0.0,439.9993896484375,0.0,0.0,191.48129599670577,0.0,COVERED_CALL,1482.7770663796373,0.0,439.9993896484375,0.0,0.0,99.827,0
2018-06-07,277.3699951171875,0.0,100000,101755.59213800126,1755.5921380012587,74182.77706637964,100,0.017555921380012718,0.0,101755.59213800126,1755.5921380012587,74182.77706637964,100,0.017555921380012718,0.0,101699.90587329103,1699.9058732910344,50109.08678149416,186,0.01699905873291052,-5.48620648509468e-05,164.1844400971363,0.0,COVERED_CALL,1482.7770663796373,0.0,436.99951171875,0.0,0.0,164.1844400971363,0.0,COVERED_CALL,1482.7770663796373,0.0,436.99951171875,0.0,0.0,99.827,0
2018-06-08,278.19000244140625,0.0,100000,101803.42198581221,1803.4219858122087,74182.77706637964,100,0.018034219858122258,0.0,101803.42198581221,1803.4219858122087,74182.77706637964,100,0.018034219858122258,0.0,101852.42723559572,1852.4272355957219,50109.08678149416,186,0.018524272355957327,0.0,198.35532470806172,0.0,COVERED_CALL,1482.7770663796373,0.0,519.000244140625,0.0,0.0,198.35532470806172,0.0,COVERED_CALL,1482.7770663796373,0.0,519.000244140625,0.0,0.0,99.827,0
2018-06-11,278.5599975585937,0.0,100000,101855.33051738367,1855.3305173836707,74182.77706637964,100,0.01855330517383691,0.0,101855.33051738367,1855.3305173836707,74182.77706637964,100,0.01855330517383691,0.0,101921.24632739258,1921.2463273925823,50109.08678149416,186,0.019212463273925895,0.0,183.44630485535026,0.0,COVERED_CALL,1482.7770663796373,0.0,555.9997558593677,0.0,0.0,183.44630485535026,0.0,COVERED_CALL,1482.7770663796373,0.0,555.9997558593677,0.0,0.0,99.827,0
2018-06-12,278.9200134277344,0.0,100000,101883.72943734488,1883.7294373448822,74182.77706637964,100,0.018837294373449165,0.0,101883.72943734488,1883.7294373448822,74182.77706637964,100,0.018837294373449165,0.0,101988.20927905275,1988.2092790527531,50109.08678149416,186,0.01988209279052766,0.0,191.04897180819714,0.0,COVERED_CALL,1482.7770663796373,0.0,592.0013427734375,0.0,0.0,191.04897180819714,0.0,COVERED_CALL,1482.7770663796373,0.0,592.0013427734375,0.0,0.0,99.827,0
2018-06-13,278.0299987792969,0.0,100000,101844.67355330959,1844.6735533095925,74182.77706637964,100,0.01844673553309617,-0.00038333779349253305,101844.67355330959,1844.6735533095925,74182.77706637964,100,0.01844673553309617,-0.00038333779349253305,101822.66655444338,1822.6665544433781,50109.08678149416,186,0.018226665544433862,-0.0016231555174818224,141.1033909997321,0.0,COVERED_CALL,1482.7770663796373,0.0,502.9998779296875,0.0,0.0,141.1033909997321,0.0,COVERED_CALL,1482.7770663796373,0.0,502.9998779296875,0.0,0.0,99.827,0
2018-06-14,278.7300109863281,0.0,100000,101888.79058221077,1888.7905822107714,74182.77706637964,100,0.018887905822108086,0.0,101888.79058221077,1888.7905822107714,74182.77706637964,100,0.018887905822108086,0.0,101952.86882495119,1952.8688249511906,50109.08678149416,186,0.019528688249511816,-0.00034651509572924954,166.9875828016771,0.0,COVERED_CALL,1482.7770663796373,0.0,573.0010986328125,0.0,0.0,166.9875828016771,0.0,COVERED_CALL,1482.7770663796373,0.0,573.0010986328125,0.0,0.0,99.827,0
2018-06-15,277.1300048828125,0.0,100000,101937.54464815912,1937.5446481591207,74307.37706637965,100,0.01937544648159162,0.0,101937.54464815912,1937.5446481591207,74307.37706637965,100,0.01937544648159162,0.0,101887.0236896973,1887.0236896972929,50340.84278149416,186,0.01887023689697287,-0.0009921302675157673,82.83290650177278,0.0,COVERED_CALL,1482.7770663796373,0.0,413.00048828125,124.6,0.0,82.83290650177278,0.0,COVERED_CALL,1482.7770663796373,0.0,413.00048828125,124.6,0.0,331.58299999999997,0
2018-06-18,276.5599975585937,0.0,100000,101931.60057519966,1931.6005751996563,74307.37706637965,100,0.01931600575199699,-5.83109293046391e-05,101931.60057519966,1931.6005751996563,74307.37706637965,100,0.01931600575199699,-5.83109293046391e-05,101781.00232739259,1781.0023273925908,50340.84278149416,186,0.017810023273926,-0.0020316755547028498,31.776247039362637,0.0,COVERED_CALL,1482.7770663796373,0.0,355.9997558593677,124.6,0.0,31.776247039362637,0.0,COVERED_CALL,1482.7770663796373,0.0,355.9997558593677,124.6,0.0,331.58299999999997,0
2018-06-19,275.5,0.0,100000,101846.04295296205,1846.042952962045,74307.37706637965,100,0.018460429529620903,-0.0008976250655525764,101846.04295296205,1846.042952962045,74307.37706637965,100,0.018460429529620903,-0.0008976250655525764,101583.84278149417,1583.8427814941679,50340.84278149416,186,0.015838427814941713,-0.003964835743435757,11.334113417601642,0.0,COVERED_CALL,1482.7770663796373,0.0,250.0,124.6,0.0,11.334113417601642,0.0,COVERED_CALL,1482.7770663796373,0.0,250.0,124.6,0.0,331.58299999999997,0
2018-06-20,275.9700012207031,0.0,100000,101894.57112120168,1894.5711212016759,74307.37706637965,100,0.01894571121201727,-0.0004215672165320816,101894.57112120168,1894.5711212016759,74307.37706637965,100,0.01894571121201727,-0.0004215672165320816,101671.26300854495,1671.2630085449491,50340.84278149416,186,0.01671263008544943,-0.0031076756102327296,9.806067248288585,0.0,COVERED_CALL,1482.7770663796373,0.0,297.0001220703125,124.6,0.0,9.806067248288585,0.0,COVERED_CALL,1482.7770663796373,0.0,297.0001220703125,124.6,0.0,331.58299999999997,0
2018-06-21,274.239990234375,0.0,100000,101730.3265026473,1730.3265026472945,74307.37706637965,100,0.017303265026473502,-0.002032795141643118,101730.3265026473,1730.3265026472945,74307.37706637965,100,0.017303265026473502,-0.002032795141643118,101349.48096508792,1349.4809650879179,50340.84278149416,186,0.013494809650879125,-0.0062627662401367745,1.0495871698530048,0.0,COVERED_CALL,1482.7770663796373,0.0,123.9990234375,124.6,0.0,1.0495871698530048,0.0,COVERED_CALL,1482.7770663796373,0.0,123.9990234375,124.6,0.0,331.58299999999997,0
2018-06-22,274.739990234375,0.0,100000,101781.37608981715,1781.3760898171458,74307.37706637965,100,0.017813760898171882,-0.0015320023538039074,101781.37608981715,1781.3760898171458,74307.37706637965,100,0.017813760898171882,-0.0015320023538039074,101442.48096508792,1442.4809650879179,50340.84278149416,186,0.014424809650879222,-0.005350896126351867,0.0,0.0,STOCK,1482.7770663796373,0.0,173.9990234375,124.6,0.0,0.0,0.0,STOCK,1482.7770663796373,0.0,173.9990234375,124.6,0.0,331.58299999999997,0
2018-06-25,271.0,0.0,100000,101407.37706637965,1407.3770663796458,74307.37706637965,100,0.01407377066379678,-0.00520090594303968,101407.37706637965,1407.3770663796458,74307.37706637965,100,0.01407377066379678,-0.00520090594303968,100746.84278149417,746.8427814941679,50340.84278149416,186,0.007468427814941725,-0.012171666767499145,0.0,0.0,STOCK,1482.7770663796373,0.0,-200.0,124.6,0.0,0.0,0.0,STOCK,1482.7770663796373,0.0,-200.0,124.6,0.0,331.58299999999997,0
2018-06-26,271.6000061035156,0.0,100000,101432.42077215393,1432.4207721539278,74622.14265986391,100,0.014324207721539528,-0.004955228986029292,101432.42077215393,1432.4207721539278,74622.14265986391,100,0.014324207721539528,-0.004955228986029292,100858.44391674807,858.4439167480741,50340.84278149416,186,0.00858443916748075,-0.011077411499730405,349.72249806154554,0.0,COVERED_CALL,1797.5426598638928,0.0,-139.9993896484375,124.6,0.0,349.72249806154554,0.0,COVERED_CALL,1797.5426598638928,0.0,-139.9993896484375,124.6,0.0,331.58299999999997,0
2018-06-27,269.3500061035156,0.0,100000,101334.03116051867,1334.0311605186726,74622.14265986391,100,0.013340311605186894,-0.005920424017701431,101334.03116051867,1334.0311605186726,74622.14265986391,100,0.013340311605186894,-0.005920424017701431,100439.94391674807,439.9439167480741,50340.84278149416,186,0.0043994391674808675,-0.015180827011762044,223.1121096968031,0.0,COVERED_CALL,1797.5426598638928,0.0,-364.9993896484375,124.6,0.0,223.1121096968031,0.0,COVERED_CALL,1797.5426598638928,0.0,-364.9993896484375,124.6,0.0,331.58299999999997,0
2018-06-28,270.8900146484375,0.0,100000,101388.77588088231,1388.7758808823128,74622.14265986391,100,0.013887758808823314,-0.0053833822383198005,101388.77588088231,1388.7758808823128,74622.14265986391,100,0.013887758808823314,-0.0053833822383198005,100726.38550610354,726.3855061035429,50340.84278149416,186,0.007263855061035551,-0.012372251477587026,322.36824382534655,0.0,COVERED_CALL,1797.5426598638928,0.0,-210.99853515625,124.6,0.0,322.36824382534655,0.0,COVERED_CALL,1797.5426598638928,0.0,-210.99853515625,124.6,0.0,331.58299999999997,0
2018-06-29,271.2799987792969,0.0,100000,101453.81549899587,1453.8154989958712,74622.14265986391,100,0.014538154989958807,-0.004745348250567383,101453.81549899587,1453.8154989958712,74622.14265986391,100,0.014538154989958807,-0.004745348250567383,100798.92255444339,798.9225544433866,50340.84278149416,186,0.00798922554443382,-0.011661021730025145,296.3270387977217,0.0,COVERED_CALL,1797.5426598638928,0.0,-172.0001220703125,124.6,0.0,296.3270387977217,0.0,COVERED_CALL,1797.5426598638928,0.0,-172.0001220703125,124.6,0.0,331.58299999999997,0
2018-07-02,271.8599853515625,0.0,100000,101539.5538565443,1539.5538565442985,74622.14265986391,100,0.015395538565443179,-0.0039042611138861982,101539.5538565443,1539.5538565442985,74622.14265986391,100,0.015395538565443179,-0.0039042611138861982,100906.50005688479,906.50005688479,42184.74322094729,216,0.009065000568847736,-0.010606218403230283,268.5873384758568,0.0,COVERED_CALL,1797.5426598638928,0.0,-114.00146484375,124.6,0.0,268.5873384758568,0.0,COVERED_CALL,1797.5426598638928,0.0,-114.00146484375,124.6,0.0,331.58299999999997,30
2018-07-03,270.8999938964844,0.0,100000,101497.83437558284,1497.8343755828391,74622.14265986391,100,0.014978343755828627,-0.004313526229162923,101497.83437558284,1497.8343755828391,74622.14265986391,100,0.014978343755828627,-0.004313526229162923,100699.14190258791,699.141902587915,42184.74322094729,216,0.006991419025878853,-0.01263937650810032,214.30767392950543,0.0,COVERED_CALL,1797.5426598638928,0.0,-210.0006103515625,124.6,0.0,214.30767392950543,0.0,COVERED_CALL,1797.5426598638928,0.0,-210.0006103515625,124.6,0.0,331.58299999999997,0
2018-07-05,273.1099853515625,0.0,100000,101645.01904214719,1645.0190421471925,74622.14265986391,100,0.01645019042147222,-0.0028696552091930227,101645.01904214719,1645.0190421471925,74622.14265986391,100,0.01645019042147222,-0.0028696552091930227,101176.50005688479,1176.50005688479,42184.74322094729,216,0.011765000568847661,-0.007958853556758294,288.1221528729623,0.0,COVERED_CALL,1797.5426598638928,0.0,10.99853515625,124.6,0.0,288.1221528729623,0.0,COVERED_CALL,1797.5426598638928,0.0,10.99853515625,124.6,0.0,331.58299999999997,0
2018-07-06,275.4200134277344,0.0,100000,101818.09485088472,1818.0948508847214,74622.14265986391,100,0.01818094850884755,-0.0011717939419346735,101818.09485088472,1818.0948508847214,74622.14265986391,100,0.01818094850884755,-0.0011717939419346735,101675.46612133791,1675.466121337915,42184.74322094729,216,0.016754661213378874,-0.003066463858181656,346.04915175262164,0.0,COVERED_CALL,1797.5426598638928,0.0,242.0013427734375,124.6,0.0,346.04915175262164,0.0,COVERED_CALL,1797.5426598638928,0.0,242.0013427734375,124.6,0.0,331.58299999999997,0
2018-07-09,277.8999938964844,0.0,100000,102008.73591213024,2008.7359121302434,74622.14265986391,100,0.020087359121302883,0.0,102008.73591213024,2008.7359121302434,74622.14265986391,100,0.020087359121302883,0.0,102211.14190258791,2211.141902587915,42184.74322094729,216,0.022111419025878876,0.0,403.4061373821073,0.0,COVERED_CALL,1797.5426598638928,0.0,489.9993896484375,124.6,0.0,403.4061373821073,0.0,COVERED_CALL,1797.5426598638928,0.0,489.9993896484375,124.6,0.0,331.58299999999997,0
2018-07-10,278.8999938964844,0.0,100000,102074.10001975065,2074.100019750651,74622.14265986391,100,0.02074100019750702,0.0,102074.10001975065,2074.100019750651,74622.14265986391,100,0.02074100019750702,0.0,102427.14190258791,2427.141902587915,42184.74322094729,216,0.024271419025878815,0.0,438.0420297616903,0.0,COVERED_CALL,1797.5426598638928,0.0,589.9993896484375,124.6,0.0,438.0420297616903,0.0,COVERED_CALL,1797.5426598638928,0.0,589.9993896484375,124.6,0.0,331.58299999999997,0
2018-07-11,276.8599853515625,0.0,100000,102000.97149690083,2000.9714969008346,74622.14265986391,100,0.02000971496900883,-0.0007164258400090828,102000.97149690083,2000.9714969008346,74622.14265986391,100,0.02000971496900883,-0.0007164258400090828,101986.50005688479,1986.50005688479,42184.74322094729,216,0.019865000568847657,-0.0043020027457388865,307.16969811932887,0.0,COVERED_CALL,1797.5426598638928,0.0,385.99853515625,124.6,0.0,307.16969811932887,0.0,COVERED_CALL,1797.5426598638928,0.0,385.99853515625,124.6,0.0,331.58299999999997,0
2018-07-12,279.3699951171875,0.0,100000,102088.88297498674,2088.8829749867436,74622.14265986391,100,0.020888829749867943,0.0,102088.88297498674,2088.8829749867436,74622.14265986391,100,0.020888829749867943,0.0,102528.66216625979,2528.66216625979,42184.74322094729,216,0.025286621662597764,0.0,470.2591965959174,0.0,COVERED_CALL,1797.5426598638928,0.0,636.99951171875,124.6,0.0,470.2591965959174,0.0,COVERED_CALL,1797.5426598638928,0.0,636.99951171875,124.6,0.0,331.58299999999997,0
2018-07-13,279.5899963378906,0.0,100000,102129.1135345204,2129.1135345203948,74622.14265986391,100,0.021291135345204548,0.0,102129.1135345204,2129.1135345203948,74622.14265986391,100,0.021291135345204548,0.0,102576.18242993166,2576.182429931665,42184.74322094729,216,0.025761824299316505,0.0,452.028759132569,0.0,COVERED_CALL,1797.5426598638928,0.0,658.9996337890625,124.6,0.0,452.028759132569,0.0,COVERED_CALL,1797.5426598638928,0.0,658.9996337890625,124.6,0.0,331.58299999999997,0
2018-07-16,279.3399963378906,0.0,100000,102160.79251693423,2160.7925169342343,74622.14265986391,100,0.021607925169343067,0.0,102160.79251693423,2160.7925169342343,74622.14265986391,100,0.021607925169343067,0.0,102522.18242993166,2522.182429931665,42184.74322094729,216,0.02522182429931652,-0.0005264379968213939,395.3497767187386,0.0,COVERED_CALL,1797.5426598638928,0.0,633.9996337890625,124.6,0.0,395.3497767187386,0.0,COVERED_CALL,1797.5426598638928,0.0,633.9996337890625,124.6,0.0,331.58299999999997,0
2018-07-17,280.4700012207031,0.0,100000,102190.73688881536,2190.736888815358,74622.14265986391,100,0.021907368888154366,0.0,102190.73688881536,2190.736888815358,74622.14265986391,100,0.021907368888154366,0.0,102766.26348461916,2766.263484619165,42184.74322094729,216,0.02766263484619169,0.0,478.4058931188587,0.0,COVERED_CALL,1797.5426598638928,0.0,747.0001220703125,124.6,0.0,478.4058931188587,0.0,COVERED_CALL,1797.5426598638928,0.0,747.0001220703125,124.6,0.0,331.58299999999997,0
2018-07-18,281.0599975585937,0.0,100000,102224.6324601739,2224.6324601739034,74622.14265986391,100,0.02224632460173992,0.0,102224.6324601739,2224.6324601739034,74622.14265986391,100,0.02224632460173992,0.0,102893.70269360353,2893.7026936035254,42184.74322094729,216,0.02893702693603517,0.0,503.5099555493687,0.0,COVERED_CALL,1797.5426598638928,0.0,805.9997558593677,124.6,0.0,503.5099555493687,0.0,COVERED_CALL,1797.5426598638928,0.0,805.9997558593677,124.6,0.0,331.58299999999997,0
2018-07-19,280.0,0.0,100000,102213.37201436354,2213.3720143635437,74622.14265986391,100,0.02213372014363646,-0.00011015393784596927,102213.37201436354,2213.3720143635437,74622.14265986391,100,0.02213372014363646,-0.00011015393784596927,102664.74322094729,2664.74322094729,42184.74322094729,216,0.026647432209472743,-0.0022252039402065327,408.7706455003582,0.0,COVERED_CALL,1797.5426598638928,0.0,700.0,124.6,0.0,408.7706455003582,0.0,COVERED_CALL,1797.5426598638928,0.0,700.0,124.6,0.0,331.58299999999997,0
2018-07-20,279.67999267578125,0.0,100000,102207.29103729893,2207.291037298928,74622.14265986391,100,0.022072910372990195,-0.00016964035436106695,102207.29103729893,2207.291037298928,74622.14265986391,100,0.022072910372990195,-0.00016964035436106695,102595.62163891604,2595.62163891604,42184.74322094729,216,0.025956216389160236,-0.0028969805428726847,382.8508901431026,0.0,COVERED_CALL,1797.5426598638928,0.0,667.999267578125,124.6,0.0,382.8508901431026,0.0,COVERED_CALL,1797.5426598638928,0.0,667.999267578125,124.6,0.0,331.58299999999997,0
2018-07-23,280.20001220703125,0.0,100000,102259.990947608,2259.9909476080065,74622.14265986391,100,0.022599909476081148,0.0,102259.990947608,2259.9909476080065,74622.14265986391,100,0.022599909476081148,0.0,102707.94585766604,2707.94585766604,42184.74322094729,216,0.027079458576660276,-0.0018053275475043984,382.1529329590237,0.0,COVERED_CALL,1797.5426598638928,0.0,720.001220703125,124.6,0.0,382.1529329590237,0.0,COVERED_CALL,1797.5426598638928,0.0,720.001220703125,124.6,0.0,331.58299999999997,0
2018-07-24,281.6099853515625,0.0,100000,102285.22768711153,2285.227687111532,74622.14265986391,100,0.022852276871116572,0.0,102285.22768711153,2285.227687111532,74622.14265986391,100,0.022852276871116572,0.0,103012.50005688479,3012.50005688479,42184.74322094729,216,0.030125000568847593,0.0,497.91350790862026,0.0,COVERED_CALL,1797.5426598638928,0.0,860.99853515625,124.6,0.0,497.91350790862026,0.0,COVERED_CALL,1797.5426598638928,0.0,860.99853515625,124.6,0.0,331.58299999999997,0
2018-07-25,284.010009765625,0.0,100000,102284.91024298403,2284.9102429840277,74622.14265986391,100,0.022849102429841617,-3.103518803948546e-06,102284.91024298403,2284.9102429840277,74622.14265986391,100,0.022849102429841617,-3.103518803948546e-06,103530.90533032229,3530.90533032229,42184.74322094729,216,0.03530905330322254,0.0,738.2333934423824,0.0,COVERED_CALL,1797.5426598638928,0.0,1101.0009765625,124.6,0.0,738.2333934423824,0.0,COVERED_CALL,1797.5426598638928,0.0,1101.0009765625,124.6,0.0,331.58299999999997,0
2018-07-26,283.3399963378906,0.0,100000,102289.4566961341,2289.4566961341043,74622.14265986391,100,0.02289456696134251,0.0,102289.4566961341,2289.4566961341043,74622.14265986391,100,0.02289456696134251,0.0,103386.18242993166,3386.182429931665,42184.74322094729,216,0.03386182429931628,-0.0013978714851268226,666.685597518862,0.0,COVERED_CALL,1797.5426598638928,0.0,1033.9996337890625,124.6,0.0,666.685597518862,0.0,COVERED_CALL,1797.5426598638928,0.0,1033.9996337890625,124.6,0.0,331.58299999999997,0
2018-07-27,281.4200134277344,0.0,100000,102322.14265986391,2322.142659863908,102322.14265986391,0,0.02322142659864057,0.0,102322.14265986391,2322.142659863908,102322.14265986391,0,0.02322142659864057,0.0,102971.46612133791,2971.466121337915,42184.74322094729,216,0.029714661213378735,-0.0054035962227844125,0.0,0.0,CASH,1797.5426598638928,400.0,0.0,124.6,0.0,0.0,0.0,CASH,1797.5426598638928,400.0,0.0,124.6,0.0,331.58299999999997,0
2018-07-30,279.95001220703125,0.0,100000,102322.14265986391,2322.142659863908,102322.14265986391,0,0.02322142659864057,0.0,102322.14265986391,2322.142659863908,102322.14265986391,0,0.02322142659864057,0.0,102653.94585766604,2653.94585766604,42184.74322094729,216,0.02653945857666007,-0.008470509070294008,0.0,0.0,CASH,1797.5426598638928,400.0,0.0,124.6,0.0,0.0,0.0,CASH,1797.5426598638928,400.0,0.0,124.6,0.0,331.58299999999997,0
2018-07-31,281.3299865722656,0.0,100000,102300.1665430682,2300.166543068204,102513.59076942304,0,0.023001665430683493,-0.00021477381360901493,102300.1665430682,2300.166543068204,102513.59076942304,0,0.023001665430683493,-0.00021477381360901493,102952.02032055666,2952.020320556665,42184.74322094729,216,0.029520203205566364,-0.005591422270660562,213.42422635483763,27500.0,SHORT_PUT,1988.9907694230317,400.0,0.0,124.6,0.0,213.42422635483763,27500.0,SHORT_PUT,1988.9907694230317,400.0,0.0,124.6,0.0,331.58299999999997,0
2018-08-01,280.8599853515625,0.0,100000,102333.24611813734,2333.2461181373365,102513.59076942304,0,0.023332461181374997,0.0,102333.24611813734,2333.2461181373365,102513.59076942304,0,0.023332461181374997,0.0,102850.20005688479,2850.200056884787,33758.64366040041,246,0.028502000568847663,-0.0065748992657376215,180.34465128570196,27500.0,SHORT_PUT,1988.9907694230317,400.0,0.0,124.6,0.0,180.34465128570196,27500.0,SHORT_PUT,1988.9907694230317,400.0,0.0,124.6,0.0,331.58299999999997,30
2018-08-02,282.3900146484375,0.0,100000,102369.667865677,2369.6678656769946,102513.59076942304,0,0.023696678656771386,0.0,102369.667865677,2369.6678656769946,102513.59076942304,0,0.023696678656771386,0.0,103226.58726391604,3226.587263916037,33758.64366040041,246,0.03226587263916003,-0.002939393463577855,143.92290374604002,27500.0,SHORT_PUT,1988.9907694230317,400.0,0.0,124.6,0.0,143.92290374604002,27500.0,SHORT_PUT,1988.9907694230317,400.0,0.0,124.6,0.0,331.58299999999997,0
2018-08-03,283.6000061035156,0.0,100000,102421.51621296855,2421.5162129685486,102513.59076942304,0,0.024215162129686885,0.0,102421.51621296855,2421.5162129685486,102513.59076942304,0,0.024215162129686885,0.0,103524.24516186526,3524.245161865256,33758.64366040041,246,0.03524245161865225,-6.433024453689207e-05,92.07455645448867,27500.0,SHORT_PUT,1988.9907694230317,400.0,0.0,124.6,0.0,92.07455645448867,27500.0,SHORT_PUT,1988.9907694230317,400.0,0.0,124.6,0.0,331.58299999999997,0
2018-08-06,284.6400146484375,0.0,100000,102459.14818113913,2459.1481811391277,102513.59076942304,0,0.02459148181139259,0.0,102459.14818113913,2459.1481811391277,102513.59076942304,0,0.02459148181139259,0.0,103780.08726391604,3780.087263916037,33758.64366040041,246,0.0378008726391601,0.0,54.442588283915114,27500.0,SHORT_PUT,1988.9907694230317,400.0,0.0,124.6,0.0,54.442588283915114,27500.0,SHORT_PUT,1988.9907694230317,400.0,0.0,124.6,0.0,331.58299999999997,0
2018-08-07,285.5799865722656,0.0,100000,102477.74013066539,2477.740130665392,102513.59076942304,0,0.024777401306655067,0.0,102477.74013066539,2477.740130665392,102513.59076942304,0,0.024777401306655067,0.0,104011.32035717776,4011.320357177756,33758.64366040041,246,0.04011320357177728,0.0,35.850638757646095,27500.0,SHORT_PUT,1988.9907694230317,400.0,0.0,124.6,0.0,35.850638757646095,27500.0,SHORT_PUT,1988.9907694230317,400.0,0.0,124.6,0.0,331.58299999999997,0
2018-08-08,285.4599914550781,0.0,100000,102483.37293117655,2483.372931176549,102513.59076942304,0,0.02483372931176664,0.0,102483.37293117655,2483.372931176549,102513.59076942304,0,0.02483372931176664,0.0,103981.80155834963,3981.801558349631,33758.64366040041,246,0.03981801558349596,-0.00028380371219949296,30.217838246496807,27500.0,SHORT_PUT,1988.9907694230317,400.0,0.0,124.6,0.0,30.217838246496807,27500.0,SHORT_PUT,1988.9907694230317,400.0,0.0,124.6,0.0,331.58299999999997,0
2018-08-09,285.07000732421875,0.0,100000,102483.56081741575,2483.5608174157533,102513.59076942304,0,0.024835608174158752,0.0,102483.56081741575,2483.5608174157533,102513.59076942304,0,0.024835608174158752,0.0,103885.86546215822,3885.8654621582245,33758.64366040041,246,0.03885865462158189,-0.001206165776847401,30.02995200728442,27500.0,SHORT_PUT,1988.9907694230317,400.0,0.0,124.6,0.0,30.02995200728442,27500.0,SHORT_PUT,1988.9907694230317,400.0,0.0,124.6,0.0,331.58299999999997,0
2018-08-10,283.1600036621094,0.0,100000,102460.24903413093,2460.2490341309312,102513.59076942304,0,0.024602490341310457,-0.00022746851396349133,102460.24903413093,2460.2490341309312,102513.59076942304,0,0.024602490341310457,-0.00022746851396349133,103416.00456127932,3416.0045612793183,33758.64366040041,246,0.034160045612792844,-0.0057235673372293405,53.34173529210868,27500.0,SHORT_PUT,1988.9907694230317,400.0,0.0,124.6,0.0,53.34173529210868,27500.0,SHORT_PUT,1988.9907694230317,400.0,0.0,124.6,0.0,331.58299999999997,0
2018-08-13,282.1000061035156,0.0,100000,102426.83178678047,2426.8317867804726,102513.59076942304,0,0.02426831786780581,-0.000553542735857504,102426.83178678047,2426.8317867804726,102513.59076942304,0,0.02426831786780581,-0.000553542735857504,103155.24516186526,3155.245161865256,33758.64366040041,246,0.03155245161865228,-0.008230596365594756,86.75898264256307,27500.0,SHORT_PUT,1988.9907694230317,400.0,0.0,124.6,0.0,86.75898264256307,27500.0,SHORT_PUT,1988.9907694230317,400.0,0.0,124.6,0.0,331.58299999999997,0
2018-08-14,283.8999938964844,0.0,100000,102438.18098241332,2438.1809824133234,102513.59076942304,0,0.024381809824134182,-0.00044280111503258723,102438.18098241332,2438.1809824133234,102513.59076942304,0,0.024381809824134182,-0.00044280111503258723,103598.04215893557,3598.0421589355683,33758.64366040041,246,0.03598042158935533,-0.003973396326697798,75.40978700972441,27500.0,SHORT_PUT,1988.9907694230317,400.0,0.0,124.6,0.0,75.40978700972441,27500.0,SHORT_PUT,1988.9907694230317,400.0,0.0,124.6,0.0,331.58299999999997,0
2018-08-15,281.7799987792969,0.0,100000,102430.95498510069,2430.9549851006886,102513.59076942304,0,0.02430954985100775,-0.0005133099581582368,102430.95498510069,2430.9549851006886,102513.59076942304,0,0.02430954985100775,-0.0005133099581582368,103076.52336010744,3076.5233601074433,33758.64366040041,246,0.030765233601074193,-0.008987454383428517,82.63578432235875,27500.0,SHORT_PUT,1988.9907694230317,400.0,0.0,124.6,0.0,82.63578432235875,27500.0,SHORT_PUT,1988.9907694230317,400.0,0.0,124.6,0.0,331.58299999999997,0
2018-08-16,284.0599975585937,0.0,100000,102455.00184329014,2455.0018432901416,102513.59076942304,0,0.024550018432902387,-0.0002786688313506369,102455.00184329014,2455.0018432901416,102513.59076942304,0,0.024550018432902387,-0.0002786688313506369,103637.40305981446,3637.40305981446,33758.64366040041,246,0.03637403059814437,-0.0035949673177808616,58.588926132894656,27500.0,SHORT_PUT,1988.9907694230317,400.0,0.0,124.6,0.0,58.588926132894656,27500.0,SHORT_PUT,1988.9907694230317,400.0,0.0,124.6,0.0,331.58299999999997,0
2018-08-17,285.0599975585937,0.0,100000,102484.1031090344,2484.103109034404,102513.59076942304,0,0.024841031090345078,0.0,102484.1031090344,2484.103109034404,102513.59076942304,0,0.024841031090345078,0.0,103883.40305981446,3883.40305981446,33758.64366040041,246,0.0388340305981445,-0.001229840145514971,29.487660388633348,27500.0,SHORT_PUT,1988.9907694230317,400.0,0.0,124.6,0.0,29.487660388633348,27500.0,SHORT_PUT,1988.9907694230317,400.0,0.0,124.6,0.0,331.58299999999997,0
2018-08-20,285.6700134277344,0.0,100000,102502.70570754117,2502.705707541172,102513.59076942304,0,0.02502705707541275,0.0,102502.70570754117,2502.705707541172,102513.59076942304,0,0.02502705707541275,0.0,104033.46696362307,4033.4669636230683,33758.64366040041,246,0.04033466963623056,0.0,10.885061881869284,27500.0,SHORT_PUT,1988.9907694230317,400.0,0.0,124.6,0.0,10.885061881869284,27500.0,SHORT_PUT,1988.9907694230317,400.0,0.0,124.6,0.0,331.58299999999997,0
2018-08-21,286.3399963378906,0.0,100000,102507.2796440081,2507.2796440081,102513.59076942304,0,0.02507279644008209,0.0,102507.2796440081,2507.2796440081,102513.59076942304,0,0.02507279644008209,0.0,104198.2827595215,4198.282759521506,33758.64366040041,246,0.04198282759521499,0.0,6.311125414947514,27500.0,SHORT_PUT,1988.9907694230317,400.0,0.0,124.6,0.0,6.311125414947514,27500.0,SHORT_PUT,1988.9907694230317,400.0,0.0,124.6,0.0,331.58299999999997,0
2018-08-22,286.1700134277344,0.0,100000,102507.61734502454,2507.6173450245406,102513.59076942304,0,0.025076173450246486,0.0,102507.61734502454,2507.6173450245406,102513.59076942304,0,0.025076173450246486,0.0,104156.46696362307,4156.466963623068,33758.64366040041,246,0.04156466963623062,-0.0004013098372738222,5.973424398500637,27500.0,SHORT_PUT,1988.9907694230317,400.0,0.0,124.6,0.0,5.973424398500637,27500.0,SHORT_PUT,1988.9907694230317,400.0,0.0,124.6,0.0,331.58299999999997,0
2018-08-23,285.7900085449219,0.0,100000,102509.6295696683,2509.6295696682937,102513.59076942304,0,0.025096295696684034,0.0,102509.6295696683,2509.6295696682937,102513.59076942304,0,0.025096295696684034,0.0,104062.9857624512,4062.9857624511933,33758.64366040041,246,0.04062985762451188,-0.0012984570713373556,3.9611997547410063,27500.0,SHORT_PUT,1988.9907694230317,400.0,0.0,124.6,0.0,3.9611997547410063,27500.0,SHORT_PUT,1988.9907694230317,400.0,0.0,124.6,0.0,331.58299999999997,0
2018-08-24,287.510009765625,0.0,100000,102511.88991018057,2511.8899101805728,102513.59076942304,0,0.02511889910180698,0.0,102511.88991018057,2511.8899101805728,102513.59076942304,0,0.02511889910180698,0.0,104486.10606274416,4486.106062744162,33758.64366040041,246,0.04486106062744155,0.0,1.7008592424609497,27500.0,SHORT_PUT,1988.9907694230317,400.0,0.0,124.6,0.0,1.7008592424609497,27500.0,SHORT_PUT,1988.9907694230317,400.0,0.0,124.6,0.0,331.58299999999997,0
2018-08-27,289.7799987792969,0.0,100000,102512.58965704577,2512.58965704577,102513.59076942304,0,0.025125896570458828,0.0,102512.58965704577,2512.58965704577,102513.59076942304,0,0.025125896570458828,0.0,105044.52336010744,5044.523360107443,33758.64366040041,246,0.050445233601074335,0.0,1.0011123772638397,27500.0,SHORT_PUT,1988.9907694230317,400.0,0.0,124.6,0.0,1.0011123772638397,27500.0,SHORT_PUT,1988.9907694230317,400.0,0.0,124.6,0.0,331.58299999999997,0
2018-08-28,289.9200134277344,0.0,100000,102512.59072225168,2512.5907222516835,102513.59076942304,0,0.025125907222518062,0.0,102512.59072225168,2512.5907222516835,102513.59076942304,0,0.025125907222518062,0.0,105078.96696362307,5078.966963623068,33758.64366040041,246,0.05078966963623066,0.0,1.0000471713535897,27500.0,SHORT_PUT,1988.9907694230317,400.0,0.0,124.6,0.0,1.0000471713535897,27500.0,SHORT_PUT,1988.9907694230317,400.0,0.0,124.6,0.0,331.58299999999997,0
2018-08-29,291.4800109863281,0.0,100000,102512.59076941705,2512.5907694170455,102513.59076942304,0,0.025125907694171667,0.0,102512.59076941705,2512.5907694170455,102513.59076942304,0,0.025125907694171667,0.0,105462.72636303713,5462.726363037131,33758.64366040041,246,0.05462726363037129,0.0,1.000000006001645,27500.0,SHORT_PUT,1988.9907694230317,400.0,0.0,124.6,0.0,1.000000006001645,27500.0,SHORT_PUT,1988.9907694230317,400.0,0.0,124.6,0.0,331.58299999999997,0
2018-08-30,290.29998779296875,0.0,100000,102512.59076942304,2512.590769423041,102513.59076942304,0,0.02512590769423162,0.0,102512.59076942304,2512.590769423041,102513.59076942304,0,0.02512590769423162,0.0,105172.44065747072,5172.440657470725,33758.64366040041,246,0.05172440657470734,-0.002752495744962391,1.0000000000000004,27500.0,SHORT_PUT,1988.9907694230317,400.0,0.0,124.6,0.0,1.0000000000000004,27500.0,SHORT_PUT,1988.9907694230317,400.0,0.0,124.6,0.0,331.58299999999997,0
2018-08-31,290.3099975585937,0.0,100000,102513.59076942304,2513.590769423041,102513.59076942304,0,0.025135907694231463,0.0,102513.59076942304,2513.590769423041,102513.59076942304,0,0.025135907694231463,0.0,105174.90305981446,5174.90305981446,33758.64366040041,246,0.05174903059814473,-0.0027291471892342267,0.0,0.0,CASH,1988.9907694230317,400.0,0.0,124.6,0.0,0.0,0.0,CASH,1988.9907694230317,400.0,0.0,124.6,0.0,331.58299999999997,0
2018-09-04,289.8099975585937,0.0,100000,102513.59076942304,2513.590769423041,102513.59076942304,0,0.025135907694231463,0.0,102513.59076942304,2513.590769423041,102513.59076942304,0,0.025135907694231463,0.0,105051.61305981447,5051.613059814466,25353.863731201196,275,0.05051613059814475,-0.003898185808391408,0.0,0.0,CASH,1988.9907694230317,400.0,0.0,124.6,0.0,0.0,0.0,CASH,1988.9907694230317,400.0,0.0,124.6,0.0,331.58299999999997,29
2018-09-05,289.0299987792969,0.0,100000,102487.05574185583,2487.055741855831,102748.34853131157,0,0.024870557418559258,-0.00025884399685993653,102487.05574185583,2487.055741855831,102748.34853131157,0,0.024870557418559258,-0.00025884399685993653,104837.11339550784,4837.11339550784,25353.863731201196,275,0.04837113395507853,-0.00593207656490613,261.2927894557368,28500.0,SHORT_PUT,2223.7485313115553,400.0,0.0,124.6,0.0,261.2927894557368,28500.0,SHORT_PUT,2223.7485313115553,400.0,0.0,124.6,0.0,331.58299999999997,0
2018-09-06,288.1600036621094,0.0,100000,102437.58581989734,2437.5858198973438,102748.34853131157,0,0.024375858198974365,-0.0007414133965579772,102437.58581989734,2437.5858198973438,102748.34853131157,0,0.024375858198974365,-0.0007414133965579772,104597.86473828128,4597.864738281278,25353.863731201196,275,0.04597864738281299,-0.008200637842214475,310.7627114142223,28500.0,SHORT_PUT,2223.7485313115553,400.0,0.0,124.6,0.0,310.7627114142223,28500.0,SHORT_PUT,2223.7485313115553,400.0,0.0,124.6,0.0,331.58299999999997,0
2018-09-07,287.6000061035156,0.0,100000,102398.85233631682,2398.8523363168206,102748.34853131157,0,0.023988523363169145,-0.0011192509426803943,102398.85233631682,2398.8523363168206,102748.34853131157,0,0.023988523363169145,-0.0011192509426803943,104443.865409668,4443.865409667997,25353.863731201196,275,0.04443865409668013,-0.009660863022466049,349.4961949947444,28500.0,SHORT_PUT,2223.7485313115553,400.0,0.0,124.6,0.0,349.4961949947444,28500.0,SHORT_PUT,2223.7485313115553,400.0,0.0,124.6,0.0,331.58299999999997,0
2018-09-10,288.1000061035156,0.0,100000,102436.51009299404,2436.510092994038,102748.34853131157,0,0.024365100929941264,-0.0007519069018115943,102436.51009299404,2436.510092994038,102748.34853131157,0,0.024365100929941264,-0.0007519069018115943,104581.365409668,4581.365409667997,25353.863731201196,275,0.045813654096680256,-0.00835708485607678,311.8384383175253,28500.0,SHORT_PUT,2223.7485313115553,400.0,0.0,124.6,0.0,311.8384383175253,28500.0,SHORT_PUT,2223.7485313115553,400.0,0.0,124.6,0.0,331.58299999999997,0
2018-09-11,289.04998779296875,0.0,100000,102501.07204033254,2501.0720403325395,102748.34853131157,0,0.025010720403326303,-0.0001221177504031612,102501.07204033254,2501.0720403325395,102748.34853131157,0,0.025010720403326303,-0.0001221177504031612,104842.6103742676,4842.610374267606,25353.863731201196,275,0.04842610374267631,-0.005879954085719841,247.2764909790294,28500.0,SHORT_PUT,2223.7485313115553,400.0,0.0,124.6,0.0,247.2764909790294,28500.0,SHORT_PUT,2223.7485313115553,400.0,0.0,124.6,0.0,331.58299999999997,0
2018-09-12,289.1199951171875,0.0,100000,102537.26262163934,2537.26262163934,102748.34853131157,0,0.025372626216394467,0.0,102537.26262163934,2537.26262163934,102748.34853131157,0,0.025372626216394467,0.0,104861.86238842776,4861.862388427762,25353.863731201196,275,0.048618623884277845,-0.005697406044112396,211.08590967222702,28500.0,SHORT_PUT,2223.7485313115553,400.0,0.0,124.6,0.0,211.08590967222702,28500.0,SHORT_PUT,2223.7485313115553,400.0,0.0,124.6,0.0,331.58299999999997,0
2018-09-13,290.8299865722656,0.0,100000,102597.53395701436,2597.533957014355,102748.34853131157,0,0.02597533957014453,0.0,102597.53395701436,2597.533957014355,102748.34853131157,0,0.02597533957014453,0.0,105332.11003857425,5332.110038574247,25353.863731201196,275,0.05332110038574256,-0.0012385069964269135,150.81457429721644,28500.0,SHORT_PUT,2223.7485313115553,400.0,0.0,124.6,0.0,150.81457429721644,28500.0,SHORT_PUT,2223.7485313115553,400.0,0.0,124.6,0.0,331.58299999999997,0
2018-09-14,290.8800048828125,0.0,100000,102623.28101746204,2623.281017462039,102748.34853131157,0,0.026232810174621424,0.0,102623.28101746204,2623.281017462039,102748.34853131157,0,0.026232810174621424,0.0,105345.86507397464,5345.865073974637,25353.863731201196,275,0.053458650739746316,-0.0011080814340056477,125.06751384952253,28500.0,SHORT_PUT,2223.7485313115553,400.0,0.0,124.6,0.0,125.06751384952253,28500.0,SHORT_PUT,2223.7485313115553,400.0,0.0,124.6,0.0,331.58299999999997,0
2018-09-17,289.3399963378906,0.0,100000,102609.48726480563,2609.4872648056335,102748.34853131157,0,0.026094872648057432,-0.00013441153429938346,102609.48726480563,2609.4872648056335,102748.34853131157,0,0.026094872648057432,-0.00013441153429938346,104922.36272412112,4922.362724121122,25353.863731201196,275,0.04922362724121121,-0.005123740467849247,138.86126650593246,28500.0,SHORT_PUT,2223.7485313115553,400.0,0.0,124.6,0.0,138.86126650593246,28500.0,SHORT_PUT,2223.7485313115553,400.0,0.0,124.6,0.0,331.58299999999997,0
2018-09-18,290.9100036621094,0.0,100000,102625.71170739547,2625.7117073954723,102748.34853131157,0,0.026257117073955838,0.0,102625.71170739547,2625.7117073954723,102748.34853131157,0,0.026257117073955838,0.0,105354.11473828128,5354.114738281278,25353.863731201196,275,0.05354114738281268,-0.0010298579270744401,122.63682391610024,28500.0,SHORT_PUT,2223.7485313115553,400.0,0.0,124.6,0.0,122.63682391610024,28500.0,SHORT_PUT,2223.7485313115553,400.0,0.0,124.6,0.0,331.58299999999997,0
2018-09-19,291.2200012207031,0.0,100000,102656.85912525989,2656.8591252598853,102748.34853131157,0,0.026568591252599916,0.0,102656.85912525989,2656.8591252598853,102748.34853131157,0,0.026568591252599916,0.0,105439.36406689456,5439.364066894559,25353.863731201196,275,0.054393640668945364,-0.000221521830017668,91.48940605168612,28500.0,SHORT_PUT,2223.7485313115553,400.0,0.0,124.6,0.0,91.48940605168612,28500.0,SHORT_PUT,2223.7485313115553,400.0,0.0,124.6,0.0,331.58299999999997,0
2018-09-20,293.5799865722656,0.0,100000,102713.66053552425,2713.66053552425,102748.34853131157,0,0.027136605355243537,0.0,102713.66053552425,2713.66053552425,102748.34853131157,0,0.027136605355243537,0.0,106088.36003857425,6088.360038574247,25353.863731201196,275,0.060883600385742254,0.0,34.68799578731866,28500.0,SHORT_PUT,2223.7485313115553,400.0,0.0,124.6,0.0,34.68799578731866,28500.0,SHORT_PUT,2223.7485313115553,400.0,0.0,124.6,0.0,331.58299999999997,0
2018-09-21,291.989990234375,0.0,100000,102698.17163453913,2698.1716345391324,102748.34853131157,0,0.02698171634539226,-0.00015079689404873253,102698.17163453913,2698.1716345391324,102748.34853131157,0,0.02698171634539226,-0.00015079689404873253,106014.93604565432,6014.936045654322,25717.688731201197,275,0.060149360456543066,-0.0006921022522472509,50.17689677244043,28500.0,SHORT_PUT,2223.7485313115553,400.0,0.0,124.6,0.0,50.17689677244043,28500.0,SHORT_PUT,2223.7485313115553,400.0,0.0,124.6,0.0,695.4079999999999,0
2018-09-24,291.0199890136719,0.0,100000,102701.97433975802,2701.974339758017,102748.34853131157,0,0.027019743397580953,-0.0001137745038520821,102701.97433975802,2701.974339758017,102748.34853131157,0,0.027019743397580953,-0.0001137745038520821,105748.18570996096,5748.185709960962,25717.688731201197,275,0.0574818570996094,-0.0032065188724719196,46.37419155354678,28500.0,SHORT_PUT,2223.7485313115553,400.0,0.0,124.6,0.0,46.37419155354678,28500.0,SHORT_PUT,2223.7485313115553,400.0,0.0,124.6,0.0,695.4079999999999,0
2018-09-25,290.75,0.0,100000,102698.15370722751,2698.1537072275096,102748.34853131157,0,0.026981537072275907,-0.0001509714308293164,102698.15370722751,2698.1537072275096,102748.34853131157,0,0.026981537072275907,-0.0001509714308293164,105673.9387312012,5673.938731201197,25717.688731201197,275,0.05673938731201167,-0.003906378675496258,50.19482408405228,28500.0,SHORT_PUT,2223.7485313115553,400.0,0.0,124.6,0.0,50.19482408405228,28500.0,SHORT_PUT,2223.7485313115553,400.0,0.0,124.6,0.0,695.4079999999999,0
2018-09-26,289.8800048828125,0.0,100000,102687.81187199219,2687.8118719921913,102748.34853131157,0,0.02687811871992274,-0.0002516575049249514,102687.81187199219,2687.8118719921913,102748.34853131157,0,0.02687811871992274,-0.0002516575049249514,105434.69007397463,5434.690073974634,25717.688731201197,275,0.05434690073974613,-0.006161561592260778,60.536659319369754,28500.0,SHORT_PUT,2223.7485313115553,400.0,0.0,124.6,0.0,60.536659319369754,28500.0,SHORT_PUT,2223.7485313115553,400.0,0.0,124.6,0.0,695.4079999999999,0
2018-09-27,290.69000244140625,0.0,100000,102704.76504168268,2704.76504168268,102748.34853131157,0,0.027047650416827773,-8.660477871391681e-05,102704.76504168268,2704.76504168268,102748.34853131157,0,0.027047650416827773,-8.660477871391681e-05,105657.43940258792,5657.4394025879155,25717.688731201197,275,0.05657439402587894,-0.004061903076168272,43.58348962888961,28500.0,SHORT_PUT,2223.7485313115553,400.0,0.0,124.6,0.0,43.58348962888961,28500.0,SHORT_PUT,2223.7485313115553,400.0,0.0,124.6,0.0,695.4079999999999,0
2018-09-28,290.7200012207031,0.0,100000,102717.4131100379,2717.413110037902,102748.34853131157,0,0.02717413110038014,0.0,102717.4131100379,2717.413110037902,102748.34853131157,0,0.02717413110038014,0.0,105665.68906689456,5665.689066894556,25717.688731201197,275,0.0566568906689453,-0.0039841408758323205,30.93542127366291,28500.0,SHORT_PUT,2223.7485313115553,400.0,0.0,124.6,0.0,30.93542127366291,28500.0,SHORT_PUT,2223.7485313115553,400.0,0.0,124.6,0.0,695.4079999999999,0
2018-10-01,291.7300109863281,0.0,100000,102742.75562854673,2742.755628546729,102748.34853131157,0,0.027427556285468446,0.0,102742.75562854673,2742.755628546729,102748.34853131157,0,0.027427556285468446,0.0,105943.16175244143,5943.161752441432,17548.96842358401,303,0.05943161752441406,-0.0013686542621643705,5.592902764834683,28500.0,SHORT_PUT,2223.7485313115553,400.0,0.0,124.6,0.0,5.592902764834683,28500.0,SHORT_PUT,2223.7485313115553,400.0,0.0,124.6,0.0,695.4079999999999,28
2018-10-02,291.5599975585937,0.0,100000,102745.32848379201,2745.3284837920073,102748.34853131157,0,0.0274532848379212,0.0,102745.32848379201,2745.3284837920073,102748.34853131157,0,0.0274532848379212,0.0,105891.6476838379,5891.647683837902,17548.96842358401,303,0.05891647683837875,-0.0018542312716006704,3.020047519557977,28500.0,SHORT_PUT,2223.7485313115553,400.0,0.0,124.6,0.0,3.020047519557977,28500.0,SHORT_PUT,2223.7485313115553,400.0,0.0,124.6,0.0,695.4079999999999,0
2018-10-03,291.7200012207031,0.0,100000,102746.99605920282,2746.996059202822,102748.34853131157,0,0.02746996059202944,0.0,102746.99605920282,2746.996059202822,102748.34853131157,0,0.02746996059202944,0.0,105940.12879345706,5940.128793457057,17548.96842358401,303,0.059401287934570224,-0.0013972432514114397,1.3524721087385663,28500.0,SHORT_PUT,2223.7485313115553,400.0,0.0,124.6,0.0,1.3524721087385663,28500.0,SHORT_PUT,2223.7485313115553,400.0,0.0,124.6,0.0,695.4079999999999,0
2018-10-04,289.44000244140625,0.0,100000,102747.04892114404,2747.0489211440436,102748.34853131157,0,0.027470489211441684,0.0,102747.04892114404,2747.0489211440436,102748.34853131157,0,0.027470489211441684,0.0,105249.2891633301,5249.289163330104,17548.96842358401,303,0.05249289163330073,-0.007909170006389576,1.2996101675234675,28500.0,SHORT_PUT,2223.7485313115553,400.0,0.0,124.6,0.0,1.2996101675234675,28500.0,SHORT_PUT,2223.7485313115553,400.0,0.0,124.6,0.0,695.4079999999999,0
2018-10-05,287.82000732421875,0.0,100000,102748.34853131157,2748.348531311567,102748.34853131157,0,0.02748348531311695,0.0,102748.34853131157,2748.348531311567,102748.34853131157,0,0.02748348531311695,0.0,104758.43064282229,4758.430642822292,17548.96842358401,303,0.047584306428222645,-0.01253605386366985,0.0,0.0,CASH,2223.7485313115553,400.0,0.0,124.6,0.0,0.0,0.0,CASH,2223.7485313115553,400.0,0.0,124.6,0.0,695.4079999999999,0
2018-10-08,287.82000732421875,0.0,100000,102748.34853131157,2748.348531311567,102748.34853131157,0,0.02748348531311695,0.0,102748.34853131157,2748.348531311567,102748.34853131157,0,0.02748348531311695,0.0,104758.43064282229,4758.430642822292,17548.96842358401,303,0.047584306428222645,-0.01253605386366985,0.0,0.0,CASH,2223.7485313115553,400.0,0.0,124.6,0.0,0.0,0.0,CASH,2223.7485313115553,400.0,0.0,124.6,0.0,695.4079999999999,0
2018-10-09,287.3999938964844,0.0,100000,102718.4392084815,2718.4392084815045,103015.16209819724,0,0.027184392084816267,-0.0002910929786958949,102718.4392084815,2718.4392084815045,103015.16209819724,0,0.027184392084816267,-0.0002910929786958949,104631.16657421878,4631.166574218776,17548.96842358401,303,0.04631166574218759,-0.0137356583118603,296.7228897157356,28200.0,SHORT_PUT,2490.562098197221,400.0,0.0,124.6,0.0,296.7228897157356,28200.0,SHORT_PUT,2490.562098197221,400.0,0.0,124.6,0.0,695.4079999999999,0
2018-10-10,278.29998779296875,0.0,100000,102282.02877192304,2282.02877192304,103015.16209819724,0,0.022820287719231613,-0.004538464764194505,102282.02877192304,2282.02877192304,103015.16209819724,0,0.022820287719231613,-0.004538464764194505,101873.86472485354,1873.8647248535417,17548.96842358401,303,0.018738647248535356,-0.03972627451483157,733.133326274193,28200.0,SHORT_PUT,2490.562098197221,400.0,0.0,124.6,0.0,733.133326274193,28200.0,SHORT_PUT,2490.562098197221,400.0,0.0,124.6,0.0,695.4079999999999,0
2018-10-11,272.1700134277344,0.0,100000,101660.10606613613,1660.1060661361262,103015.16209819724,0,0.016601060661362466,-0.010591337775553766,101660.10606613613,1660.1060661361262,103015.16209819724,0,0.016601060661362466,-0.010591337775553766,100016.48249218753,16.482492187526077,17548.96842358401,303,0.00016482492187508413,-0.05723415409738597,1355.0560320611185,28200.0,SHORT_PUT,2490.562098197221,400.0,0.0,124.6,0.0,1355.0560320611185,28200.0,SHORT_PUT,2490.562098197221,400.0,0.0,124.6,0.0,695.4079999999999,0
2018-10-12,275.95001220703125,0.0,100000,101868.07219982988,1868.0721998298832,103015.16209819724,0,0.018680721998300065,-0.00856730394273375,101868.07219982988,1868.0721998298832,103015.16209819724,0,0.018680721998300065,-0.00856730394273375,101161.82212231448,1161.8221223144792,17548.96842358401,303,0.011618221223144598,-0.046438062709881156,1147.089898367354,28200.0,SHORT_PUT,2490.562098197221,400.0,0.0,124.6,0.0,1147.089898367354,28200.0,SHORT_PUT,2490.562098197221,400.0,0.0,124.6,0.0,695.4079999999999,0
2018-10-15,274.3999938964844,0.0,100000,101907.93404676573,1907.9340467657312,103015.16209819724,0,0.01907934046765858,-0.008179347858712549,101907.93404676573,1907.9340467657312,103015.16209819724,0,0.01907934046765858,-0.008179347858712549,100692.16657421878,692.1665742187761,17548.96842358401,303,0.006921665742187555,-0.050865085127090204,1107.2280514315014,28200.0,SHORT_PUT,2490.562098197221,400.0,0.0,124.6,0.0,1107.2280514315014,28200.0,SHORT_PUT,2490.562098197221,400.0,0.0,124.6,0.0,695.4079999999999,0
2018-10-16,280.3999938964844,0.0,100000,102297.78933015479,2297.7893301547883,103015.16209819724,0,0.0229778933015492,-0.0043850748707603415,102297.78933015479,2297.7893301547883,103015.16209819724,0,0.0229778933015492,-0.0043850748707603415,102510.16657421878,2510.166574218776,17548.96842358401,303,0.025101665742187418,-0.03372842659698416,717.3727680424537,28200.0,SHORT_PUT,2490.562098197221,400.0,0.0,124.6,0.0,717.3727680424537,28200.0,SHORT_PUT,2490.562098197221,400.0,0.0,124.6,0.0,695.4079999999999,0
2018-10-17,280.45001220703125,0.0,100000,102421.944982835,2421.9449828350043,103015.16209819724,0,0.024219449828351447,-0.003176727929374734,102421.944982835,2421.9449828350043,103015.16209819724,0,0.024219449828351447,-0.003176727929374734,102525.32212231448,2525.322122314479,17548.96842358401,303,0.02525322122314444,-0.03358556881230179,593.2171153622353,28200.0,SHORT_PUT,2490.562098197221,400.0,0.0,124.6,0.0,593.2171153622353,28200.0,SHORT_PUT,2490.562098197221,400.0,0.0,124.6,0.0,695.4079999999999,0
2018-10-18,276.3999938964844,0.0,100000,102183.2257457404,2183.225745740405,103015.16209819724,0,0.02183225745740547,-0.005500066849239205,102183.2257457404,2183.225745740405,103015.16209819724,0,0.02183225745740547,-0.005500066849239205,101298.16657421878,1298.166574218776,17548.96842358401,303,0.012981665742187287,-0.045152865617055116,831.936352456829,28200.0,SHORT_PUT,2490.562098197221,400.0,0.0,124.6,0.0,831.936352456829,28200.0,SHORT_PUT,2490.562098197221,400.0,0.0,124.6,0.0,695.4079999999999,0
2018-10-19,276.25,0.0,100000,102114.47659626053,2114.4765962605306,103015.16209819724,0,0.021144765962606726,-0.006169169082633541,102114.47659626053,2114.4765962605306,103015.16209819724,0,0.021144765962606726,-0.006169169082633541,101252.71842358401,1252.7184235840105,17548.96842358401,303,0.01252718423583965,-0.045581264647997166,900.685501936711,28200.0,SHORT_PUT,2490.562098197221,400.0,0.0,124.6,0.0,900.685501936711,28200.0,SHORT_PUT,2490.562098197221,400.0,0.0,124.6,0.0,695.4079999999999,0
2018-10-22,275.010009765625,0.0,100000,102065.22889700101,2065.2288970010122,103015.16209819724,0,0.02065228897001159,-0.006648473129496235,102065.22889700101,2065.2288970010122,103015.16209819724,0,0.02065228897001159,-0.006648473129496235,100877.00138256839,877.0013825683855,17548.96842358401,303,0.008770013825683431,-0.04912281285252229,949.9332011962193,28200.0,SHORT_PUT,2490.562098197221,400.0,0.0,124.6,0.0,949.9332011962193,28200.0,SHORT_PUT,2490.562098197221,400.0,0.0,124.6,0.0,695.4079999999999,0
2018-10-23,273.6099853515625,0.0,100000,101974.6434493222,1974.643449322204,103015.16209819724,0,0.01974643449322344,-0.007530097495957011,101974.6434493222,1974.643449322204,103015.16209819724,0,0.01974643449322344,-0.007530097495957011,100452.79398510745,452.79398510744795,17548.96842358401,303,0.004527939851074025,-0.053121436238789066,1040.5186488750276,28200.0,SHORT_PUT,2490.562098197221,400.0,0.0,124.6,0.0,1040.5186488750276,28200.0,SHORT_PUT,2490.562098197221,400.0,0.0,124.6,0.0,695.4079999999999,0
2018-10-24,265.32000732421875,0.0,100000,101234.11259319837,1234.1125931983697,103015.16209819724,0,0.012341125931984998,-0.014737326290473085,101234.11259319837,1234.1125931983697,103015.16209819724,0,0.012341125931984998,-0.014737326290473085,97940.93064282229,-2059.0693571777083,17548.96842358401,303,-0.020590693571777452,-0.07679852335156778,1781.0495049988654,28200.0,SHORT_PUT,2490.562098197221,400.0,0.0,124.6,0.0,1781.0495049988654,28200.0,SHORT_PUT,2490.562098197221,400.0,0.0,124.6,0.0,695.4079999999999,0
2018-10-25,270.0799865722656,0.0,100000,101610.93682237885,1610.9368223788479,103015.16209819724,0,0.016109368223789833,-0.011069878252944365,101610.93682237885,1610.9368223788479,103015.16209819724,0,0.016109368223789833,-0.011069878252944365,99383.2043549805,-616.7956450195052,17548.96842358401,303,-0.006167956450195522,-0.0632035001875394,1404.225275818389,28200.0,SHORT_PUT,2490.562098197221,400.0,0.0,124.6,0.0,1404.225275818389,28200.0,SHORT_PUT,2490.562098197221,400.0,0.0,124.6,0.0,695.4079999999999,0
2018-10-26,265.3299865722656,0.0,100000,101213.74254922073,1213.7425492207258,103015.16209819724,0,0.012137425492208642,-0.01493557808010093,101213.74254922073,1213.7425492207258,103015.16209819724,0,0.012137425492208642,-0.01493557808010093,97943.9543549805,-2056.045645019505,17548.96842358401,303,-0.020560456450195552,-0.07677002152387347,1801.4195489765136,28200.0,SHORT_PUT,2490.562098197221,400.0,0.0,124.6,0.0,1801.4195489765136,28200.0,SHORT_PUT,2490.562098197221,400.0,0.0,124.6,0.0,695.4079999999999,0
2018-10-29,263.8599853515625,0.0,100000,101092.01200716924,1092.0120071692363,103015.16209819724,0,0.01092012007169374,-0.016120322592217295,101092.01200716924,1092.0120071692363,103015.16209819724,0,0.01092012007169374,-0.016120322592217295,97498.54398510745,-2501.456014892552,17548.96842358401,303,-0.025014560148926,-0.08096850635021158,1923.1500910280022,28200.0,SHORT_PUT,2490.562098197221,400.0,0.0,124.6,0.0,1923.1500910280022,28200.0,SHORT_PUT,2490.562098197221,400.0,0.0,124.6,0.0,695.4079999999999,0
2018-10-30,267.7699890136719,0.0,100000,101472.19761641159,1472.1976164115913,103015.16209819724,0,0.0147219761641173,-0.012420159867689406,101472.19761641159,1472.1976164115913,103015.16209819724,0,0.0147219761641173,-0.012420159867689406,98683.27509472659,-1316.7249052734114,17548.96842358401,303,-0.013167249052734475,-0.06980110674870599,1542.964481785649,28200.0,SHORT_PUT,2490.562098197221,400.0,0.0,124.6,0.0,1542.964481785649,28200.0,SHORT_PUT,2490.562098197221,400.0,0.0,124.6,0.0,695.4079999999999,0
2018-10-31,270.6300048828125,0.0,100000,101759.26865959752,1759.2686595975247,103015.16209819724,0,0.017592686595976792,-0.009626236196026094,101759.26865959752,1759.2686595975247,103015.16209819724,0,0.017592686595976792,-0.009626236196026094,99549.8599030762,-450.14009692380205,17548.96842358401,303,-0.004501400969238456,-0.06163258752534817,1255.893438599713,28200.0,SHORT_PUT,2490.562098197221,400.0,0.0,124.6,0.0,1255.893438599713,28200.0,SHORT_PUT,2490.562098197221,400.0,0.0,124.6,0.0,695.4079999999999,0
2018-11-01,273.510009765625,0.0,100000,102049.90964708164,2049.909647081644,103015.16209819724,0,0.020499096470818046,-0.006797567982487318,102049.90964708164,2049.909647081644,103015.16209819724,0,0.020499096470818046,-0.006797567982487318,100422.19138256839,422.1913825683878,9069.848120849636,334,0.004221913825683377,-0.0534098995775375,965.2524511155899,28200.0,SHORT_PUT,2490.562098197221,400.0,0.0,124.6,0.0,965.2524511155899,28200.0,SHORT_PUT,2490.562098197221,400.0,0.0,124.6,0.0,695.4079999999999,31
2018-11-02,271.8900146484375,0.0,100000,101929.10335176114,1929.1033517611359,103015.16209819724,0,0.019291033517613076,-0.007973317248021083,101929.10335176114,1929.1033517611359,103015.16209819724,0,0.019291033517613076,-0.007973317248021083,99881.11301342776,-118.88698657223722,9069.848120849636,334,-0.0011888698657228636,-0.05851016099117312,1086.0587464361035,28200.0,SHORT_PUT,2490.562098197221,400.0,0.0,124.6,0.0,1086.0587464361035,28200.0,SHORT_PUT,2490.562098197221,400.0,0.0,124.6,0.0,695.4079999999999,0
2018-11-05,273.3900146484375,0.0,100000,102098.068874479,2098.068874478995,103015.16209819724,0,0.020980688744791642,-0.006328857506010088,102098.068874479,2098.068874478995,103015.16209819724,0,0.020980688744791642,-0.006328857506010088,100382.11301342776,382.1130134277628,9069.848120849636,334,0.0038211301342772064,-0.05378768248535171,917.0932237182445,28200.0,SHORT_PUT,2490.562098197221,400.0,0.0,124.6,0.0,917.0932237182445,28200.0,SHORT_PUT,2490.562098197221,400.0,0.0,124.6,0.0,695.4079999999999,0
2018-11-06,275.1199951171875,0.0,100000,102274.51391447216,2274.5139144721616,103015.16209819724,0,0.022745139144723314,-0.004611603238517947,102274.51391447216,2274.5139144721616,103015.16209819724,0,0.022745139144723314,-0.004611603238517947,100959.92648999026,959.9264899902628,9069.848120849636,334,0.009599264899902371,-0.04834115209924317,740.6481837250773,28200.0,SHORT_PUT,2490.562098197221,400.0,0.0,124.6,0.0,740.6481837250773,28200.0,SHORT_PUT,2490.562098197221,400.0,0.0,124.6,0.0,695.4079999999999,0
2018-11-07,281.010009765625,0.0,100000,102785.63580823218,2785.635808232182,103015.16209819724,0,0.027856358082323673,0.0,102785.63580823218,2785.635808232182,103015.16209819724,0,0.027856358082323673,0.0,102927.19138256839,2927.191382568388,9069.848120849636,334,0.029271913825683615,-0.02979750704843065,229.52628996505823,28200.0,SHORT_PUT,2490.562098197221,400.0,0.0,124.6,0.0,229.52628996505823,28200.0,SHORT_PUT,2490.562098197221,400.0,0.0,124.6,0.0,695.4079999999999,0
2018-11-08,280.5,0.0,100000,102817.30191297317,2817.3019129731692,103015.16209819724,0,0.02817301912973358,0.0,102817.30191297317,2817.3019129731692,103015.16209819724,0,0.02817301912973358,0.0,102756.84812084964,2756.848120849638,9069.848120849636,334,0.0275684812084962,-0.031403180485712556,197.86018522407232,28200.0,SHORT_PUT,2490.562098197221,400.0,0.0,124.6,0.0,197.86018522407232,28200.0,SHORT_PUT,2490.562098197221,400.0,0.0,124.6,0.0,695.4079999999999,0
2018-11-09,277.760009765625,0.0,100000,102591.16307475974,2591.1630747597374,74815.16209819724,100,0.02591163074759928,-0.0021994239685927397,102591.16307475974,2591.1630747597374,74815.16209819724,100,0.02591163074759928,-0.0021994239685927397,101841.69138256839,1841.6913825683878,9069.848120849636,334,0.01841691382568378,-0.0400295438110434,0.0,0.0,STOCK,2490.562098197221,400.0,-423.9990234375,124.6,0.0,0.0,0.0,STOCK,2490.562098197221,400.0,-423.9990234375,124.6,0.0,695.4079999999999,0
2018-11-12,272.57000732421875,0.0,100000,102072.16283061911,2072.1628306191124,74815.16209819724,100,0.020721628306193063,-0.007247214899538501,102072.16283061911,2072.1628306191124,74815.16209819724,100,0.020721628306193063,-0.007247214899538501,100108.2305671387,108.23056713870028,9069.848120849636,334,0.0010823056713868962,-0.05636932712751086,0.0,0.0,STOCK,2490.562098197221,400.0,-942.999267578125,124.6,0.0,0.0,0.0,STOCK,2490.562098197221,400.0,-942.999267578125,124.6,0.0,695.4079999999999,0
2018-11-13,272.0599975585937,0.0,100000,101988.29134586008,1988.2913458600815,75110.1069260642,100,0.019882913458602713,-0.008062948080613697,101991.07524052593,1991.0752405259263,75083.65992673866,100,0.01991075240526108,-0.008035871950292761,99937.88730541994,-62.11269458006427,9069.848120849636,334,-0.0006211269458007429,-0.05797500056479299,327.8153360634767,0.0,COVERED_CALL,2785.5069260641762,400.0,-994.0002441406323,124.6,0.0,298.58444207209976,0.0,COVERED_CALL,2759.0599267386447,400.0,-994.0002441406323,124.6,0.0,695.4079999999999,0
2018-11-14,270.20001220703125,0.0,100000,101879.55892164,1879.5589216399967,75110.1069260642,100,0.01879558921640201,-0.009120478498131357,101877.6181831451,1877.6181831450958,75083.65992673866,100,0.01877618183145291,-0.009139354100377362,99316.65219799808,-683.3478020019247,9069.848120849636,334,-0.0068334780200193235,-0.06383082779405702,250.54922512732435,0.0,COVERED_CALL,2785.5069260641762,400.0,-1179.998779296875,124.6,0.0,226.04296429668884,0.0,COVERED_CALL,2759.0599267386447,400.0,-1179.998779296875,124.6,0.0,695.4079999999999,0
2018-11-15,273.0199890136719,0.0,100000,102049.5894017414,2049.5894017413957,75110.1069260642,100,0.020495894017416028,-0.007466763832040257,102054.53253112448,2054.5325311244815,75083.65992673866,100,0.020545325311246865,-0.007418687007506697,100258.52445141604,258.52445141604403,9069.848120849636,334,0.002585244514160534,-0.05495264122320698,362.516425689986,0.0,COVERED_CALL,2785.5069260641762,400.0,-898.0010986328125,124.6,0.0,331.1262969813625,0.0,COVERED_CALL,2759.0599267386447,400.0,-898.0010986328125,124.6,0.0,695.4079999999999,0
2018-11-16,273.7300109863281,0.0,100000,102143.4371565969,2143.437156596905,75110.1069260642,100,0.021434371565971277,-0.006554001552643407,102148.67846193312,2148.6784619331156,75083.65992673866,100,0.021486784619333177,-0.0065030246719173235,100495.67179028323,495.67179028323153,9069.848120849636,334,0.004956717902832475,-0.05271726555352019,339.6708681001106,0.0,COVERED_CALL,2785.5069260641762,400.0,-826.9989013671875,124.6,0.0,307.9825634383599,0.0,COVERED_CALL,2759.0599267386447,400.0,-826.9989013671875,124.6,0.0,695.4079999999999,0
2018-11-19,269.1000061035156,0.0,100000,101881.33465565782,1881.334655657818,75110.1069260642,100,0.018813346556580512,-0.009103207727698681,101872.66352152739,1872.6635215273855,75083.65992673866,100,0.018726635215275733,-0.009187543087303962,98949.25015942386,-1050.7498405761435,9069.848120849636,334,-0.010507498405761262,-0.06729399791414004,138.7728807579455,0.0,COVERED_CALL,2785.5069260641762,400.0,-1289.9993896484375,124.6,0.0,120.99701556283384,0.0,COVERED_CALL,2759.0599267386447,400.0,-1289.9993896484375,124.6,0.0,695.4079999999999,0
2018-11-20,264.1199951171875,0.0,100000,101437.40070790188,1437.4007079018775,75110.1069260642,100,0.014374007079021034,-0.013420904647344578,101422.07320565716,1422.0732056571578,75083.65992673866,100,0.014220732056573482,-0.013569979773413565,97285.92648999026,-2714.073510009737,9069.848120849636,334,-0.02714073510009729,-0.08297266114193247,84.70572988107283,0.0,COVERED_CALL,2785.5069260641762,400.0,-1788.00048828125,124.6,0.0,73.58623280024933,0.0,COVERED_CALL,2759.0599267386447,400.0,-1788.00048828125,124.6,0.0,695.4079999999999,0
2018-11-21,265.0199890136719,0.0,100000,101483.97635879916,1483.976358799162,75110.1069260642,100,0.01483976358799377,-0.012967910355229262,101472.09753222308,1472.0975322230806,75083.65992673866,100,0.014720975322232821,-0.013083443697916586,97586.52445141604,-2413.475548583956,9069.848120849636,334,-0.024134755485839543,-0.080139193254254,128.1294686322175,0.0,COVERED_CALL,2785.5069260641762,400.0,-1698.0010986328125,124.6,0.0,113.56129588276443,0.0,COVERED_CALL,2759.0599267386447,400.0,-1698.0010986328125,124.6,0.0,695.4079999999999,0
2018-11-23,263.25,0.0,100000,101369.66399354393,1369.6639935439307,75110.1069260642,100,0.013696639935441457,-0.014079711220729374,101352.40443742307,1352.4044374230725,75083.65992673866,100,0.013524044374232602,-0.014247577482533247,96995.34812084964,-3004.651879150362,9069.848120849636,334,-0.03004651879150355,-0.08571168330265755,65.44293252027188,0.0,COVERED_CALL,2785.5069260641762,400.0,-1875.0,124.6,0.0,56.25548931559722,0.0,COVERED_CALL,2759.0599267386447,400.0,-1875.0,124.6,0.0,695.4079999999999,0
2018-11-26,267.5,0.0,100000,101749.71893684134,1749.7189368413383,75110.1069260642,100,0.01749718936841571,-0.010383300828448183,101737.96246150069,1737.9624615006906,75083.65992673866,100,0.01737962461500886,-0.010497644184303212,98414.84812084964,-1585.1518791503622,9069.848120849636,334,-0.015851518791503594,-0.07233132753616378,110.38798922285413,0.0,COVERED_CALL,2785.5069260641762,400.0,-1450.0,124.6,0.0,95.69746523796884,0.0,COVERED_CALL,2759.0599267386447,400.0,-1450.0,124.6,0.0,695.4079999999999,0
2018-11-27,268.3999938964844,0.0,100000,101871.37694170132,1871.3769417013245,75110.1069260642,100,0.018713769417015413,-0.009200056349197627,101857.50189675056,1857.5018967505603,75083.65992673866,100,0.018575018967507573,-0.0093350048908597,98715.44608227542,-1284.553917724581,9069.848120849636,334,-0.012845539177245846,-0.06949785964848532,78.72937401130304,0.0,COVERED_CALL,2785.5069260641762,400.0,-1360.0006103515625,124.6,0.0,66.1574196365433,0.0,COVERED_CALL,2759.0599267386447,400.0,-1360.0006103515625,124.6,0.0,695.4079999999999,0
2018-11-28,274.5799865722656,0.0,100000,102362.02835329932,2362.02835329932,75110.1069260642,100,0.0236202835329955,-0.004427985866222839,102363.22364162595,2363.2236416259548,75083.65992673866,100,0.023632236416261554,-0.00441636050449512,100779.56363598636,779.5636359863565,9069.848120849636,334,0.007795636359863467,-0.05004127126347868,206.07722999144266,0.0,COVERED_CALL,2785.5069260641762,400.0,-742.0013427734375,124.6,0.0,178.43494233926583,0.0,COVERED_CALL,2759.0599267386447,400.0,-742.0013427734375,124.6,0.0,695.4079999999999,0
2018-11-29,273.9800109863281,0.0,100000,102341.99726828537,2341.9972682853695,75110.1069260642,100,0.023419972682856116,-0.004622807988971078,102340.01787629898,2340.0178762989817,75083.65992673866,100,0.02340017876299183,-0.004642059534670118,100579.17179028323,579.1717902832315,9069.848120849636,334,0.005791717902832172,-0.051930185802550266,166.11075641164476,0.0,COVERED_CALL,2785.5069260641762,400.0,-801.9989013671875,124.6,0.0,141.6431490724909,0.0,COVERED_CALL,2759.0599267386447,400.0,-801.9989013671875,124.6,0.0,695.4079999999999,0
2018-11-30,275.6499938964844,0.0,100000,102465.9676555667,2465.9676555666956,75110.1069260642,100,0.024659676555669252,-0.003417073302544038,102469.10583533262,2469.1058353326225,75083.65992673866,100,0.024691058353328188,-0.0033865513990559704,101136.94608227542,1136.946082275419,9069.848120849636,334,0.01136946082275414,-0.04667254687034894,209.13866014594063,0.0,COVERED_CALL,2785.5069260641762,400.0,-635.0006103515625,124.6,0.0,179.5534810544727,0.0,COVERED_CALL,2759.0599267386447,400.0,-635.0006103515625,124.6,0.0,695.4079999999999,0
2018-12-03,279.29998779296875,0.0,100000,102750.13833694374,2750.138336943739,75110.1069260642,100,0.027501383369439747,-0.0006532322360125464,102765.61427145585,2765.614271455852,75083.65992673866,100,0.027656142714560517,-0.0005027134592683336,102355.75404370119,2355.754043701192,969.8584748535422,363,0.02355754043701186,-0.03518393529239072,289.9673684173339,0.0,COVERED_CALL,2785.5069260641762,400.0,-270.001220703125,124.6,0.0,248.04443457968804,0.0,COVERED_CALL,2759.0599267386447,400.0,-270.001220703125,124.6,0.0,695.4079999999999,29
2018-12-04,270.25,0.0,100000,102107.58648937236,2107.586489372363,75110.1069260642,100,0.021075864893725926,-0.0069026847660472734,102088.13548221262,2088.135482212616,75083.65992673866,100,0.020881354822128273,-0.007091865057670121,99070.60847485354,-929.3915251464641,969.8584748535422,363,-0.009293915251464724,-0.06615006171430127,27.520436691830653,0.0,COVERED_CALL,2785.5069260641762,400.0,-1175.0,124.6,0.0,20.524444526042828,0.0,COVERED_CALL,2759.0599267386447,400.0,-1175.0,124.6,0.0,695.4079999999999,0
2018-12-06,269.8399963378906,0.0,100000,102054.70525304756,2054.705253047563,75110.1069260642,100,0.02054705253047784,-0.007417007115894325,102036.98410881554,2036.9841088155372,75083.65992673866,100,0.020369841088157425,-0.0075893627788258256,98921.77714550783,-1078.2228544921672,969.8584748535422,363,-0.010782228544921724,-0.06755296142254053,39.40130680569606,0.0,COVERED_CALL,2785.5069260641762,400.0,-1216.0003662109375,124.6,0.0,30.675451712187467,0.0,COVERED_CALL,2759.0599267386447,400.0,-1216.0003662109375,124.6,0.0,695.4079999999999,0
2018-12-07,263.57000732421875,0.0,100000,101461.9171654595,1461.9171654594975,75110.1069260642,100,0.01461917165459714,-0.013182457838281647,101436.69642919303,1436.6964291930344,75083.65992673866,100,0.014366964291932405,-0.01342775445468014,96645.77113354494,-3354.228866455058,969.8584748535422,363,-0.03354228866455067,-0.08900683262137266,5.190493026569175,0.0,COVERED_CALL,2785.5069260641762,400.0,-1842.999267578125,124.6,0.0,3.9642299675032735,0.0,COVERED_CALL,2759.0599267386447,400.0,-1842.999267578125,124.6,0.0,695.4079999999999,0
2018-12-10,264.07000732421875,0.0,100000,101514.97343584913,1514.973435849126,75110.1069260642,100,0.015149734358493427,-0.012666433108955988,101488.94914640061,1488.9491464006132,75083.65992673866,100,0.014889491464008309,-0.012919545075174899,96827.27113354494,-3172.728866455058,969.8584748535422,363,-0.03172728866455066,-0.08729599459980264,2.1342226369504216,0.0,COVERED_CALL,2785.5069260641762,400.0,-1792.999267578125,124.6,0.0,1.711512759929578,0.0,COVERED_CALL,2759.0599267386447,400.0,-1792.999267578125,124.6,0.0,695.4079999999999,0
2018-12-11,264.1300048828125,0.0,100000,101521.90266947137,1521.9026694713684,75110.1069260642,100,0.015219026694715643,-0.012599039455423955,101495.55078408321,1495.5507840832142,75083.65992673866,100,0.014955507840834326,-0.012855337616315632,96849.05024731447,-3150.9497526855266,969.8584748535422,363,-0.03150949752685539,-0.08709070239091554,1.2047448740801427,0.0,COVERED_CALL,2785.5069260641762,400.0,-1786.99951171875,124.6,0.0,1.1096309367014603,0.0,COVERED_CALL,2759.0599267386447,400.0,-1786.99951171875,124.6,0.0,695.4079999999999,0
2018-12-12,265.4599914550781,0.0,100000,101655.08308530835,1655.0830853083462,75110.1069260642,100,0.016550830853085507,-0.011303728127864399,101628.64975580783,1628.6497558078263,75083.65992673866,100,0.016286497558080537,-0.01156081841333867,97331.8353730469,-2668.1646269531047,969.8584748535422,363,-0.02668164626953129,-0.08253991919889647,1.022986263668629,0.0,COVERED_CALL,2785.5069260641762,400.0,-1654.0008544921875,124.6,0.0,1.0093164386545348,0.0,COVERED_CALL,2759.0599267386447,400.0,-1654.0008544921875,124.6,0.0,695.4079999999999,0
2018-12-13,265.3699951171875,0.0,100000,101646.10642782196,1646.1064278219565,75110.1069260642,100,0.016461064278221693,-0.011391035004424732,101619.65943675826,1619.6594367582584,75083.65992673866,100,0.016196594367584805,-0.01164825816211934,97299.1667023926,-2700.8332976074016,969.8584748535422,363,-0.02700833297607419,-0.08284785751222712,1.000009960989956,0.0,COVERED_CALL,2785.5069260641762,400.0,-1663.00048828125,124.6,0.0,1.0000016991487142,0.0,COVERED_CALL,2759.0599267386447,400.0,-1663.00048828125,124.6,0.0,695.4079999999999,0
2018-12-14,260.4700012207031,0.0,100000,101157.10704813451,1157.1070481345087,75110.1069260642,100,0.011571070481347201,-0.01614703784236493,101130.66004880898,1130.6600488089753,75083.65992673866,100,0.011306600488091956,-0.01640426108041393,95520.46891796877,-4479.53108203123,969.8584748535422,363,-0.04479531082031252,-0.0996140492393599,0.0,0.0,STOCK,2785.5069260641762,400.0,-2152.9998779296875,124.6,0.0,0.0,0.0,STOCK,2759.0599267386447,400.0,-2152.9998779296875,124.6,0.0,695.4079999999999,0
2018-12-17,255.3600006103516,0.0,100000,100646.10698709935,646.1069870993524,75110.1069260642,100,0.006461069870995706,-0.02111701907633723,100619.65998777382,619.659987773819,75083.65992673866,100,0.006196599877740239,-0.02137424231438656,93665.53869641117,-6334.461303588832,969.8584748535422,363,-0.06334461303588845,-0.11709881590823046,0.0,0.0,STOCK,2785.5069260641762,400.0,-2663.99993896484,124.6,0.0,0.0,0.0,STOCK,2759.0599267386447,400.0,-2663.99993896484,124.6,0.0,695.4079999999999,0
2018-12-18,255.0800018310547,0.0,100000,100580.65871294611,580.6587129461113,75448.54169018792,100,0.005806587129463248,-0.021753568304293536,100582.77090985235,582.7709098523483,75150.78232666054,100,0.00582770909852548,-0.0217330250993375,93563.89913952639,-6436.100860473613,969.8584748535422,363,-0.06436100860473626,-0.11805688102345913,375.883160347282,0.0,COVERED_CALL,3123.9416901879076,400.0,-2691.9998168945312,124.6,0.0,76.01159991365878,0.0,COVERED_CALL,2826.1823266605265,400.0,-2691.9998168945312,124.6,0.0,695.4079999999999,0
2018-12-19,251.25999450683597,0.0,100000,100295.31880194246,295.31880194245605,75448.54169018792,100,0.002953188019426678,-0.024528781285909962,100224.13769491912,224.13769491911808,75150.78232666054,100,0.00224137694919313,-0.025221087986231683,92177.236480835,-7822.763519165004,969.8584748535422,363,-0.07822763519165021,-0.13112770856935763,279.22233892906456,0.0,COVERED_CALL,3123.9416901879076,400.0,-3074.0005493164026,124.6,0.0,52.64408242501701,0.0,COVERED_CALL,2826.1823266605265,400.0,-3074.0005493164026,124.6,0.0,695.4079999999999,0
2018-12-20,247.1699981689453,0.0,100000,99988.21408912589,-11.785910874110414,75448.54169018792,100,-0.00011785910873896022,-0.027515678501677243,99840.11887354069,-159.8811264593096,75150.78232666054,100,-0.00159881126459116,-0.028956051015153306,90692.56781018068,-9307.432189819316,969.8584748535422,363,-0.09307432189819331,-0.1451223510552484,177.32741795655699,0.0,COVERED_CALL,3123.9416901879076,400.0,-3483.0001831054688,124.6,0.0,27.663270014379933,0.0,COVERED_CALL,2826.1823266605265,400.0,-3483.0001831054688,124.6,0.0,695.4079999999999,0
2018-12-21,240.6999969482422,0.0,100000,99547.44484371999,-452.5551562800101,75592.04169018792,100,-0.004525551562797991,-0.031802595559459745,99345.92493027312,-654.0750697268813,75294.28232666054,100,-0.006540750697266895,-0.03376257612399025,88864.86236706546,-11135.137632934537,1490.7634748535422,363,-0.11135137632934544,-0.16235049410930869,114.59654129215401,0.0,COVERED_CALL,3123.9416901879076,400.0,-4130.000305175781,268.1,0.0,18.357091211643905,0.0,COVERED_CALL,2826.1823266605265,400.0,-4130.000305175781,268.1,0.0,1216.3129999999999,0
2018-12-24,234.33999633789065,0.0,100000,98972.63329136453,-1027.366708635469,75592.04169018792,100,-0.010273667086352578,-0.0373932066887227,98720.73812878584,-1279.2618712141557,75294.28232666054,100,-0.012792618712139547,-0.039843136397945234,86556.18214550786,-13443.81785449214,1490.7634748535422,363,-0.13443817854492146,-0.18411235583210428,53.408032612448665,0.0,COVERED_CALL,3123.9416901879076,400.0,-4766.000366210934,268.1,0.0,7.54383166376462,0.0,COVERED_CALL,2826.1823266605265,400.0,-4766.000366210934,268.1,0.0,1216.3129999999999,0
2018-12-26,246.17999267578125,0.0,100000,99922.81034343707,-77.18965656292858,75592.04169018792,100,-0.0007718965656272614,-0.0281517946462555,99838.1308634934,-161.86913650660426,75294.28232666054,100,-0.0016186913650639845,-0.02897538638002184,90854.10081616214,-9145.899183837857,1490.7634748535422,363,-0.09145899183837869,-0.14359972401187882,287.2306143289816,0.0,COVERED_CALL,3123.9416901879076,400.0,-3582.000732421875,268.1,0.0,74.1507307452727,0.0,COVERED_CALL,2826.1823266605265,400.0,-3582.000732421875,268.1,0.0,1216.3129999999999,0
2018-12-27,248.07000732421875,0.0,100000,100188.8590044524,188.8590044524026,75592.04169018792,100,0.0018885900445260173,-0.025564208159688184,100064.31928379514,64.31928379513556,75294.28232666054,100,0.0006431928379535545,-0.026775480176558064,91540.17613354496,-8459.823866455044,1490.7634748535422,363,-0.08459823866455063,-0.13713270616813666,210.18341815739072,0.0,COVERED_CALL,3123.9416901879076,400.0,-3392.999267578125,268.1,0.0,36.96377528727376,0.0,COVERED_CALL,2826.1823266605265,400.0,-3392.999267578125,268.1,0.0,1216.3129999999999,0
2018-12-28,247.75,0.0,100000,100183.34218622262,183.34218622262415,75592.04169018792,100,0.001833421862228235,-0.025617864675927526,100040.45560986415,40.455609864147846,75294.28232666054,100,0.00040455609864364916,-0.02700757801891529,91424.01347485355,-8575.98652514645,1490.7634748535422,363,-0.08575986525146473,-0.13822766756304528,183.6995039652963,0.0,COVERED_CALL,3123.9416901879076,400.0,-3425.0,268.1,0.0,28.826716796396195,0.0,COVERED_CALL,2826.1823266605265,400.0,-3425.0,268.1,0.0,1216.3129999999999,0
2018-12-31,249.9199981689453,0.0,100000,100420.75665311069,420.7566531106859,75592.04169018792,100,0.004207566531108764,-0.023308774061110538,100267.38864565085,267.38864565084805,75294.28232666054,100,0.002673886456510788,-0.024800429693054737,92211.7228101807,-7788.277189819302,1490.7634748535422,363,-0.07788277189819337,-0.1308026368147076,163.28485397176428,0.0,COVERED_CALL,3123.9416901879076,400.0,-3208.0001831054688,268.1,0.0,18.893497904221256,0.0,COVERED_CALL,2826.1823266605265,400.0,-3208.0001831054688,268.1,0.0,1216.3129999999999,0
2019-01-02,250.17999267578125,0.0,100000,100506.1416414414,506.14164144139795,75592.04169018792,100,0.00506141641441582,-0.02247832056017174,100305.15856900968,305.15856900968356,75294.28232666054,100,0.0030515856900992233,-0.02443307981461884,92306.09081616213,-7693.909183837866,1240.573482177761,364,-0.07693909183837899,-0.1299131141003671,103.89931632464999,0.0,COVERED_CALL,3123.9416901879076,400.0,-3182.000732421875,268.1,0.0,7.123025228986644,0.0,COVERED_CALL,2826.1823266605265,400.0,-3182.000732421875,268.1,0.0,1216.3129999999999,1
2019-01-03,244.2100067138672,0.0,100000,99991.56032744174,-8.439672558262828,75592.04169018792,100,-8.439672558080424e-05,-0.02748313302291483,99713.88571986761,-286.11428013238765,75294.28232666054,100,-0.002861142801321548,-0.03018379334377308,90133.01592602541,-9866.984073974585,1240.573482177761,364,-0.09866984073974616,-0.1503967457574743,21.48203413290881,0.0,COVERED_CALL,3123.9416901879076,400.0,-3778.9993286132812,268.1,0.0,1.3972781796508729,0.0,COVERED_CALL,2826.1823266605265,400.0,-3778.9993286132812,268.1,0.0,1216.3129999999999,0
2019-01-04,252.38999938964844,0.0,100000,100712.08034809811,712.0803480981122,75592.04169018792,100,0.0071208034809828735,-0.02047536285922935,100526.12723242206,526.1272324220627,75294.28232666054,100,0.00526127232422291,-0.022283940911913436,93110.53326000979,-6889.46673999021,1240.573482177761,364,-0.06889466739990235,-0.12233035531745107,118.96128105464605,0.0,COVERED_CALL,3123.9416901879076,400.0,-2961.0000610351562,268.1,0.0,7.155033203322312,0.0,COVERED_CALL,2826.1823266605265,400.0,-2961.0000610351562,268.1,0.0,1216.3129999999999,0
2019-01-07,254.3800048828125,0.0,100000,100959.8474790423,959.8474790423061,75592.04169018792,100,0.00959847479042475,-0.018065582342386977,100730.44506599537,730.4450659953727,75294.28232666054,100,0.007304450659955997,-0.020296747805579662,93834.89525952151,-6165.104740478491,1240.573482177761,364,-0.06165104740478522,-0.11550244319543945,70.19469942686534,0.0,COVERED_CALL,3123.9416901879076,400.0,-2761.99951171875,268.1,0.0,1.837748946422712,0.0,COVERED_CALL,2826.1823266605265,400.0,-2761.99951171875,268.1,0.0,1216.3129999999999,0
2019-01-08,256.7699890136719,0.0,100000,101168.6065533271,1168.606553327103,75592.04169018792,100,0.011686065533272672,-0.016035193775475465,100969.04804014698,969.0480401469831,75294.28232666054,100,0.009690480401472135,-0.017976097781582934,94704.84948315432,-5295.150516845679,1240.573482177761,364,-0.052951505168457036,-0.10730216351050037,100.4340382280039,0.0,COVERED_CALL,3123.9416901879076,400.0,-2523.0010986328125,268.1,0.0,2.2331878807465557,0.0,COVERED_CALL,2826.1823266605265,400.0,-2523.0010986328125,268.1,0.0,1216.3129999999999,0
2019-01-09,257.9700012207031,0.0,100000,101288.29224631735,1288.2922463173454,75592.04169018792,100,0.012882922463175017,-0.014871131980783159,101089.53644347293,1089.5364434729272,75294.28232666054,100,0.010895364434731603,-0.016804228834584767,95141.6539265137,-4858.346073486304,1240.573482177761,364,-0.04858346073486319,-0.1031847990493987,100.74956594088722,0.0,COVERED_CALL,3123.9416901879076,400.0,-2402.9998779296875,268.1,0.0,1.7460052579314704,0.0,COVERED_CALL,2826.1823266605265,400.0,-2402.9998779296875,268.1,0.0,1216.3129999999999,0
2019-01-10,258.8800048828125,0.0,100000,101379.23283172485,1379.2328317248466,75592.04169018792,100,0.01379232831725008,-0.013986644800945691,101180.82626090896,1180.826260908958,75294.28232666054,100,0.011808262609091846,-0.015916345027700896,95472.89525952151,-4527.104740478491,1240.573482177761,364,-0.045271047404784936,-0.10006248352970004,100.8093467443274,0.0,COVERED_CALL,3123.9416901879076,400.0,-2311.99951171875,268.1,0.0,1.4565540328391182,0.0,COVERED_CALL,2826.1823266605265,400.0,-2311.99951171875,268.1,0.0,1216.3129999999999,0
2019-01-11,258.9800109863281,0.0,100000,101407.45614904205,1407.4561490420456,75592.04169018792,100,0.014074561490422077,-0.013712145112740548,101191.11861198892,1191.118611988917,75294.28232666054,100,0.011911186119891504,-0.015816241729049052,95509.2974812012,-4490.702518798804,1240.573482177761,364,-0.04490702518798806,-0.09971935237312024,82.58663977868974,0.0,COVERED_CALL,3123.9416901879076,400.0,-2301.9989013671875,268.1,0.0,1.164813304435138,0.0,COVERED_CALL,2826.1823266605265,400.0,-2301.9989013671875,268.1,0.0,1216.3129999999999,0
2019-01-14,257.3999938964844,0.0,100000,101317.19153272478,1317.1915327247843,75592.04169018792,100,0.013171915327249373,-0.014590057824296343,101033.28163239225,1033.2816323922452,75294.28232666054,100,0.01033281632392491,-0.017351362537123327,94934.17126049807,-5065.828739501929,1240.573482177761,364,-0.05065828739501932,-0.10514055240386821,14.849547111570004,0.0,COVERED_CALL,3123.9416901879076,400.0,-2460.0006103515625,268.1,0.0,1.0000839167397824,0.0,COVERED_CALL,2826.1823266605265,400.0,-2460.0006103515625,268.1,0.0,1216.3129999999999,0
2019-01-15,260.3500061035156,0.0,100000,101588.74935167767,1588.749351677674,75592.04169018792,100,0.015887493516778317,-0.011948889325411383,101328.28275341887,1328.282753418869,75294.28232666054,100,0.013282827534191188,-0.014482184728155767,96007.97570385745,-3992.024296142554,1240.573482177761,364,-0.0399202429614256,-0.09501875918386815,38.292948861812555,0.0,COVERED_CALL,3123.9416901879076,400.0,-2164.9993896484375,268.1,0.0,1.0001835932414496,0.0,COVERED_CALL,2826.1823266605265,400.0,-2164.9993896484375,268.1,0.0,1216.3129999999999,0
2019-01-16,260.9800109863281,0.0,100000,101664.27087804812,1664.270878048119,75592.04169018792,100,0.016642708780482796,-0.01121436775204454,101391.2834247011,1391.283424701105,75294.28232666054,100,0.013912834247013617,-0.013869440860051041,96237.2974812012,-3762.702518798804,1240.573482177761,364,-0.037627025187988106,-0.09285714807723622,25.77191077261773,0.0,COVERED_CALL,3123.9416901879076,400.0,-2101.9989013671875,268.1,0.0,1.0000005922450945,0.0,COVERED_CALL,2826.1823266605265,400.0,-2101.9989013671875,268.1,0.0,1216.3129999999999,0
2019-01-17,262.9599914550781,0.0,100000,101853.20166916441,1853.2016691644094,75592.04169018792,100,0.018532016691645836,-0.009376828859259612,101589.28147216831,1589.2814721683098,75294.28232666054,100,0.01589281472168569,-0.011943713927099697,96958.0103718262,-3041.989628173804,1240.573482177761,364,-0.030419896281738246,-0.08606363283802498,34.839166531320274,0.0,COVERED_CALL,3123.9416901879076,400.0,-1904.0008544921875,268.1,0.0,1.0000000000439355,0.0,COVERED_CALL,2826.1823266605265,400.0,-1904.0008544921875,268.1,0.0,1216.3129999999999,0
2019-01-18,266.4599914550781,0.0,100000,102092.04169018792,2092.0416901879216,102092.04169018792,0,0.020920416901881067,-0.007053873319873061,101940.28147216835,1940.2814721683535,75294.28232666054,100,0.019402814721686035,-0.008529891608584306,98232.0103718262,-1767.9896281738038,1240.573482177761,364,-0.01767989628173816,-0.07405477532022775,0.0,0.0,CASH,3123.9416901879076,-1300.0,0.0,268.1,0.0,0.0,0.0,STOCK,2826.1823266605265,400.0,-1554.0008544921875,268.1,0.0,1216.3129999999999,0
2019-01-22,262.8599853515625,0.0,100000,102092.04169018792,2092.0416901879216,102092.04169018792,0,0.020920416901881067,-0.007053873319873061,101580.28086181679,1580.280861816791,75294.28232666054,100,0.015802808618170294,-0.012031253768975292,96921.60815014651,-3078.3918498534913,1240.573482177761,364,-0.030783918498535012,-0.08640676399460456,0.0,0.0,CASH,3123.9416901879076,-1300.0,0.0,268.1,0.0,0.0,0.0,STOCK,2826.1823266605265,400.0,-1914.00146484375,268.1,0.0,1216.3129999999999,0
2019-01-23,263.4100036621094,0.0,100000,102059.50206797922,2059.5020679792215,102383.84310117058,0,0.02059502067979402,-0.007370353344181013,101623.12959286699,1623.129592866986,75392.41177670329,100,0.01623129592867234,-0.011614507460202539,97121.81481518557,-2878.185184814429,1240.573482177761,364,-0.028781851848144413,-0.08451959498787975,324.34103319136807,25600.0,SHORT_PUT,3415.743101170574,-1300.0,0.0,268.1,0.0,110.28255004724521,0.0,COVERED_CALL,2924.3117767032722,400.0,-1858.9996337890625,268.1,0.0,1216.3129999999999,0
2019-01-24,263.54998779296875,0.0,100000,102107.31700772254,2107.317007722537,102383.84310117058,0,0.021073170077227088,-0.006905305741747525,101661.82105318671,1661.821053186708,75392.41177670329,100,0.016618210531869515,-0.011238194722950734,97172.76903881838,-2827.2309611816163,1240.573482177761,364,-0.02827230961181637,-0.08403929513581043,276.5260934480404,25600.0,SHORT_PUT,3415.743101170574,-1300.0,0.0,268.1,0.0,85.58950281345622,0.0,COVERED_CALL,2924.3117767032722,400.0,-1845.001220703125,268.1,0.0,1216.3129999999999,0
2019-01-25,265.7799987792969,0.0,100000,102190.43873327484,2190.4387332748447,102383.84310117058,0,0.02190438733275024,-0.006096864710853023,101870.76898771916,1870.7689877191588,75392.41177670329,100,0.018707689877193845,-0.00920596930325146,97984.49303784182,-2015.5069621581788,1240.573482177761,364,-0.020155069621581978,-0.07638789965068571,193.40436789574403,25600.0,SHORT_PUT,3415.743101170574,-1300.0,0.0,268.1,0.0,99.64266691381944,0.0,COVERED_CALL,2924.3117767032722,400.0,-1622.0001220703125,268.1,0.0,1216.3129999999999,0
2019-01-28,263.760009765625,0.0,100000,102197.64161385025,2197.6416138502536,102383.84310117058,0,0.021976416138504318,-0.006026809569924518,101725.69886384046,1725.6988638404582,75392.41177670329,100,0.017256988638406856,-0.010616919806518799,97249.21703686526,-2750.7829631347413,1240.573482177761,364,-0.02750782963134768,-0.08331868829431466,186.20148732032996,25600.0,SHORT_PUT,3415.743101170574,-1300.0,0.0,268.1,0.0,42.713889425326315,0.0,COVERED_CALL,2924.3117767032722,400.0,-1823.9990234375,268.1,0.0,1216.3129999999999,0
2019-01-29,263.4100036621094,0.0,100000,102163.21319516173,2163.213195161734,102383.84310117058,0,0.02163213195161906,-0.0063616600089845265,101682.15549776689,1682.1554977668857,75392.41177670329,100,0.016821554977671127,-0.011040422128243077,97121.81481518557,-2878.185184814429,1240.573482177761,364,-0.028781851848144524,-0.08451959498787986,220.62990600885283,25600.0,SHORT_PUT,3415.743101170574,-1300.0,0.0,268.1,0.0,51.256645147333536,0.0,COVERED_CALL,2924.3117767032722,400.0,-1858.9996337890625,268.1,0.0,1216.3129999999999,0
2019-01-30,267.5799865722656,0.0,100000,102259.86515068286,2259.865150682861,102383.84310117058,0,0.02259865150683038,-0.005421624103325917,102051.54119683447,2051.5411968344706,75392.41177670329,100,0.020515411968347053,-0.007447780693436323,98639.68859448245,-1360.3114055175538,1240.573482177761,364,-0.01360311405517578,-0.07021195766796118,123.97795048772528,25600.0,SHORT_PUT,3415.743101170574,-1300.0,0.0,268.1,0.0,98.8692370953855,0.0,COVERED_CALL,2924.3117767032722,400.0,-1442.0013427734375,268.1,0.0,1216.3129999999999,0
2019-01-31,269.92999267578125,0.0,100000,102321.78109063969,2321.7810906396917,102383.84310117058,0,0.02321781090639874,-0.004819430320714968,102279.68437932842,2279.6843793284206,75392.41177670329,100,0.022796843793286614,-0.005228862493393827,99495.09081616213,-504.9091838378663,1240.573482177761,364,-0.005049091838378983,-0.06214884667851195,62.06201053089112,25600.0,SHORT_PUT,3415.743101170574,-1300.0,0.0,268.1,0.0,105.72666495298868,0.0,COVERED_CALL,2924.3117767032722,400.0,-1207.000732421875,268.1,0.0,1216.3129999999999,0
2019-02-01,270.0599975585937,0.0,100000,102340.12063880623,2340.1206388062274,102383.84310117058,0,0.0234012063880642,-0.004641060067602565,102315.10863935536,2315.108639355356,75392.41177670329,100,0.023151086393555786,-0.004884326511921611,99542.41259350587,-457.58740649413085,1240.573482177761,364,-0.004575874064941532,-0.06170278664585105,43.722462364356765,25600.0,SHORT_PUT,3415.743101170574,-1300.0,0.0,268.1,0.0,83.30289320730448,0.0,COVERED_CALL,2924.3117767032722,400.0,-1194.0002441406323,268.1,0.0,1216.3129999999999,0
2019-02-04,271.9599914550781,0.0,100000,102365.68076763435,2365.680767634345,102383.84310117058,0,0.02365680767634548,-0.004392462522709195,102501.05376859,2501.0537685900053,75392.41177670329,100,0.025010537685902445,-0.0030758261352821226,100234.0103718262,234.0103718261962,1240.573482177761,364,0.0023401037182615436,-0.05518371350654683,18.162333536234264,25600.0,SHORT_PUT,3415.743101170574,-1300.0,0.0,268.1,0.0,87.35715362109875,0.0,COVERED_CALL,2924.3117767032722,400.0,-1004.0008544921875,268.1,0.0,1216.3129999999999,0
2019-02-05,273.1000061035156,0.0,100000,102373.44003508869,2373.4400350886863,102383.84310117058,0,0.023734400350888807,-0.004316995968831838,102608.39420326962,2608.3942032696214,75392.41177670329,100,0.026083942032698593,-0.0020318341934348894,100648.97570385745,648.9757038574462,1240.573482177761,364,0.006489757038574018,-0.05127220679760758,10.403066081900135,25600.0,SHORT_PUT,3415.743101170574,-1300.0,0.0,268.1,0.0,94.01818378522773,0.0,COVERED_CALL,2924.3117767032722,400.0,-889.9993896484375,268.1,0.0,1216.3129999999999,0
2019-02-06,272.739990234375,0.0,100000,102374.6798056097,2374.679805609703,102383.84310117058,0,0.023746798056099028,-0.004304937973747869,102588.75569872052,2588.755698720517,75392.41177670329,100,0.02588755698720746,-0.0022228380826999627,100517.92992749026,517.9299274902587,1240.573482177761,364,0.005179299274902238,-0.05250745801950907,9.163295560875206,25600.0,SHORT_PUT,3415.743101170574,-1300.0,0.0,268.1,0.0,77.65510142027686,0.0,COVERED_CALL,2924.3117767032722,400.0,-926.0009765625,268.1,0.0,1216.3129999999999,0
2019-02-07,270.1400146484375,0.0,100000,102369.23957627108,2369.2395762710803,102383.84310117058,0,0.02369239576271287,-0.004357849587235063,102370.54096458803,2370.540964588028,75392.41177670329,100,0.023705409645882636,-0.004345192298113809,99571.53881420901,-428.4611857909913,1240.573482177761,364,-0.004284611857910181,-0.06142823983701606,14.603524899499142,25600.0,SHORT_PUT,3415.743101170574,-1300.0,0.0,268.1,0.0,35.87227695900553,0.0,COVERED_CALL,2924.3117767032722,400.0,-1185.99853515625,268.1,0.0,1216.3129999999999,0
2019-02-08,270.4700012207031,0.0,100000,102368.46334671459,2368.4633467145904,102383.84310117058,0,0.02368463346714811,-0.0043653991877598,102396.1121236157,2396.112123615705,75392.41177670329,100,0.023961121236159455,-0.00409648747361524,99691.6539265137,-308.3460734863038,1240.573482177761,364,-0.003083460734863208,-0.06029602220012331,15.379754455994487,25600.0,SHORT_PUT,3415.743101170574,-1300.0,0.0,268.1,0.0,43.29977515789064,0.0,COVERED_CALL,2924.3117767032722,400.0,-1152.9998779296875,268.1,0.0,1216.3129999999999,0
2019-02-11,270.6199951171875,0.0,100000,102377.48124632674,2377.4812463267444,102383.84310117058,0,0.023774812463269512,-0.004277691190716859,102431.07745617286,2431.0774561728613,75392.41177670329,100,0.02431077456173103,-0.003756415015900405,99746.25170483401,-253.7482951659913,1240.573482177761,364,-0.0025374829516601194,-0.059781377819717596,6.361854843840418,25600.0,SHORT_PUT,3415.743101170574,-1300.0,0.0,268.1,0.0,23.333832249182205,0.0,COVERED_CALL,2924.3117767032722,400.0,-1138.00048828125,268.1,0.0,1216.3129999999999,0
2019-02-12,274.1000061035156,0.0,100000,102381.80559426086,2381.8055942608626,102383.84310117058,0,0.02381805594261066,-0.004235632628065922,102745.55238082104,2745.552380821042,75392.41177670329,100,0.02745552380821281,-0.0006978351971617114,101012.97570385745,1012.9757038574462,1240.573482177761,364,0.010129757038574327,-0.04784110464966518,2.037506909726127,25600.0,SHORT_PUT,3415.743101170574,-1300.0,0.0,268.1,0.0,56.86000623381368,0.0,COVERED_CALL,2924.3117767032722,400.0,-789.9993896484375,268.1,0.0,1216.3129999999999,0
2019-02-13,274.989990234375,0.0,100000,102382.56536101145,2382.565361011453,102383.84310117058,0,0.02382565361011668,-0.004228243144618449,102835.43028141274,2835.430281412744,75392.41177670329,100,0.028354302814129984,0.0,101336.92992749026,1336.9299274902587,1240.573482177761,364,0.01336929927490238,-0.04478747818663942,1.277740159135409,25600.0,SHORT_PUT,3415.743101170574,-1300.0,0.0,268.1,0.0,55.980518728048764,0.0,COVERED_CALL,2924.3117767032722,400.0,-701.0009765625,268.1,0.0,1216.3129999999999,0
2019-02-14,274.3800048828125,0.0,100000,102382.61140660084,2382.611406600845,102383.84310117058,0,0.02382611406601054,-0.004227795305698945,102790.19445793937,2790.194457939375,75392.41177670329,100,0.02790194457939621,-0.0004398855856351247,101114.89525952151,1114.8952595215087,1240.573482177761,364,0.011148952595214867,-0.046880400236598674,1.2316945697412087,25600.0,SHORT_PUT,3415.743101170574,-1300.0,0.0,268.1,0.0,40.21780704516534,0.0,COVERED_CALL,2924.3117767032722,400.0,-761.99951171875,268.1,0.0,1216.3129999999999,0
2019-02-15,277.3699951171875,0.0,100000,102382.81762750629,2382.817627506287,102383.84310117058,0,0.02382817627506495,-0.004225789603335639,103039.48464507138,3039.4846450713812,75392.41177670329,100,0.030394846450716217,0.0,102203.25170483401,2203.2517048340087,1240.573482177761,364,0.022032517048339972,-0.03662143832110876,1.025473664298506,25600.0,SHORT_PUT,3415.743101170574,-1300.0,0.0,268.1,0.0,89.92664335065861,0.0,COVERED_CALL,2924.3117767032722,400.0,-463.00048828125,268.1,0.0,1216.3129999999999,0
2019-02-19,277.8500061035156,0.0,100000,102382.84310113355,2382.8431011335488,102383.84310117058,0,0.02382843101133747,-0.004225541847104108,103149.5979882723,3149.597988272304,75392.41177670329,100,0.031495979882725456,0.0,102377.97570385745,2377.975703857446,1240.573482177761,364,0.023779757038574267,-0.03497447159488265,1.0000000370287094,25600.0,SHORT_PUT,3415.743101170574,-1300.0,0.0,268.1,0.0,27.814398782548867,0.0,COVERED_CALL,2924.3117767032722,400.0,-414.9993896484375,268.1,0.0,1216.3129999999999,0
2019-02-20,278.4100036621094,0.0,100000,102382.84310117058,2382.8431011705834,102383.84310117058,0,0.02382843101170784,-0.004225541846743952,103213.5318682829,3213.5318682828947,75392.41177670329,100,0.03213531868283126,0.0,102581.81481518557,2581.814815185571,1240.573482177761,364,0.02581814815185557,-0.03305306276874931,1.0000000000004574,25600.0,SHORT_PUT,3415.743101170574,-1300.0,0.0,268.1,0.0,19.880274631328575,0.0,COVERED_CALL,2924.3117767032722,400.0,-358.9996337890625,268.1,0.0,1216.3129999999999,0
2019-02-21,277.4200134277344,0.0,100000,102382.84310117058,2382.8431011705834,102383.84310117058,0,0.02382843101170784,-0.004225541846743952,103132.48447700054,3132.484477000544,75392.41177670329,100,0.031324844770007854,-0.0007852399759535889,102221.45836987307,2221.458369873071,1240.573482177761,364,0.02221458369873064,-0.03644982038835498,1.0,25600.0,SHORT_PUT,3415.743101170574,-1300.0,0.0,268.1,0.0,1.9286424761837166,0.0,COVERED_CALL,2924.3117767032722,400.0,-457.9986572265625,268.1,0.0,1216.3129999999999,0
2019-02-22,279.1400146484375,0.0,100000,102383.84310117058,2383.8431011705834,102383.84310117058,0,0.023838431011707906,-0.004215815857232408,103306.41324154704,3306.4132415470376,75392.41177670329,100,0.03306413241547279,0.0,102847.53881420901,2847.5388142090087,1240.573482177761,364,0.02847538814208983,-0.030548320505537685,0.0,0.0,CASH,3415.743101170574,-1300.0,0.0,268.1,0.0,0.0,0.0,STOCK,2924.3117767032722,400.0,-285.99853515625,268.1,0.0,1216.3129999999999,0
2019-02-25,279.5199890136719,0.0,100000,102383.84310117058,2383.8431011705834,102383.84310117058,0,0.023838431011707906,-0.004215815857232408,103344.41067807048,3344.410678070475,75392.41177670329,100,0.033444106780707195,0.0,102985.84948315432,2985.849483154321,1240.573482177761,364,0.029858494831543014,-0.02924458964481902,0.0,0.0,CASH,3415.743101170574,-1300.0,0.0,268.1,0.0,0.0,0.0,STOCK,2924.3117767032722,400.0,-248.0010986328125,268.1,0.0,1216.3129999999999,0
2019-02-26,279.32000732421875,0.0,100000,102357.33907006384,2357.339070063841,102618.30639668473,0,0.023573390700640573,-0.0044735937857873775,103299.47681431132,3299.476814311318,75611.97587743489,100,0.03299476814311553,-0.0004347972325193794,102913.05614819338,2913.0561481933837,1240.573482177761,364,0.029130561481933714,-0.02993074724905065,260.96732662088635,27400.0,SHORT_PUT,3650.206396684709,-1300.0,0.0,268.1,0.0,244.49979554544768,0.0,COVERED_CALL,3143.875877434868,400.0,-267.999267578125,268.1,0.0,1216.3129999999999,0
2019-02-27,279.20001220703125,0.0,100000,102350.8307277904,2350.830727790395,102618.30639668473,0,0.023508307277906093,-0.004536893854475754,103289.41717434338,3289.4171743433835,75611.97587743489,100,0.03289417174343612,-0.0005321381520905222,102869.37792553713,2869.3779255371337,1240.573482177761,364,0.0286937792553712,-0.030342462753375266,267.47566889433034,27400.0,SHORT_PUT,3650.206396684709,-1300.0,0.0,268.1,0.0,242.55992379462575,0.0,COVERED_CALL,3143.875877434868,400.0,-279.998779296875,268.1,0.0,1216.3129999999999,0
2019-02-28,278.67999267578125,0.0,100000,102354.52139466925,2354.521394669253,102618.30639668473,0,0.023545213946694732,-0.0045009984671217085,103274.30921725453,3274.3092172545294,75611.97587743489,100,0.03274309217254756,-0.0006783285168110442,102680.09081616213,2680.0908161621337,1240.573482177761,364,0.026800908161621173,-0.032126702884018976,263.78500201546683,27400.0,SHORT_PUT,3650.206396684709,-1300.0,0.0,268.1,0.0,205.66592775847886,0.0,COVERED_CALL,3143.875877434868,400.0,-332.000732421875,268.1,0.0,1216.3129999999999,0
2019-03-01,280.4200134277344,0.0,100000,102413.68996031297,2413.6899603129714,102618.30639668473,0,0.024136899603131923,-0.003925525618264092,103398.1046149314,3398.104614931406,75611.97587743489,100,0.03398104614931641,0.0,103313.45836987307,3313.458369873071,1240.573482177761,364,0.03313458369873046,-0.026156513944529003,204.61643637175655,27400.0,SHORT_PUT,3650.206396684709,-1300.0,0.0,268.1,0.0,255.8726052769223,0.0,COVERED_CALL,3143.875877434868,400.0,-157.9986572265625,268.1,0.0,1216.3129999999999,0
2019-03-04,279.3999938964844,0.0,100000,102436.62299564618,2436.6229956461757,102618.30639668473,0,0.02436622995646398,-0.003702479157147831,103384.26871645589,3384.2687164558884,75611.97587743489,100,0.03384268716456118,-0.00013381191586681052,102942.17126049807,2942.171260498071,1240.573482177761,364,0.0294217126049805,-0.029656305149143636,181.68340103855556,27400.0,SHORT_PUT,3650.206396684709,-1300.0,0.0,268.1,0.0,167.70655062744217,0.0,COVERED_CALL,3143.875877434868,400.0,-260.0006103515625,268.1,0.0,1216.3129999999999,0
2019-03-05,279.0199890136719,0.0,100000,102404.75462121214,2404.754621212138,102618.30639668473,0,0.024047546212123683,-0.004012430632639785,103337.92701501728,3337.9270150172815,75611.97587743489,100,0.033379270150175167,-0.0005819990621513949,102803.84948315432,2803.849483154321,1240.573482177761,364,0.02803849483154286,-0.030960140718790274,213.55177547258322,27400.0,SHORT_PUT,3650.206396684709,-1300.0,0.0,268.1,0.0,176.0477637847878,0.0,COVERED_CALL,3143.875877434868,400.0,-298.0010986328125,268.1,0.0,1216.3129999999999,0
2019-03-06,277.3299865722656,0.0,100000,102351.60196809217,2351.6019680921745,102618.30639668473,0,0.023516019680924094,-0.004529392779389685,103216.41731563983,3216.417315639832,75611.97587743489,100,0.03216417315640063,-0.0017571627639423326,102188.68859448245,2188.688594482446,1240.573482177761,364,0.02188688594482402,-0.03675871172552658,266.7044285925506,27400.0,SHORT_PUT,3650.206396684709,-1300.0,0.0,268.1,0.0,128.5572190216175,0.0,COVERED_CALL,3143.875877434868,400.0,-467.0013427734375,268.1,0.0,1216.3129999999999,0
2019-03-07,275.010009765625,0.0,100000,102234.80771765542,2234.8077176554216,102618.30639668473,0,0.022348077176556513,-0.005665332434133918,103017.57882837675,3017.578828376747,75611.97587743489,100,0.030175788283769878,-0.00368020079257525,101344.21703686526,1344.2170368652587,1240.573482177761,364,0.013442170368652029,-0.044718789129967074,383.498679029299,27400.0,SHORT_PUT,3650.206396684709,-1300.0,0.0,268.1,0.0,95.39802562064057,0.0,COVERED_CALL,3143.875877434868,400.0,-698.9990234375,268.1,0.0,1216.3129999999999,0
2019-03-08,274.4599914550781,0.0,100000,102194.66287877187,2194.6628787718655,102618.30639668473,0,0.021946628787721023,-0.006055780716053727,102963.96507098534,2963.965070985345,75611.97587743489,100,0.02963965070985597,-0.004198718589309092,101144.0103718262,1144.0103718261962,1240.573482177761,364,0.01144010371826143,-0.04660595813669188,423.64351791286464,27400.0,SHORT_PUT,3650.206396684709,-1300.0,0.0,268.1,0.0,94.00995195734907,0.0,COVERED_CALL,3143.875877434868,400.0,-754.0008544921875,268.1,0.0,1216.3129999999999,0
2019-03-11,278.44000244140625,0.0,100000,102403.32457481735,2403.3245748173504,102618.30639668473,0,0.024033245748176002,-0.004026339248876187,103314.20861122673,3314.208611226728,75611.97587743489,100,0.033142086112269764,-0.0008113882166128628,102592.73437084963,2592.7343708496337,1240.573482177761,364,0.025927343708495698,-0.032950133892668654,214.98182186737367,27400.0,SHORT_PUT,3650.206396684709,-1300.0,0.0,268.1,0.0,141.76751034877844,0.0,COVERED_CALL,3143.875877434868,400.0,-355.999755859375,268.1,0.0,1216.3129999999999,0
2019-03-12,279.489990234375,0.0,100000,102480.94007648254,2480.9400764825405,102618.30639668473,0,0.02480940076482785,-0.003271451693755534,103435.83075935632,3435.8307593563222,75611.97587743489,100,0.03435830759356584,0.0,102974.92992749026,2974.9299274902587,1240.573482177761,364,0.029749299274901997,-0.029347518520900562,137.36632020218485,27400.0,SHORT_PUT,3650.206396684709,-1300.0,0.0,268.1,0.0,125.14414151606607,0.0,COVERED_CALL,3143.875877434868,400.0,-251.0009765625,268.1,0.0,1216.3129999999999,0
2019-03-13,281.3399963378906,0.0,100000,102539.23598872632,2539.2359887263156,102618.30639668473,0,0.025392359887265625,-0.0027044662627128124,103589.6636901183,3589.6636901182937,75611.97587743489,100,0.0358966369011855,0.0,103648.33214916995,3648.332149169946,1240.573482177761,364,0.03648332149169886,-0.022999958605422255,79.07040795841347,27400.0,SHORT_PUT,3650.206396684709,-1300.0,0.0,268.1,0.0,156.31182110566428,0.0,COVERED_CALL,3143.875877434868,400.0,-66.0003662109375,268.1,0.0,1216.3129999999999,0
2019-03-14,281.1600036621094,0.0,100000,102548.09805312566,2548.0980531256646,102618.30639668473,0,0.025480980531259245,-0.0026182739173149505,103593.7725945561,3593.772594556096,75611.97587743489,100,0.035937725945563326,0.0,103582.81481518557,3582.814815185571,1240.573482177761,364,0.0358281481518552,-0.02361753186190907,70.20834355905772,27400.0,SHORT_PUT,3650.206396684709,-1300.0,0.0,268.1,0.0,134.20364908973704,0.0,COVERED_CALL,3143.875877434868,400.0,-83.9996337890625,268.1,0.0,1216.3129999999999,0
2019-03-15,281.3099975585937,0.0,100000,102555.73087173274,2555.7308717327396,102618.30639668473,0,0.025557308717330196,-0.002544037203599636,103735.34003649537,3735.3400364953704,75735.27587743489,100,0.037353400364956046,0.0,104086.22459350587,4086.2245935058745,1689.3854821777609,364,0.04086224593505827,-0.018872338533090782,62.575524951989294,27400.0,SHORT_PUT,3650.206396684709,-1300.0,0.0,268.1,0.0,130.9355967988759,0.0,COVERED_CALL,3143.875877434868,400.0,-69.00024414063228,391.40000000000003,0.0,1665.125,0
2019-03-18,282.3299865722656,0.0,100000,102591.5929068797,2591.5929068796977,102618.30639668473,0,0.025915929068799803,-0.002195243425901383,103849.78454792933,3849.784547929332,75735.27587743489,100,0.03849784547929569,0.0,104457.50059448245,4457.500594482452,1689.3854821777609,364,0.044575005944824,-0.0153726520374039,26.713489805024672,27400.0,SHORT_PUT,3650.206396684709,-1300.0,0.0,268.1,0.0,118.48998673212185,0.0,COVERED_CALL,3143.875877434868,400.0,32.9986572265625,391.40000000000003,0.0,1665.125,0
2019-03-19,282.3999938964844,0.0,100000,102595.45968257755,2595.4596825775516,102618.30639668473,0,0.025954596825778165,-0.002157635206021191,103860.74654124264,3860.746541242639,75735.27587743489,100,0.038607465412428654,0.0,104482.98326049808,4482.983260498077,1689.3854821777609,364,0.0448298326049803,-0.015132449756905197,22.84671410717534,27400.0,SHORT_PUT,3650.206396684709,-1300.0,0.0,268.1,0.0,114.52872584068629,0.0,COVERED_CALL,3143.875877434868,400.0,39.9993896484375,391.40000000000003,0.0,1665.125,0
2019-03-20,281.54998779296875,0.0,100000,102589.43651193328,2589.4365119332797,102618.30639668473,0,0.025894365119335516,-0.0022162165005329415,103803.19314068646,3803.1931406864605,75735.27587743489,100,0.03803193140686689,-0.0005541400622738335,104173.58103881839,4173.581038818389,1689.3854821777609,364,0.0417358103881833,-0.01804890752444166,28.86988475143955,27400.0,SHORT_PUT,3650.206396684709,-1300.0,0.0,268.1,0.0,87.08151604530748,0.0,COVERED_CALL,3143.875877434868,400.0,-45.001220703125,391.40000000000003,0.0,1665.125,0
2019-03-21,284.7300109863281,0.0,100000,102610.56984243654,2610.56984243654,102618.30639668473,0,0.026105698424368162,-0.002010673949716435,104020.04515175486,4020.0451517548645,75735.27587743489,100,0.04020045151755092,0.0,105331.1094812012,5331.109481201202,1689.3854821777609,364,0.05331109481201146,-0.007137923115200784,7.736554248190884,27400.0,SHORT_PUT,3650.206396684709,-1300.0,0.0,268.1,0.0,188.23182431283684,0.0,COVERED_CALL,3143.875877434868,400.0,273.0010986328125,391.40000000000003,0.0,1665.125,0
2019-03-22,279.25,0.0,100000,102574.1369490799,2574.136949079897,102618.30639668473,0,0.025741369490801747,-0.0023650198883744533,103632.16659572678,3632.1665957267833,75735.27587743489,100,0.036321665957270044,-0.003728882788526122,103336.38548217776,3336.385482177764,1689.3854821777609,364,0.03336385482177717,-0.025940400581137002,44.16944760482245,27400.0,SHORT_PUT,3650.206396684709,-1300.0,0.0,268.1,0.0,28.109281708108146,0.0,COVERED_CALL,3143.875877434868,400.0,-275.0,391.40000000000003,0.0,1665.125,0
2019-03-25,279.0400085449219,0.0,100000,102581.40415645832,2581.4041564583167,102618.30639668473,0,0.025814041564586,-0.0022943391056344797,103621.21756015788,3621.2175601578783,75735.27587743489,100,0.036212175601580965,-0.003834141688894177,103259.94859252933,3259.9485925293266,1689.3854821777609,364,0.032599485925292715,-0.026660902713705137,36.902240226411536,27400.0,SHORT_PUT,3650.206396684709,-1300.0,0.0,268.1,0.0,18.059171769203374,0.0,COVERED_CALL,3143.875877434868,400.0,-295.9991455078125,391.40000000000003,0.0,1665.125,0
2019-03-26,281.1199951171875,0.0,100000,102610.47955780786,2610.479557807863,102618.30639668473,0,0.02610479557808132,-0.0020115520570680445,103820.25000214357,3820.25000214357,75735.27587743489,100,0.03820250002143788,-0.0019207370014099334,104017.06370483401,4017.063704834014,1689.3854821777609,364,0.04017063704833945,-0.0195242563179141,7.82683887686668,27400.0,SHORT_PUT,3650.206396684709,-1300.0,0.0,268.1,0.0,27.025387010075015,0.0,COVERED_CALL,3143.875877434868,400.0,-88.00048828125,391.40000000000003,0.0,1665.125,0
2019-03-27,279.6499938964844,0.0,100000,102613.84122567873,2613.841225678727,102618.30639668473,0,0.02613841225678981,-0.0019788565106152456,103697.06009084475,3697.0600908447523,75735.27587743489,100,0.036970600908449835,-0.0031050271170225408,103481.98326049808,3481.9832604980766,1689.3854821777609,364,0.034819832604980006,-0.024567980663746103,4.465171005996126,27400.0,SHORT_PUT,3650.206396684709,-1300.0,0.0,268.1,0.0,3.21517623857288,0.0,COVERED_CALL,3143.875877434868,400.0,-235.0006103515625,391.40000000000003,0.0,1665.125,0
2019-03-28,280.7099914550781,0.0,100000,102617.2372611099,2617.237261109898,102618.30639668473,0,0.02617237261110139,-0.0019458267056312595,103804.56615414594,3804.5661541459413,75735.27587743489,100,0.03804566154146172,-0.0020715141710865304,103867.8223718262,3867.8223718262016,1689.3854821777609,364,0.03867822371826124,-0.020931020763641728,1.0691355748286326,27400.0,SHORT_PUT,3650.206396684709,-1300.0,0.0,268.1,0.0,1.7088687967675702,0.0,COVERED_CALL,3143.875877434868,400.0,-129.0008544921875,391.40000000000003,0.0,1665.125,0
2019-03-29,282.4800109863281,0.0,100000,102618.30639668473,2618.3063966847258,102618.30639668473,0,0.026183063966849662,-0.0019354283042442022,103983.2769760677,3983.276976067704,75735.27587743489,100,0.03983276976067951,-0.00035347202198865446,104512.1094812012,4512.109481201202,1689.3854821777609,364,0.04512109481201132,-0.014857902948070434,0.0,0.0,CASH,3650.206396684709,-1300.0,0.0,268.1,0.0,0.0,0.0,STOCK,3143.875877434868,400.0,48.0010986328125,391.40000000000003,0.0,1665.125,0
2019-04-01,285.8299865722656,0.0,100000,102618.30639668473,2618.3063966847258,102618.30639668473,0,0.026183063966849662,-0.0019354283042442022,104318.27453466145,4318.274534661454,75735.27587743489,100,0.043182745346616924,0.0,105731.50059448245,5731.500594482452,1689.3854821777609,364,0.05731500594482375,-0.0033637945196069996,0.0,0.0,CASH,3650.206396684709,-1300.0,0.0,268.1,0.0,0.0,0.0,STOCK,3143.875877434868,400.0,382.9986572265625,391.40000000000003,0.0,1665.125,0
2019-04-02,285.9700012207031,0.0,100000,102596.99650775646,2596.9965077564557,102803.42534150337,0,0.02596996507756688,-0.0021426880604505927,104311.49137672686,4311.491376726859,75915.40479382926,100,0.04311491376727106,-6.502367840000023e-05,105782.4659265137,5782.465926513702,1689.3854821777609,364,0.05782465926513636,-0.0028833899586095946,206.42883374692298,28000.0,SHORT_PUT,3835.3253415033537,-1300.0,0.0,268.1,0.0,200.91353917272224,0.0,COVERED_CALL,3324.0047938292355,400.0,397.0001220703125,391.40000000000003,0.0,1665.125,0
2019-04-03,286.4200134277344,0.0,100000,102616.95015847046,2616.950158470456,102803.42534150337,0,0.02616950158470699,-0.0019486190628912325,104350.8755159676,4350.875515967593,75915.40479382926,100,0.04350875515967845,0.0,105946.27036987308,5946.270369873077,1689.3854821777609,364,0.05946270369873008,-0.0013393521084645865,186.47518303292287,28000.0,SHORT_PUT,3835.3253415033537,-1300.0,0.0,268.1,0.0,206.53062063511572,0.0,COVERED_CALL,3324.0047938292355,400.0,442.0013427734375,391.40000000000003,0.0,1665.125,0
2019-04-04,287.17999267578125,0.0,100000,102632.72446293138,2632.724462931379,102803.42534150337,0,0.026327244629316127,-0.001795198343154114,104398.36646181515,4398.366461815152,75915.40479382926,100,0.04398366461815417,0.0,106222.90281616214,6222.902816162139,1689.3854821777609,364,0.06222902816162068,0.0,170.70087857199184,28000.0,SHORT_PUT,3835.3253415033537,-1300.0,0.0,268.1,0.0,235.03759959223615,0.0,COVERED_CALL,3324.0047938292355,400.0,517.999267578125,391.40000000000003,0.0,1665.125,0
2019-04-05,288.57000732421875,0.0,100000,102674.70067068377,2674.700670683771,102803.42534150337,0,0.02674700670684005,-0.001386938186824338,104500.73026746768,4500.730267467676,75915.40479382926,100,0.04500730267467934,0.0,106728.86814819339,6728.868148193389,1689.3854821777609,364,0.06728868148193312,0.0,128.72467081960193,28000.0,SHORT_PUT,3835.3253415033537,-1300.0,0.0,268.1,0.0,271.67525878346737,0.0,COVERED_CALL,3324.0047938292355,400.0,657.000732421875,391.40000000000003,0.0,1665.125,0
2019-04-08,288.7900085449219,0.0,100000,102711.08889012264,2711.0888901226426,102803.42534150337,0,0.027110888901228813,-0.0010330267462219656,104561.18068661199,4561.180686611988,75915.40479382926,100,0.04561180686612243,0.0,106808.94859252933,6808.948592529327,1689.3854821777609,364,0.06808948592529251,0.0,92.33645138072923,28000.0,SHORT_PUT,3835.3253415033537,-1300.0,0.0,268.1,0.0,233.22496170946297,0.0,COVERED_CALL,3324.0047938292355,400.0,679.0008544921875,391.40000000000003,0.0,1665.125,0
2019-04-09,287.3099975585937,0.0,100000,102679.55187398501,2679.5518739850086,102803.42534150337,0,0.02679551873985253,-0.0013397554343985707,104460.63505962647,4460.635059626467,75915.40479382926,100,0.044606350596267275,-0.000961596132764253,106270.22459350587,6270.2245935058745,1689.3854821777609,364,0.06270224593505791,-0.005043809588264558,123.87346751836475,28000.0,SHORT_PUT,3835.3253415033537,-1300.0,0.0,268.1,0.0,185.7694900621597,0.0,COVERED_CALL,3324.0047938292355,400.0,530.9997558593677,391.40000000000003,0.0,1665.125,0
2019-04-10,288.2900085449219,0.0,100000,102682.73973419906,2682.739734199058,102803.42534150337,0,0.02682739734199302,-0.0013087503393928168,104504.34420137423,4504.3442013742315,75915.40479382926,100,0.04504344201374488,-0.0005435715708691502,106626.94859252933,6626.948592529327,1689.3854821777609,364,0.06626948592529236,-0.0017039770768115803,120.68560730431706,28000.0,SHORT_PUT,3835.3253415033537,-1300.0,0.0,268.1,0.0,240.0614469472262,0.0,COVERED_CALL,3324.0047938292355,400.0,629.0008544921875,391.40000000000003,0.0,1665.125,0
2019-04-11,288.2099914550781,0.0,100000,102706.99124474985,2706.99124474985,102803.42534150337,0,0.0270699124475009,-0.0010728804021392646,104534.35636367094,4534.356363670944,75915.40479382926,100,0.0453435636367121,-0.00025654189025881013,106597.8223718262,6597.822371826202,1689.3854821777609,364,0.06597822371826112,-0.0019766716505054127,96.43409675352146,28000.0,SHORT_PUT,3835.3253415033537,-1300.0,0.0,268.1,0.0,202.04757566613952,0.0,COVERED_CALL,3324.0047938292355,400.0,620.9991455078125,391.40000000000003,0.0,1665.125,0
2019-04-12,290.1600036621094,0.0,100000,102746.9753499456,2746.9753499455983,102803.42534150337,0,0.02746975349945857,-0.0006839954143810223,104673.08065186087,4673.080651860873,75915.40479382926,100,0.04673080651861139,0.0,107307.62681518558,7307.626815185577,1689.3854821777609,364,0.07307626815185508,0.0,56.44999155777381,28000.0,SHORT_PUT,3835.3253415033537,-1300.0,0.0,268.1,0.0,258.3245081793298,0.0,COVERED_CALL,3324.0047938292355,400.0,816.0003662109375,391.40000000000003,0.0,1665.125,0
2019-04-15,289.9700012207031,0.0,100000,102769.68295859873,2769.682958598729,102803.42534150337,0,0.027696829585989846,-0.00046314145079084934,104715.29346681858,4715.293466818577,75915.40479382926,100,0.047152934668188484,0.0,107238.4659265137,7238.465926513702,1689.3854821777609,364,0.07238465926513626,-0.0006445104670053103,33.74238290465236,28000.0,SHORT_PUT,3835.3253415033537,-1300.0,0.0,268.1,0.0,197.1114490809942,0.0,COVERED_CALL,3324.0047938292355,400.0,797.0001220703125,391.40000000000003,0.0,1665.125,0
2019-04-16,290.1600036621094,0.0,100000,102771.7180685577,2771.718068557704,102803.42534150337,0,0.0277171806855796,-0.00044334799267520264,104728.30129004641,4728.301290046409,75915.40479382926,100,0.04728301290046688,0.0,107307.62681518558,7307.626815185577,1689.3854821777609,364,0.07307626815185508,0.0,31.707272945675356,28000.0,SHORT_PUT,3835.3253415033537,-1300.0,0.0,268.1,0.0,203.1038699937862,0.0,COVERED_CALL,3324.0047938292355,400.0,816.0003662109375,391.40000000000003,0.0,1665.125,0
2019-04-17,289.45001220703125,0.0,100000,102770.36089642432,2770.3608964243176,102803.42534150337,0,0.02770360896424573,-0.00045654783460979953,104695.86699614344,4695.866996143435,75915.40479382926,100,0.04695866996143727,-0.0003096994174777157,107049.18992553714,7049.189925537139,1689.3854821777609,364,0.0704918992553707,-0.0024083739182261255,33.06444507905429,28000.0,SHORT_PUT,3835.3253415033537,-1300.0,0.0,268.1,0.0,164.53901838894757,0.0,COVERED_CALL,3324.0047938292355,400.0,745.001220703125,391.40000000000003,0.0,1665.125,0
2019-04-18,290.0199890136719,0.0,100000,102775.16227157792,2775.162271577923,102803.42534150337,0,0.02775162271578191,-0.00040984971022517414,104732.27866882032,4732.27866882032,75915.40479382926,100,0.04732278668820622,0.0,107256.66148315433,7256.661483154327,1689.3854821777609,364,0.07256661483154248,-0.00047494603639908206,28.263069925455188,28000.0,SHORT_PUT,3835.3253415033537,-1300.0,0.0,268.1,0.0,185.12502637612693,0.0,COVERED_CALL,3324.0047938292355,400.0,801.9989013671875,391.40000000000003,0.0,1665.125,0
2019-04-22,290.2699890136719,0.0,100000,102792.3512791123,2792.3512791123067,102803.42534150337,0,0.027923512791125704,-0.0002426696032337139,104800.70478137909,4800.704781379085,75915.40479382926,100,0.048007047813793724,0.0,107347.66148315433,7347.661483154327,1689.3854821777609,364,0.07347661483154244,0.0,11.074062391074179,28000.0,SHORT_PUT,3835.3253415033537,-1300.0,0.0,268.1,0.0,141.69891381736335,0.0,COVERED_CALL,3324.0047938292355,400.0,826.9989013671875,391.40000000000003,0.0,1665.125,0
2019-04-23,292.8800048828125,0.0,100000,102799.57964822822,2799.5796482282167,102803.42534150337,0,0.027995796482284785,-0.00017236656102759262,104952.57119555798,4952.571195557975,75915.40479382926,100,0.04952571195558253,0.0,108297.70725952151,8297.707259521514,1689.3854821777609,364,0.08297707259521414,0.0,3.8456932751617536,28000.0,SHORT_PUT,3835.3253415033537,-1300.0,0.0,268.1,0.0,250.83408655254246,0.0,COVERED_CALL,3324.0047938292355,400.0,1088.00048828125,391.40000000000003,0.0,1665.125,0
2019-04-24,292.2300109863281,0.0,100000,102799.97088210138,2799.9708821013774,102803.42534150337,0,0.027999708821016434,-0.00016856142448073985,104936.27829101174,4936.2782910117385,75915.40479382926,100,0.049362782910120195,-0.00015524064213612299,108061.1094812012,8061.109481201202,1689.3854821777609,364,0.08061109481201112,-0.0021846979433584046,3.454459402000664,28000.0,SHORT_PUT,3835.3253415033537,-1300.0,0.0,268.1,0.0,202.12760145033485,0.0,COVERED_CALL,3324.0047938292355,400.0,1023.0010986328125,391.40000000000003,0.0,1665.125,0
2019-04-25,292.04998779296875,0.0,100000,102799.54627193793,2799.5462719379284,102803.42534150337,0,0.027995462719381914,-0.000172691178476847,104925.15046065471,4925.15046065471,75915.40479382926,100,0.04925150460654981,-0.00026126787167679577,107995.58103881839,7995.581038818389,1689.3854821777609,364,0.079955810388183,-0.0027897748562589753,3.879069565444503,28000.0,SHORT_PUT,3835.3253415033537,-1300.0,0.0,268.1,0.0,195.2531124714343,0.0,COVERED_CALL,3324.0047938292355,400.0,1004.998779296875,391.40000000000003,0.0,1665.125,0
2019-04-26,293.4100036621094,0.0,100000,102801.55767098114,2801.557670981143,102803.42534150337,0,0.028015576709814027,-0.00015312833247926871,105005.18115814778,5005.181158147781,75915.40479382926,100,0.05005181158148053,0.0,108490.62681518558,8490.626815185577,1689.3854821777609,364,0.08490626815185487,0.0,1.8676705222376404,28000.0,SHORT_PUT,3835.3253415033537,-1300.0,0.0,268.1,0.0,251.22400189242288,0.0,COVERED_CALL,3324.0047938292355,400.0,1141.0003662109375,391.40000000000003,0.0,1665.125,0
2019-04-29,293.8699951171875,0.0,100000,102802.41254281628,2802.4125428162806,102803.42534150337,0,0.02802412542816546,-0.00014481385797704416,105086.52602482807,5086.526024828068,75915.40479382926,100,0.05086526024828353,0.0,108658.06370483401,8658.063704834014,1689.3854821777609,364,0.08658063704833929,0.0,1.0127986870971029,28000.0,SHORT_PUT,3835.3253415033537,-1300.0,0.0,268.1,0.0,215.87828071994593,0.0,COVERED_CALL,3324.0047938292355,400.0,1186.99951171875,391.40000000000003,0.0,1665.125,0
2019-04-30,294.0199890136719,0.0,100000,102802.42391429075,2802.4239142907463,102803.42534150337,0,0.02802423914291019,-0.00014470325913562565,105109.66172822265,5109.661728222651,75915.40479382926,100,0.05109661728222936,0.0,108712.66148315433,8712.661483154327,1689.3854821777609,364,0.08712661483154238,0.0,1.001427212625031,28000.0,SHORT_PUT,3835.3253415033537,-1300.0,0.0,268.1,0.0,207.74196697379622,0.0,COVERED_CALL,3324.0047938292355,400.0,1201.9989013671875,391.40000000000003,0.0,1665.125,0
2019-05-01,291.8099975585937,0.0,100000,102802.42473642388,2802.4247364238836,102803.42534150337,0,0.028024247364241583,-0.0001446952630773657,105028.94416666038,5028.944166660382,75915.40479382926,100,0.05028944166660665,-0.0007679366504953489,107908.22459350587,7908.2245935058745,1689.3854821777609,364,0.07908224593505797,-0.007399661443971639,1.000605079488346,28000.0,SHORT_PUT,3835.3253415033537,-1300.0,0.0,268.1,0.0,67.460383028248,0.0,COVERED_CALL,3324.0047938292355,400.0,980.9997558593677,391.40000000000003,0.0,1665.125,0
2019-05-02,291.17999267578125,0.0,100000,102802.4253328671,2802.425332867104,102803.42534150337,0,0.028024253328673643,-0.00014468946207701894,105004.85077191783,5004.850771917831,75915.40479382926,100,0.050048507719181234,-0.0009971581544598873,107678.90281616214,7678.902816162139,1689.3854821777609,364,0.07678902816162059,-0.009509091699979821,1.0000086362693217,28000.0,SHORT_PUT,3835.3253415033537,-1300.0,0.0,268.1,0.0,28.553289489557056,0.0,COVERED_CALL,3324.0047938292355,400.0,917.999267578125,391.40000000000003,0.0,1665.125,0
2019-05-03,294.0299987792969,0.0,100000,102803.42534150337,2803.4253415033745,102803.42534150337,0,0.02803425341503618,-0.00013496338856944234,105215.40479382926,5215.404793829264,105215.40479382926,0,0.05215404793829559,0.0,108716.30503784183,8716.305037841827,1689.3854821777609,364,0.08716305037841732,0.0,0.0,0.0,CASH,3835.3253415033537,-1300.0,0.0,268.1,0.0,0.0,0.0,CASH,3324.0047938292355,1500.0,0.0,391.40000000000003,0.0,1665.125,0
2019-05-06,292.82000732421875,0.0,100000,102803.42534150337,2803.4253415033745,102803.42534150337,0,0.02803425341503618,-0.00013496338856944234,105215.40479382926,5215.404793829264,105215.40479382926,0,0.05215404793829559,0.0,108275.86814819339,8275.868148193389,1689.3854821777609,364,0.082758681481933,-0.004051249621619513,0.0,0.0,CASH,3835.3253415033537,-1300.0,0.0,268.1,0.0,0.0,0.0,CASH,3324.0047938292355,1500.0,0.0,391.40000000000003,0.0,1665.125,0
2019-05-07,287.92999267578125,0.0,100000,102751.31306575688,2751.3130657568836,103281.16696109505,0,0.027513130657571327,-0.0006418068358969853,105163.29251808277,5163.292518082773,105693.14641342094,0,0.051632925180830735,-0.0004952913107030277,106495.90281616214,6495.902816162139,1689.3854821777609,364,0.06495902816162058,-0.02042381978404073,529.8538953381668,28800.0,SHORT_PUT,4313.066961095028,-1300.0,0.0,268.1,0.0,529.8538953381668,28800.0,SHORT_PUT,3801.7464134209104,1500.0,0.0,391.40000000000003,0.0,1665.125,0
2019-05-08,287.5299987792969,0.0,100000,102604.87195042,2604.871950419998,103281.16696109505,0,0.02604871950420251,-0.0020660915877068753,105016.85140274589,5016.851402745888,105693.14641342094,0,0.05016851402746192,-0.0018871133126602269,106350.30503784183,6350.305037841827,1689.3854821777609,364,0.06350305037841752,-0.021763064879517624,676.2950106750542,28800.0,SHORT_PUT,4313.066961095028,-1300.0,0.0,268.1,0.0,676.2950106750542,28800.0,SHORT_PUT,3801.7464134209104,1500.0,0.0,391.40000000000003,0.0,1665.125,0
2019-05-09,286.6600036621094,0.0,100000,102566.70316406591,2566.7031640659116,103281.16696109505,0,0.025667031640661753,-0.0024373208034509375,104978.6826163918,4978.682616391801,105693.14641342094,0,0.04978682616392116,-0.0022498813543634366,106033.62681518558,6033.626815185577,1689.3854821777609,364,0.06033626815185489,-0.02467595106108933,714.4637970291324,28800.0,SHORT_PUT,4313.066961095028,-1300.0,0.0,268.1,0.0,714.4637970291324,28800.0,SHORT_PUT,3801.7464134209104,1500.0,0.0,391.40000000000003,0.0,1665.125,0
2019-05-10,288.1000061035156,0.0,100000,102662.75701246671,2662.757012466711,103281.16696109505,0,0.026627570124669653,-0.001503102081371499,105074.7364647926,5074.736464792601,105693.14641342094,0,0.05074736464792906,-0.0013369556417360817,106557.78770385745,6557.787703857452,1689.3854821777609,364,0.06557787703857376,-0.019854586975091015,618.4099486283445,28800.0,SHORT_PUT,4313.066961095028,-1300.0,0.0,268.1,0.0,618.4099486283445,28800.0,SHORT_PUT,3801.7464134209104,1500.0,0.0,391.40000000000003,0.0,1665.125,0
2019-05-13,280.8599853515625,0.0,100000,102338.37715157193,2338.3771515719272,103281.16696109505,0,0.023383771515721685,-0.0046580172061562175,104750.35660389782,4750.356603897817,105693.14641342094,0,0.04750356603898109,-0.004419962940243494,103922.42015014651,3922.420150146514,1689.3854821777609,364,0.03922420150146455,-0.044095362567984964,942.7898095231225,28800.0,SHORT_PUT,4313.066961095028,-1300.0,0.0,268.1,0.0,942.7898095231225,28800.0,SHORT_PUT,3801.7464134209104,1500.0,0.0,391.40000000000003,0.0,1665.125,0
2019-05-14,283.3999938964844,0.0,100000,102395.14390940993,2395.1439094099333,103281.16696109505,0,0.0239514390941018,-0.0041059043148253815,104807.12336173582,4807.123361735823,105693.14641342094,0,0.04807123361736121,-0.003880433981064524,104846.98326049808,4846.983260498077,1689.3854821777609,364,0.04846983260498017,-0.035590997836036586,886.0230516851124,28800.0,SHORT_PUT,4313.066961095028,-1300.0,0.0,268.1,0.0,886.0230516851124,28800.0,SHORT_PUT,3801.7464134209104,1500.0,0.0,391.40000000000003,0.0,1665.125,0
2019-05-15,285.0599975585937,0.0,100000,102582.73292133198,2582.7329213319754,103281.16696109505,0,0.025827329213322203,-0.0022814155524104596,104994.71237365787,4994.712373657865,105693.14641342094,0,0.04994712373658161,-0.0020975295452585474,105451.22459350587,5451.2245935058745,1689.3854821777609,364,0.05451224593505821,-0.030033033620848415,698.4340397630779,28800.0,SHORT_PUT,4313.066961095028,-1300.0,0.0,268.1,0.0,698.4340397630779,28800.0,SHORT_PUT,3801.7464134209104,1500.0,0.0,391.40000000000003,0.0,1665.125,0
2019-05-16,287.70001220703125,0.0,100000,102790.07420125706,2790.0742012570554,103281.16696109505,0,0.027900742012572977,-0.00026481643857090287,105202.05365358295,5202.053653582945,105693.14641342094,0,0.052020536535832385,-0.00012689339809590638,106412.18992553714,6412.189925537139,1689.3854821777609,364,0.06412189925537093,-0.021193832070567797,491.09275983799165,28800.0,SHORT_PUT,4313.066961095028,-1300.0,0.0,268.1,0.0,491.09275983799165,28800.0,SHORT_PUT,3801.7464134209104,1500.0,0.0,391.40000000000003,0.0,1665.125,0
2019-05-17,285.8399963378906,0.0,100000,102730.32730501432,2730.327305014318,103281.16696109505,0,0.02730327305014546,-0.0008459141247688651,105142.30675734021,5142.306757340208,105693.14641342094,0,0.05142306757340509,-0.0006947465215030313,105735.14414916995,5735.144149169952,1689.3854821777609,364,0.05735144149169913,-0.027421469922420005,550.8396560807313,28800.0,SHORT_PUT,4313.066961095028,-1300.0,0.0,268.1,0.0,550.8396560807313,28800.0,SHORT_PUT,3801.7464134209104,1500.0,0.0,391.40000000000003,0.0,1665.125,0
2019-05-20,283.95001220703125,0.0,100000,102622.61409786229,2622.614097862286,103281.16696109505,0,0.02622614097862508,-0.0018935316477730613,105034.59355018818,5034.593550188176,105693.14641342094,0,0.05034593550188471,-0.00171848641361394,105047.18992553714,5047.189925537139,1689.3854821777609,364,0.05047189925537099,-0.03374944642413569,658.5528632327647,28800.0,SHORT_PUT,4313.066961095028,-1300.0,0.0,268.1,0.0,658.5528632327647,28800.0,SHORT_PUT,3801.7464134209104,1500.0,0.0,391.40000000000003,0.0,1665.125,0
2019-05-21,286.510009765625,0.0,100000,102784.41036395585,2784.4103639558452,103281.16696109505,0,0.02784410363956069,-0.00031990286075711527,105196.38981628173,5196.389816281735,105693.14641342094,0,0.05196389816282032,-0.00018072427307380678,105979.02903686526,5979.029036865264,1689.3854821777609,364,0.059790290368652244,-0.02517815519966138,496.75659713920714,28800.0,SHORT_PUT,4313.066961095028,-1300.0,0.0,268.1,0.0,496.75659713920714,28800.0,SHORT_PUT,3801.7464134209104,1500.0,0.0,391.40000000000003,0.0,1665.125,0
2019-05-22,285.6300048828125,0.0,100000,102777.50385812002,2777.5038581200206,103281.16696109505,0,0.027775038581202338,-0.00038707546407712456,105189.48331044591,5189.48331044591,105693.14641342094,0,0.05189483310446197,-0.0002463658571114635,105658.70725952151,5658.707259521514,1689.3854821777609,364,0.05658707259521467,-0.028124555716421584,503.6631029750337,28800.0,SHORT_PUT,4313.066961095028,-1300.0,0.0,268.1,0.0,503.6631029750337,28800.0,SHORT_PUT,3801.7464134209104,1500.0,0.0,391.40000000000003,0.0,1665.125,0
2019-05-23,282.1400146484375,0.0,100000,102546.78835462034,2546.7883546203375,103281.16696109505,0,0.02546788354620544,-0.0026310120312413865,104958.76780694623,4958.767806946227,105693.14641342094,0,0.04958767806946507,-0.002439157910250289,104388.35081420901,4388.350814209014,1689.3854821777609,364,0.04388350814208963,-0.03980961477789646,734.3786064747086,28800.0,SHORT_PUT,4313.066961095028,-1300.0,0.0,268.1,0.0,734.3786064747086,28800.0,SHORT_PUT,3801.7464134209104,1500.0,0.0,391.40000000000003,0.0,1665.125,0
2019-05-24,282.7799987792969,0.0,100000,102562.10363317598,2562.1036331759824,103281.16696109505,0,0.025621036331761937,-0.0024820557926443776,104974.08308550187,4974.083085501872,105693.14641342094,0,0.04974083085502157,-0.0022935967294929194,104621.30503784183,4621.305037841827,1689.3854821777609,364,0.04621305037841772,-0.03766684306070356,719.0633279190606,28800.0,SHORT_PUT,4313.066961095028,-1300.0,0.0,268.1,0.0,719.0633279190606,28800.0,SHORT_PUT,3801.7464134209104,1500.0,0.0,391.40000000000003,0.0,1665.125,0
2019-05-28,280.1499938964844,0.0,100000,102406.66904409809,2406.669044098089,103281.16696109505,0,0.024066690440982974,-0.003993810975730816,104818.64849642398,4818.648496423979,105693.14641342094,0,0.048186484964242604,-0.0037708955089109653,103663.98326049808,3663.9832604980766,1689.3854821777609,364,0.03663983260498016,-0.046472530275795454,874.4979169969655,28800.0,SHORT_PUT,4313.066961095028,-1300.0,0.0,268.1,0.0,874.4979169969655,28800.0,SHORT_PUT,3801.7464134209104,1500.0,0.0,391.40000000000003,0.0,1665.125,0
2019-05-29,278.2699890136719,0.0,100000,102226.29660245738,2226.2966024573834,103281.16696109505,0,0.022262966024575892,-0.005748111451280957,104638.27605478327,4638.276054783273,105693.14641342094,0,0.04638276054783552,-0.005485211411550339,102979.66148315433,2979.6614831543266,1689.3854821777609,364,0.029796614831542723,-0.052767094620173705,1054.8703586376685,28800.0,SHORT_PUT,4313.066961095028,-1300.0,0.0,268.1,0.0,1054.8703586376685,28800.0,SHORT_PUT,3801.7464134209104,1500.0,0.0,391.40000000000003,0.0,1665.125,0
2019-05-30,279.0299987792969,0.0,100000,102301.48273494058,2301.4827349405823,103281.16696109505,0,0.023014827349407962,-0.005016851915343623,104713.46218726647,4713.462187266472,105693.14641342094,0,0.04713462187266759,-0.004770618974914931,103256.30503784183,3256.3050378418266,1689.3854821777609,364,0.03256305037841778,-0.05022245741427145,979.6842261544618,28800.0,SHORT_PUT,4313.066961095028,-1300.0,0.0,268.1,0.0,979.6842261544618,28800.0,SHORT_PUT,3801.7464134209104,1500.0,0.0,391.40000000000003,0.0,1665.125,0
2019-05-31,275.2699890136719,0.0,100000,101943.22290584889,1943.2229058488883,103281.16696109505,0,0.019432229058490957,-0.008501283255459291,104355.20235817478,4355.202358174778,105693.14641342094,0,0.04355202358175059,-0.008175632050649528,101887.66148315433,1887.6614831543266,1689.3854821777609,364,0.018876614831542904,-0.06281158610302795,1337.9440552461608,28800.0,SHORT_PUT,4313.066961095028,-1300.0,0.0,268.1,0.0,1337.9440552461608,28800.0,SHORT_PUT,3801.7464134209104,1500.0,0.0,391.40000000000003,0.0,1665.125,0
2019-06-03,274.57000732421875,0.0,100000,101871.01773013802,1871.0177301380172,103281.16696109505,0,0.018710177301382247,-0.009203550037094832,104282.9971824639,4282.997182463907,105693.14641342094,0,0.04282997182464188,-0.008861892545035888,101632.86814819339,1632.868148193389,1689.3854821777609,364,0.01632868148193345,-0.06515523947564994,1410.1492309570312,28800.0,SHORT_PUT,4313.066961095028,-1300.0,0.0,268.1,0.0,1410.1492309570312,28800.0,SHORT_PUT,3801.7464134209104,1500.0,0.0,391.40000000000003,0.0,1665.125,0
2019-06-04,280.5299987792969,0.0,100000,102485.75144750702,2485.75144750702,103281.16696109505,0,0.02485751447507223,-0.0032246563496362013,104897.73089983291,4897.73089983291,105693.14641342094,0,0.04897730899833208,-0.0030192716990333768,103802.30503784183,3802.3050378418266,1689.3854821777609,364,0.0380230503784178,-0.04520021167284427,795.4155135880304,28800.0,SHORT_PUT,4313.066961095028,-1300.0,0.0,268.1,0.0,795.4155135880304,28800.0,SHORT_PUT,3801.7464134209104,1500.0,0.0,391.40000000000003,0.0,1665.125,0
2019-06-05,282.9599914550781,0.0,100000,102740.10852853149,2740.108528531491,103281.16696109505,0,0.027401085285316817,-0.0007507820474321747,105152.08798085738,5152.087980857381,105693.14641342094,0,0.05152087980857667,-0.0006017827246491692,104686.8223718262,4686.822371826202,1689.3854821777609,364,0.04686822371826138,-0.037064198094416634,541.0584325635608,28800.0,SHORT_PUT,4313.066961095028,-1300.0,0.0,268.1,0.0,541.0584325635608,28800.0,SHORT_PUT,3801.7464134209104,1500.0,0.0,391.40000000000003,0.0,1665.125,0
2019-06-06,284.79998779296875,0.0,100000,102935.15683458632,2935.1568345863197,103281.16696109505,0,0.029351568345864942,0.0,105347.13628691221,5347.1362869122095,105693.14641342094,0,0.053471362869125016,0.0,105356.58103881839,5356.581038818389,1689.3854821777609,364,0.05356581038818331,-0.030903588912941427,346.01012650873145,28800.0,SHORT_PUT,4313.066961095028,-1300.0,0.0,268.1,0.0,346.01012650873145,28800.0,SHORT_PUT,3801.7464134209104,1500.0,0.0,391.40000000000003,0.0,1665.125,0
2019-06-07,287.6499938964844,0.0,100000,103246.16635074349,3246.166350743486,74481.16696109505,100,0.03246166350743662,0.0,105658.14580306938,5658.145803069376,76893.14641342094,100,0.056581458030696696,0.0,106393.98326049808,6393.983260498077,1689.3854821777609,364,0.06393983260498004,-0.021361301568659674,0.0,0.0,STOCK,4313.066961095028,-1300.0,-35.0006103515625,268.1,0.0,0.0,0.0,STOCK,3801.7464134209104,1500.0,-35.0006103515625,391.40000000000003,0.0,1665.125,0
2019-06-10,288.9700012207031,0.0,100000,103378.16708316536,3378.167083165361,74481.16696109505,100,0.0337816708316554,0.0,105790.14653549125,5790.146535491251,76893.14641342094,100,0.05790146535491547,0.0,106874.4659265137,6874.465926513702,1689.3854821777609,364,0.06874465926513618,-0.016941700793519532,0.0,0.0,STOCK,4313.066961095028,-1300.0,97.0001220703125,268.1,0.0,0.0,0.0,STOCK,3801.7464134209104,1500.0,97.0001220703125,391.40000000000003,0.0,1665.125,0
2019-06-11,288.8999938964844,0.0,100000,103345.61300338713,3345.6130033871304,74706.59876098036,100,0.033456130033873155,-0.0003149028532497544,105757.59245571302,5757.59245571302,77118.57821330625,100,0.05757592455713323,-0.0003077231750246989,106848.98326049808,6848.983260498077,1689.3854821777609,364,0.06848983260497987,-0.017176096784137118,250.98514724165796,0.0,COVERED_CALL,4538.4987609803375,-1300.0,89.9993896484375,268.1,0.0,250.98514724165796,0.0,COVERED_CALL,4027.1782133062197,1500.0,89.9993896484375,391.40000000000003,0.0,1665.125,0
2019-06-12,288.3900146484375,0.0,100000,103316.27907393574,3316.2790739357442,74706.59876098036,100,0.03316279073935924,-0.0005986564762734403,105728.25852626163,5728.258526261634,77118.57821330625,100,0.05728258526261931,-0.0005850073117050769,106663.35081420901,6663.350814209014,1689.3854821777609,364,0.06663350814208924,-0.018883590855283572,229.3211518883677,0.0,COVERED_CALL,4538.4987609803375,-1300.0,39.00146484375,268.1,0.0,229.3211518883677,0.0,COVERED_CALL,4027.1782133062197,1500.0,39.00146484375,391.40000000000003,0.0,1665.125,0
2019-06-13,289.5799865722656,0.0,100000,103409.92539689923,3409.925396899227,74706.59876098036,100,0.03409925396899416,0.0,105821.90484922512,5821.904849225117,77118.57821330625,100,0.05821904849225401,0.0,107096.50059448245,7096.500594482452,1689.3854821777609,364,0.07096500594482369,-0.01489936990404106,254.67202130769118,0.0,COVERED_CALL,4538.4987609803375,-1300.0,157.9986572265625,268.1,0.0,254.67202130769118,0.0,COVERED_CALL,4027.1782133062197,1500.0,157.9986572265625,391.40000000000003,0.0,1665.125,0
2019-06-14,289.260009765625,0.0,100000,103398.79723752842,3398.7972375284153,74706.59876098036,100,0.03398797237528606,-0.00010761210133458654,105810.7766898543,5810.776689854305,77118.57821330625,100,0.05810776689854591,-0.00010515931825894054,106980.02903686526,6980.029036865264,1689.3854821777609,364,0.06980029036865187,-0.015970704673711866,233.8025000144358,0.0,COVERED_CALL,4538.4987609803375,-1300.0,126.0009765625,268.1,0.0,233.8025000144358,0.0,COVERED_CALL,4027.1782133062197,1500.0,126.0009765625,391.40000000000003,0.0,1665.125,0
2019-06-17,289.3699951171875,0.0,100000,103446.40627510461,3446.406275104615,74706.59876098036,100,0.034464062751048186,0.0,105858.3857274305,5858.385727430505,77118.57821330625,100,0.058583857274307816,0.0,107020.06370483401,7020.063704834014,1689.3854821777609,364,0.07020063704833923,-0.015602455698042528,197.19199759448577,0.0,COVERED_CALL,4538.4987609803375,-1300.0,136.99951171875,268.1,0.0,197.19199759448577,0.0,COVERED_CALL,4027.1782133062197,1500.0,136.99951171875,391.40000000000003,0.0,1665.125,0
2019-06-18,292.3999938964844,0.0,100000,103653.37592362455,3653.3759236245533,74706.59876098036,100,0.036533759236247576,0.0,106065.35537595044,6065.355375950443,77118.57821330625,100,0.06065355375950743,0.0,108122.98326049808,8122.983260498077,1689.3854821777609,364,0.08122983260497985,-0.0054575233874737394,293.22222700423373,0.0,COVERED_CALL,4538.4987609803375,-1300.0,439.9993896484375,268.1,0.0,293.22222700423373,0.0,COVERED_CALL,4027.1782133062197,1500.0,439.9993896484375,391.40000000000003,0.0,1665.125,0
2019-06-19,293.0599975585937,0.0,100000,103709.47811181891,3709.478111818913,74706.59876098036,100,0.0370947811181912,0.0,106121.45756414479,6121.457564144788,77118.57821330625,100,0.06121457564145083,0.0,108363.22459350587,8363.224593505875,1689.3854821777609,364,0.0836322459350578,-0.003247722999903724,303.12040502082243,0.0,COVERED_CALL,4538.4987609803375,-1300.0,505.9997558593677,268.1,0.0,303.12040502082243,0.0,COVERED_CALL,4027.1782133062197,1500.0,505.9997558593677,391.40000000000003,0.0,1665.125,0
2019-06-20,295.8599853515625,0.0,100000,103899.33084040719,3899.3308404071868,74706.59876098036,100,0.03899330840407389,0.0,106311.31029273308,6311.3102927330765,77118.57821330625,100,0.06311310292733374,0.0,109382.42015014651,9382.420150146514,1689.3854821777609,364,0.09382420150146409,0.0,393.26645572941527,0.0,COVERED_CALL,4538.4987609803375,-1300.0,785.99853515625,268.1,0.0,393.26645572941527,0.0,COVERED_CALL,4027.1782133062197,1500.0,785.99853515625,391.40000000000003,0.0,1665.125,0
2019-06-21,294.0,0.0,100000,103940.30700316373,3940.3070031637326,74849.79876098035,100,0.03940307003163923,0.0,106352.28645548962,6352.286455489622,77261.77821330624,100,0.0635228645548993,0.0,109226.63348217776,9226.633482177756,2210.633482177761,364,0.09226633482177649,-0.0014242386276964725,309.49175781662694,0.0,COVERED_CALL,4538.4987609803375,-1300.0,600.0,411.3,0.0,309.49175781662694,0.0,COVERED_CALL,4027.1782133062197,1500.0,600.0,534.6,0.0,2186.373,0
2019-06-24,293.6400146484375,0.0,100000,103937.70667911078,3937.706679110779,74849.79876098035,100,0.03937706679110975,-2.5017475202115946e-05,106349.68613143667,6349.686131436669,77261.77821330624,100,0.06349686131436982,-2.4450100130524177e-05,109095.598814209,9095.598814209006,2210.633482177761,364,0.09095598814208894,-0.0026221886071253753,276.0935467133214,0.0,COVERED_CALL,4538.4987609803375,-1300.0,564.00146484375,411.3,0.0,276.0935467133214,0.0,COVERED_CALL,4027.1782133062197,1500.0,564.00146484375,534.6,0.0,2186.373,0
2019-06-25,290.760009765625,0.0,100000,103762.38840161418,3762.388401614182,74849.79876098035,100,0.037623884016143805,-0.0017117382724695096,106174.36785394007,6174.367853940072,77261.77821330624,100,0.06174367853940388,-0.0016729175035085087,108047.27703686526,8047.277036865256,2210.633482177761,364,0.08047277036865141,-0.012206194664997838,163.41133592866845,0.0,COVERED_CALL,4538.4987609803375,-1300.0,276.0009765625,411.3,0.0,163.41133592866845,0.0,COVERED_CALL,4027.1782133062197,1500.0,276.0009765625,534.6,0.0,2186.373,0
2019-06-26,290.4700012207031,0.0,100000,103730.28717364337,3730.2871736433735,74849.79876098035,100,0.03730287173643565,-0.002020581192953008,106142.26662596926,6142.266625969263,77261.77821330624,100,0.061422666259695724,-0.0019747561290867077,107941.7139265137,7941.713926513694,2210.633482177761,364,0.07941713926513594,-0.013171277629944522,166.51170940729395,0.0,COVERED_CALL,4538.4987609803375,-1300.0,247.0001220703125,411.3,0.0,166.51170940729395,0.0,COVERED_CALL,4027.1782133062197,1500.0,247.0001220703125,534.6,0.0,2186.373,0
2019-06-27,291.5,0.0,100000,103815.77543471147,3815.775434711468,74849.79876098035,100,0.038157754347116546,-0.001198106606020266,106227.75488703736,6227.754887037358,77261.77821330624,100,0.06227754887037662,-0.0011709345666431892,108316.63348217776,8316.633482177756,2210.633482177761,364,0.0831663348217766,-0.00974367422576472,184.02332626889233,0.0,COVERED_CALL,4538.4987609803375,-1300.0,350.0,411.3,0.0,184.02332626889233,0.0,COVERED_CALL,4027.1782133062197,1500.0,350.0,534.6,0.0,2186.373,0
2019-06-28,293.0,0.0,100000,103936.54828588502,3936.5482858850155,74849.79876098035,100,0.03936548285885211,-3.616226839309178e-05,106348.5277382109,6348.527738210905,77261.77821330624,100,0.06348527738211196,-3.5342138885785523e-05,108862.63348217776,8862.633482177756,2210.633482177761,364,0.08862633482177662,-0.004752012866923727,213.25047509533164,0.0,COVERED_CALL,4538.4987609803375,-1300.0,500.0,411.3,0.0,213.25047509533164,0.0,COVERED_CALL,4027.1782133062197,1500.0,500.0,534.6,0.0,2186.373,0
2019-07-01,295.6600036621094,0.0,100000,104151.88162737344,4151.881627373441,74849.79876098035,100,0.041518816273736325,0.0,106563.86107969933,6563.861079699331,77261.77821330624,100,0.06563861079699618,0.0,109830.87481518557,9830.874815185569,2210.633482177761,364,0.09830874815185475,0.0,263.9174998178538,0.0,COVERED_CALL,4538.4987609803375,-1300.0,766.0003662109375,411.3,0.0,263.9174998178538,0.0,COVERED_CALL,4027.1782133062197,1500.0,766.0003662109375,534.6,0.0,2186.373,0
2019-07-02,296.42999267578125,0.0,100000,104227.99234558271,4227.992345582708,74849.79876098035,100,0.042279923455829094,0.0,106639.9717979086,6639.971797908598,77261.77821330624,100,0.06639971797908872,0.0,110111.15081616213,10111.150816162131,2210.633482177761,364,0.10111150816162029,0.0,264.80568297576593,0.0,COVERED_CALL,4538.4987609803375,-1300.0,842.999267578125,411.3,0.0,264.80568297576593,0.0,COVERED_CALL,4027.1782133062197,1500.0,842.999267578125,534.6,0.0,2186.373,0
2019-07-03,298.79998779296875,0.0,100000,104365.42499286037,4365.424992860368,74849.79876098035,100,0.04365424992860567,0.0,106777.40444518626,6777.404445186257,77261.77821330624,100,0.0677740444518653,0.0,110973.82903881838,10973.829038818381,2210.633482177761,364,0.10973829038818295,0.0,364.37254741686235,0.0,COVERED_CALL,4538.4987609803375,-1300.0,1079.998779296875,411.3,0.0,364.37254741686235,0.0,COVERED_CALL,4027.1782133062197,1500.0,1079.998779296875,534.6,0.0,2186.373,0
2019-07-05,298.4599914550781,0.0,100000,104389.27706677407,4389.27706677407,74849.79876098035,100,0.043892770667742775,0.0,106801.25651909996,6801.256519099959,77261.77821330624,100,0.0680125651910024,0.0,110850.0703718262,10850.070371826194,2210.633482177761,364,0.10850070371826104,-0.0011152058829014821,306.5208397140999,0.0,COVERED_CALL,4538.4987609803375,-1300.0,1045.9991455078125,411.3,0.0,306.5208397140999,0.0,COVERED_CALL,4027.1782133062197,1500.0,1045.9991455078125,534.6,0.0,2186.373,0
2019-07-08,296.82000732421875,0.0,100000,104366.2674330017,4366.2674330017035,74849.79876098035,100,0.043662674330019025,-0.00022042143042777518,106778.2468853276,6778.246885327593,77261.77821330624,100,0.06778246885327865,-0.00021544347437763012,110253.11614819338,10253.116148193381,2210.633482177761,364,0.10253116148193286,-0.006494440147441494,165.53206040052274,0.0,COVERED_CALL,4538.4987609803375,-1300.0,882.000732421875,411.3,0.0,165.53206040052274,0.0,COVERED_CALL,4027.1782133062197,1500.0,882.000732421875,534.6,0.0,2186.373,0
2019-07-09,297.19000244140625,0.0,100000,104399.58356965697,4399.58356965697,74849.79876098035,100,0.04399583569657173,0.0,106811.56302198286,6811.56302198286,77261.77821330624,100,0.06811563021983136,0.0,110387.79437084963,10387.794370849631,2210.633482177761,364,0.10387794370849535,-0.0052808366895564784,169.215435464002,0.0,COVERED_CALL,4538.4987609803375,-1300.0,919.000244140625,411.3,0.0,169.215435464002,0.0,COVERED_CALL,4027.1782133062197,1500.0,919.000244140625,534.6,0.0,2186.373,0
2019-07-10,298.6099853515625,0.0,100000,104477.6897897354,4477.6897897354065,74849.79876098035,100,0.04477689789735617,0.0,106889.6692420613,6889.669242061296,77261.77821330624,100,0.0688966924206158,0.0,110904.6681501465,10904.668150146506,2210.633482177761,364,0.10904668150146413,-0.0006232180079835947,233.10750640120204,0.0,COVERED_CALL,4538.4987609803375,-1300.0,1060.99853515625,411.3,0.0,233.10750640120204,0.0,COVERED_CALL,4027.1782133062197,1500.0,1060.99853515625,534.6,0.0,2186.373,0
2019-07-11,299.3099975585937,0.0,100000,104523.74128153111,4523.741281531111,74849.79876098035,100,0.04523741281531324,0.0,106935.72073385702,6935.720733857015,77261.77821330624,100,0.06935720733857309,0.0,111159.47259350587,11159.472593505867,2210.633482177761,364,0.11159472593505781,0.0,257.0572353086098,0.0,COVERED_CALL,4538.4987609803375,-1300.0,1130.9997558593677,411.3,0.0,257.0572353086098,0.0,COVERED_CALL,4027.1782133062197,1500.0,1130.9997558593677,534.6,0.0,2186.373,0
2019-07-12,300.6499938964844,0.0,100000,104549.79876098035,4549.798760980353,104549.79876098035,0,0.04549798760980561,0.0,106961.77821330624,6961.778213306243,106961.77821330624,0,0.06961778213306546,0.0,111647.23126049807,11647.231260498069,2210.633482177761,364,0.11647231260497981,0.0,0.0,0.0,CASH,4538.4987609803375,-400.0,0.0,411.3,0.0,0.0,0.0,CASH,4027.1782133062197,2400.0,0.0,534.6,0.0,2186.373,0
2019-07-15,300.75,0.0,100000,104549.79876098035,4549.798760980353,104549.79876098035,0,0.04549798760980561,0.0,106961.77821330624,6961.778213306243,106961.77821330624,0,0.06961778213306546,0.0,111683.63348217776,11683.633482177756,2210.633482177761,364,0.11683633482177669,0.0,0.0,0.0,CASH,4538.4987609803375,-400.0,0.0,411.3,0.0,0.0,0.0,CASH,4027.1782133062197,2400.0,0.0,534.6,0.0,2186.373,0
2019-07-16,299.7799987792969,0.0,100000,104521.71749165858,4521.717491658579,104799.24581953722,0,0.04521717491658794,-0.0002685922847729394,106933.69694398447,6933.696943984469,107211.2252718631,0,0.0693369694398478,-0.00026253555046329424,111330.55303784182,11330.553037841819,2210.633482177761,364,0.1133055303784174,-0.003161434073438052,277.52832787864145,29600.0,SHORT_PUT,4787.9458195372035,-400.0,0.0,411.3,0.0,277.52832787864145,29600.0,SHORT_PUT,4276.625271863086,2400.0,0.0,534.6,0.0,2186.373,0
2019-07-17,297.739990234375,0.0,100000,104440.24080654708,4440.240806547081,104799.24581953722,0,0.04440240806547302,-0.0010479021072410388,106852.22025887297,6852.220258872971,107211.2252718631,0,0.06852220258873287,-0.0010242719994312255,110587.98992749026,10587.989927490256,2210.633482177761,364,0.10587989927490171,-0.009810242741272734,359.0050129901374,29600.0,SHORT_PUT,4787.9458195372035,-400.0,0.0,411.3,0.0,359.0050129901374,29600.0,SHORT_PUT,4276.625271863086,2400.0,0.0,534.6,0.0,2186.373,0
2019-07-18,298.8299865722656,0.0,100000,104455.37354571316,4455.373545713155,104799.24581953722,0,0.0445537354571337,-0.0009031601819058377,106867.35299803904,6867.352998039045,107211.2252718631,0,0.06867352998039356,-0.0008827939928119921,110984.74859448244,10984.748594482444,2210.633482177761,364,0.10984748594482352,-0.006257719827917674,343.8722738240543,29600.0,SHORT_PUT,4787.9458195372035,-400.0,0.0,411.3,0.0,343.8722738240543,29600.0,SHORT_PUT,4276.625271863086,2400.0,0.0,534.6,0.0,2186.373,0
2019-07-19,297.1700134277344,0.0,100000,104406.1191737385,4406.119173738494,104799.24581953722,0,0.044061191737386984,-0.001374269381142823,106818.09862606438,6818.098626064384,107211.2252718631,0,0.06818098626064706,-0.0013432797176885503,110380.51836987307,10380.518369873069,2210.633482177761,364,0.10380518369872971,-0.011667914730878137,393.12664579872643,29600.0,SHORT_PUT,4787.9458195372035,-400.0,0.0,411.3,0.0,393.12664579872643,29600.0,SHORT_PUT,4276.625271863086,2400.0,0.0,534.6,0.0,2186.373,0
2019-07-22,297.8999938964844,0.0,100000,104433.26259229281,4433.262592292813,104799.24581953722,0,0.04433262592293019,-0.001114647470091934,106845.2420446187,6845.2420446187025,107211.2252718631,0,0.06845242044619027,-0.0010895122597449625,110646.23126049807,10646.231260498069,2210.633482177761,364,0.10646231260497974,-0.009288757800356096,365.98322724440374,29600.0,SHORT_PUT,4787.9458195372035,-400.0,0.0,411.3,0.0,365.98322724440374,29600.0,SHORT_PUT,4276.625271863086,2400.0,0.0,534.6,0.0,2186.373,0
2019-07-23,300.0299987792969,0.0,100000,104553.99493614987,4553.994936149873,104799.24581953722,0,0.04553994936150074,0.0,106965.97438847576,6965.974388475763,107211.2252718631,0,0.06965974388476082,0.0,111421.55303784182,11421.553037841819,2210.633482177761,364,0.11421553037841714,-0.002346632502583934,245.2508833873425,29600.0,SHORT_PUT,4787.9458195372035,-400.0,0.0,411.3,0.0,245.2508833873425,29600.0,SHORT_PUT,4276.625271863086,2400.0,0.0,534.6,0.0,2186.373,0
2019-07-24,301.44000244140625,0.0,100000,104631.7955996169,4631.795599616904,104799.24581953722,0,0.046317955996171056,0.0,107043.7750519428,7043.775051942794,107211.2252718631,0,0.07043775051943113,0.0,111934.79437084963,11934.794370849631,2210.633482177761,364,0.11934794370849522,0.0,167.45021992031653,29600.0,SHORT_PUT,4787.9458195372035,-400.0,0.0,411.3,0.0,167.45021992031653,29600.0,SHORT_PUT,4276.625271863086,2400.0,0.0,534.6,0.0,2186.373,0
2019-07-25,300.0,0.0,100000,104609.58931192645,4609.589311926451,104799.24581953722,0,0.04609589311926654,-0.0002122326923971185,107021.56876425234,7021.568764252341,107211.2252718631,0,0.07021568764252661,-0.00020745052834392208,111410.63348217776,11410.633482177756,2210.633482177761,364,0.11410633482177657,-0.004682734190186388,189.65650761076233,29600.0,SHORT_PUT,4787.9458195372035,-400.0,0.0,411.3,0.0,189.65650761076233,29600.0,SHORT_PUT,4276.625271863086,2400.0,0.0,534.6,0.0,2186.373,0
2019-07-26,302.010009765625,0.0,100000,104657.73016317113,4657.730163171131,104799.24581953722,0,0.04657730163171325,0.0,107069.70961549702,7069.70961549702,107211.2252718631,0,0.07069709615497333,0.0,112142.27703686526,12142.277036865256,2210.633482177761,364,0.12142277036865146,0.0,141.5156563660799,29600.0,SHORT_PUT,4787.9458195372035,-400.0,0.0,411.3,0.0,141.5156563660799,29600.0,SHORT_PUT,4276.625271863086,2400.0,0.0,534.6,0.0,2186.373,0
2019-07-29,301.4599914550781,0.0,100000,104678.14532713428,4678.145327134276,104799.24581953722,0,0.04678145327134464,0.0,107090.12477946017,7090.124779460166,107211.2252718631,0,0.07090124779460472,0.0,111942.0703718262,11942.070371826194,2210.633482177761,364,0.11942070371826086,-0.0017852915985756557,121.10049240293938,29600.0,SHORT_PUT,4787.9458195372035,-400.0,0.0,411.3,0.0,121.10049240293938,29600.0,SHORT_PUT,4276.625271863086,2400.0,0.0,534.6,0.0,2186.373,0
2019-07-30,300.7200012207031,0.0,100000,104651.09334346028,4651.0933434602775,104799.24581953722,0,0.04651093343460455,-0.0002584301010442047,107063.07279578617,7063.072795786167,107211.2252718631,0,0.07063072795786463,-0.000252609507456647,111672.7139265137,11672.713926513694,2210.633482177761,364,0.11672713926513589,-0.004187208631381667,148.1524760769443,29600.0,SHORT_PUT,4787.9458195372035,-400.0,0.0,411.3,0.0,148.1524760769443,29600.0,SHORT_PUT,4276.625271863086,2400.0,0.0,534.6,0.0,2186.373,0
2019-07-31,297.42999267578125,0.0,100000,104513.98522074471,4513.985220744711,104799.24581953722,0,0.04513985220744887,-0.0015682366732477915,106925.9646730706,6925.964673070601,107211.2252718631,0,0.06925964673070895,-0.0015329154460100858,110475.15081616213,10475.150816162131,2210.633482177761,364,0.10475150816162038,-0.014866170589304728,285.2605987925005,29600.0,SHORT_PUT,4787.9458195372035,-400.0,0.0,411.3,0.0,285.2605987925005,29600.0,SHORT_PUT,4276.625271863086,2400.0,0.0,534.6,0.0,2186.373,0
2019-08-01,294.8399963378906,0.0,100000,104339.68455780698,4339.684557806977,104799.24581953722,0,0.04339684557807155,-0.0032333470207135395,106751.66401013287,6751.664010132867,107211.2252718631,0,0.06751664010133163,-0.0031605226908113515,109532.39214916994,9532.392149169944,2210.633482177761,364,0.09532392149169855,-0.02327297926042049,459.56126173023455,29600.0,SHORT_PUT,4787.9458195372035,-400.0,0.0,411.3,0.0,459.56126173023455,29600.0,SHORT_PUT,4276.625271863086,2400.0,0.0,534.6,0.0,2186.373,0
2019-08-02,292.6199951171875,0.0,100000,104176.52430310914,4176.524303109138,104799.24581953722,0,0.0417652430310933,-0.004792032018311909,106588.50375543503,6588.503755435027,107211.2252718631,0,0.06588503755435315,-0.00468410159254351,108724.311704834,8724.311704834006,2210.633482177761,364,0.0872431170483392,-0.030478829415133246,622.7215164280767,29600.0,SHORT_PUT,4787.9458195372035,-400.0,0.0,411.3,0.0,622.7215164280767,29600.0,SHORT_PUT,4276.625271863086,2400.0,0.0,534.6,0.0,2186.373,0
2019-08-05,283.82000732421875,0.0,100000,103494.84528739582,3494.845287395816,104799.24581953722,0,0.03494845287396009,-0.011304174677918444,105906.8247397217,5906.824739721706,107211.2252718631,0,0.05906824739721994,-0.011049571957968518,105521.11614819338,5521.116148193381,2210.633482177761,364,0.05521116148193306,-0.059042504429397624,1304.400532141403,29600.0,SHORT_PUT,4787.9458195372035,-400.0,0.0,411.3,0.0,1304.400532141403,29600.0,SHORT_PUT,4276.625271863086,2400.0,0.0,534.6,0.0,2186.373,0
2019-08-06,287.79998779296875,0.0,100000,103764.66907733462,3764.66907733462,104799.24581953722,0,0.037646690773348146,-0.008726523066920011,106176.64852966051,6176.64852966051,107211.2252718631,0,0.061766485296607776,-0.008529976519131788,106969.82903881838,6969.829038818381,2210.633482177761,364,0.06969829038818309,-0.04612397870560869,1034.5767422025997,29600.0,SHORT_PUT,4787.9458195372035,-400.0,0.0,411.3,0.0,1034.5767422025997,29600.0,SHORT_PUT,4276.625271863086,2400.0,0.0,534.6,0.0,2186.373,0
2019-08-07,287.9700012207031,0.0,100000,103860.17329648939,3860.173296489389,104799.24581953722,0,0.038601732964895774,-0.007814162431791338,106272.15274881528,6272.152748815279,107211.2252718631,0,0.06272152748815563,-0.007638164885225618,107031.7139265137,7031.713926513694,2210.633482177761,364,0.07031713926513627,-0.04557213608808297,939.0725230478324,29600.0,SHORT_PUT,4787.9458195372035,-400.0,0.0,411.3,0.0,939.0725230478324,29600.0,SHORT_PUT,4276.625271863086,2400.0,0.0,534.6,0.0,2186.373,0
2019-08-08,293.6199951171875,0.0,100000,104308.9968331512,4308.996833151206,104799.24581953722,0,0.043089968331513795,-0.0035265096914876004,106720.9762854771,6720.976285477096,107211.2252718631,0,0.06720976285477387,-0.003447082490036335,109088.311704834,9088.311704834006,2210.633482177761,364,0.09088311704833929,-0.027232952751862438,490.2489863860078,29600.0,SHORT_PUT,4787.9458195372035,-400.0,0.0,411.3,0.0,490.2489863860078,29600.0,SHORT_PUT,4276.625271863086,2400.0,0.0,534.6,0.0,2186.373,0
2019-08-09,291.6199951171875,0.0,100000,104229.87686340675,4229.876863406753,104799.24581953722,0,0.04229876863406923,-0.0042823500772452006,106641.85631573264,6641.8563157326425,107211.2252718631,0,0.0664185631573293,-0.004185899163444806,108360.311704834,8360.311704834006,2210.633482177761,364,0.08360311704833934,-0.03372470607840383,569.3689561304664,29600.0,SHORT_PUT,4787.9458195372035,-400.0,0.0,411.3,0.0,569.3689561304664,29600.0,SHORT_PUT,4276.625271863086,2400.0,0.0,534.6,0.0,2186.373,0
2019-08-12,288.07000732421875,0.0,100000,103951.16693521962,3951.1669352196186,104799.24581953722,0,0.039511669352197964,-0.006944891788469798,106363.14638754551,6363.146387545508,107211.2252718631,0,0.06363146387545804,-0.006788472731839579,107068.11614819338,7068.116148193381,2210.633482177761,364,0.07068116148193315,-0.04524752861049697,848.0788843175983,29600.0,SHORT_PUT,4787.9458195372035,-400.0,0.0,411.3,0.0,848.0788843175983,29600.0,SHORT_PUT,4276.625271863086,2400.0,0.0,534.6,0.0,2186.373,0
2019-08-13,292.54998779296875,0.0,100000,104341.62703710601,4341.627037106009,104799.24581953722,0,0.04341627037106188,-0.0032147903363840546,106753.6064894319,6753.606489431899,107211.2252718631,0,0.06753606489432173,-0.0031423839567029654,108698.82903881838,8698.829038818381,2210.633482177761,364,0.08698829038818334,-0.03070606455507252,457.6187824312006,29600.0,SHORT_PUT,4787.9458195372035,-400.0,0.0,411.3,0.0,457.6187824312006,29600.0,SHORT_PUT,4276.625271863086,2400.0,0.0,534.6,0.0,2186.373,0
2019-08-14,283.8999938964844,0.0,100000,103528.74517866808,3528.745178668076,104799.24581953722,0,0.03528745178668258,-0.01098032588248643,105940.72463099397,5940.724630993966,107211.2252718631,0,0.05940724630994243,-0.010733017174396675,105550.23126049807,5550.231260498069,2210.633482177761,364,0.055502312604980286,-0.058782877881105255,1270.5006408691406,29600.0,SHORT_PUT,4787.9458195372035,-400.0,0.0,411.3,0.0,1270.5006408691406,29600.0,SHORT_PUT,4276.625271863086,2400.0,0.0,534.6,0.0,2186.373,0
2019-08-15,284.6499938964844,0.0,100000,103607.49517866808,3607.495178668076,104799.24581953722,0,0.03607495178668252,-0.010228019851902026,106019.47463099397,6019.474630993966,107211.2252718631,0,0.06019474630994237,-0.009997655252257043,105823.23126049807,5823.231260498069,2210.633482177761,364,0.058232312604980185,-0.056348470383652316,1191.7506408691406,29600.0,SHORT_PUT,4787.9458195372035,-400.0,0.0,411.3,0.0,1191.7506408691406,29600.0,SHORT_PUT,4276.625271863086,2400.0,0.0,534.6,0.0,2186.373,0
2019-08-16,288.8500061035156,0.0,100000,104084.24642988878,4084.246429888779,75199.24581953722,100,0.0408424642988896,-0.005673571072447703,106496.22588221467,6496.225882214669,77611.2252718631,100,0.06496225882214945,-0.005545785836636119,107352.03570385744,7352.035703857444,2210.633482177761,364,0.07352035703857385,-0.04271574877539752,0.0,0.0,STOCK,4787.9458195372035,-400.0,-714.9993896484375,411.3,0.0,0.0,0.0,STOCK,4276.625271863086,2400.0,-714.9993896484375,534.6,0.0,2186.373,0
2019-08-19,292.3299865722656,0.0,100000,104432.24447676378,4432.244476763779,75199.24581953722,100,0.04432244476763958,-0.002349113557581939,106844.22392908967,6844.223929089669,77611.2252718631,100,0.06844223929089965,-0.002296204723609252,108618.74859448244,8618.748594482444,2210.633482177761,364,0.08618748594482395,-0.03142016138324388,0.0,0.0,STOCK,4787.9458195372035,-400.0,-367.0013427734375,411.3,0.0,0.0,0.0,STOCK,4276.625271863086,2400.0,-367.0013427734375,534.6,0.0,2186.373,0
2019-08-20,290.0899963378906,0.0,100000,104189.07463358117,4189.074633581171,75364.04360711566,100,0.04189074633581358,-0.004672137551011146,106601.05408590706,6601.054085907061,77776.02305944155,100,0.06601054085907365,-0.004566907495535122,107803.39214916994,7803.392149169944,2210.633482177761,364,0.07803392149169897,-0.038690893410955995,183.96860732354762,0.0,COVERED_CALL,4952.743607115652,-400.0,-591.0003662109375,411.3,0.0,183.96860732354762,0.0,COVERED_CALL,4441.423059441534,2400.0,-591.0003662109375,534.6,0.0,2186.373,0
2019-08-21,292.45001220703125,0.0,100000,104354.83077783648,4354.830777836483,75364.04360711566,100,0.04354830777836671,-0.0030886537804752923,106766.81023016237,6766.810230162373,77776.02305944155,100,0.06766810230162679,-0.0030190883609820807,108662.43792553713,8662.437925537131,2210.633482177761,364,0.08662437925537092,-0.0310305729763638,254.21404998230298,0.0,COVERED_CALL,4952.743607115652,-400.0,-354.998779296875,411.3,0.0,254.21404998230298,0.0,COVERED_CALL,4441.423059441534,2400.0,-354.998779296875,534.6,0.0,2186.373,0
2019-08-22,292.3599853515625,0.0,100000,104404.58699962424,4404.58699962424,75364.04360711566,100,0.04404586999624427,-0.0026133279936813025,106816.56645195013,6816.56645195013,77776.02305944155,100,0.06816566451950434,-0.0025544682861599055,108629.6681501465,8629.668150146506,2210.633482177761,364,0.08629668150146474,-0.03132278904559738,195.45514264767542,0.0,COVERED_CALL,4952.743607115652,-400.0,-364.00146484375,411.3,0.0,195.45514264767542,0.0,COVERED_CALL,4441.423059441534,2400.0,-364.00146484375,534.6,0.0,2186.373,0
2019-08-23,284.8500061035156,0.0,100000,103776.68970274643,3776.6897027464292,75364.04360711566,100,0.03776689702746605,-0.008611688921031924,106188.66915507232,6188.669155072319,77776.02305944155,100,0.061886691550726125,-0.008417728770456656,105896.03570385744,5896.035703857444,2210.633482177761,364,0.05896035703857416,-0.05569925542848009,72.3545147207863,0.0,COVERED_CALL,4952.743607115652,-400.0,-1114.9993896484375,411.3,0.0,72.3545147207863,0.0,COVERED_CALL,4441.423059441534,2400.0,-1114.9993896484375,534.6,0.0,2186.373,0
2019-08-26,288.0,0.0,100000,104002.13165932118,4002.1316593211814,75364.04360711566,100,0.04002131659321373,-0.006458021067343611,106414.11111164707,6414.111111647071,77776.02305944155,100,0.06414111111647358,-0.006312567748009257,107042.63348217776,7042.633482177756,2210.633482177761,364,0.07042633482177729,-0.04547476375043624,161.9119477944786,0.0,COVERED_CALL,4952.743607115652,-400.0,-800.0,411.3,0.0,161.9119477944786,0.0,COVERED_CALL,4441.423059441534,2400.0,-800.0,534.6,0.0,2186.373,0
2019-08-27,286.8699951171875,0.0,100000,103929.10755533903,3929.1075553390256,75364.04360711566,100,0.039291075553392174,-0.007155627083899829,106341.08700766492,6341.087007664915,77776.02305944155,100,0.06341087007665203,-0.006994461658699436,106631.311704834,6631.311704834006,2210.633482177761,364,0.06631311704833975,-0.04914262022893934,121.93556349538184,0.0,COVERED_CALL,4952.743607115652,-400.0,-913.00048828125,411.3,0.0,121.93556349538184,0.0,COVERED_CALL,4441.423059441534,2400.0,-913.00048828125,534.6,0.0,2186.373,0
2019-08-28,288.8900146484375,0.0,100000,104081.56714987442,4081.5671498744196,75364.04360711566,100,0.04081567149874599,-0.005699166482129314,106493.54660220031,6493.546602200309,77776.02305944155,100,0.06493546602200606,-0.005570804763636694,107366.598814209,7366.598814209006,2210.633482177761,364,0.0736659881420898,-0.042585885973103865,171.47792208499334,0.0,COVERED_CALL,4952.743607115652,-400.0,-710.99853515625,411.3,0.0,171.47792208499334,0.0,COVERED_CALL,4441.423059441534,2400.0,-710.99853515625,534.6,0.0,2186.373,0
2019-08-29,292.5799865722656,0.0,100000,104393.11212505707,4393.112125057072,75364.04360711566,100,0.043931121250572636,-0.0027229485312949553,106805.09157738296,6805.091577382962,77776.02305944155,100,0.06805091577383271,-0.0026616198521030032,108709.74859448244,8709.748594482444,2210.633482177761,364,0.08709748594482436,-0.030608692217425904,228.9301392851545,0.0,COVERED_CALL,4952.743607115652,-400.0,-342.0013427734375,411.3,0.0,228.9301392851545,0.0,COVERED_CALL,4441.423059441534,2400.0,-342.0013427734375,534.6,0.0,2186.373,0
2019-08-30,292.45001220703125,0.0,100000,104428.83515283314,4428.8351528331405,75364.04360711566,100,0.044288351528333214,-0.002381683144289659,106840.81460515903,6840.81460515903,77776.02305944155,100,0.06840814605159351,-0.002328040748991067,108662.43792553713,8662.437925537131,2210.633482177761,364,0.08662437925537114,-0.03103057297636358,180.20967498564553,0.0,COVERED_CALL,4952.743607115652,-400.0,-354.998779296875,411.3,0.0,180.20967498564553,0.0,COVERED_CALL,4441.423059441534,2400.0,-354.998779296875,534.6,0.0,2186.373,0
2019-09-03,290.739990234375,0.0,100000,104313.59935509964,4313.599355099635,75364.04360711566,100,0.043135993550998286,-0.003482541373802328,106725.57880742553,6725.578807425525,77776.02305944155,100,0.06725578807425836,-0.003404104466078195,108039.98992749026,8039.989927490256,2210.633482177761,364,0.08039989927490243,-0.036581093391088726,124.44327545352643,0.0,COVERED_CALL,4952.743607115652,-400.0,-526.0009765625,411.3,0.0,124.44327545352643,0.0,COVERED_CALL,4441.423059441534,2400.0,-526.0009765625,534.6,0.0,2186.373,0
2019-09-04,294.0400085449219,0.0,100000,104563.77147201347,4563.771472013468,75364.04360711566,100,0.04563771472013678,-0.0010926240120452402,106975.75092433936,6975.750924339358,77776.02305944155,100,0.06975750924339685,-0.0010680149580208909,109241.19659252932,9241.196592529319,2210.633482177761,364,0.0924119659252931,-0.025869640968518515,204.2729895943719,0.0,COVERED_CALL,4952.743607115652,-400.0,-195.9991455078125,411.3,0.0,204.2729895943719,0.0,COVERED_CALL,4441.423059441534,2400.0,-195.9991455078125,534.6,0.0,2186.373,0
2019-09-05,297.82000732421875,0.0,100000,104884.93424762526,4884.934247625264,75364.04360711566,100,0.04884934247625461,0.0,107296.91369995115,7296.913699951154,77776.02305944155,100,0.0729691369995149,0.0,110617.11614819338,10617.116148193381,2210.633482177761,364,0.10617116148193384,-0.013600231143606867,261.11009191227055,0.0,COVERED_CALL,4952.743607115652,-400.0,182.000732421875,411.3,0.0,261.11009191227055,0.0,COVERED_CALL,4441.423059441534,2400.0,182.000732421875,534.6,0.0,2186.373,0
2019-09-06,298.04998779296875,0.0,100000,104937.60884465626,4937.608844656264,75364.04360711566,100,0.0493760884465646,0.0,107349.58829698215,7349.588296982154,77776.02305944155,100,0.0734958829698249,0.0,110700.82903881838,10700.829038818381,2210.633482177761,364,0.10700829038818394,-0.012853742907083077,231.4335417562667,0.0,COVERED_CALL,4952.743607115652,-400.0,204.998779296875,411.3,0.0,231.4335417562667,0.0,COVERED_CALL,4441.423059441534,2400.0,204.998779296875,534.6,0.0,2186.373,0
2019-09-09,298.20001220703125,0.0,100000,105014.83689219633,5014.8368921963265,75364.04360711566,100,0.05014836892196506,0.0,107426.81634452222,7426.816344522216,77776.02305944155,100,0.07426816344522558,0.0,110755.43792553713,10755.437925537131,2210.633482177761,364,0.10755437925537148,-0.012366782162556711,169.20793562246104,0.0,COVERED_CALL,4952.743607115652,-400.0,220.001220703125,411.3,0.0,169.20793562246104,0.0,COVERED_CALL,4441.423059441534,2400.0,220.001220703125,534.6,0.0,2186.373,0
2019-09-10,298.1300048828125,0.0,100000,105019.02371367175,5019.023713671748,75364.04360711566,100,0.05019023713671911,0.0,107431.00316599764,7431.003165997638,77776.02305944155,100,0.07431003165997963,0.0,110729.9552595215,10729.955259521506,2210.633482177761,364,0.10729955259521518,-0.01259401730249643,158.02038172516646,0.0,COVERED_CALL,4952.743607115652,-400.0,213.00048828125,411.3,0.0,158.02038172516646,0.0,COVERED_CALL,4441.423059441534,2400.0,213.00048828125,534.6,0.0,2186.373,0
2019-09-11,300.25,0.0,100000,105167.36975331558,5167.369753315579,75364.04360711566,100,0.051673697533157315,0.0,107579.34920564147,7579.349205641469,77776.02305944155,100,0.07579349205641783,0.0,111501.63348217776,11501.633482177756,2210.633482177761,364,0.11501633482177764,-0.0057127746253696765,221.6738538000757,0.0,COVERED_CALL,4952.743607115652,-400.0,425.0,411.3,0.0,221.6738538000757,0.0,COVERED_CALL,4441.423059441534,2400.0,425.0,534.6,0.0,2186.373,0
2019-09-12,301.2900085449219,0.0,100000,105251.72746239298,5251.727462392984,75364.04360711566,100,0.0525172746239313,0.0,107663.70691471887,7663.706914718874,77776.02305944155,100,0.07663706914719182,0.0,111880.19659252932,11880.196592529319,2210.633482177761,364,0.11880196592529324,-0.002337035159805656,241.31699921486103,0.0,COVERED_CALL,4952.743607115652,-400.0,529.0008544921875,411.3,0.0,241.31699921486103,0.0,COVERED_CALL,4441.423059441534,2400.0,529.0008544921875,534.6,0.0,2186.373,0
2019-09-13,301.0899963378906,0.0,100000,105266.041629498,5266.041629497995,75364.04360711566,100,0.05266041629498153,0.0,107678.02108182388,7678.021081823885,77776.02305944155,100,0.07678021081824182,0.0,111807.39214916994,11807.392149169944,2210.633482177761,364,0.11807392149169949,-0.002986250114977662,207.00161140672745,0.0,COVERED_CALL,4952.743607115652,-400.0,508.9996337890625,411.3,0.0,207.00161140672745,0.0,COVERED_CALL,4441.423059441534,2400.0,508.9996337890625,534.6,0.0,2186.373,0
2019-09-16,300.1600036621094,0.0,100000,105277.73451449639,5277.734514496391,75364.04360711566,100,0.05277734514496535,0.0,107689.71396682228,7689.713966822281,77776.02305944155,100,0.07689713966822564,0.0,111468.87481518557,11468.874815185569,2210.633482177761,364,0.1146887481518557,-0.006004891638308751,102.30945883020837,0.0,COVERED_CALL,4952.743607115652,-400.0,416.0003662109375,411.3,0.0,102.30945883020837,0.0,COVERED_CALL,4441.423059441534,2400.0,416.0003662109375,534.6,0.0,2186.373,0
2019-09-17,300.9200134277344,0.0,100000,105337.53811394595,5337.53811394595,75364.04360711566,100,0.05337538113946105,0.0,107749.51756627184,7749.517566271839,77776.02305944155,100,0.07749517566272135,0.0,111745.51836987307,11745.518369873069,2210.633482177761,364,0.11745518369873076,-0.0035379936762086617,118.50683594314219,0.0,COVERED_CALL,4952.743607115652,-400.0,492.0013427734375,411.3,0.0,118.50683594314219,0.0,COVERED_CALL,4441.423059441534,2400.0,492.0013427734375,534.6,0.0,2186.373,0
2019-09-18,301.1000061035156,0.0,100000,105380.24574028241,5380.2457402824075,75364.04360711566,100,0.05380245740282574,0.0,107792.2251926083,7792.225192608297,77776.02305944155,100,0.07792225192608604,0.0,111811.03570385744,11811.035703857444,2210.633482177761,364,0.11811035703857442,-0.002953759650330734,93.79847718481443,0.0,COVERED_CALL,4952.743607115652,-400.0,510.0006103515625,411.3,0.0,93.79847718481443,0.0,COVERED_CALL,4441.423059441534,2400.0,510.0006103515625,534.6,0.0,2186.373,0
2019-09-19,301.0799865722656,0.0,100000,105419.82776579559,5419.827765795591,75364.04360711566,100,0.05419827765795748,0.0,107831.80721812148,7831.807218121481,77776.02305944155,100,0.07831807218121778,0.0,111803.74859448244,11803.748594482444,2210.633482177761,364,0.11803748594482455,-0.0030187405796245903,52.214498546627006,0.0,COVERED_CALL,4952.743607115652,-400.0,507.9986572265625,411.3,0.0,52.214498546627006,0.0,COVERED_CALL,4441.423059441534,2400.0,507.9986572265625,534.6,0.0,2186.373,0
2019-09-20,298.2799987792969,0.0,100000,105330.44348504534,5330.44348504534,75502.44360711565,100,0.053304434850454996,-0.0008478887003005031,107742.42293737123,7742.42293737123,77914.42305944154,100,0.07742422937371529,-0.0008289231448141976,111288.32903784182,11288.329037841817,2714.4094821777608,364,0.11288329037841827,-0.007614862312298132,0.0,0.0,STOCK,4952.743607115652,-400.0,227.9998779296875,549.7,0.0,0.0,0.0,STOCK,4441.423059441534,2400.0,227.9998779296875,673.0,0.0,2690.149,0
2019-09-23,298.2099914550781,0.0,100000,105323.44275262346,5323.442752623465,75502.44360711565,100,0.053234427526236194,-0.0009142968188703415,107735.42220494935,7735.422204949355,77914.42305944154,100,0.07735422204949649,-0.0008938458480730604,111262.84637182619,11262.846371826192,2714.4094821777608,364,0.11262846371826196,-0.00784209745223785,0.0,0.0,STOCK,4952.743607115652,-400.0,220.9991455078125,549.7,0.0,0.0,0.0,STOCK,4441.423059441534,2400.0,220.9991455078125,673.0,0.0,2690.149,0
2019-09-24,295.8699951171875,0.0,100000,105070.7422624806,5070.742262480606,75662.7767424766,100,0.05070742262480765,-0.0033113837378915267,107482.7217148065,7482.721714806496,78074.7561948025,100,0.07482721714806795,-0.003237314780497491,110411.087704834,10411.087704834004,2714.4094821777608,364,0.1041108770483401,-0.015437436957535966,179.03399171474496,0.0,COVERED_CALL,5113.076742476612,-400.0,-13.00048828125,549.7,0.0,179.03399171474496,0.0,COVERED_CALL,4601.756194802494,2400.0,-13.00048828125,673.0,0.0,2690.149,0
2019-09-25,297.6199951171875,0.0,100000,105141.69385557558,5141.693855575577,75662.7767424766,100,0.05141693855575724,-0.002638345329475711,107553.67330790147,7553.673307901467,78074.7561948025,100,0.07553673307901776,-0.0025793308801492776,111048.087704834,11048.087704834004,2714.4094821777608,364,0.11048087704834009,-0.009757152796812218,283.08239861977745,0.0,COVERED_CALL,5113.076742476612,-400.0,161.99951171875,549.7,0.0,283.08239861977745,0.0,COVERED_CALL,4601.756194802494,2400.0,161.99951171875,673.0,0.0,2690.149,0
2019-09-26,297.0,0.0,100000,105139.46073786166,5139.460737861664,75662.7767424766,100,0.05139460737861801,-0.0026595284196140323,107551.44019018755,7551.4401901875535,78074.7561948025,100,0.07551440190187875,-0.002600040147400784,110822.40948217775,10822.409482177754,2714.4094821777608,364,0.10822409482177764,-0.01176958047903287,223.31600461493943,0.0,COVERED_CALL,5113.076742476612,-400.0,100.0,549.7,0.0,223.31600461493943,0.0,COVERED_CALL,4601.756194802494,2400.0,100.0,673.0,0.0,2690.149,0
2019-09-27,295.3999938964844,0.0,100000,105025.79504295543,5025.795042955433,75662.7767424766,100,0.05025795042955572,-0.0037377477386472124,107437.77449528132,7437.774495281323,78074.7561948025,100,0.07437774495281646,-0.0036541418808189174,110240.00726049807,10240.007260498067,2714.4094821777608,364,0.10240007260498074,-0.016963002951524975,176.98108916961374,0.0,COVERED_CALL,5113.076742476612,-400.0,-60.0006103515625,549.7,0.0,176.98108916961374,0.0,COVERED_CALL,4601.756194802494,2400.0,-60.0006103515625,673.0,0.0,2690.149,0
2019-09-30,296.7699890136719,0.0,100000,105123.06887289342,5123.068872893418,75662.7767424766,100,0.05123068872893577,-0.0028150197092093876,107535.04832521931,7535.048325219308,78074.7561948025,100,0.07535048325219629,-0.0027520534113081307,110738.68548315432,10738.685483154317,2714.4094821777608,364,0.10738685483154331,-0.012516167771851161,216.70677095037948,0.0,COVERED_CALL,5113.076742476612,-400.0,76.9989013671875,549.7,0.0,216.70677095037948,0.0,COVERED_CALL,4601.756194802494,2400.0,76.9989013671875,673.0,0.0,2690.149,0
2019-10-01,293.239990234375,0.0,100000,104878.79502453009,4878.795024530089,75662.7767424766,100,0.04878795024530236,-0.005132172502382515,107290.77447685598,7290.774476855979,78074.7561948025,100,0.07290774476856288,-0.005017376182623878,109453.76592749025,9453.765927490254,2714.4094821777608,364,0.09453765927490276,-0.02397410843094494,107.98074138401105,0.0,COVERED_CALL,5113.076742476612,-400.0,-276.0009765625,549.7,0.0,107.98074138401105,0.0,COVERED_CALL,4601.756194802494,2400.0,-276.0009765625,673.0,0.0,2690.149,0
2019-10-02,288.0599975585937,0.0,100000,104400.12247309684,4400.122473096839,75662.7767424766,100,0.04400122473096979,-0.009672803630112026,106812.10192542274,6812.101925422743,78074.7561948025,100,0.06812101925423053,-0.009456442574833912,107568.24859350586,7568.248593505865,2714.4094821777608,364,0.07568248593505889,-0.040787725773176575,68.65402523912097,0.0,COVERED_CALL,5113.076742476612,-400.0,-794.0002441406323,549.7,0.0,68.65402523912097,0.0,COVERED_CALL,4601.756194802494,2400.0,-794.0002441406323,673.0,0.0,2690.149,0
2019-10-03,290.4200134277344,0.0,100000,104578.82107343343,4578.821073433428,75662.7767424766,100,0.0457882107343357,-0.007977689872825322,106990.80052575932,6990.800525759318,78074.7561948025,100,0.06990800525759622,-0.007799245084161188,108427.29436987307,8427.294369873067,2714.4094821777608,364,0.08427294369873084,-0.03312740533858449,125.95701181662207,0.0,COVERED_CALL,5113.076742476612,-400.0,-557.9986572265625,549.7,0.0,125.95701181662207,0.0,COVERED_CALL,4601.756194802494,2400.0,-557.9986572265625,673.0,0.0,2690.149,0
2019-10-04,294.3500061035156,0.0,100000,104934.01396343538,4934.013963435384,75662.7767424766,100,0.04934013963435535,-0.004608372188195098,107345.99341576127,7345.993415761273,78074.7561948025,100,0.07345993415761587,-0.004505292222150126,109857.81170385744,9857.811703857442,2714.4094821777608,364,0.09857811703857466,-0.0203711338254412,163.7633893927851,0.0,COVERED_CALL,5113.076742476612,-400.0,-164.9993896484375,549.7,0.0,163.7633893927851,0.0,COVERED_CALL,4601.756194802494,2400.0,-164.9993896484375,673.0,0.0,2690.149,0
2019-10-07,293.0799865722656,0.0,100000,104893.21716459715,4893.217164597154,75662.7767424766,100,0.048932171645972966,-0.004995365789900452,107305.19661692304,7305.196616923044,78074.7561948025,100,0.0730519661692337,-0.004883629559626845,109395.52459448244,9395.524594482442,2714.4094821777608,364,0.09395524594482474,-0.024493460583823512,77.55823510601985,0.0,COVERED_CALL,5113.076742476612,-400.0,-292.0013427734375,549.7,0.0,77.55823510601985,0.0,COVERED_CALL,4601.756194802494,2400.0,-292.0013427734375,673.0,0.0,2690.149,0
2019-10-08,288.5299987792969,0.0,100000,104481.49212982532,4481.4921298253175,75662.7767424766,100,0.044814921298254706,-0.008900940704009819,106893.4715821512,6893.471582151207,78074.7561948025,100,0.06893471582151522,-0.008701844661401226,107739.32903784182,7739.329037841817,2714.4094821777608,364,0.07739329037841847,-0.039262159779187455,34.28449058097828,0.0,COVERED_CALL,5113.076742476612,-400.0,-747.0001220703125,549.7,0.0,34.28449058097828,0.0,COVERED_CALL,4601.756194802494,2400.0,-747.0001220703125,673.0,0.0,2690.149,0
2019-10-09,291.2699890136719,0.0,100000,104707.3082615255,4707.308261525497,75662.7767424766,100,0.047073082615256556,-0.006758875624925609,107119.28771385139,7119.287713851387,78074.7561948025,100,0.07119287713851707,-0.0066076932461012206,108736.68548315432,8736.685483154317,2714.4094821777608,364,0.08736685483154338,-0.03036848941984005,82.46738231829742,0.0,COVERED_CALL,5113.076742476612,-400.0,-473.0010986328125,549.7,0.0,82.46738231829742,0.0,COVERED_CALL,4601.756194802494,2400.0,-473.0010986328125,673.0,0.0,2690.149,0
2019-10-10,293.239990234375,0.0,100000,104907.70611581036,4907.706115810361,75662.7767424766,100,0.049077061158105284,-0.004857925314799116,107319.68556813625,7319.68556813625,78074.7561948025,100,0.07319685568136558,-0.004749263349999366,109453.76592749025,9453.765927490254,2714.4094821777608,364,0.09453765927490276,-0.02397410843094494,79.06965010374208,0.0,COVERED_CALL,5113.076742476612,-400.0,-276.0009765625,549.7,0.0,79.06965010374208,0.0,COVERED_CALL,4601.756194802494,2400.0,-276.0009765625,673.0,0.0,2690.149,0
2019-10-11,296.2799987792969,0.0,100000,105186.63668663618,5186.636686636179,75662.7767424766,100,0.05186636686636348,-0.0022120229571752636,107598.61613896207,7598.616138962068,78074.7561948025,100,0.07598616138962377,-0.002162544477138373,110560.32903784182,10560.329037841817,2714.4094821777608,364,0.10560329037841831,-0.014106615638839526,104.13993377010891,0.0,COVERED_CALL,5113.076742476612,-400.0,27.9998779296875,549.7,0.0,104.13993377010891,0.0,COVERED_CALL,4601.756194802494,2400.0,27.9998779296875,673.0,0.0,2690.149,0
2019-10-14,295.95001220703125,0.0,100000,105211.9806487886,5211.980648788594,75662.7767424766,100,0.05211980648788761,-0.001971613133999295,107623.96010111448,7623.960101114484,78074.7561948025,100,0.0762396010111479,-0.0019275121355107894,110440.21392553713,10440.21392553713,2714.4094821777608,364,0.10440213925537134,-0.015177711352949319,45.797314391132886,0.0,COVERED_CALL,5113.076742476612,-400.0,-4.998779296875,549.7,0.0,45.797314391132886,0.0,COVERED_CALL,4601.756194802494,2400.0,-4.998779296875,673.0,0.0,2690.149,0
2019-10-15,298.8800048828125,0.0,100000,105482.42387421268,5482.423874212676,75662.7767424766,100,0.054824238742128495,0.0,107894.40332653857,7894.403326538566,78074.7561948025,100,0.07894403326538879,0.0,111506.7312595215,11506.731259521504,2714.4094821777608,364,0.11506731259521508,-0.005667316503076836,68.35335654518609,0.0,COVERED_CALL,5113.076742476612,-400.0,288.00048828125,549.7,0.0,68.35335654518609,0.0,COVERED_CALL,4601.756194802494,2400.0,288.00048828125,673.0,0.0,2690.149,0
2019-10-16,298.3999938964844,0.0,100000,105462.51698782224,5462.516987822237,75662.7767424766,100,0.05462516987822408,-0.00018872230708488758,107874.49644014813,7874.496440148127,78074.7561948025,100,0.07874496440148437,-0.0001845034197945905,111332.00726049807,11332.007260498067,2714.4094821777608,364,0.11332007260498078,-0.007225372961712773,40.25914430281091,0.0,COVERED_CALL,5113.076742476612,-400.0,239.9993896484375,549.7,0.0,40.25914430281091,0.0,COVERED_CALL,4601.756194802494,2400.0,239.9993896484375,673.0,0.0,2690.149,0
2019-10-17,299.2799987792969,0.0,100000,105545.21389279712,5545.213892797125,75662.7767424766,100,0.05545213892797296,0.0,107957.19334512301,7957.193345123014,78074.7561948025,100,0.07957193345123326,0.0,111652.32903784182,11652.329037841817,2714.4094821777608,364,0.11652329037841835,-0.004368985649027324,45.562727609169826,0.0,COVERED_CALL,5113.076742476612,-400.0,327.9998779296875,549.7,0.0,45.562727609169826,0.0,COVERED_CALL,4601.756194802494,2400.0,327.9998779296875,673.0,0.0,2690.149,0
2019-10-18,297.9700012207031,0.0,100000,105436.62833150664,5436.628331506639,75662.7767424766,100,0.05436628331506821,-0.0010288061133758575,107848.60778383253,7848.607783832529,78074.7561948025,100,0.07848607783832828,-0.0010058205287291067,111175.48992651369,11175.489926513692,2714.4094821777608,364,0.11175489926513715,-0.008621076153408347,23.14853304027654,0.0,COVERED_CALL,5113.076742476612,-400.0,197.0001220703125,549.7,0.0,23.14853304027654,0.0,COVERED_CALL,4601.756194802494,2400.0,197.0001220703125,673.0,0.0,2690.149,0
2019-10-21,299.989990234375,0.0,100000,105641.11369678567,5641.113696785673,75662.7767424766,100,0.0564111369678586,0.0,108053.09314911156,8053.0931491115625,78074.7561948025,100,0.08053093149111867,0.0,111910.76592749025,11910.765927490254,2714.4094821777608,364,0.11910765927490297,-0.0020644409538673747,20.662069128428783,0.0,COVERED_CALL,5113.076742476612,-400.0,398.9990234375,549.7,0.0,20.662069128428783,0.0,COVERED_CALL,4601.756194802494,2400.0,398.9990234375,673.0,0.0,2690.149,0
2019-10-22,299.010009765625,0.0,100000,105557.47540878506,5557.47540878506,75662.7767424766,100,0.055574754087852396,-0.0007917209983291373,107969.45486111095,7969.454861110949,78074.7561948025,100,0.07969454861111247,-0.0007740480680659134,111554.05303686525,11554.053036865254,2714.4094821777608,364,0.11554053036865297,-0.005245336687844104,6.302310254052499,0.0,COVERED_CALL,5113.076742476612,-400.0,301.0009765625,549.7,0.0,6.302310254052499,0.0,COVERED_CALL,4601.756194802494,2400.0,301.0009765625,673.0,0.0,2690.149,0
2019-10-23,299.8800048828125,0.0,100000,105646.01721629684,5646.017216296837,75662.7767424766,100,0.05646017216297006,0.0,108057.99666862273,8057.996668622727,78074.7561948025,100,0.08057996668623013,0.0,111870.7312595215,11870.731259521504,2714.4094821777608,364,0.11870731259521539,-0.0024214398398058057,4.760014461012062,0.0,COVERED_CALL,5113.076742476612,-400.0,388.00048828125,549.7,0.0,4.760014461012062,0.0,COVERED_CALL,4601.756194802494,2400.0,388.00048828125,673.0,0.0,2690.149,0
2019-10-24,300.3699951171875,0.0,100000,105698.36783702642,5698.367837026424,75662.7767424766,100,0.05698367837026597,0.0,108110.34728935231,8110.347289352314,78074.7561948025,100,0.08110347289352604,0.0,112049.087704834,12049.087704834004,2714.4094821777608,364,0.12049087704834038,-0.0008309919728174409,1.4084171689370253,0.0,COVERED_CALL,5113.076742476612,-400.0,436.99951171875,549.7,0.0,1.4084171689370253,0.0,COVERED_CALL,4601.756194802494,2400.0,436.99951171875,673.0,0.0,2690.149,0
2019-10-25,301.6000061035156,0.0,100000,105822.77735282817,5822.777352828169,75662.7767424766,100,0.058227773528283455,0.0,108234.75680515406,8234.756805154058,78074.7561948025,100,0.08234756805154353,0.0,112496.81170385744,12496.811703857442,2714.4094821777608,364,0.1249681170385748,0.0,0.0,0.0,STOCK,5113.076742476612,-400.0,560.0006103515625,549.7,0.0,0.0,0.0,STOCK,4601.756194802494,2400.0,560.0006103515625,673.0,0.0,2690.149,0
2019-10-28,303.29998779296875,0.0,100000,105992.77552177348,5992.775521773481,75662.7767424766,100,0.059927755217736633,0.0,108404.75497409937,8404.75497409937,78074.7561948025,100,0.08404754974099671,0.0,113115.60503881838,13115.60503881838,2714.4094821777608,364,0.13115605038818412,0.0,0.0,0.0,STOCK,5113.076742476612,-400.0,729.998779296875,549.7,0.0,0.0,0.0,STOCK,4601.756194802494,2400.0,729.998779296875,673.0,0.0,2690.149,0
2019-10-29,303.2099914550781,0.0,100000,105960.86591223214,5960.8659122321405,75863.09651212319,100,0.05960865912232327,-0.00030105457078799525,108372.84536455803,8372.84536455803,78275.07596444908,100,0.08372845364558335,-0.0002943561797539296,113082.84637182619,13082.846371826192,2714.4094821777608,364,0.1308284637182624,-0.0002896034281116844,223.2297453988533,0.0,COVERED_CALL,5313.396512123193,-400.0,720.9991455078125,549.7,0.0,223.2297453988533,0.0,COVERED_CALL,4802.075964449075,2400.0,720.9991455078125,673.0,0.0,2690.149,0
2019-10-30,304.1400146484375,0.0,100000,106028.05742174193,6028.057421741934,75863.09651212319,100,0.06028057421742128,0.0,108440.03687406782,8440.036874067824,78275.07596444908,100,0.08440036874068113,0.0,113421.374814209,13421.374814209004,2714.4094821777608,364,0.13421374814209064,0.0,249.040555225003,0.0,COVERED_CALL,5313.396512123193,-400.0,814.00146484375,549.7,0.0,249.040555225003,0.0,COVERED_CALL,4802.075964449075,2400.0,814.00146484375,673.0,0.0,2690.149,0
2019-10-31,303.3299865722656,0.0,100000,106007.25350345802,6007.253503458021,75863.09651212319,100,0.0600725350345821,-0.00019621144430825854,108419.23295578391,8419.232955783911,78275.07596444908,100,0.08419232955784195,-0.00019184720776221909,113126.52459448244,13126.524594482442,2714.4094821777608,364,0.13126524594482492,-0.00259960012131355,188.8416658917253,0.0,COVERED_CALL,5313.396512123193,-400.0,732.9986572265625,549.7,0.0,188.8416658917253,0.0,COVERED_CALL,4802.075964449075,2400.0,732.9986572265625,673.0,0.0,2690.149,0
2019-11-01,306.1400146484375,0.0,100000,106169.46766560782,6169.467665607823,75863.09651212319,100,0.06169467665607997,0.0,108581.44711793371,8581.447117933712,78275.07596444908,100,0.08581447117934005,0.0,114149.374814209,14149.374814209004,2714.4094821777608,364,0.1414937481420906,0.0,307.63031135911564,0.0,COVERED_CALL,5313.396512123193,-400.0,1014.00146484375,549.7,0.0,307.63031135911564,0.0,COVERED_CALL,4802.075964449075,2400.0,1014.00146484375,673.0,0.0,2690.149,0
2019-11-04,307.3699951171875,0.0,100000,106297.20538801451,6297.20538801451,75863.09651212319,100,0.06297205388014682,0.0,108709.1848403404,8709.1848403404,78275.07596444908,100,0.08709184840340711,0.0,114597.087704834,14597.087704834004,2714.4094821777608,364,0.14597087704834077,0.0,302.8906358274212,0.0,COVERED_CALL,5313.396512123193,-400.0,1136.99951171875,549.7,0.0,302.8906358274212,0.0,COVERED_CALL,4802.075964449075,2400.0,1136.99951171875,673.0,0.0,2690.149,0
2019-11-05,307.0299987792969,0.0,100000,106269.1798625571,6269.1798625570955,75863.09651212319,100,0.06269179862557261,-0.0002636525142417634,108681.15931488299,8681.159314882985,78275.07596444908,100,0.08681159314883291,-0.0002578027376305414,114473.32903784182,14473.329037841817,2714.4094821777608,364,0.14473329037841887,-0.0010799460044826903,296.916527495772,0.0,COVERED_CALL,5313.396512123193,-400.0,1102.9998779296875,549.7,0.0,296.916527495772,0.0,COVERED_CALL,4802.075964449075,2400.0,1102.9998779296875,673.0,0.0,2690.149,0
2019-11-06,307.1000061035156,0.0,100000,106273.83971099394,6273.83971099394,75863.09651212319,100,0.06273839710994089,-0.00021981459376374524,108685.81916331983,8685.81916331983,78275.07596444908,100,0.08685819163320141,-0.00021493746876022346,114498.81170385744,14498.811703857442,2714.4094821777608,364,0.14498811703857517,-0.0008575785209279374,299.2574114808102,0.0,COVERED_CALL,5313.396512123193,-400.0,1110.0006103515625,549.7,0.0,299.2574114808102,0.0,COVERED_CALL,4802.075964449075,2400.0,1110.0006103515625,673.0,0.0,2690.149,0
2019-11-07,308.17999267578125,0.0,100000,106358.55800227546,6358.558002275458,75863.09651212319,100,0.06358558002275605,0.0,108770.53745460135,8770.537454601348,78275.07596444908,100,0.08770537454601657,0.0,114891.92681616213,14891.92681616213,2714.4094821777608,364,0.14891926816162226,0.0,322.5377774258548,0.0,COVERED_CALL,5313.396512123193,-400.0,1217.999267578125,549.7,0.0,322.5377774258548,0.0,COVERED_CALL,4802.075964449075,2400.0,1217.999267578125,673.0,0.0,2690.149,0
2019-11-08,308.94000244140625,0.0,100000,106404.434917999,6404.434917998995,75863.09651212319,100,0.06404434917999136,0.0,108816.41437032488,8816.414370324885,78275.07596444908,100,0.0881641437032521,0.0,115168.57037084963,15168.57037084963,2714.4094821777608,364,0.15168570370849732,0.0,352.6618382648182,0.0,COVERED_CALL,5313.396512123193,-400.0,1294.000244140625,549.7,0.0,352.6618382648182,0.0,COVERED_CALL,4802.075964449075,2400.0,1294.000244140625,673.0,0.0,2690.149,0
2019-11-11,308.3500061035156,0.0,100000,106422.71831347699,6422.7183134769875,75863.09651212319,100,0.06422718313477116,0.0,108834.69776580288,8834.697765802877,78275.07596444908,100,0.0883469776580319,0.0,114953.81170385744,14953.811703857442,2714.4094821777608,364,0.14953811703857545,-0.001864733288784004,275.37880899775746,0.0,COVERED_CALL,5313.396512123193,-400.0,1235.0006103515625,549.7,0.0,275.37880899775746,0.0,COVERED_CALL,4802.075964449075,2400.0,1235.0006103515625,673.0,0.0,2690.149,0
2019-11-12,309.0,0.0,100000,106449.9779430501,6449.977943050093,75863.09651212319,100,0.06449977943050222,0.0,108861.95739537598,8861.957395375983,78275.07596444908,100,0.08861957395376274,0.0,115190.40948217775,15190.409482177754,2714.4094821777608,364,0.1519040948217787,0.0,313.11856907309175,0.0,COVERED_CALL,5313.396512123193,-400.0,1300.0,549.7,0.0,313.11856907309175,0.0,COVERED_CALL,4802.075964449075,2400.0,1300.0,673.0,0.0,2690.149,0
2019-11-13,309.1000061035156,0.0,100000,106466.3373535356,6466.337353535593,75863.09651212319,100,0.06466337353535723,0.0,108878.31680586148,8878.316805861483,78275.07596444908,100,0.08878316805861775,0.0,115226.81170385744,15226.811703857442,2714.4094821777608,364,0.15226811703857557,0.0,306.7597689391593,0.0,COVERED_CALL,5313.396512123193,-400.0,1310.0006103515625,549.7,0.0,306.7597689391593,0.0,COVERED_CALL,4802.075964449075,2400.0,1310.0006103515625,673.0,0.0,2690.149,0
2019-11-14,309.54998779296875,0.0,100000,106491.66665418728,6491.666654187284,75863.09651212319,100,0.06491666654187433,0.0,108903.64610651317,8903.646106513173,78275.07596444908,100,0.08903646106513463,0.0,115390.60503881838,15390.60503881838,2714.4094821777608,364,0.15390605038818506,0.0,326.4286372327702,0.0,COVERED_CALL,5313.396512123193,-400.0,1354.998779296875,549.7,0.0,326.4286372327702,0.0,COVERED_CALL,4802.075964449075,2400.0,1354.998779296875,673.0,0.0,2690.149,0
2019-11-15,311.7900085449219,0.0,100000,106598.16727423189,6598.1672742318915,75863.09651212319,100,0.06598167274232036,0.0,109010.14672655778,9010.146726557781,78275.07596444908,100,0.09010146726558066,0.0,116205.97259252932,16205.972592529317,2714.4094821777608,364,0.1620597259252945,0.0,443.9300923834843,0.0,COVERED_CALL,5313.396512123193,-400.0,1579.0008544921875,549.7,0.0,443.9300923834843,0.0,COVERED_CALL,4802.075964449075,2400.0,1579.0008544921875,673.0,0.0,2690.149,0
2019-11-18,312.0199890136719,0.0,100000,106666.1410338192,6666.141033819207,75863.09651212319,100,0.06666141033819373,0.0,109078.1204861451,9078.120486145097,78275.07596444908,100,0.0907812048614538,0.0,116289.68548315432,16289.685483154317,2714.4094821777608,364,0.1628968548315446,0.0,398.9543796711707,0.0,COVERED_CALL,5313.396512123193,-400.0,1601.9989013671875,549.7,0.0,398.9543796711707,0.0,COVERED_CALL,4802.075964449075,2400.0,1601.9989013671875,673.0,0.0,2690.149,0
2019-11-19,311.92999267578125,0.0,100000,106667.40251506733,6667.402515067326,75863.09651212319,100,0.066674025150675,0.0,109079.38196739322,9079.381967393216,78275.07596444908,100,0.09079381967393485,0.0,116256.92681616213,16256.92681616213,2714.4094821777608,364,0.16256926816162265,-0.00028169881839557043,388.6932646339882,0.0,COVERED_CALL,5313.396512123193,-400.0,1592.999267578125,549.7,0.0,388.6932646339882,0.0,COVERED_CALL,4802.075964449075,2400.0,1592.999267578125,673.0,0.0,2690.149,0
2019-11-20,310.7699890136719,0.0,100000,106629.81874784004,6629.818747840036,75863.09651212319,100,0.0662981874784021,-0.000352345387073405,109041.79820016593,9041.798200165926,78275.07596444908,100,0.09041798200166196,-0.0003445542736805196,115834.68548315432,15834.685483154317,2714.4094821777608,364,0.15834685483154454,-0.0039126427946691855,310.27666565033087,0.0,COVERED_CALL,5313.396512123193,-400.0,1476.9989013671875,549.7,0.0,310.27666565033087,0.0,COVERED_CALL,4802.075964449075,2400.0,1476.9989013671875,673.0,0.0,2690.149,0
2019-11-21,310.2699890136719,0.0,100000,106625.4085867646,6625.408586764606,75863.09651212319,100,0.0662540858676477,-0.0003936903619341514,109037.3880390905,9037.388039090496,78275.07596444908,100,0.09037388039090777,-0.000384985022332307,115652.68548315432,15652.685483154317,2714.4094821777608,364,0.15652685483154438,-0.005477699912536882,264.6868267257715,0.0,COVERED_CALL,5313.396512123193,-400.0,1426.9989013671875,549.7,0.0,264.6868267257715,0.0,COVERED_CALL,4802.075964449075,2400.0,1426.9989013671875,673.0,0.0,2690.149,0
2019-11-22,310.9599914550781,0.0,100000,106664.54732395307,6664.547323953069,75863.09651212319,100,0.06664547323953252,-2.676723204020348e-05,109076.52677627896,9076.526776278959,78275.07596444908,100,0.09076526776279237,-2.6175351040214068e-05,115903.84637182619,15903.846371826192,2714.4094821777608,364,0.15903846371826336,-0.0033179134479989214,294.54833367792855,0.0,COVERED_CALL,5313.396512123193,-400.0,1495.9991455078125,549.7,0.0,294.54833367792855,0.0,COVERED_CALL,4802.075964449075,2400.0,1495.9991455078125,673.0,0.0,2690.149,0
2019-11-25,313.3699951171875,0.0,100000,106795.21505023206,6795.215050232058,75863.09651212319,100,0.0679521505023224,0.0,109207.19450255795,9207.194502557948,78275.07596444908,100,0.09207194502558225,0.0,116781.087704834,16781.087704834004,2714.4094821777608,364,0.16781087704834152,0.0,404.88097360987274,0.0,COVERED_CALL,5313.396512123193,-400.0,1736.99951171875,549.7,0.0,404.88097360987274,0.0,COVERED_CALL,4802.075964449075,2400.0,1736.99951171875,673.0,0.0,2690.149,0
2019-11-26,314.0799865722656,0.0,100000,106820.61499750469,6820.6149975046865,75863.09651212319,100,0.06820614997504859,0.0,109232.59444983058,9232.594449830576,78275.07596444908,100,0.09232594449830844,0.0,117039.52459448244,17039.524594482442,2714.4094821777608,364,0.1703952459448257,0.0,450.48017184506415,0.0,COVERED_CALL,5313.396512123193,-400.0,1807.9986572265625,549.7,0.0,450.48017184506415,0.0,COVERED_CALL,4802.075964449075,2400.0,1807.9986572265625,673.0,0.0,2690.149,0
2019-11-27,315.4800109863281,0.0,100000,106831.48715546473,6831.487155464725,75863.09651212319,100,0.0683148715546491,0.0,109243.46660779061,9243.466607790615,78275.07596444908,100,0.09243466607790873,0.0,117549.13348120119,17549.133481201192,2714.4094821777608,364,0.17549133481201307,0.0,579.6104552912749,0.0,COVERED_CALL,5313.396512123193,-400.0,1948.0010986328125,549.7,0.0,579.6104552912749,0.0,COVERED_CALL,4802.075964449075,2400.0,1948.0010986328125,673.0,0.0,2690.149,0
2019-11-29,314.3099975585937,0.0,100000,106863.09651212319,6863.096512123186,106863.09651212319,0,0.06863096512123379,0.0,109275.07596444908,9275.075964449075,109275.07596444908,0,0.09275075964449342,0.0,117123.24859350586,17123.248593505865,2714.4094821777608,364,0.1712324859350598,-0.003623037236284099,0.0,0.0,CASH,5313.396512123193,1000.0,0.0,549.7,0.0,0.0,0.0,CASH,4802.075964449075,3800.0,0.0,673.0,0.0,2690.149,0
2019-12-02,311.6400146484375,0.0,100000,106863.09651212319,6863.096512123186,106863.09651212319,0,0.06863096512123379,0.0,109275.07596444908,9275.075964449075,109275.07596444908,0,0.09275075964449342,0.0,116151.374814209,16151.374814209004,2714.4094821777608,364,0.16151374814209118,-0.011890846198502336,0.0,0.0,CASH,5313.396512123193,1000.0,0.0,549.7,0.0,0.0,0.0,CASH,4802.075964449075,3800.0,0.0,673.0,0.0,2690.149,0
2019-12-03,309.54998779296875,0.0,100000,106825.31935091982,6825.319350919817,107204.65454355523,0,0.06825319350920012,-0.00035350988728910515,109237.2988032457,9237.298803245707,109616.63399588111,0,0.09237298803245975,-0.0003457070230329373,115390.60503881838,15390.60503881838,2714.4094821777608,364,0.15390605038818506,-0.018362776300073658,379.33519263541166,30600.0,SHORT_PUT,5654.954543555233,1000.0,0.0,549.7,0.0,379.33519263541166,30600.0,SHORT_PUT,5143.633995881115,3800.0,0.0,673.0,0.0,2690.149,0
2019-12-04,311.4599914550781,0.0,100000,106867.94264404532,6867.942644045324,107204.65454355523,0,0.06867942644045533,0.0,109279.92209637121,9279.922096371214,109616.63399588111,0,0.09279922096371473,0.0,116085.84637182619,16085.846371826192,2714.4094821777608,364,0.1608584637182633,-0.012448301965654163,336.7118995099002,30600.0,SHORT_PUT,5654.954543555233,1000.0,0.0,549.7,0.0,336.7118995099002,30600.0,SHORT_PUT,5143.633995881115,3800.0,0.0,673.0,0.0,2690.149,0
2019-12-05,312.0199890136719,0.0,100000,106933.53881140101,6933.538811401013,107204.65454355523,0,0.06933538811401219,0.0,109345.5182637269,9345.518263726903,109616.63399588111,0,0.0934551826372716,0.0,116289.68548315432,16289.685483154317,2714.4094821777608,364,0.1628968548315446,-0.01071422613462536,271.1157321542081,30600.0,SHORT_PUT,5654.954543555233,1000.0,0.0,549.7,0.0,271.1157321542081,30600.0,SHORT_PUT,5143.633995881115,3800.0,0.0,673.0,0.0,2690.149,0
2019-12-06,314.8699951171875,0.0,100000,107028.33838321673,7028.338383216731,107204.65454355523,0,0.07028338383216926,0.0,109440.31783554262,9440.31783554262,109616.63399588111,0,0.09440317835542866,0.0,117327.087704834,17327.087704834004,2714.4094821777608,364,0.17327087704834154,-0.001888961405254963,176.31616033849048,30600.0,SHORT_PUT,5654.954543555233,1000.0,0.0,549.7,0.0,176.31616033849048,30600.0,SHORT_PUT,5143.633995881115,3800.0,0.0,673.0,0.0,2690.149,0
2019-12-09,313.8800048828125,0.0,100000,107049.45711056961,7049.457110569609,107204.65454355523,0,0.07049457110569812,0.0,109461.4365628955,9461.436562895498,109616.63399588111,0,0.09461436562895753,0.0,116966.7312595215,16966.731259521504,2714.4094821777608,364,0.1696673125952166,-0.0049545428743869024,155.19743298561627,30600.0,SHORT_PUT,5654.954543555233,1000.0,0.0,549.7,0.0,155.19743298561627,30600.0,SHORT_PUT,5143.633995881115,3800.0,0.0,673.0,0.0,2690.149,0
2019-12-10,313.5299987792969,0.0,100000,106988.37944527218,6988.379445272178,107204.65454355523,0,0.06988379445272397,-0.0005705555819337516,109400.35889759807,9400.358897598067,109616.63399588111,0,0.09400358897598315,-0.0005579834068991651,116839.32903784182,16839.329037841817,2714.4094821777608,364,0.16839329037841977,-0.006038363893791199,216.27509828304107,30600.0,SHORT_PUT,5654.954543555233,1000.0,0.0,549.7,0.0,216.27509828304107,30600.0,SHORT_PUT,5143.633995881115,3800.0,0.0,673.0,0.0,2690.149,0
2019-12-11,314.4200134277344,0.0,100000,107024.75890152667,7024.758901526671,107204.65454355523,0,0.07024758901526873,-0.00023071774214999952,109436.73835385256,9436.738353852561,109616.63399588111,0,0.09436738353852814,-0.00022563388366225734,117163.29436987307,17163.294369873067,2714.4094821777608,364,0.17163294369873228,-0.0032823645730215567,179.895642028561,30600.0,SHORT_PUT,5654.954543555233,1000.0,0.0,549.7,0.0,179.895642028561,30600.0,SHORT_PUT,5143.633995881115,3800.0,0.0,673.0,0.0,2690.149,0
2019-12-12,317.1300048828125,0.0,100000,107102.85949004794,7102.859490047937,107204.65454355523,0,0.07102859490048141,0.0,109514.83894237383,9514.838942373826,109616.63399588111,0,0.0951483894237406,0.0,118149.7312595215,18149.731259521504,2714.4094821777608,364,0.18149731259521684,0.0,101.79505350729521,30600.0,SHORT_PUT,5654.954543555233,1000.0,0.0,549.7,0.0,101.79505350729521,30600.0,SHORT_PUT,5143.633995881115,3800.0,0.0,673.0,0.0,2690.149,0
2019-12-13,317.32000732421875,0.0,100000,107130.90847327367,7130.9084732736665,107204.65454355523,0,0.07130908473273867,0.0,109542.88792559956,9542.887925599556,109616.63399588111,0,0.09542887925599808,0.0,118218.89214819338,18218.89214819338,2714.4094821777608,364,0.18218892148193566,0.0,73.74607028156014,30600.0,SHORT_PUT,5654.954543555233,1000.0,0.0,549.7,0.0,73.74607028156014,30600.0,SHORT_PUT,5143.633995881115,3800.0,0.0,673.0,0.0,2690.149,0
2019-12-16,319.5,0.0,100000,107181.26801528757,7181.268015287569,107204.65454355523,0,0.07181268015287756,0.0,109593.24746761346,9593.247467613459,109616.63399588111,0,0.09593247467613719,0.0,119012.40948217775,19012.409482177754,2714.4094821777608,364,0.1901240948217795,0.0,23.386528267657187,30600.0,SHORT_PUT,5654.954543555233,1000.0,0.0,549.7,0.0,23.386528267657187,30600.0,SHORT_PUT,5143.633995881115,3800.0,0.0,673.0,0.0,2690.149,0
2019-12-17,319.57000732421875,0.0,100000,107187.90545177847,7187.905451778468,107204.65454355523,0,0.07187905451778676,0.0,109599.88490410436,9599.884904104358,109616.63399588111,0,0.09599884904104616,0.0,119037.89214819338,19037.89214819338,2714.4094821777608,364,0.1903789214819358,0.0,16.7490917767527,30600.0,SHORT_PUT,5654.954543555233,1000.0,0.0,549.7,0.0,16.7490917767527,30600.0,SHORT_PUT,5143.633995881115,3800.0,0.0,673.0,0.0,2690.149,0
2019-12-18,319.5899963378906,0.0,100000,107189.33075091551,7189.330750915513,107204.65454355523,0,0.07189330750915723,0.0,109601.3102032414,9601.310203241403,109616.63399588111,0,0.09601310203241664,0.0,119045.16814916994,19045.168149169942,2714.4094821777608,364,0.19045168149170144,0.0,15.323792639707733,30600.0,SHORT_PUT,5654.954543555233,1000.0,0.0,549.7,0.0,15.323792639707733,30600.0,SHORT_PUT,5143.633995881115,3800.0,0.0,673.0,0.0,2690.149,0
2019-12-19,320.8999938964844,0.0,100000,107194.48001844106,7194.480018441056,107204.65454355523,0,0.07194480018441274,0.0,109606.45947076695,9606.459470766946,109616.63399588111,0,0.09606459470767215,0.0,119522.00726049807,19522.007260498067,2714.4094821777608,364,0.19522007260498264,0.0,10.174525114171317,30600.0,SHORT_PUT,5654.954543555233,1000.0,0.0,549.7,0.0,10.174525114171317,30600.0,SHORT_PUT,5143.633995881115,3800.0,0.0,673.0,0.0,2690.149,0
2019-12-20,320.7300109863281,0.0,100000,107196.03938598078,7196.039385980781,107204.65454355523,0,0.0719603938598099,0.0,109608.01883830667,9608.01883830667,109616.63399588111,0,0.09608018838306953,0.0,120031.6134812012,20031.613481201202,3285.889482177761,364,0.20031613481201394,0.0,8.615157574444353,30600.0,SHORT_PUT,5654.954543555233,1000.0,0.0,549.7,0.0,8.615157574444353,30600.0,SHORT_PUT,5143.633995881115,3800.0,0.0,673.0,0.0,3261.629,0
2019-12-23,321.2200012207031,0.0,100000,107200.74228417984,7200.74228417984,107204.65454355523,0,0.07200742284180062,0.0,109612.72173650573,9612.72173650573,109616.63399588111,0,0.09612721736506025,0.0,120209.9699265137,20209.969926513702,3285.889482177761,364,0.20209969926513893,0.0,3.912259375389459,30600.0,SHORT_PUT,5654.954543555233,1000.0,0.0,549.7,0.0,3.912259375389459,30600.0,SHORT_PUT,5143.633995881115,3800.0,0.0,673.0,0.0,3261.629,0
2019-12-24,321.2300109863281,0.0,100000,107201.54848473136,7201.548484731364,107204.65454355523,0,0.07201548484731579,0.0,109613.52793705725,9613.527937057253,109616.63399588111,0,0.09613527937057564,0.0,120213.6134812012,20213.613481201202,3285.889482177761,364,0.20213613481201387,0.0,3.106058823860435,30600.0,SHORT_PUT,5654.954543555233,1000.0,0.0,549.7,0.0,3.106058823860435,30600.0,SHORT_PUT,5143.633995881115,3800.0,0.0,673.0,0.0,3261.629,0
2019-12-26,322.94000244140625,0.0,100000,107203.32089036345,7203.320890363451,107204.65454355523,0,0.07203320890363663,0.0,109615.30034268934,9615.300342689341,109616.63399588111,0,0.09615300342689648,0.0,120836.05037084964,20836.05037084964,3285.889482177761,364,0.20836050370849812,0.0,1.3336531917716656,30600.0,SHORT_PUT,5654.954543555233,1000.0,0.0,549.7,0.0,1.3336531917716656,30600.0,SHORT_PUT,5143.633995881115,3800.0,0.0,673.0,0.0,3261.629,0
2019-12-27,322.8599853515625,0.0,100000,107203.49378058582,7203.493780585821,107204.65454355523,0,0.07203493780586023,0.0,109615.47323291171,9615.47323291171,109616.63399588111,0,0.09615473232912031,0.0,120806.92415014651,20806.924150146515,3285.889482177761,364,0.20806924150146688,-0.00024103916516415858,1.1607629694036494,30600.0,SHORT_PUT,5654.954543555233,1000.0,0.0,549.7,0.0,1.1607629694036494,30600.0,SHORT_PUT,5143.633995881115,3800.0,0.0,673.0,0.0,3261.629,0
2019-12-30,321.0799865722656,0.0,100000,107203.62077293261,7203.620772932612,107204.65454355523,0,0.07203620772932817,0.0,109615.6002252585,9615.600225258502,109616.63399588111,0,0.09615600225258802,0.0,120159.00459448245,20159.004594482452,3285.889482177761,364,0.20159004594482632,-0.0056030114712397605,1.0337706226159598,30600.0,SHORT_PUT,5654.954543555233,1000.0,0.0,549.7,0.0,1.0337706226159598,30600.0,SHORT_PUT,5143.633995881115,3800.0,0.0,673.0,0.0,3261.629,0
2019-12-31,321.8599853515625,0.0,100000,107203.64634647762,7203.646346477617,107204.65454355523,0,0.07203646346477832,0.0,109615.6257988035,9615.625798803507,109616.63399588111,0,0.09615625798803817,0.0,120442.92415014651,20442.924150146515,3285.889482177761,364,0.2044292415014668,-0.0032533852231731997,1.0081970776044782,30600.0,SHORT_PUT,5654.954543555233,1000.0,0.0,549.7,0.0,1.0081970776044782,30600.0,SHORT_PUT,5143.633995881115,3800.0,0.0,673.0,0.0,3261.629,0
