date,spot,deposit,contributed,wheel_equity,wheel_net_pnl,wheel_cash,wheel_shares,wheel_twr,wheel_drawdown,floor_equity,floor_net_pnl,floor_cash,floor_shares,floor_twr,floor_drawdown,dca_equity,dca_net_pnl,dca_cash,dca_shares,dca_twr,dca_drawdown,wheel_option_liability,wheel_collateral,wheel_state,wheel_premiums,wheel_stock_realized,wheel_stock_unrealized,wheel_dividends,wheel_interest,floor_option_liability,floor_collateral,floor_state,floor_premiums,floor_stock_realized,floor_stock_unrealized,floor_dividends,floor_interest,dca_dividends,dca_bought
2020-01-02,324.8699951171875,0.0,100000.0,100000.0,0.0,100000.0,0,0.0,0.0,100000.0,0.0,100000.0,0,0.0,0.0,99996.93000000001,-3.069999999992433,261.84149902344507,307,-3.069999999993911e-05,-3.069999999993911e-05,0.0,0.0,CASH,0.0,0.0,0.0,0.0,0.0,0.0,0.0,CASH,0.0,0.0,0.0,0.0,0.0,0.0,307
2020-01-03,322.4100036621094,0.0,100000.0,99970.35465860003,-29.645341399969766,100264.30574329967,0,-0.0002964534139996422,-0.0002964534139996422,99970.35465860003,-29.645341399969766,100264.30574329967,0,-0.0002964534139996422,-0.0002964534139996422,99241.71262329102,-758.2873767089768,261.84149902344507,307,-0.007582873767089771,-0.007582873767089771,293.951084699638,31900.0,SHORT_PUT,264.30574329967254,0.0,0.0,0.0,0.0,293.951084699638,31900.0,SHORT_PUT,264.30574329967254,0.0,0.0,0.0,0.0,0.0,0
2020-01-06,323.6400146484375,0.0,100000.0,99986.71820131254,-13.281798687457922,100264.30574329967,0,-0.00013281798687458934,-0.00013281798687458934,99986.71820131254,-13.281798687457922,100264.30574329967,0,-0.00013281798687458934,-0.00013281798687458934,99619.32599609376,-380.67400390624243,261.84149902344507,307,-0.0038067400390623396,-0.0038067400390623396,277.5875419871303,31900.0,SHORT_PUT,264.30574329967254,0.0,0.0,0.0,0.0,277.5875419871303,31900.0,SHORT_PUT,264.30574329967254,0.0,0.0,0.0,0.0,0.0,0
2020-01-07,322.7300109863281,0.0,100000.0,99968.21542281682,-31.784577183178044,100264.30574329967,0,-0.00031784577183180396,-0.00031784577183180396,99968.21542281682,-31.784577183178044,100264.30574329967,0,-0.00031784577183180396,-0.00031784577183180396,99339.95487182618,-660.0451281738206,261.84149902344507,307,-0.006600451281738029,-0.006600451281738029,296.09032048284473,31900.0,SHORT_PUT,264.30574329967254,0.0,0.0,0.0,0.0,296.09032048284473,31900.0,SHORT_PUT,264.30574329967254,0.0,0.0,0.0,0.0,0.0,0
2020-01-08,324.45001220703125,0.0,100000.0,100037.77407279614,37.77407279613544,100264.30574329967,0,0.00037774072796148417,0.0,100037.77407279614,37.77407279613544,100264.30574329967,0,0.00037774072796148417,0.0,99867.99524658204,-132.00475341796118,261.84149902344507,307,-0.0013200475341793583,-0.0013200475341793583,226.5316705035361,31900.0,SHORT_PUT,264.30574329967254,0.0,0.0,0.0,0.0,226.5316705035361,31900.0,SHORT_PUT,264.30574329967254,0.0,0.0,0.0,0.0,0.0,0
2020-01-09,326.6499938964844,0.0,100000.0,100115.3838404533,115.38384045330167,100264.30574329967,0,0.0011538384045330918,0.0,100115.3838404533,115.38384045330167,100264.30574329967,0,0.0011538384045330918,0.0,100543.38962524415,543.3896252441482,261.84149902344507,307,0.005433896252441839,0.0,148.92190284637408,31900.0,SHORT_PUT,264.30574329967254,0.0,0.0,0.0,0.0,148.92190284637408,31900.0,SHORT_PUT,264.30574329967254,0.0,0.0,0.0,0.0,0.0,0
2020-01-10,325.7099914550781,0.0,100000.0,100123.08157228328,123.08157228327764,100264.30574329967,0,0.0012308157228329009,0.0,100123.08157228328,123.08157228327764,100264.30574329967,0,0.0012308157228329009,0.0,100254.80887573243,254.80887573242944,261.84149902344507,307,0.002548088757324596,-0.0028702110659621916,141.2241710163966,31900.0,SHORT_PUT,264.30574329967254,0.0,0.0,0.0,0.0,141.2241710163966,31900.0,SHORT_PUT,264.30574329967254,0.0,0.0,0.0,0.0,0.0,0
2020-01-13,327.95001220703125,0.0,100000.0,100187.6463246383,187.6463246383064,100264.30574329967,0,0.001876463246383242,0.0,100187.6463246383,187.6463246383064,100264.30574329967,0,0.001876463246383242,0.0,100942.49524658204,942.4952465820388,261.84149902344507,307,0.009424952465820757,0.0,76.65941866136528,31900.0,SHORT_PUT,264.30574329967254,0.0,0.0,0.0,0.0,76.65941866136528,31900.0,SHORT_PUT,264.30574329967254,0.0,0.0,0.0,0.0,0.0,0
2020-01-14,327.45001220703125,0.0,100000.0,100190.04960752446,190.04960752445913,100264.30574329967,0,0.0019004960752446731,0.0,100190.04960752446,190.04960752445913,100264.30574329967,0,0.0019004960752446731,0.0,100788.99524658204,788.9952465820388,261.84149902344507,307,0.007889952465820693,-0.001520667778471707,74.25613577521489,31900.0,SHORT_PUT,264.30574329967254,0.0,0.0,0.0,0.0,74.25613577521489,31900.0,SHORT_PUT,264.30574329967254,0.0,0.0,0.0,0.0,0.0,0
2020-01-15,328.19000244140625,0.0,100000.0,100205.84731226649,205.84731226648728,100264.30574329967,0,0.002058473122664939,0.0,100205.84731226649,205.84731226648728,100264.30574329967,0,0.002058473122664939,0.0,101016.17224853516,1016.1722485351638,261.84149902344507,307,0.010161722485351854,0.0,58.45843103318244,31900.0,SHORT_PUT,264.30574329967254,0.0,0.0,0.0,0.0,58.45843103318244,31900.0,SHORT_PUT,264.30574329967254,0.0,0.0,0.0,0.0,0.0,0
2020-01-16,330.9200134277344,0.0,100000.0,100237.87448307528,237.87448307528393,100264.30574329967,0,0.0023787448307528436,0.0,100237.87448307528,237.87448307528393,100264.30574329967,0,0.0023787448307528436,0.0,101854.2856213379,1854.2856213378982,261.84149902344507,307,0.018542856213379144,0.0,26.431260224384058,31900.0,SHORT_PUT,264.30574329967254,0.0,0.0,0.0,0.0,26.431260224384058,31900.0,SHORT_PUT,264.30574329967254,0.0,0.0,0.0,0.0,0.0,0
2020-01-17,331.95001220703125,0.0,100000.0,100247.87540268835,247.87540268835437,100264.30574329967,0,0.0024787540268833563,0.0,100247.87540268835,247.87540268835437,100264.30574329967,0,0.0024787540268833563,0.0,102170.49524658204,2170.495246582039,261.84149902344507,307,0.021704952465820604,0.0,16.430340611310456,31900.0,SHORT_PUT,264.30574329967254,0.0,0.0,0.0,0.0,16.430340611310456,31900.0,SHORT_PUT,264.30574329967254,0.0,0.0,0.0,0.0,0.0,0
2020-01-21,331.29998779296875,0.0,100000.0,100256.24094644186,256.2409464418597,100264.30574329967,0,0.002562409464418547,0.0,100256.24094644186,256.2409464418597,100264.30574329967,0,0.002562409464418547,0.0,101970.93775146485,1970.9377514648513,261.84149902344507,307,0.01970937751464885,-0.001953181245089919,8.064796857808098,31900.0,SHORT_PUT,264.30574329967254,0.0,0.0,0.0,0.0,8.064796857808098,31900.0,SHORT_PUT,264.30574329967254,0.0,0.0,0.0,0.0,0.0,0
2020-01-22,331.3399963378906,0.0,100000.0,100255.99972099284,255.9997209928406,100264.30574329967,0,0.0025599972099283885,-2.4060891046229216e-06,100255.99972099284,255.9997209928406,100264.30574329967,0,0.0025599972099283885,-2.4060891046229216e-06,101983.22037475587,1983.220374755867,261.84149902344507,307,0.019832203747558896,-0.0018329643149345154,8.306022306831572,31900.0,SHORT_PUT,264.30574329967254,0.0,0.0,0.0,0.0,8.306022306831572,31900.0,SHORT_PUT,264.30574329967254,0.0,0.0,0.0,0.0,0.0,0
2020-01-23,331.7200012207031,0.0,100000.0,100258.82853903701,258.8285390370147,100264.30574329967,0,0.0025882853903700376,0.0,100258.82853903701,258.8285390370147,100264.30574329967,0,0.0025882853903700376,0.0,102099.8818737793,2099.8818737793044,261.84149902344507,307,0.02099881873779319,-0.0006911327250819221,5.477204262655121,31900.0,SHORT_PUT,264.30574329967254,0.0,0.0,0.0,0.0,5.477204262655121,31900.0,SHORT_PUT,264.30574329967254,0.0,0.0,0.0,0.0,0.0,0
2020-01-24,328.7699890136719,0.0,100000.0,100252.46091865581,252.4609186558082,100264.30574329967,0,0.0025246091865580578,-6.351181710362308e-05,100252.46091865581,252.4609186558082,100264.30574329967,0,0.0025246091865580578,-6.351181710362308e-05,101194.22812622071,1194.2281262207107,261.84149902344507,307,0.0119422812622072,-0.009555274426390703,11.844824643865891,31900.0,SHORT_PUT,264.30574329967254,0.0,0.0,0.0,0.0,11.844824643865891,31900.0,SHORT_PUT,264.30574329967254,0.0,0.0,0.0,0.0,0.0,0
2020-01-27,323.5,0.0,100000.0,100215.31044248796,215.3104424879566,100264.30574329967,0,0.0021531044248794817,-0.0004340575008026093,100215.31044248796,215.3104424879566,100264.30574329967,0,0.0021531044248794817,-0.0004340575008026093,99576.34149902345,-423.65850097655493,261.84149902344507,307,-0.004236585009765537,-0.02539043919967099,48.99530081170944,31900.0,SHORT_PUT,264.30574329967254,0.0,0.0,0.0,0.0,48.99530081170944,31900.0,SHORT_PUT,264.30574329967254,0.0,0.0,0.0,0.0,0.0,0
2020-01-28,326.8900146484375,0.0,100000.0,100247.11115750465,247.1111575046525,100264.30574329967,0,0.002471111575046425,-0.00011687131899607017,100247.11115750465,247.1111575046525,100264.30574329967,0,0.002471111575046425,-0.00011687131899607017,100617.07599609376,617.0759960937576,261.84149902344507,307,0.006170759960937522,-0.015204186362601346,17.194585795025063,31900.0,SHORT_PUT,264.30574329967254,0.0,0.0,0.0,0.0,17.194585795025063,31900.0,SHORT_PUT,264.30574329967254,0.0,0.0,0.0,0.0,0.0,0
2020-01-29,326.6199951171875,0.0,100000.0,100259.67758854202,259.6775885420211,100264.30574329967,0,0.002596775885419955,0.0,100259.67758854202,259.6775885420211,100264.30574329967,0,0.002596775885419955,0.0,100534.18000000001,534.1800000000076,261.84149902344507,307,0.005341800000000063,-0.016015536017838672,4.628154757652435,31900.0,SHORT_PUT,264.30574329967254,0.0,0.0,0.0,0.0,4.628154757652435,31900.0,SHORT_PUT,264.30574329967254,0.0,0.0,0.0,0.0,0.0,0
2020-01-30,327.67999267578125,0.0,100000.0,100263.24010551823,263.2401055182272,100264.30574329967,0,0.002632401055181921,0.0,100263.24010551823,263.2401055182272,100264.30574329967,0,0.002632401055181921,0.0,100859.59925048829,859.5992504882888,261.84149902344507,307,0.008595992504882854,-0.012830475108591921,1.065637781440997,31900.0,SHORT_PUT,264.30574329967254,0.0,0.0,0.0,0.0,1.065637781440997,31900.0,SHORT_PUT,264.30574329967254,0.0,0.0,0.0,0.0,0.0,0
2020-01-31,321.7300109863281,0.0,100000.0,100264.30574329967,264.30574329967203,100264.30574329967,0,0.0026430574329965317,0.0,100264.30574329967,264.30574329967203,100264.30574329967,0,0.0026430574329965317,0.0,99032.95487182618,-967.0451281738206,261.84149902344507,307,-0.009670451281738157,-0.030708869201266142,0.0,0.0,CASH,264.30574329967254,0.0,0.0,0.0,0.0,0.0,0.0,CASH,264.30574329967254,0.0,0.0,0.0,0.0,0.0,0
2020-02-03,324.1199951171875,1000.0,101000.0,101264.30574329967,264.30574329967203,101264.30574329967,0,0.0026430574329965317,0.0,101264.30574329967,264.30574329967203,101264.30574329967,0,0.0026430574329965317,0.0,100766.65000000001,-233.34999999999127,289.4515136718826,310,-0.0023334999999998773,-0.023527783053028384,0.0,0.0,CASH,264.30574329967254,0.0,0.0,0.0,0.0,0.0,0.0,CASH,264.30574329967254,0.0,0.0,0.0,0.0,0.0,3
2020-02-04,329.0599975585937,0.0,101000.0,101242.1798891967,242.1798891967046,101457.17635727779,0,0.0024239838527919666,-0.0002184960825095672,101242.1798891967,242.1798891967046,101457.17635727779,0,0.0024239838527919666,-0.0002184960825095672,102298.05075683593,1298.0507568359317,289.4515136718826,310,0.012828532608703869,-0.008687850475515568,214.99646808107943,31600.0,SHORT_PUT,457.176357277792,0.0,0.0,0.0,0.0,214.99646808107943,31600.0,SHORT_PUT,457.176357277792,0.0,0.0,0.0,0.0,0.0,0
2020-02-05,332.8599853515625,0.0,101000.0,101360.60308098524,360.6030809852382,101457.17635727779,0,0.0035965213052957523,0.0,101360.60308098524,360.6030809852382,101457.17635727779,0,0.0035965213052957523,0.0,103476.04697265626,2476.0469726562587,289.4515136718826,310,0.024491591385101597,0.0,96.57327629254387,31600.0,SHORT_PUT,457.176357277792,0.0,0.0,0.0,0.0,96.57327629254387,31600.0,SHORT_PUT,457.176357277792,0.0,0.0,0.0,0.0,0.0,0
2020-02-06,333.9800109863281,0.0,101000.0,101393.79597042341,393.795970423409,101457.17635727779,0,0.003925172352740702,0.0,101393.79597042341,393.795970423409,101457.17635727779,0,0.003925172352740702,0.0,103823.2549194336,2823.2549194336025,289.4515136718826,310,0.02792921421997341,0.0,63.38038685437779,31600.0,SHORT_PUT,457.176357277792,0.0,0.0,0.0,0.0,63.38038685437779,31600.0,SHORT_PUT,457.176357277792,0.0,0.0,0.0,0.0,0.0,0
2020-02-07,332.20001220703125,0.0,101000.0,101383.1351304344,383.1351304343989,101457.17635727779,0,0.00381961672657094,-0.00010514292207897125,101383.1351304344,383.1351304343989,101457.17635727779,0,0.00381961672657094,-0.00010514292207897125,103271.45529785157,2271.4552978515712,289.4515136718826,310,0.02246597814767104,-0.005314797942043148,74.04122684337995,31600.0,SHORT_PUT,457.176357277792,0.0,0.0,0.0,0.0,74.04122684337995,31600.0,SHORT_PUT,457.176357277792,0.0,0.0,0.0,0.0,0.0,0
2020-02-10,334.67999267578125,0.0,101000.0,101410.93863674013,410.9386367401312,101457.17635727779,0,0.004094906152248834,0.0,101410.93863674013,410.9386367401312,101457.17635727779,0,0.004094906152248834,0.0,104040.24924316407,3040.2492431640712,289.4515136718826,310,0.03007762311791784,0.0,46.23772053766109,31600.0,SHORT_PUT,457.176357277792,0.0,0.0,0.0,0.0,46.23772053766109,31600.0,SHORT_PUT,457.176357277792,0.0,0.0,0.0,0.0,0.0,0
2020-02-11,335.260009765625,0.0,101000.0,101423.32481336167,423.32481336167257,101457.17635727779,0,0.004217544765199088,0.0,101423.32481336167,423.32481336167257,101457.17635727779,0,0.004217544765199088,0.0,104220.05454101563,3220.0545410156337,289.4515136718826,310,0.03185783236561068,0.0,33.851543916107296,31600.0,SHORT_PUT,457.176357277792,0.0,0.0,0.0,0.0,33.851543916107296,31600.0,SHORT_PUT,457.176357277792,0.0,0.0,0.0,0.0,0.0,0
2020-02-12,337.4200134277344,0.0,101000.0,101435.7142433001,435.71424330009904,101457.17635727779,0,0.004340215590048269,0.0,101435.7142433001,435.71424330009904,101457.17635727779,0,0.004340215590048269,0.0,104889.65567626954,3889.65567626954,289.4515136718826,310,0.038487393048681984,0.0,21.46211397769032,31600.0,SHORT_PUT,457.176357277792,0.0,0.0,0.0,0.0,21.46211397769032,31600.0,SHORT_PUT,457.176357277792,0.0,0.0,0.0,0.0,0.0,0
2020-02-13,337.0599975585937,0.0,101000.0,101445.1300596527,445.13005965269986,101457.17635727779,0,0.004433443927780001,0.0,101445.1300596527,445.13005965269986,101457.17635727779,0,0.004433443927780001,0.0,104778.05075683593,3778.0507568359317,289.4515136718826,310,0.03738241943534759,-0.0010640221737218125,12.046297625083668,31600.0,SHORT_PUT,457.176357277792,0.0,0.0,0.0,0.0,12.046297625083668,31600.0,SHORT_PUT,457.176357277792,0.0,0.0,0.0,0.0,0.0,0
2020-02-14,337.6000061035156,0.0,101000.0,101446.0132040282,446.0132040282042,101457.17635727779,0,0.004442188159721638,0.0,101446.0132040282,446.0132040282042,101457.17635727779,0,0.004442188159721638,0.0,104945.45340576173,3945.4534057617275,289.4515136718826,310,0.03903983302252678,0.0,11.163153249584322,31600.0,SHORT_PUT,457.176357277792,0.0,0.0,0.0,0.0,11.163153249584322,31600.0,SHORT_PUT,457.176357277792,0.0,0.0,0.0,0.0,0.0,0
2020-02-18,336.7300109863281,0.0,101000.0,101451.10519677679,451.1051967767853,101457.17635727779,0,0.004492605245390413,0.0,101451.10519677679,451.1051967767853,101457.17635727779,0,0.004492605245390413,0.0,104675.7549194336,3675.7549194336025,289.4515136718826,310,0.036369612816632424,-0.0025698920493998356,6.071160500995564,31600.0,SHORT_PUT,457.176357277792,0.0,0.0,0.0,0.0,6.071160500995564,31600.0,SHORT_PUT,457.176357277792,0.0,0.0,0.0,0.0,0.0,0
2020-02-19,338.3399963378906,0.0,101000.0,101451.47917080973,451.47917080973275,101457.17635727779,0,0.004496308055230935,0.0,101451.47917080973,451.47917080973275,101457.17635727779,0,0.004496308055230935,0.0,105174.85037841798,4174.8503784179775,289.4515136718826,310,0.041311037580984866,0.0,5.69718646805477,31600.0,SHORT_PUT,457.176357277792,0.0,0.0,0.0,0.0,5.69718646805477,31600.0,SHORT_PUT,457.176357277792,0.0,0.0,0.0,0.0,0.0,0
2020-02-20,336.95001220703125,0.0,101000.0,101451.8016794176,451.8016794175928,101457.17635727779,0,0.0044995012931072775,0.0,101451.8016794176,451.8016794175928,101457.17635727779,0,0.0044995012931072775,0.0,104743.95529785157,3743.9552978515712,289.4515136718826,310,0.037044848450990875,-0.0040969402762738305,5.374677860185727,31600.0,SHORT_PUT,457.176357277792,0.0,0.0,0.0,0.0,5.374677860185727,31600.0,SHORT_PUT,457.176357277792,0.0,0.0,0.0,0.0,0.0,0
2020-02-21,333.4800109863281,0.0,101000.0,101441.4735296426,441.47352964259335,101457.17635727779,0,0.004397239715426826,-0.00010180351264366116,101441.4735296426,441.47352964259335,101457.17635727779,0,0.004397239715426826,-0.00010180351264366116,103668.2549194336,2668.2549194336025,289.4515136718826,310,0.026394596293308537,-0.014324674136104387,15.70282763519588,31600.0,SHORT_PUT,457.176357277792,0.0,0.0,0.0,0.0,15.70282763519588,31600.0,SHORT_PUT,457.176357277792,0.0,0.0,0.0,0.0,0.0,0
2020-02-24,322.4200134277344,0.0,101000.0,101313.28979609383,313.28979609382804,101457.17635727779,0,0.0031280607132588845,-0.0013652974223311576,101313.28979609383,313.28979609382804,101457.17635727779,0,0.0031280607132588845,-0.0013652974223311576,100239.65567626954,-760.34432373046,289.4515136718826,310,-0.007551144751274497,-0.046923714979309694,143.88656118395792,31600.0,SHORT_PUT,457.176357277792,0.0,0.0,0.0,0.0,143.88656118395792,31600.0,SHORT_PUT,457.176357277792,0.0,0.0,0.0,0.0,0.0,0
2020-02-25,312.6499938964844,0.0,101000.0,100725.19144841123,-274.8085515887651,101457.17635727779,0,-0.0026948471817156427,-0.007162122495393497,100725.19144841123,-274.8085515887651,101457.17635727779,0,-0.0026948471817156427,-0.007162122495393497,97210.94962158204,-3789.05037841796,289.4515136718826,310,-0.037537638984325605,-0.07572058080598065,731.9849088665488,31600.0,SHORT_PUT,457.176357277792,0.0,0.0,0.0,0.0,731.9849088665488,31600.0,SHORT_PUT,457.176357277792,0.0,0.0,0.0,0.0,0.0,0
2020-02-26,311.5,0.0,101000.0,100622.20961414349,-377.7903858565114,101457.17635727779,0,-0.003714495915910443,-0.008177203869632277,100622.20961414349,-377.7903858565114,101457.17635727779,0,-0.003714495915910443,-0.008177203869632277,96854.45151367188,-4145.548486328116,289.4515136718826,310,-0.041067241482526606,-0.07911015641866248,834.9667431342996,31600.0,SHORT_PUT,457.176357277792,0.0,0.0,0.0,0.0,834.9667431342996,31600.0,SHORT_PUT,457.176357277792,0.0,0.0,0.0,0.0,0.0,0
2020-02-27,297.510009765625,0.0,101000.0,99484.13139413077,-1515.8686058692256,101457.17635727779,0,-0.014982891208167204,-0.019395124115238027,99484.13139413077,-1515.8686058692256,101457.17635727779,0,-0.014982891208167204,-0.019395124115238027,92517.55454101563,-8482.445458984366,289.4515136718826,310,-0.08400582109761323,-0.12034527067888878,1973.0449631470126,31600.0,SHORT_PUT,457.176357277792,0.0,0.0,0.0,0.0,1973.0449631470126,31600.0,SHORT_PUT,457.176357277792,0.0,0.0,0.0,0.0,0.0,0
2020-02-28,296.260009765625,0.0,101000.0,99291.68434637379,-1708.3156536262104,101457.17635727779,0,-0.016888357255069764,-0.021292054919533676,99291.68434637379,-1708.3156536262104,101457.17635727779,0,-0.016888357255069764,-0.021292054919533676,92130.05454101563,-8869.945458984366,289.4515136718826,310,-0.08784236591427619,-0.12402961155130998,2165.4920109039917,31600.0,SHORT_PUT,457.176357277792,0.0,0.0,0.0,0.0,2165.4920109039917,31600.0,SHORT_PUT,457.176357277792,0.0,0.0,0.0,0.0,0.0,0
2020-03-02,309.0899963378906,1000.0,102000.0,101473.27936306944,-526.7206369305641,102457.17635727779,0,-0.0051890913440337805,-0.009645194073933161,101473.27936306944,-526.7206369305641,102457.17635727779,0,-0.0051890913440337805,-0.009645194073933161,97107.31037841797,-4892.689621582031,53.05152832032013,314,-0.048464507159363235,-0.08621395673371612,983.8969942083512,31600.0,SHORT_PUT,457.176357277792,0.0,0.0,0.0,0.0,983.8969942083512,31600.0,SHORT_PUT,457.176357277792,0.0,0.0,0.0,0.0,0.0,4
2020-03-03,300.239990234375,0.0,102000.0,100787.27982375964,-1212.7201762403565,102457.17635727779,0,-0.011914406908110409,-0.016340384619492387,100787.27982375964,-1212.7201762403565,102457.17635727779,0,-0.011914406908110409,-0.016340384619492387,94328.40846191406,-7671.591538085937,53.05152832032013,314,-0.07569442213046118,-0.11236360269766787,1669.8965335181458,31600.0,SHORT_PUT,457.176357277792,0.0,0.0,0.0,0.0,1669.8965335181458,31600.0,SHORT_PUT,457.176357277792,0.0,0.0,0.0,0.0,0.0,0
2020-03-04,312.8599853515625,0.0,102000.0,101910.90834705519,-89.091652944815,102457.17635727779,0,-0.0008987196329219849,-0.005374040424191429,101910.90834705519,-89.091652944815,102457.17635727779,0,-0.0008987196329219849,-0.005374040424191429,98291.08692871094,-3708.913071289062,53.05152832032013,314,-0.03686491286716509,-0.07507454317372497,546.2680102225944,31600.0,SHORT_PUT,457.176357277792,0.0,0.0,0.0,0.0,546.2680102225944,31600.0,SHORT_PUT,457.176357277792,0.0,0.0,0.0,0.0,0.0,0
2020-03-05,302.4599914550781,0.0,102000.0,101035.47546006099,-964.5245399390114,102457.17635727779,0,-0.009481177904148153,-0.013918054891274623,101035.47546006099,-964.5245399390114,102457.17635727779,0,-0.009481177904148153,-0.013918054891274623,95025.48884521484,-6974.511154785156,53.05152832032013,314,-0.0688638681434457,-0.10580403140676597,1421.7008972167969,31600.0,SHORT_PUT,457.176357277792,0.0,0.0,0.0,0.0,1421.7008972167969,31600.0,SHORT_PUT,457.176357277792,0.0,0.0,0.0,0.0,0.0,0
2020-03-06,297.4599914550781,0.0,102000.0,100603.1755027856,-1396.824497214402,70857.17635727779,100,-0.0137193055768563,-0.018137198521761544,100603.1755027856,-1396.824497214402,70857.17635727779,100,-0.0137193055768563,-0.018137198521761544,93455.48884521484,-8544.511154785156,53.05152832032013,314,-0.08424799028562191,-0.12057783249689391,0.0,0.0,STOCK,457.176357277792,0.0,-1854.0008544921875,0.0,0.0,0.0,0.0,STOCK,457.176357277792,0.0,-1854.0008544921875,0.0,0.0,0.0,0
2020-03-09,274.2300109863281,0.0,102000.0,98280.1774559106,-3719.822544089402,70857.17635727779,100,-0.036493220171153085,-0.0408091008621605,98280.1774559106,-3719.822544089402,70857.17635727779,100,-0.036493220171153085,-0.0408091008621605,86161.27497802734,-15838.725021972656,53.05152832032013,314,-0.1557225616639456,-0.18921685465146798,0.0,0.0,STOCK,457.176357277792,0.0,-4176.9989013671875,0.0,0.0,0.0,0.0,STOCK,457.176357277792,0.0,-4176.9989013671875,0.0,0.0,0.0,0
2020-03-10,288.4200134277344,0.0,102000.0,99546.32861258031,-2453.6713874196867,72291.91768825136,100,-0.024080287519635535,-0.028451770036671653,99615.69756784805,-2384.302432151948,71632.9126132079,100,-0.02340021692513461,-0.027774745713986082,90616.9357446289,-11383.064255371093,53.05152832032013,314,-0.11206241551267104,-0.14728879994391464,1587.5904184444778,0.0,COVERED_CALL,1891.917688251367,0.0,-2757.9986572265625,0.0,0.0,859.2163881332845,0.0,COVERED_CALL,1232.9126132079064,0.0,-2757.9986572265625,0.0,0.0,0.0,0
2020-03-11,274.3599853515625,0.0,102000.0,98987.89142429465,-3012.1085757053515,72291.91768825136,100,-0.02955502343230898,-0.033901982710372036,98760.15420553532,-3239.84579446468,71632.9126132079,100,-0.03178768478858729,-0.036124643202890105,86202.08692871094,-15797.913071289062,53.05152832032013,314,-0.15532265336192208,-0.18883281156771026,740.0247991129647,0.0,COVERED_CALL,1891.917688251367,0.0,-4164.00146484375,0.0,0.0,308.75694282882023,0.0,COVERED_CALL,1232.9126132079064,0.0,-4164.00146484375,0.0,0.0,0.0,0
2020-03-12,248.1100006103516,0.0,102000.0,96842.99145804846,-5157.008541951538,72291.91768825136,100,-0.05058292257768826,-0.0548356906099875,96345.9120468849,-5654.0879531151,71632.9126132079,100,-0.055456126871446076,-0.05968706613330477,77959.59171997072,-24040.40828002928,53.05152832032013,314,-0.23608924765973227,-0.26639522220481904,259.9262912380464,0.0,COVERED_CALL,1891.917688251367,0.0,-6788.99993896484,0.0,0.0,98.00062735814599,0.0,COVERED_CALL,1232.9126132079064,0.0,-6788.99993896484,0.0,0.0,0.0,0
2020-03-13,269.32000732421875,0.0,102000.0,97914.02347887895,-4085.976521121047,72291.91768825136,100,-0.040082874244473765,-0.04438267563118692,97780.66019267213,-4219.339807327866,71632.9126132079,100,-0.04139032437090606,-0.0456842692355135,84619.533828125,-17380.466171875,53.05152832032013,314,-0.17082978087523026,-0.2037247381426287,1309.8949417942815,0.0,COVERED_CALL,1891.917688251367,0.0,-4667.999267578125,0.0,0.0,784.2531529576423,0.0,COVERED_CALL,1232.9126132079064,0.0,-4667.999267578125,0.0,0.0,0.0,0
2020-03-16,239.8500061035156,0.0,102000.0,96122.77557684848,-5877.2244231515215,72291.91768825136,100,-0.057643683988990224,-0.06186482442460117,95564.94152653654,-6435.058473463461,71632.9126132079,100,-0.0631125069338414,-0.06730915061671083,75365.9534448242,-26634.046555175795,53.05152832032013,314,-0.2615038005371063,-0.29080152537472803,154.1427217544475,0.0,COVERED_CALL,1891.917688251367,0.0,-7614.999389648441,0.0,0.0,52.971697022921084,0.0,COVERED_CALL,1232.9126132079064,0.0,-7614.999389648441,0.0,0.0,0.0,0
2020-03-17,252.8000030517578,0.0,102000.0,96781.52805935907,-5218.471940640928,72291.91768825136,100,-0.05118548967597347,-0.055435558601469315,96468.037607204,-5531.962392796006,71632.9126132079,100,-0.054258847741474825,-0.0584951500313754,79432.25248657227,-22567.747513427734,53.05152832032013,314,-0.22165893357859268,-0.252537389568509,790.389934068072,0.0,COVERED_CALL,1891.917688251367,0.0,-6319.999694824219,0.0,0.0,444.8753111796759,0.0,COVERED_CALL,1232.9126132079064,0.0,-6319.999694824219,0.0,0.0,0.0,0
2020-03-18,240.0,0.0,102000.0,95938.30975042889,-6061.690249571111,72291.91768825136,100,-0.059452126739124034,-0.06366516653308973,95465.41002919398,-6534.589970806017,71632.9126132079,100,-0.06408828124539168,-0.06828055409704525,75413.05152832031,-26586.948471679687,53.05152832032013,314,-0.26104229565228676,-0.2903583293764491,353.6079378224726,0.0,COVERED_CALL,1891.917688251367,0.0,-7600.0,0.0,0.0,167.50258401391636,0.0,COVERED_CALL,1232.9126132079064,0.0,-7600.0,0.0,0.0,0.0,0
2020-03-19,240.50999450683597,0.0,102000.0,95999.29142397353,-6000.7085760264745,72291.91768825136,100,-0.058854282316916695,-0.06307000006318342,95523.64831443386,-6476.351685566144,71632.9126132079,100,-0.06351733210664601,-0.06771216243730749,75573.18980346681,-26426.810196533188,53.05152832032013,314,-0.2594731320952861,-0.2888514178962387,343.6257149614243,0.0,COVERED_CALL,1891.917688251367,0.0,-7549.000549316403,0.0,0.0,160.26374945763143,0.0,COVERED_CALL,1232.9126132079064,0.0,-7549.000549316403,0.0,0.0,0.0,0
2020-03-20,228.8000030517578,0.0,102000.0,95179.51901960855,-6820.480980391454,72432.51768825136,100,-0.06689106338476314,-0.07107078160414049,94602.7385497965,-7397.261450203499,71773.5126132079,100,-0.0725456308420317,-0.07670002029464185,72337.73648657228,-29662.263513427723,494.5355283203201,314,-0.2911767047146585,-0.3192972419345792,132.9989738185988,0.0,COVERED_CALL,1891.917688251367,0.0,-8719.999694824219,140.6,0.0,50.77436858718399,0.0,COVERED_CALL,1232.9126132079064,0.0,-8719.999694824219,140.6,0.0,441.484,0
2020-03-23,222.9499969482422,0.0,102000.0,94691.6974619111,-7308.302538088901,72432.51768825136,100,-0.07167350670502481,-0.07583180270380763,94058.58468320969,-7941.415316790313,71773.5126132079,100,-0.07788033773103464,-0.08201083118318442,70500.83457006837,-31499.16542993163,494.5355283203201,314,-0.30917614640045066,-0.336582607244454,35.81992116447509,0.0,COVERED_CALL,1891.917688251367,0.0,-9305.000305175781,140.6,0.0,9.92762482243703,0.0,COVERED_CALL,1232.9126132079064,0.0,-9305.000305175781,140.6,0.0,441.484,0
2020-03-24,243.1499938964844,0.0,102000.0,96640.95842014032,-5359.0415798596805,72432.51768825136,100,-0.052563588535085914,-0.05680748447832484,96059.27373662363,-5940.726263376375,71773.5126132079,100,-0.0582662353027148,-0.062484587115297474,76843.63361181643,-25156.366388183567,494.5355283203201,314,-0.24702430233578154,-0.2768964598575495,106.55865775948183,0.0,COVERED_CALL,1891.917688251367,0.0,-7285.000610351559,140.6,0.0,29.238266232709137,0.0,COVERED_CALL,1232.9126132079064,0.0,-7285.000610351559,140.6,0.0,441.484,0
2020-03-25,246.7899932861328,0.0,102000.0,96989.006617813,-5010.993382187007,72432.51768825136,100,-0.04915143761263496,-0.053410617762056245,96419.35440403646,-5580.645595963535,71773.5126132079,100,-0.054736121974488294,-0.058970286387739046,77986.59342016603,-24013.406579833973,494.5355283203201,314,-0.23582466329422191,-0.26614113446737897,122.51039905165703,0.0,COVERED_CALL,1891.917688251367,0.0,-6921.000671386719,140.6,0.0,33.157537784711195,0.0,COVERED_CALL,1232.9126132079064,0.0,-6921.000671386719,140.6,0.0,441.484,0
2020-03-26,261.20001220703125,0.0,102000.0,98231.09578080232,-3768.904219197677,72432.51768825136,100,-0.03697440089300719,-0.04128812620884781,97787.67706816318,-4212.322931836825,71773.5126132079,100,-0.04132153321399279,-0.04561578621802598,82511.33936132814,-19488.660638671863,494.5355283203201,314,-0.19148756506418751,-0.22356298381891215,321.423128152166,0.0,COVERED_CALL,1891.917688251367,0.0,-5479.998779296875,140.6,0.0,105.8367657478528,0.0,COVERED_CALL,1232.9126132079064,0.0,-5479.998779296875,140.6,0.0,441.484,0
2020-03-27,253.4199981689453,0.0,102000.0,97629.79627725581,-4370.203722744191,72432.51768825136,100,-0.042869344953671895,-0.04715666477265601,97079.19402534128,-4920.805974658724,71773.5126132079,100,-0.04826726970758943,-0.052530410351393164,80068.41495336915,-21931.585046630848,494.5355283203201,314,-0.21542530231013945,-0.24655105979432912,144.72122789008196,0.0,COVERED_CALL,1891.917688251367,0.0,-6258.000183105469,140.6,0.0,36.31840476115937,0.0,COVERED_CALL,1232.9126132079064,0.0,-6258.000183105469,140.6,0.0,441.484,0
2020-03-30,261.6499938964844,0.0,102000.0,98382.46615967227,-3617.5338403277274,72432.51768825136,100,-0.03549041510785855,-0.0398107877101842,97884.03792551067,-4115.962074489333,71773.5126132079,100,-0.04037684282201537,-0.04467532742161906,82652.63361181642,-19347.366388183582,494.5355283203201,314,-0.19010305040972952,-0.22223339582407609,215.050918227521,0.0,COVERED_CALL,1891.917688251367,0.0,-5435.0006103515625,140.6,0.0,54.47407734566602,0.0,COVERED_CALL,1232.9126132079064,0.0,-5435.0006103515625,140.6,0.0,441.484,0
2020-03-31,257.75,0.0,102000.0,98132.23025713643,-3867.769742863573,72432.51768825136,100,-0.03794364621601398,-0.04225302994624047,97537.33638054824,-4462.663619451763,71773.5126132079,100,-0.043775791600860425,-0.04805905113125708,81428.03552832032,-20571.964471679676,494.5355283203201,314,-0.20210264690118107,-0.23375694263995084,75.28743111493851,0.0,COVERED_CALL,1891.917688251367,0.0,-5825.0,140.6,0.0,11.1762326596607,0.0,COVERED_CALL,1232.9126132079064,0.0,-5825.0,140.6,0.0,441.484,0
2020-04-01,246.1499938964844,1000.0,103000.0,98038.28042637426,-4961.719573625742,73432.51768825136,100,-0.0486683732771227,-0.05292971723906903,97387.01915637749,-5612.980843622514,72773.5126132079,100,-0.055053126187884716,-0.059285870629431914,78785.59361181642,-24214.406388183575,509.8955527343825,318,-0.23779422100263237,-0.26803255560604833,9.236651525538896,0.0,COVERED_CALL,1891.917688251367,0.0,-6985.000610351559,140.6,0.0,1.4928464788589244,0.0,COVERED_CALL,1232.9126132079064,0.0,-6985.000610351559,140.6,0.0,441.484,4
2020-04-02,251.8300018310547,0.0,103000.0,98596.28734528487,-4403.712654715127,73432.51768825136,100,-0.04325365539772741,-0.047539253757081346,97954.18050294885,-5045.819497051154,72773.5126132079,100,-0.049549955990950245,-0.05380735103848122,80591.83613500977,-22408.16386499023,509.8955527343825,318,-0.22031985257644504,-0.25125143277575446,19.230526071951658,0.0,COVERED_CALL,1891.917688251367,0.0,-6416.999816894531,140.6,0.0,2.3322933645195545,0.0,COVERED_CALL,1232.9126132079064,0.0,-6416.999816894531,140.6,0.0,441.484,0
2020-04-03,248.19000244140625,0.0,103000.0,98248.28363912644,-4751.716360873557,73432.51768825136,100,-0.04663057031754714,-0.0509010423049826,97591.46528519959,-5408.5347148004075,72773.5126132079,100,-0.05306938408378348,-0.05731101439351782,79434.31632910157,-23565.683670898434,509.8955527343825,318,-0.231518197920064,-0.2620055157917506,3.2342932655419423,0.0,COVERED_CALL,1891.917688251367,0.0,-6780.999755859375,140.6,0.0,1.0475721489355816,0.0,COVERED_CALL,1232.9126132079064,0.0,-6780.999755859375,140.6,0.0,441.484,0
2020-04-06,264.8599853515625,0.0,103000.0,99915.41098346532,-3084.589016534679,73432.51768825136,100,-0.03045330811398206,-0.03479624366372913,99258.50687711834,-3741.4931228816567,72773.5126132079,100,-0.03689406878566415,-0.04120815393684607,84735.37089453125,-18264.629105468746,509.8955527343825,318,-0.1802335119854912,-0.21275540311292063,3.1052399422909263,0.0,COVERED_CALL,1891.917688251367,0.0,-5114.00146484375,140.6,0.0,1.0042712458159773,0.0,COVERED_CALL,1232.9126132079064,0.0,-5114.00146484375,140.6,0.0,441.484,0
2020-04-07,265.1300048828125,0.0,103000.0,99944.33584788129,-3055.664152118712,73432.51768825136,100,-0.030172630625577512,-0.03451682342704088,99285.51308756444,-3714.486912435561,72773.5126132079,100,-0.03663202735185067,-0.040947286277403516,84821.23710546875,-18178.762894531246,509.8955527343825,318,-0.17940280526365526,-0.2119576523047032,1.1823286513271682,0.0,COVERED_CALL,1891.917688251367,0.0,-5086.99951171875,140.6,0.0,1.0000139247086015,0.0,COVERED_CALL,1232.9126132079064,0.0,-5086.99951171875,140.6,0.0,441.484,0
2020-04-08,274.0299987792969,0.0,103000.0,100834.26636014337,-2165.733639856626,73432.51768825136,100,-0.021537034017613643,-0.025919908648240897,100175.51249081128,-2824.4875091887225,72773.5126132079,100,-0.027996357412694572,-0.03235029849588722,87651.43516455078,-15348.564835449215,509.8955527343825,318,-0.15202224979093604,-0.1856633420702457,1.2512060376818892,0.0,COVERED_CALL,1891.917688251367,0.0,-4197.0001220703125,140.6,0.0,1.0000003263134711,0.0,COVERED_CALL,1232.9126132079064,0.0,-4197.0001220703125,140.6,0.0,441.484,0
2020-04-09,278.20001220703125,0.0,103000.0,101252.51890895449,-1747.4810910455126,73432.51768825136,100,-0.017478447148168486,-0.021879501595554074,100593.51383391103,-2406.486166088973,72773.5126132079,100,-0.02394048768967605,-0.028312596418586633,88977.49943457032,-14022.500565429684,509.8955527343825,318,-0.13919333268064826,-0.17334337555948065,0.0,0.0,STOCK,1891.917688251367,0.0,-3779.998779296875,140.6,0.0,0.0,0.0,STOCK,1232.9126132079064,0.0,-3779.998779296875,140.6,0.0,441.484,0
2020-04-13,275.6600036621094,0.0,103000.0,100998.5180544623,-2001.4819455377,73432.51768825136,100,-0.019943188931094036,-0.02433320294607999,100339.51297941884,-2660.4870205811603,72773.5126132079,100,-0.026405059615967286,-0.030766128673325066,88169.77671728516,-14830.22328271484,509.8955527343825,318,-0.14700759027164345,-0.18084762482696948,0.0,0.0,STOCK,1891.917688251367,0.0,-4033.9996337890625,140.6,0.0,0.0,0.0,STOCK,1232.9126132079064,0.0,-4033.9996337890625,140.6,0.0,441.484,0
2020-04-14,283.7900085449219,0.0,103000.0,101726.54375044719,-1273.456249552808,74222.45321506671,100,-0.012878664067487389,-0.01730032253696845,101114.21018789217,-1885.7898121078324,73120.0687713832,100,-0.01888816761496681,-0.023282907435958733,90755.11827001953,-12244.881729980465,509.8955527343825,318,-0.12199588214280321,-0.1568281846922105,874.9103191116973,0.0,COVERED_CALL,2681.8532150667124,0.0,-3220.9991455078125,140.6,0.0,384.8594379832249,0.0,COVERED_CALL,1579.4687713832052,0.0,-3220.9991455078125,140.6,0.0,441.484,0
2020-04-15,277.760009765625,0.0,103000.0,101459.46120482008,-1540.5387951799203,74222.45321506671,100,-0.015470346331759144,-0.019880395758443803,100701.53769143068,-2298.4623085693165,73120.0687713832,100,-0.02289233150474923,-0.02726913528836461,88837.57865820313,-14162.421341796871,509.8955527343825,318,-0.14054698655897435,-0.17464332709122532,538.9929868091284,0.0,COVERED_CALL,2681.8532150667124,0.0,-3823.9990234375,140.6,0.0,194.53205651501722,0.0,COVERED_CALL,1579.4687713832052,0.0,-3823.9990234375,140.6,0.0,441.484,0
2020-04-16,279.1000061035156,0.0,103000.0,101481.45941813337,-1518.5405818666331,74222.45321506671,100,-0.015256882815617101,-0.019667888419348856,100770.78609355827,-2229.213906441728,73120.0687713832,100,-0.02222041381311235,-0.026600227348866468,89263.69749365235,-13736.302506347653,509.8955527343825,318,-0.13642452934275673,-0.1706844165760787,650.9944072849032,0.0,COVERED_CALL,2681.8532150667124,0.0,-3689.9993896484375,140.6,0.0,259.2832881764878,0.0,COVERED_CALL,1579.4687713832052,0.0,-3689.9993896484375,140.6,0.0,441.484,0
2020-04-17,286.6400146484375,0.0,103000.0,101997.9620435097,-1002.0379564902978,74222.45321506671,100,-0.010244909118516943,-0.014678365088925949,101413.69330653232,-1586.3066934676754,73120.0687713832,100,-0.015982280986851616,-0.020390037280847206,91661.4202109375,-11338.579789062496,509.8955527343825,318,-0.11322792666749404,-0.1484080727766799,888.4926364007508,0.0,COVERED_CALL,2681.8532150667124,0.0,-2935.99853515625,140.6,0.0,370.3769296946233,0.0,COVERED_CALL,1579.4687713832052,0.0,-2935.99853515625,140.6,0.0,441.484,0
2020-04-20,281.5899963378906,0.0,103000.0,101807.93524050288,-1192.0647594971233,74222.45321506671,100,-0.012088867487015542,-0.016514063729019646,101084.56670272036,-1915.43329727964,73120.0687713832,100,-0.019175798542421463,-0.02356924996483445,90055.5143881836,-12944.485611816403,509.8955527343825,318,-0.12876415153443432,-0.16332794235093484,573.517608352889,0.0,COVERED_CALL,2681.8532150667124,0.0,-3441.0003662109375,140.6,0.0,194.5017024519064,0.0,COVERED_CALL,1579.4687713832052,0.0,-3441.0003662109375,140.6,0.0,441.484,0
2020-04-21,273.0400085449219,0.0,103000.0,101081.36368457226,-1918.636315427735,74222.45321506671,100,-0.01913928184789504,-0.023532896841234607,100264.87840533101,-2735.1215946689917,73120.0687713832,100,-0.02712923936880829,-0.03148706457414807,87336.61827001953,-15663.381729980465,509.8955527343825,318,-0.15506792407397818,-0.18858818793581666,445.090384986635,0.0,COVERED_CALL,2681.8532150667124,0.0,-4295.9991455078125,140.6,0.0,159.19122054438682,0.0,COVERED_CALL,1579.4687713832052,0.0,-4295.9991455078125,140.6,0.0,441.484,0
2020-04-22,279.1000061035156,0.0,103000.0,101494.45707193059,-1505.542928069408,74222.45321506671,100,-0.015130757805297157,-0.019542328366648376,100779.24334870753,-2220.7566512924677,73120.0687713832,100,-0.02213835301195477,-0.02651853412646865,89263.69749365235,-13736.302506347653,509.8955527343825,318,-0.13642452934275684,-0.1706844165760788,637.9967534876706,0.0,COVERED_CALL,2681.8532150667124,0.0,-3689.9993896484375,140.6,0.0,250.8260330272297,0.0,COVERED_CALL,1579.4687713832052,0.0,-3689.9993896484375,140.6,0.0,441.484,0
2020-04-23,279.0799865722656,0.0,103000.0,101604.77358548554,-1395.2264145144582,74222.45321506671,100,-0.014060282192728146,-0.018476647785233502,100848.24182703785,-2151.758172962145,73120.0687713832,100,-0.021468860332531592,-0.0258520403367144,89257.33128271485,-13742.668717285153,509.8955527343825,318,-0.13648611881037942,-0.17074356265770074,525.6782868077333,0.0,COVERED_CALL,2681.8532150667124,0.0,-3692.0013427734375,140.6,0.0,179.8256015719149,0.0,COVERED_CALL,1579.4687713832052,0.0,-3692.0013427734375,140.6,0.0,441.484,0
2020-04-24,282.9700012207031,0.0,103000.0,101906.35407438796,-1093.6459256120434,74222.45321506671,100,-0.011133843093147355,-0.015563317220296913,101206.61579386608,-1793.3842061339237,73120.0687713832,100,-0.017991555425332262,-0.022390311482968883,90494.35594091797,-12505.644059082028,509.8955527343825,318,-0.12451860926935532,-0.15925082983425431,613.0992627490673,0.0,COVERED_CALL,2681.8532150667124,0.0,-3302.9998779296875,140.6,0.0,210.45309958743675,0.0,COVERED_CALL,1579.4687713832052,0.0,-3302.9998779296875,140.6,0.0,441.484,0
2020-04-27,287.04998779296875,0.0,103000.0,102382.29085345236,-617.7091465476406,74222.45321506671,100,-0.006515507191339975,-0.01096566844509872,101683.27963600485,-1316.7203639951476,73120.0687713832,100,-0.01336648309649291,-0.017785956455529384,91791.79167089844,-11208.208329101559,509.8955527343825,318,-0.11196665699060182,-0.14719684036736813,545.1611409112159,0.0,COVERED_CALL,2681.8532150667124,0.0,-2895.001220703125,140.6,0.0,141.78791467522132,0.0,COVERED_CALL,1579.4687713832052,0.0,-2895.001220703125,140.6,0.0,441.484,0
2020-04-28,285.7300109863281,0.0,103000.0,102382.76804082238,-617.2319591776177,74222.45321506671,100,-0.006510876720109859,-0.010961058715353578,101609.20719372894,-1390.7928062710562,73120.0687713832,100,-0.014085208480744127,-0.018501462419769243,91372.03904638672,-11627.960953613278,509.8955527343825,318,-0.11602752473919686,-0.15109660480089282,412.6862728771319,0.0,COVERED_CALL,2681.8532150667124,0.0,-3026.9989013671875,140.6,0.0,83.86267628706446,0.0,COVERED_CALL,1579.4687713832052,0.0,-3026.9989013671875,140.6,0.0,441.484,0
2020-04-29,293.2099914550781,0.0,103000.0,102854.40388956705,-145.59611043294717,74222.45321506671,100,-0.0019342756490206003,-0.0064049578261070605,102274.23346207546,-725.7665379245445,73120.0687713832,100,-0.0076324543178110105,-0.01207761237840399,93750.67283544922,-9249.327164550778,509.8955527343825,318,-0.09301559658041836,-0.12899760908465008,689.0484710074631,0.0,COVERED_CALL,2681.8532150667124,0.0,-2279.0008544921875,140.6,0.0,166.8344548155527,0.0,COVERED_CALL,1579.4687713832052,0.0,-2279.0008544921875,140.6,0.0,441.484,0
2020-04-30,290.4800109863281,0.0,103000.0,102782.29063082782,-217.70936917218205,74222.45321506671,100,-0.002634039286717238,-0.007101586980024832,102080.97022739587,-919.0297726041317,73120.0687713832,100,-0.00950768872805674,-0.013944446964017754,92882.53904638672,-10117.460953613278,509.8955527343825,318,-0.10141429690914283,-0.13706311499557855,488.16368287169547,0.0,COVERED_CALL,2681.8532150667124,0.0,-2551.9989013671875,140.6,0.0,87.09964262014184,0.0,COVERED_CALL,1579.4687713832052,0.0,-2551.9989013671875,140.6,0.0,441.484,0
2020-05-01,282.7900085449219,1000.0,104000.0,103224.21753231836,-775.7824676816381,75222.45321506671,100,-0.008049399351442,-0.012492689770771337,102356.26393096475,-1643.7360690352507,74120.0687713832,100,-0.016539518587690538,-0.020944778821406995,91437.08827001954,-12562.911729980464,661.4955270996168,321,-0.1250726413925829,-0.15978288231735738,277.236537240537,0.0,COVERED_CALL,2681.8532150667124,0.0,-3320.9991455078125,140.6,0.0,42.80569491064464,0.0,COVERED_CALL,1579.4687713832052,0.0,-3320.9991455078125,140.6,0.0,441.484,3
2020-05-04,283.57000732421875,0.0,104000.0,103304.45628652239,-695.5437134776148,75222.45321506671,100,-0.007278331453513309,-0.011725075753107661,102437.46863687324,-1562.5313631267636,74120.0687713832,100,-0.015759286718153298,-0.02016804188073873,91687.46787817383,-12312.532121826167,661.4955270996168,321,-0.12267685240415083,-0.15748213940580846,274.997660966203,0.0,COVERED_CALL,2681.8532150667124,0.0,-3242.999267578125,140.6,0.0,39.60086693183313,0.0,COVERED_CALL,1579.4687713832052,0.0,-3242.999267578125,140.6,0.0,441.484,0
2020-05-05,286.19000244140625,0.0,104000.0,103543.36894582915,-456.6310541708517,75222.45321506671,100,-0.00498245979115175,-0.009439488095367654,102701.21707857923,-1298.782921420774,74120.0687713832,100,-0.013225136295988094,-0.017645242796316185,92528.48631079102,-11471.51368920898,661.4955270996168,321,-0.11462946102597216,-0.14975400526745042,298.0845133781783,0.0,COVERED_CALL,2681.8532150667124,0.0,-2980.999755859375,140.6,0.0,37.851936944602635,0.0,COVERED_CALL,1579.4687713832052,0.0,-2980.999755859375,140.6,0.0,441.484,0
2020-05-06,284.25,0.0,104000.0,103463.04086411913,-536.9591358808684,75222.45321506671,100,-0.00575438609687795,-0.010207956675722829,102530.71432099344,-1469.2856790065562,74120.0687713832,100,-0.014863362601029273,-0.019276130918144285,91905.74552709961,-12094.254472900386,661.4955270996168,321,-0.1205882350779548,-0.15547638199921454,184.41235094757906,0.0,COVERED_CALL,2681.8532150667124,0.0,-3175.0,140.6,0.0,14.354450389753847,0.0,COVERED_CALL,1579.4687713832052,0.0,-3175.0,140.6,0.0,441.484,0
2020-05-07,287.67999267578125,0.0,104000.0,103740.42920667847,-259.5707933215308,75222.45321506671,100,-0.0030887758399776866,-0.007554286610711558,102868.15569882312,-1131.8443011768832,74120.0687713832,100,-0.011621154971092396,-0.016048446259502636,93006.7731760254,-10993.226823974604,661.4955270996168,321,-0.1100529125862364,-0.14535901829951492,250.02327596635672,0.0,COVERED_CALL,2681.8532150667124,0.0,-2832.000732421875,140.6,0.0,19.912340138202133,0.0,COVERED_CALL,1579.4687713832052,0.0,-2832.000732421875,140.6,0.0,441.484,0
2020-05-08,292.44000244140625,0.0,104000.0,104132.8382913399,132.8382913398964,75222.45321506671,100,0.0006821457183086022,-0.003800256316588091,103342.97310683945,-657.0268931605533,74120.0687713832,100,-0.007059009590467458,-0.011506736308674381,94534.73631079102,-9465.26368920898,661.4955270996168,321,-0.09543240383160312,-0.13131853641948277,333.615167867433,0.0,COVERED_CALL,2681.8532150667124,0.0,-2355.999755859375,140.6,0.0,21.095908684373335,0.0,COVERED_CALL,1579.4687713832052,0.0,-2355.999755859375,140.6,0.0,441.484,0
2020-05-11,292.5,0.0,104000.0,104298.03523179967,298.03523179967306,75222.45321506671,100,0.0022696336957599428,-0.002219879247801315,103367.90171329377,-632.0982867062266,74120.0687713832,100,-0.00681949030397766,-0.01126828991205453,94553.99552709961,-9446.004472900386,661.4955270996168,321,-0.09524811958138757,-0.13114156311989722,174.4179832670291,0.0,COVERED_CALL,2681.8532150667124,0.0,-2350.0,140.6,0.0,2.1670580894270977,0.0,COVERED_CALL,1579.4687713832052,0.0,-2350.0,140.6,0.0,441.484,0
2020-05-12,286.6700134277344,0.0,104000.0,103862.17295007886,-137.82704992113577,75222.45321506671,100,-0.0019188587189937767,-0.006389609953851294,102786.06155644855,-1213.9384435514512,74120.0687713832,100,-0.012409932733001394,-0.016833690812529944,92682.56983740235,-11317.430162597651,661.4955270996168,321,-0.11315509328861739,-0.1483381288538288,27.281607761285574,0.0,COVERED_CALL,2681.8532150667124,0.0,-2932.9986572265625,140.6,0.0,1.008557708090348,0.0,COVERED_CALL,1579.4687713832052,0.0,-2932.9986572265625,140.6,0.0,441.484,0
2020-05-13,281.6000061035156,0.0,104000.0,103377.7425110804,-622.2574889195967,75222.45321506671,100,-0.0065740750667129255,-0.011023973974666035,102279.06920449839,-1720.930795501612,74120.0687713832,100,-0.01728122173254476,-0.021683159620899173,91055.09748632813,-12944.90251367187,661.4955270996168,321,-0.1287277685812409,-0.16329300278736503,4.711314337866423,0.0,COVERED_CALL,2681.8532150667124,0.0,-3439.9993896484375,140.6,0.0,1.0001772363723058,0.0,COVERED_CALL,1579.4687713832052,0.0,-3439.9993896484375,140.6,0.0,441.484,0
2020-05-14,284.9700012207031,0.0,104000.0,103716.09660230324,-283.9033976967621,75222.45321506671,100,-0.003322604122742767,-0.00778706749558411,102616.06889242605,-1383.9311075739533,74120.0687713832,100,-0.01404325795195327,-0.018459699801931406,92136.86591894532,-11863.134081054683,661.4955270996168,321,-0.11837673033973817,-0.15335261238725106,3.3567348337797167,0.0,COVERED_CALL,2681.8532150667124,0.0,-3102.9998779296875,140.6,0.0,1.0000010274619142,0.0,COVERED_CALL,1579.4687713832052,0.0,-3102.9998779296875,140.6,0.0,441.484,0
2020-05-15,286.2799987792969,0.0,104000.0,103850.4530929964,-149.54690700360516,75222.45321506671,100,-0.0020314826705275513,-0.006501729423685543,102748.06864931289,-1251.9313506871113,74120.0687713832,100,-0.012774976564291385,-0.01719709948602366,92557.37513525391,-11442.624864746089,661.4955270996168,321,-0.11435303465064894,-0.1494885453180722,0.0,0.0,STOCK,2681.8532150667124,0.0,-2972.0001220703125,140.6,0.0,0.0,0.0,STOCK,1579.4687713832052,0.0,-2972.0001220703125,140.6,0.0,441.484,0
2020-05-18,295.0,0.0,104000.0,104722.45321506671,722.4532150667073,75222.45321506671,100,0.006348150186291646,0.0,103620.0687713832,-379.93122861679876,74120.0687713832,100,-0.004396616248001695,-0.00885626874842338,95356.49552709961,-8643.504472900386,661.4955270996168,321,-0.08756929670364011,-0.12376737558071038,0.0,0.0,STOCK,2681.8532150667124,0.0,-2100.0,140.6,0.0,0.0,0.0,STOCK,1579.4687713832052,0.0,-2100.0,140.6,0.0,441.484,0
2020-05-19,291.9700012207031,0.0,104000.0,104385.05274273538,385.0527427353809,75531.93386188231,100,0.0031058432045663054,-0.0032218541675911316,103290.18979389992,-709.8102061000827,74358.09521714236,100,-0.007566162747103311,-0.012011617750609438,94383.86591894532,-9616.134081054683,661.4955270996168,321,-0.09687602628204495,-0.1327048872775275,343.88124121724235,0.0,COVERED_CALL,2991.3338618823127,0.0,-2402.9998779296875,140.6,0.0,264.9055453127544,0.0,COVERED_CALL,1817.495217142364,0.0,-2402.9998779296875,140.6,0.0,441.484,0
2020-05-20,296.92999267578125,0.0,104000.0,104719.79656586556,719.7965658655594,75531.93386188231,100,0.006322620665857315,-2.536847752898641e-05,103651.00807457394,-348.99192542606033,74358.09521714236,100,-0.004099344924860748,-0.008560329006533696,95976.0231760254,-8023.9768239746045,661.4955270996168,321,-0.0816412679385703,-0.11807452440452304,505.1365635948752,0.0,COVERED_CALL,2991.3338618823127,0.0,-1907.000732421875,140.6,0.0,400.08641014654813,0.0,COVERED_CALL,1817.495217142364,0.0,-1907.000732421875,140.6,0.0,441.484,0
2020-05-21,294.8800048828125,0.0,104000.0,104664.64506661387,664.6450666138699,75531.93386188231,100,0.005792632993223634,-0.0005520129320704115,103576.66576490561,-423.3342350943858,74358.09521714236,100,-0.004813641450035155,-0.009271425950091006,95317.97709448243,-8682.022905517573,661.4955270996168,321,-0.08793786520407099,-0.12412132217988125,355.2892835496883,0.0,COVERED_CALL,2991.3338618823127,0.0,-2111.99951171875,140.6,0.0,269.42994051799803,0.0,COVERED_CALL,1817.495217142364,0.0,-2111.99951171875,140.6,0.0,441.484,0
2020-05-22,295.44000244140625,0.0,104000.0,104676.5173984516,676.5173984516005,75531.93386188231,100,0.005906722176741486,-0.00043864343514565807,103594.48842219458,-405.5115778054169,74358.09521714236,100,-0.004642397615566174,-0.00910094917608717,95497.73631079102,-8502.26368920898,661.4955270996168,321,-0.08621781637830594,-0.12246951137245832,399.4167075713347,0.0,COVERED_CALL,2991.3338618823127,0.0,-2055.999755859375,140.6,0.0,307.6070390883972,0.0,COVERED_CALL,1817.495217142364,0.0,-2055.999755859375,140.6,0.0,441.484,0
2020-05-26,299.0799865722656,0.0,104000.0,105034.75485966171,1034.7548596617125,75531.93386188231,100,0.009349265732093937,0.0,103962.3645510531,-37.63544894689403,74358.09521714236,100,-0.0011077665056293817,-0.005582150903527872,96666.17121679688,-7333.82878320312,661.4955270996168,321,-0.07503749901083345,-0.11173274112420961,405.1776594471603,0.0,COVERED_CALL,2991.3338618823127,0.0,-1692.0013427734375,140.6,0.0,303.72932331581075,0.0,COVERED_CALL,1817.495217142364,0.0,-1692.0013427734375,140.6,0.0,441.484,0
2020-05-27,303.5299987792969,0.0,104000.0,105348.07988740111,1348.0798874011089,75531.93386188231,100,0.012360215651544992,0.0,104302.52890787841,302.5289078784117,74358.09521714236,100,0.0021606040783961333,-0.0023284204837337175,98094.62513525391,-5905.374864746089,661.4955270996168,321,-0.061369156794190416,-0.09860665129768165,536.8538524108936,0.0,COVERED_CALL,2991.3338618823127,0.0,-1247.0001220703125,140.6,0.0,408.56618719363667,0.0,COVERED_CALL,1817.495217142364,0.0,-1247.0001220703125,140.6,0.0,441.484,0
2020-05-28,302.9700012207031,0.0,104000.0,105342.78899938053,1342.7889993805293,75531.93386188231,100,0.012309371967035299,-5.022291840750537e-05,104290.92439607163,290.9243960716267,74358.09521714236,100,0.002049105491697567,-0.0024394196296317894,97914.86591894532,-6085.134081054683,661.4955270996168,321,-0.06308920561995535,-0.10025846210510447,486.14498457209214,0.0,COVERED_CALL,2991.3338618823127,0.0,-1302.9998779296875,140.6,0.0,364.17094314103457,0.0,COVERED_CALL,1817.495217142364,0.0,-1302.9998779296875,140.6,0.0,441.484,0
2020-05-29,304.32000732421875,0.0,104000.0,105417.7773012822,1417.7773012822,75531.93386188231,100,0.013029984754336699,0.0,104376.12135499911,376.121354999108,74358.09521714236,100,0.002867695766721523,-0.0016244961040648986,98348.21787817383,-5651.782121826167,661.4955270996168,321,-0.05894262251884541,-0.09627638283055595,546.1572930219785,0.0,COVERED_CALL,2991.3338618823127,0.0,-1167.999267578125,140.6,0.0,413.97459456512325,0.0,COVERED_CALL,1817.495217142364,0.0,-1167.999267578125,140.6,0.0,441.484,0
2020-06-01,305.54998779296875,1000.0,105000.0,106583.94042132745,1583.9404213274538,76531.93386188231,100,0.014626757398149115,0.0,105544.36705587512,544.3670558751182,75358.09521714236,100,0.0044842357968526425,-1.5197116807863509e-05,99743.01160864258,-5256.988391357416,744.8155637207105,324,-0.05516498871259645,-0.09264861584267825,502.9922198517274,0.0,COVERED_CALL,2991.3338618823127,0.0,-1045.001220703125,140.6,0.0,368.72694056411876,0.0,COVERED_CALL,1817.495217142364,0.0,-1045.001220703125,140.6,0.0,441.484,3
2020-06-02,308.0799865722656,0.0,105000.0,106731.32068064158,1731.3206806415837,76531.93386188231,100,0.016029745071726165,0.0,105712.37044033359,712.3704403335869,75358.09521714236,100,0.00608315344595578,0.0,100562.73121313477,-4437.268786865228,744.8155637207105,324,-0.047400035867561585,-0.08519171529635039,608.6118384672885,0.0,COVERED_CALL,2991.3338618823127,0.0,-792.0013427734375,140.6,0.0,453.7234340353388,0.0,COVERED_CALL,1817.495217142364,0.0,-792.0013427734375,140.6,0.0,441.484,0
2020-06-03,312.17999267578125,0.0,105000.0,106998.56643097689,1998.5664309768908,76531.93386188231,100,0.018573793340342037,0.0,106014.01705698161,1014.017056981611,75358.09521714236,100,0.008953977154093629,0.0,101891.13319067383,-3108.866809326166,744.8155637207105,324,-0.03481649064268921,-0.07310738624313629,751.3666984835487,0.0,COVERED_CALL,2991.3338618823127,0.0,-382.000732421875,140.6,0.0,562.0774277388666,0.0,COVERED_CALL,1817.495217142364,0.0,-382.000732421875,140.6,0.0,441.484,0
2020-06-04,311.3599853515625,0.0,105000.0,107015.10222175112,2015.10222175112,76531.93386188231,100,0.018731205945917928,0.0,106021.25750812158,1021.2575081215764,75358.09521714236,100,0.009022885796336144,0.0,101625.45081762696,-3374.549182373041,744.8155637207105,324,-0.03733321842028581,-0.07552427004323803,652.8301752874363,0.0,COVERED_CALL,2991.3338618823127,0.0,-464.00146484375,140.6,0.0,472.83624417703135,0.0,COVERED_CALL,1817.495217142364,0.0,-464.00146484375,140.6,0.0,441.484,0
2020-06-05,319.3399963378906,0.0,105000.0,107333.99513479238,2333.995134792378,76531.93386188231,100,0.021766909833738746,0.0,106421.97924809552,1421.979248095522,75358.09521714236,100,0.012836624814088093,0.0,104210.97437719727,-789.0256228027283,744.8155637207105,324,-0.012841345333722609,-0.05200404198202491,1131.9383608789944,0.0,COVERED_CALL,2991.3338618823127,0.0,333.9996337890625,140.6,0.0,870.1156028358987,0.0,COVERED_CALL,1817.495217142364,0.0,333.9996337890625,140.6,0.0,441.484,0
2020-06-08,323.20001220703125,0.0,105000.0,107505.22983630073,2505.2298363007285,76531.93386188231,100,0.023396980079393614,0.0,106644.59868583865,1644.598685838646,75358.09521714236,100,0.014955333012665273,0.0,105461.61951879883,461.6195187988342,744.8155637207105,324,-0.0009943668093719271,-0.040627058451847664,1346.7052462847123,0.0,COVERED_CALL,2991.3338618823127,0.0,720.001220703125,140.6,0.0,1033.4977520068353,0.0,COVERED_CALL,1817.495217142364,0.0,720.001220703125,140.6,0.0,441.484,0
2020-06-09,320.7900085449219,0.0,105000.0,107460.22794517876,2460.2279451787617,76531.93386188231,100,0.022968584181424667,-0.00041860187816433747,106574.41828987868,1574.4182898786821,75358.09521714236,100,0.014287413886612255,-0.0006580773599863532,104680.7783322754,-319.2216677246033,744.8155637207105,324,-0.008391036304145949,-0.04773028623665709,1150.7067711957368,0.0,COVERED_CALL,2991.3338618823127,0.0,479.0008544921875,140.6,0.0,862.6777817558545,0.0,COVERED_CALL,1817.495217142364,0.0,479.0008544921875,140.6,0.0,441.484,0
2020-06-10,319.0,0.0,105000.0,107412.61105669716,2412.611056697162,76531.93386188231,100,0.02251529479311265,-0.0008615281297904565,106505.88128073172,1505.8812807317154,75358.09521714236,100,0.013635135160829037,-0.0013007447804797012,104100.81556372071,-899.1844362792908,744.8155637207105,324,-0.013884846047165222,-0.053006144788758536,1019.3228051851419,0.0,COVERED_CALL,2991.3338618823127,0.0,300.0,140.6,0.0,752.2139364106458,0.0,COVERED_CALL,1817.495217142364,0.0,300.0,140.6,0.0,441.484,0
2020-06-11,300.6099853515625,0.0,105000.0,106462.35163126633,1462.3516312663269,76531.93386188231,100,0.013469291842756359,-0.009700720668402885,105347.56602178185,347.5660217818513,75358.09521714236,100,0.0026112458699667496,-0.012162197429967603,98142.45081762696,-6857.549182373041,744.8155637207105,324,-0.07032661105240545,-0.10720874417381565,130.58076577223883,0.0,COVERED_CALL,2991.3338618823127,0.0,-1539.00146484375,140.6,0.0,71.5277305167573,0.0,COVERED_CALL,1817.495217142364,0.0,-1539.00146484375,140.6,0.0,441.484,0
2020-06-12,304.2099914550781,0.0,105000.0,106559.15650259044,1559.156502590442,76531.93386188231,100,0.014390826665954481,-0.008800254044857958,105502.68977843826,502.68977843825996,75358.09521714236,100,0.004087585844382069,-0.010707611275882267,99308.85279516602,-5691.147204833978,744.8155637207105,324,-0.05927764222902687,-0.0965981115917911,393.77650479967724,0.0,COVERED_CALL,2991.3338618823127,0.0,-1179.0008544921875,140.6,0.0,276.40458421191516,0.0,COVERED_CALL,1817.495217142364,0.0,-1179.0008544921875,140.6,0.0,441.484,0
2020-06-15,307.04998779296875,0.0,105000.0,106962.51025498132,1962.5102549813164,76531.93386188231,100,0.018230556256124686,-0.005048308646433686,105903.10827369028,903.1082736902754,75358.09521714236,100,0.007898438828977783,-0.0069529110830333085,100229.01160864258,-4770.988391357416,744.8155637207105,324,-0.05056125950811452,-0.08822752642910914,274.42238619787275,0.0,COVERED_CALL,2991.3338618823127,0.0,-895.001220703125,140.6,0.0,159.9857227489568,0.0,COVERED_CALL,1817.495217142364,0.0,-895.001220703125,140.6,0.0,441.484,0
2020-06-16,312.9599914550781,0.0,105000.0,107365.82280823727,2365.822808237266,76531.93386188231,100,0.02206989365076817,-0.0012967464771319603,106382.21134776322,1382.2113477632229,75358.09521714236,100,0.012458146738101084,-0.002460390318017147,102143.85279516602,-2856.1472048339783,744.8155637207105,324,-0.03242255520288295,-0.07080842334597204,462.11019915285505,0.0,COVERED_CALL,2991.3338618823127,0.0,-304.0008544921875,140.6,0.0,271.8830148869421,0.0,COVERED_CALL,1817.495217142364,0.0,-304.0008544921875,140.6,0.0,441.484,0
2020-06-17,311.6600036621094,0.0,105000.0,107388.9676269108,2388.967626910802,76531.93386188231,100,0.02229022095550537,-0.0010814563120973286,106374.54798662399,1374.5479866239912,75358.09521714236,100,0.012385213187289246,-0.00253224919538797,101722.65675024415,-3277.3432497558533,744.8155637207105,324,-0.03641241638152304,-0.0746399981921475,308.9666011824434,0.0,COVERED_CALL,2991.3338618823127,0.0,-433.9996337890625,140.6,0.0,149.54759672930948,0.0,COVERED_CALL,1817.495217142364,0.0,-433.9996337890625,140.6,0.0,441.484,0
2020-06-18,311.7799987792969,0.0,105000.0,107491.93852639738,2491.938526397382,76531.93386188231,100,0.02327045333797728,-0.00012363407737092658,106462.39219518196,1462.3921951819648,75358.09521714236,100,0.013221241913065063,-0.0017085393250291236,101761.5351682129,-3238.4648317871033,744.8155637207105,324,-0.03604413303126219,-0.07428632543062907,217.99521341461485,0.0,COVERED_CALL,2991.3338618823127,0.0,-422.0001220703125,140.6,0.0,73.70289989007453,0.0,COVERED_CALL,1817.495217142364,0.0,-422.0001220703125,140.6,0.0,441.484,0
2020-06-19,308.6400146484375,0.0,105000.0,107532.53532672607,2532.5353267260653,76668.53386188232,100,0.023656914935431983,0.0,106358.69668198611,1358.6966819861118,75494.69521714236,100,0.012234353543428389,-0.0026808859274233265,101186.76430981446,-3813.2356901855383,1187.3995637207106,324,-0.041488761398945195,-0.07951495373781681,0.0,0.0,STOCK,2991.3338618823127,0.0,-735.99853515625,277.20000000000005,0.0,0.0,0.0,STOCK,1817.495217142364,0.0,-735.99853515625,277.20000000000005,0.0,884.068,0
2020-06-22,310.6199951171875,0.0,105000.0,107730.53337360107,2730.5333736010653,76668.53386188232,100,0.025541759082475135,0.0,106556.69472886111,1556.6947288611118,75494.69521714236,100,0.014118735650710423,-0.0008242701277026976,101828.27798168946,-3171.7220183105383,1187.3995637207106,324,-0.035411898793419994,-0.0736791732781743,0.0,0.0,STOCK,2991.3338618823127,0.0,-538.00048828125,277.20000000000005,0.0,0.0,0.0,STOCK,1817.495217142364,0.0,-538.00048828125,277.20000000000005,0.0,884.068,0
2020-06-23,312.04998779296875,0.0,105000.0,107821.36605425517,2821.366054255166,77146.79143766062,100,0.026406441584112317,0.0,106647.52740951521,1647.5274095152126,75972.95279292067,100,0.014983206189094656,0.0,102291.59560864259,-2708.4043913574133,1187.3995637207106,324,-0.031023032764293967,-0.06946442295792266,530.4241627023354,0.0,COVERED_CALL,3469.591437660616,0.0,-395.001220703125,277.20000000000005,0.0,530.4241627023354,0.0,COVERED_CALL,2295.7527929206676,0.0,-395.001220703125,277.20000000000005,0.0,884.068,0
2020-06-24,304.0899963378906,0.0,105000.0,107255.34706933003,2255.3470693300333,77146.79143766062,100,0.021018218883486206,-0.0052495994591675865,106081.50842459008,1081.5084245900798,75972.95279292067,100,0.009596304326127125,-0.005307380289762076,99712.55837719727,-5287.441622802726,1187.3995637207106,324,-0.05545346285040664,-0.09292564559401972,300.4440021196504,0.0,COVERED_CALL,3469.591437660616,0.0,-1191.0003662109375,277.20000000000005,0.0,300.4440021196504,0.0,COVERED_CALL,2295.7527929206676,0.0,-1191.0003662109375,277.20000000000005,0.0,884.068,0
2020-06-25,307.3500061035156,0.0,105000.0,107454.41720629166,2454.4172062916623,77146.79143766062,100,0.022913268801529663,-0.0034033036437217667,106280.57856155171,1280.5785615517088,75972.95279292067,100,0.011490889702625795,-0.0034407628275755497,100768.80154125977,-4231.198458740226,1187.3995637207106,324,-0.04544799474047079,-0.08331711581872892,427.37484172052757,0.0,COVERED_CALL,3469.591437660616,0.0,-864.9993896484375,277.20000000000005,0.0,427.37484172052757,0.0,COVERED_CALL,2295.7527929206676,0.0,-864.9993896484375,277.20000000000005,0.0,884.068,0
2020-06-26,300.04998779296875,0.0,105000.0,106931.94994310549,1931.9499431054865,77146.79143766062,100,0.017939637098688177,-0.008248978321255263,105758.11129836553,758.111298365533,75972.95279292067,100,0.006518477207010598,-0.008339772451867566,98403.59560864259,-6596.404391357413,1187.3995637207106,324,-0.06785286640014865,-0.10483313826647456,219.8402738520156,0.0,COVERED_CALL,3469.591437660616,0.0,-1595.001220703125,277.20000000000005,0.0,219.8402738520156,0.0,COVERED_CALL,2295.7527929206676,0.0,-1595.001220703125,277.20000000000005,0.0,884.068,0
2020-06-29,304.4599914550781,0.0,105000.0,107277.27008174705,2277.270081747047,77146.79143766062,100,0.021226915192828155,-0.005046272296664767,106103.4314370071,1103.4314370070933,75972.95279292067,100,0.009804949476866609,-0.005101815163691792,99832.43679516602,-5167.563204833976,1187.3995637207106,324,-0.0543178912993989,-0.09183512459690657,315.5205014213841,0.0,COVERED_CALL,3469.591437660616,0.0,-1154.0008544921875,277.20000000000005,0.0,315.5205014213841,0.0,COVERED_CALL,2295.7527929206676,0.0,-1154.0008544921875,277.20000000000005,0.0,884.068,0
2020-06-30,308.3599853515625,0.0,105000.0,107668.57836117246,2668.578361172462,77146.79143766062,100,0.024951977797259994,-0.0014170446793061453,106494.73971643251,1494.7397164325084,75972.95279292067,100,0.013529098941058582,-0.001432641682314828,101096.03481762696,-3903.9651823730383,1187.3995637207106,324,-0.04234821410036815,-0.080340310111086,314.2116116444092,0.0,COVERED_CALL,3469.591437660616,0.0,-764.00146484375,277.20000000000005,0.0,314.2116116444092,0.0,COVERED_CALL,2295.7527929206676,0.0,-764.00146484375,277.20000000000005,0.0,884.068,0
2020-07-01,310.5199890136719,1000.0,106000.0,108883.69608544341,2883.6960854434146,78146.79143766062,100,0.026999792863705352,0.0,107709.85744070346,1709.8574407034612,76972.95279292067,100,0.015576412017996866,0.0,102795.83600415039,-3204.163995849609,945.2796076660234,328,-0.035719211714094645,-0.07397429443754333,315.09425358439586,0.0,COVERED_CALL,3469.591437660616,0.0,-548.0010986328125,277.20000000000005,0.0,315.09425358439586,0.0,COVERED_CALL,2295.7527929206676,0.0,-548.0010986328125,277.20000000000005,0.0,884.068,4
2020-07-02,312.2300109863281,0.0,106000.0,109074.37908826156,3074.3790882615576,78146.79143766062,100,0.02879833030721013,0.0,107900.5404435216,1900.5404435216042,76972.95279292067,100,0.01737432693902896,0.0,103356.72321118164,-2643.276788818359,945.2796076660234,328,-0.030457784995275516,-0.06892159977770218,295.41344803187667,0.0,COVERED_CALL,3469.591437660616,0.0,-376.9989013671875,277.20000000000005,0.0,295.41344803187667,0.0,COVERED_CALL,2295.7527929206676,0.0,-376.9989013671875,277.20000000000005,0.0,884.068,0
2020-07-06,317.04998779296875,0.0,106000.0,109523.5259969642,3523.5259969642066,78146.79143766062,100,0.033034720132193884,0.0,108349.68735222425,2349.687352224253,76972.95279292067,100,0.021609250434868832,0.0,104937.67560375977,-1062.324396240234,945.2796076660234,328,-0.01562759265853375,-0.05467975291204996,328.26421999329216,0.0,COVERED_CALL,3469.591437660616,0.0,104.998779296875,277.20000000000005,0.0,328.26421999329216,0.0,COVERED_CALL,2295.7527929206676,0.0,104.998779296875,277.20000000000005,0.0,884.068,0
2020-07-07,313.7799987792969,0.0,106000.0,109291.50026631211,3291.500266312112,78146.79143766062,100,0.030846234749297263,-0.002118501285819918,108117.66162157216,2117.6616215721588,76972.95279292067,100,0.019421522545977732,-0.002141452701176938,103865.11920727539,-2134.880792724609,945.2796076660234,328,-0.02568875435229423,-0.06434176678749393,233.2910492781899,0.0,COVERED_CALL,3469.591437660616,0.0,-222.0001220703125,277.20000000000005,0.0,233.2910492781899,0.0,COVERED_CALL,2295.7527929206676,0.0,-222.0001220703125,277.20000000000005,0.0,884.068,0
2020-07-08,316.17999267578125,0.0,106000.0,109459.4227688245,3459.422768824501,78146.79143766062,100,0.03243009332039182,-0.0005852918590428802,108285.58412408455,2285.5841240845475,76972.95279292067,100,0.021004832900765935,-0.0005916327929152976,104652.31720532227,-1347.682794677734,945.2796076660234,328,-0.01830440946440315,-0.057250374666034,305.36793641424,0.0,COVERED_CALL,3469.591437660616,0.0,17.999267578125,277.20000000000005,0.0,305.36793641424,0.0,COVERED_CALL,2295.7527929206676,0.0,17.999267578125,277.20000000000005,0.0,884.068,0
2020-07-09,314.3800048828125,0.0,106000.0,109370.7621721957,3370.7621721956966,78146.79143766062,100,0.031593839430723136,-0.0013948037499517119,108196.92352745574,2196.923527455743,76972.95279292067,100,0.020168868461195366,-0.0014099147722677063,104061.92120922852,-1938.078790771484,945.2796076660234,328,-0.02384264465606145,-0.06256889621414308,214.02975374617,0.0,COVERED_CALL,3469.591437660616,0.0,-161.99951171875,277.20000000000005,0.0,214.02975374617,0.0,COVERED_CALL,2295.7527929206676,0.0,-161.99951171875,277.20000000000005,0.0,884.068,0
2020-07-10,317.5899963378906,0.0,106000.0,109608.97380438737,3608.973804387366,78146.79143766062,100,0.03384067073526098,0.0,108435.13515964741,2435.1351596474124,76972.95279292067,100,0.022414922076625654,0.0,105114.79840649414,-885.2015935058589,945.2796076660234,328,-0.013966084542220258,-0.053084160378839895,296.8172670623128,0.0,COVERED_CALL,3469.591437660616,0.0,158.9996337890625,277.20000000000005,0.0,296.8172670623128,0.0,COVERED_CALL,2295.7527929206676,0.0,158.9996337890625,277.20000000000005,0.0,884.068,0
2020-07-13,314.8399963378906,0.0,106000.0,109493.48003510085,3493.4800351008453,78146.79143766062,100,0.03275132419947435,-0.0010536889935002236,108319.64139036089,2319.641390360892,76972.95279292067,100,0.021325952593149955,-0.0010650954519167977,104212.79840649414,-1787.201593505859,945.2796076660234,328,-0.02242733457766688,-0.061209734515749514,137.31103634883954,0.0,COVERED_CALL,3469.591437660616,0.0,-116.0003662109375,277.20000000000005,0.0,137.31103634883954,0.0,COVERED_CALL,2295.7527929206676,0.0,-116.0003662109375,277.20000000000005,0.0,884.068,0
2020-07-14,318.9200134277344,0.0,106000.0,109749.91872007196,3749.9187200719607,78146.79143766062,100,0.03517007453415166,0.0,108576.080075332,2576.0800753320073,76972.95279292067,100,0.023743865732891667,0.0,105551.04401196289,-448.9559880371089,945.2796076660234,328,-0.00987386376091648,-0.04915428675451894,288.8740603620928,0.0,COVERED_CALL,3469.591437660616,0.0,292.0013427734375,277.20000000000005,0.0,288.8740603620928,0.0,COVERED_CALL,2295.7527929206676,0.0,292.0013427734375,277.20000000000005,0.0,884.068,0
2020-07-15,321.8500061035156,0.0,106000.0,110034.13999196973,4034.1399919697287,78146.79143766062,100,0.037850872466813845,0.0,108860.30134722978,2860.3013472297753,76972.95279292067,100,0.02642373576885415,0.0,106512.08160961914,512.0816096191411,945.2796076660234,328,-0.0008588089857120007,-0.04049687849718697,297.6520560424606,0.0,COVERED_CALL,3469.591437660616,0.0,585.0006103515625,277.20000000000005,0.0,297.6520560424606,0.0,COVERED_CALL,2295.7527929206676,0.0,585.0006103515625,277.20000000000005,0.0,884.068,0
2020-07-16,320.7900085449219,0.0,106000.0,110019.21422252477,4019.2142225247662,78146.79143766062,100,0.03771009140702786,-0.00013564671333887723,108845.37557778481,2845.375577784813,76972.95279292067,100,0.026283003437202357,-0.00013710938937550043,106164.40241040039,164.4024104003911,945.2796076660234,328,-0.0041202287603391285,-0.04362891076893127,206.57806962804202,0.0,COVERED_CALL,3469.591437660616,0.0,479.0008544921875,277.20000000000005,0.0,206.57806962804202,0.0,COVERED_CALL,2295.7527929206676,0.0,479.0008544921875,277.20000000000005,0.0,884.068,0
2020-07-17,321.7200012207031,0.0,106000.0,110112.55627864385,4112.556278643853,78146.79143766062,100,0.03859050119973495,0.0,108938.7176339039,2938.7176339038997,76972.95279292067,100,0.027163108496258692,0.0,106469.44000805664,469.4400080566411,945.2796076660234,328,-0.0012588103745503343,-0.04088101097480634,206.23528108708462,0.0,COVERED_CALL,3469.591437660616,0.0,572.0001220703125,277.20000000000005,0.0,206.23528108708462,0.0,COVERED_CALL,2295.7527929206676,0.0,572.0001220703125,277.20000000000005,0.0,884.068,0
2020-07-20,324.32000732421875,0.0,106000.0,110433.17029360827,4433.170293608273,78146.79143766062,100,0.04161455841670603,0.0,109259.33164886832,3259.3316488683195,76972.95279292067,100,0.03018611900520418,0.0,107322.24201000977,1322.242010009766,945.2796076660234,328,0.006740935711098128,-0.03319863193824846,145.62187647421652,0.0,COVERED_CALL,3469.591437660616,0.0,832.000732421875,277.20000000000005,0.0,145.62187647421652,0.0,COVERED_CALL,2295.7527929206676,0.0,832.000732421875,277.20000000000005,0.0,884.068,0
2020-07-21,325.010009765625,0.0,106000.0,110535.605347504,4535.605347503995,78146.79143766062,100,0.04258073409695062,0.0,109361.76670276404,3361.766702764042,76972.95279292067,100,0.03115196026590361,0.0,107548.56281079102,1548.562810791016,945.2796076660234,328,0.00886394777720989,-0.031159844304686435,112.1870667191216,0.0,COVERED_CALL,3469.591437660616,0.0,901.0009765625,277.20000000000005,0.0,112.1870667191216,0.0,COVERED_CALL,2295.7527929206676,0.0,901.0009765625,277.20000000000005,0.0,884.068,0
2020-07-22,326.8599853515625,0.0,106000.0,110710.54288535399,4710.5428853539925,78146.79143766062,100,0.04423075904646234,0.0,109536.70424061404,3536.704240614039,76972.95279292067,100,0.032801414097135106,0.0,108155.35480297852,2155.354802978516,945.2796076660234,328,0.014555986319787717,-0.02569362111377438,122.24708746287489,0.0,COVERED_CALL,3469.591437660616,0.0,1085.99853515625,277.20000000000005,0.0,122.24708746287489,0.0,COVERED_CALL,2295.7527929206676,0.0,1085.99853515625,277.20000000000005,0.0,884.068,0
2020-07-23,322.9599914550781,0.0,106000.0,110434.02913145405,4434.029131454052,78146.79143766062,100,0.04162265904445328,-0.00249762801891662,109260.1904867141,3260.1904867140984,76972.95279292067,100,0.030194216829104947,-0.002524393588586804,106876.15680493164,876.1568049316411,945.2796076660234,328,0.0025564141398348728,-0.03721714458263958,8.761451714382872,0.0,COVERED_CALL,3469.591437660616,0.0,695.9991455078125,277.20000000000005,0.0,8.761451714382872,0.0,COVERED_CALL,2295.7527929206676,0.0,695.9991455078125,277.20000000000005,0.0,884.068,0
2020-07-24,320.8800048828125,0.0,106000.0,110234.79192594187,4234.79192594187,78146.79143766062,100,0.03974343767203403,-0.004297250713554801,109060.95328120192,3060.953281201917,76972.95279292067,100,0.028315645906049403,-0.004343301751776885,106193.92120922852,193.9212092285161,945.2796076660234,328,-0.0038433263904601445,-0.0433629937087201,0.0,0.0,STOCK,3469.591437660616,0.0,488.00048828125,277.20000000000005,0.0,0.0,0.0,STOCK,2295.7527929206676,0.0,488.00048828125,277.20000000000005,0.0,884.068,0
2020-07-27,323.2200012207031,0.0,106000.0,110468.79155973093,4468.791559730933,78146.79143766062,100,0.04195054106833096,-0.002183634180833338,109294.95291499098,3294.9529149909795,76972.95279292067,100,0.030521985364142523,-0.002207034868349056,106961.44000805664,961.4400080566411,945.2796076660234,328,0.00335641691751154,-0.036448879627400954,0.0,0.0,STOCK,3469.591437660616,0.0,722.0001220703125,277.20000000000005,0.0,0.0,0.0,STOCK,2295.7527929206676,0.0,722.0001220703125,277.20000000000005,0.0,884.068,0
2020-07-28,321.1700134277344,0.0,106000.0,110227.9328475302,4227.932847530203,78470.1358002473,100,0.0396787422919056,-0.004359205774318919,109054.09420279025,3054.0942027902493,77296.29715550735,100,0.028250972918742567,-0.004405920747475478,106289.04401196289,289.0440119628911,945.2796076660234,328,-0.002951022822823779,-0.04250608973341097,359.20429549053677,0.0,COVERED_CALL,3792.9358002472923,0.0,517.0013427734375,277.20000000000005,0.0,359.20429549053677,0.0,COVERED_CALL,2619.097155507344,0.0,517.0013427734375,277.20000000000005,0.0,884.068,0
2020-07-29,325.1199951171875,0.0,106000.0,110495.82883890659,4495.828838906586,78470.1358002473,100,0.04220555886356814,-0.001939418241944435,109321.99019416663,3321.990194166632,77296.29715550735,100,0.030776914890820795,-0.0019602018148707767,107584.63800610352,1584.638006103516,945.2796076660234,328,0.009202352708048478,-0.030834864621743008,486.3064730594649,0.0,COVERED_CALL,3792.9358002472923,0.0,911.99951171875,277.20000000000005,0.0,486.3064730594649,0.0,COVERED_CALL,2619.097155507344,0.0,911.99951171875,277.20000000000005,0.0,884.068,0
2020-07-30,323.9599914550781,0.0,106000.0,110475.3500290561,4475.350029056106,78470.1358002473,100,0.04201240107933901,-0.0021243943907082175,109301.51138431615,3301.5113843161525,77296.29715550735,100,0.030583823963727275,-0.0021471602412032054,107204.15680493164,1204.156804931641,945.2796076660234,328,0.005633232334542715,-0.034262390351036176,390.7849166990039,0.0,COVERED_CALL,3792.9358002472923,0.0,795.9991455078125,277.20000000000005,0.0,390.7849166990039,0.0,COVERED_CALL,2619.097155507344,0.0,795.9991455078125,277.20000000000005,0.0,884.068,0
2020-07-31,326.5199890136719,0.0,106000.0,110642.64351537153,4642.643515371528,78470.1358002473,100,0.04359032671899188,-0.0006133053656217635,109468.80487063157,3468.804870631575,77296.29715550735,100,0.03216120344062179,-0.0006198777884836026,108043.83600415039,2043.836004150391,945.2796076660234,328,0.013509879401231606,-0.0266982267318866,479.491186242951,0.0,COVERED_CALL,3792.9358002472923,0.0,1051.9989013671875,277.20000000000005,0.0,479.491186242951,0.0,COVERED_CALL,2619.097155507344,0.0,1051.9989013671875,277.20000000000005,0.0,884.068,0
2020-08-03,328.7900085449219,1000.0,107000.0,111847.66974180975,4847.6697418097465,79470.1358002473,100,0.04552415060313386,0.0,110673.8310970698,3673.831097069793,78296.29715550735,100,0.03409435797599336,0.0,109788.37241040039,2788.3724104003923,958.8795820312578,331,0.020494035381025455,-0.019991147168014534,501.4669129297341,0.0,COVERED_CALL,3792.9358002472923,0.0,1279.0008544921875,277.20000000000005,0.0,501.4669129297341,0.0,COVERED_CALL,2619.097155507344,0.0,1279.0008544921875,277.20000000000005,0.0,884.068,3
2020-08-04,330.0599975585937,0.0,107000.0,111949.82927330607,4949.829273306066,79470.1358002473,100,0.04647911245115699,0.0,110775.99062856613,3775.9906285661273,78296.29715550735,100,0.03504889794345134,0.0,110208.73877392577,3208.7387739257683,958.8795820312578,331,0.024401383283487066,-0.016238812119748314,526.3062828005965,0.0,COVERED_CALL,3792.9358002472923,0.0,1405.9997558593677,277.20000000000005,0.0,526.3062828005965,0.0,COVERED_CALL,2619.097155507344,0.0,1405.9997558593677,277.20000000000005,0.0,884.068,0
2020-08-05,332.1099853515625,0.0,107000.0,112107.31035945406,5107.310359454059,79470.1358002473,100,0.0479512064090466,0.0,110933.4717147141,3933.4717147141055,78296.29715550735,100,0.03652034156349493,0.0,110887.28473339844,3887.284733398439,958.8795820312578,331,0.030708536665680297,-0.010181877011440021,573.8239759494965,0.0,COVERED_CALL,3792.9358002472923,0.0,1610.99853515625,277.20000000000005,0.0,573.8239759494965,0.0,COVERED_CALL,2619.097155507344,0.0,1610.99853515625,277.20000000000005,0.0,884.068,0
2020-08-06,334.3299865722656,0.0,107000.0,112275.63548267302,5275.635482673024,79470.1358002473,100,0.04952466772375175,0.0,111101.79683793307,4101.7968379330705,78296.29715550735,100,0.03809310775854691,0.0,111622.10513745117,4622.1051374511735,958.8795820312578,331,0.03753876670688139,-0.003622616814728752,627.498974800843,0.0,COVERED_CALL,3792.9358002472923,0.0,1832.9986572265625,277.20000000000005,0.0,627.498974800843,0.0,COVERED_CALL,2619.097155507344,0.0,1832.9986572265625,277.20000000000005,0.0,884.068,0
2020-08-07,334.57000732421875,0.0,107000.0,112318.17901090145,5318.179010901455,79470.1358002473,100,0.04992235402617884,0.0,111144.3403661615,4144.340366161501,78296.29715550735,100,0.03849061837215184,0.0,111701.55200634766,4701.552006347658,958.8795820312578,331,0.03827723339564426,-0.0029134466800507797,608.9575217677253,0.0,COVERED_CALL,3792.9358002472923,0.0,1857.000732421875,277.20000000000005,0.0,608.9575217677253,0.0,COVERED_CALL,2619.097155507344,0.0,1857.000732421875,277.20000000000005,0.0,884.068,0
2020-08-10,335.57000732421875,0.0,107000.0,112442.2364060222,5442.236406022203,79470.1358002473,100,0.05108201164764803,0.0,111268.39776128225,4268.397761282249,78296.29715550735,100,0.03964976368308859,0.0,112032.55200634766,5032.552006347658,958.8795820312578,331,0.04135391190262183,0.0,584.9001266469733,0.0,COVERED_CALL,3792.9358002472923,0.0,1957.000732421875,277.20000000000005,0.0,584.9001266469733,0.0,COVERED_CALL,2619.097155507344,0.0,1957.000732421875,277.20000000000005,0.0,884.068,0
2020-08-11,332.79998779296875,0.0,107000.0,112309.6853910162,5309.685391016203,79470.1358002473,100,0.049842957783623465,-0.001178836523024751,111135.84674627625,4135.846746276249,78296.29715550735,100,0.03841125720506233,-0.0011912727932902323,111115.67554150391,4115.675541503908,958.8795820312578,331,0.03283145234691709,-0.008184018380584579,440.44918852796815,0.0,COVERED_CALL,3792.9358002472923,0.0,1679.998779296875,277.20000000000005,0.0,440.44918852796815,0.0,COVERED_CALL,2619.097155507344,0.0,1679.998779296875,277.20000000000005,0.0,884.068,0
2020-08-12,337.44000244140625,0.0,107000.0,112522.47033665705,5522.470336657047,79470.1358002473,100,0.05183201844144336,0.0,111348.6316919171,4348.631691917093,78296.29715550735,100,0.04039943914083044,0.0,112651.52039013672,5651.52039013672,958.8795820312578,331,0.04710728568782563,0.0,691.6657077308726,0.0,COVERED_CALL,3792.9358002472923,0.0,2144.000244140625,277.20000000000005,0.0,691.6657077308726,0.0,COVERED_CALL,2619.097155507344,0.0,2144.000244140625,277.20000000000005,0.0,884.068,0
2020-08-13,336.8299865722656,0.0,107000.0,112565.9726112908,5565.972611290796,79470.1358002473,100,0.05223866686640144,0.0,111392.13396655084,4392.133966550842,78296.29715550735,100,0.04080590791770344,0.0,112449.60513745117,5449.6051374511735,958.8795820312578,331,0.045230462974325425,-0.0017923881718264756,587.1618461830624,0.0,COVERED_CALL,3792.9358002472923,0.0,2082.9986572265625,277.20000000000005,0.0,587.1618461830624,0.0,COVERED_CALL,2619.097155507344,0.0,2082.9986572265625,277.20000000000005,0.0,884.068,0
2020-08-14,336.8399963378906,0.0,107000.0,112592.76004286123,5592.760042861235,79470.1358002473,100,0.05248906910280171,0.0,111418.92139812128,4418.9213981212815,78296.29715550735,100,0.04105619953205397,0.0,112452.91836987305,5452.9183698730485,958.8795820312578,331,0.04526125980508389,-0.001762976829570162,561.3753911751257,0.0,COVERED_CALL,3792.9358002472923,0.0,2083.9996337890625,277.20000000000005,0.0,561.3753911751257,0.0,COVERED_CALL,2619.097155507344,0.0,2083.9996337890625,277.20000000000005,0.0,884.068,0
2020-08-17,337.9100036621094,0.0,107000.0,112717.42767196921,5717.427671969213,79470.1358002473,100,0.0536544310395477,0.0,111543.58902722926,4543.58902722926,78296.29715550735,100,0.042221046638229565,0.0,112807.09079418945,5807.090794189455,958.8795820312578,331,0.04855332834181625,0.0,543.7084944890269,0.0,COVERED_CALL,3792.9358002472923,0.0,2191.0003662109375,277.20000000000005,0.0,543.7084944890269,0.0,COVERED_CALL,2619.097155507344,0.0,2191.0003662109375,277.20000000000005,0.0,884.068,0
2020-08-18,338.6400146484375,0.0,107000.0,112792.72761601894,5792.727616018936,79470.1358002473,100,0.05435831615601727,0.0,111618.88897127898,4618.888971278982,78296.29715550735,100,0.04292462079416004,0.0,113048.72443066406,6048.724430664064,958.8795820312578,331,0.050799337453309334,0.0,541.4096490721065,0.0,COVERED_CALL,3792.9358002472923,0.0,2264.00146484375,277.20000000000005,0.0,541.4096490721065,0.0,COVERED_CALL,2619.097155507344,0.0,2264.00146484375,277.20000000000005,0.0,884.068,0
2020-08-19,337.2300109863281,0.0,107000.0,112749.63780215336,5749.63780215336,79470.1358002473,100,0.05395552331155784,-0.0003820265257905575,111575.7991574134,4575.799157413407,78296.29715550735,100,0.04252200589447752,-0.00038604410295339786,112582.01321850586,5582.013218505861,958.8795820312578,331,0.04646120949133792,-0.00412840759158184,443.4990967267515,0.0,COVERED_CALL,3792.9358002472923,0.0,2123.0010986328125,277.20000000000005,0.0,443.4990967267515,0.0,COVERED_CALL,2619.097155507344,0.0,2123.0010986328125,277.20000000000005,0.0,884.068,0
2020-08-20,338.2799987792969,0.0,107000.0,112805.72249625441,5805.722496254413,79470.1358002473,100,0.054479789058865746,0.0,111631.88385151446,4631.88385151446,78296.29715550735,100,0.043046040033025035,0.0,112929.55917797852,5929.559177978517,958.8795820312578,331,0.0496916843665538,-0.001054105239007841,492.4131819225686,0.0,COVERED_CALL,3792.9358002472923,0.0,2227.9998779296875,277.20000000000005,0.0,492.4131819225686,0.0,COVERED_CALL,2619.097155507344,0.0,2227.9998779296875,277.20000000000005,0.0,884.068,0
2020-08-21,339.4800109863281,0.0,107000.0,112884.97831529952,5884.978315299522,79470.1358002473,100,0.05522065270921073,0.0,111711.13967055957,4711.139670559569,78296.29715550735,100,0.04378657638655059,0.0,113326.76321850586,6326.763218505861,958.8795820312578,331,0.05338373613203751,0.0,533.1585835805896,0.0,COVERED_CALL,3792.9358002472923,0.0,2348.0010986328125,277.20000000000005,0.0,533.1585835805896,0.0,COVERED_CALL,2619.097155507344,0.0,2348.0010986328125,277.20000000000005,0.0,884.068,0
2020-08-24,342.9200134277344,0.0,107000.0,113102.53382725758,6102.5338272575755,79470.1358002473,100,0.05725430743240745,0.0,111928.69518251762,4928.695182517622,78296.29715550735,100,0.045819332687044856,0.0,114465.40402661133,7465.40402661133,958.8795820312578,331,0.06396751770746212,0.0,659.6033157631609,0.0,COVERED_CALL,3792.9358002472923,0.0,2692.0013427734375,277.20000000000005,0.0,659.6033157631609,0.0,COVERED_CALL,2619.097155507344,0.0,2692.0013427734375,277.20000000000005,0.0,884.068,0
2020-08-25,344.1199951171875,0.0,107000.0,113161.50486937002,6161.504869370023,79470.1358002473,100,0.057805554041810314,0.0,111987.66622463007,4987.666224630069,78296.29715550735,100,0.04637033576815219,0.0,114862.59796582031,7862.597965820314,958.8795820312578,331,0.06765947558016894,0.0,720.6304425960326,0.0,COVERED_CALL,3792.9358002472923,0.0,2811.99951171875,277.20000000000005,0.0,720.6304425960326,0.0,COVERED_CALL,2619.097155507344,0.0,2811.99951171875,277.20000000000005,0.0,884.068,0
2020-08-26,347.57000732421875,0.0,107000.0,113209.47534001734,6209.475340017336,79470.1358002473,100,0.05825397004988031,0.0,112035.63669527738,5035.636695277382,78296.29715550735,100,0.04681855367616272,0.0,116004.55200634766,9004.552006347658,958.8795820312578,331,0.07827405398635179,0.0,1017.6611926518405,0.0,COVERED_CALL,3792.9358002472923,0.0,3157.000732421875,277.20000000000005,0.0,1017.6611926518405,0.0,COVERED_CALL,2619.097155507344,0.0,3157.000732421875,277.20000000000005,0.0,884.068,0
2020-08-27,348.3299865722656,0.0,107000.0,113216.26877654842,6216.268776548415,79470.1358002473,100,0.05831747340203086,0.0,112042.43013180848,5042.430131808476,78296.29715550735,100,0.04688202897396754,0.0,116256.10513745117,9256.105137451174,958.8795820312578,331,0.08061226580456671,0.0,1086.865680925439,0.0,COVERED_CALL,3792.9358002472923,0.0,3232.9986572265625,277.20000000000005,0.0,1086.865680925439,0.0,COVERED_CALL,2619.097155507344,0.0,3232.9986572265625,277.20000000000005,0.0,884.068,0
2020-08-28,350.5799865722656,0.0,107000.0,113270.1358002473,6270.135800247299,113270.1358002473,0,0.058821008918938045,0.0,112096.29715550735,5096.297155507345,112096.29715550735,0,0.04738534204026146,0.0,117000.85513745117,10000.855137451174,958.8795820312578,331,0.08753479244526607,0.0,0.0,0.0,CASH,3792.9358002472923,2200.0,0.0,277.20000000000005,0.0,0.0,0.0,CASH,2619.097155507344,2200.0,0.0,277.20000000000005,0.0,884.068,0
2020-08-31,349.3099975585937,0.0,107000.0,113270.1358002473,6270.135800247299,113270.1358002473,0,0.058821008918938045,0.0,112096.29715550735,5096.297155507345,112096.29715550735,0,0.04738534204026146,0.0,116580.48877392577,9580.488773925768,958.8795820312578,331,0.08362744454280424,-0.003592848642273161,0.0,0.0,CASH,3792.9358002472923,2200.0,0.0,277.20000000000005,0.0,0.0,0.0,CASH,2619.097155507344,2200.0,0.0,277.20000000000005,0.0,884.068,0
2020-09-01,352.6000061035156,1000.0,108000.0,114221.13365701753,6221.133657017534,114718.33116093009,0,0.05836294909260187,-0.0004326130880268897,113047.29501227758,5047.29501227758,113544.49251619013,0,0.046927484574405876,-0.0004371432819211263,118669.45160229492,10669.451602294925,901.0495637207109,334,0.09374946426770103,0.0,497.19750391254775,33800.0,SHORT_PUT,4241.131160930074,2200.0,0.0,277.20000000000005,0.0,497.19750391254775,33800.0,SHORT_PUT,3067.2925161901253,2200.0,0.0,277.20000000000005,0.0,884.068,3
2020-09-02,357.70001220703125,0.0,108000.0,114373.70912723022,6373.7091272302205,114718.33116093009,0,0.05977669994100765,0.0,113199.87048249027,5199.870482490267,113544.49251619013,0,0.04834048126061741,0.0,120372.85364086914,12372.853640869143,901.0495637207109,334,0.10944933514404909,0.0,344.6220336998702,33800.0,SHORT_PUT,4241.131160930074,2200.0,0.0,277.20000000000005,0.0,344.6220336998702,33800.0,SHORT_PUT,3067.2925161901253,2200.0,0.0,277.20000000000005,0.0,884.068,0
2020-09-03,345.3900146484375,0.0,108000.0,114006.82579902917,6006.825799029175,114718.33116093009,0,0.05637719138444108,-0.0032077592918920983,112832.98715428922,4832.9871542892215,113544.49251619013,0,0.04494278616420577,-0.0032410225085708344,116261.31445629883,8261.314456298831,901.0495637207109,334,0.07155420948432556,-0.03415669779531061,711.5053619009183,33800.0,SHORT_PUT,4241.131160930074,2200.0,0.0,277.20000000000005,0.0,711.5053619009183,33800.0,SHORT_PUT,3067.2925161901253,2200.0,0.0,277.20000000000005,0.0,884.068,0
2020-09-04,342.57000732421875,0.0,108000.0,113636.57497019442,5636.574970194415,114718.33116093009,0,0.052946479864047546,-0.00644496154457852,112462.73632545446,4462.736325454462,113544.49251619013,0,0.04151390474911776,-0.006511793289991741,115319.43201000977,7319.432010009768,901.0495637207109,334,0.06287309225388338,-0.04198140592343347,1081.7561907356674,33800.0,SHORT_PUT,4241.131160930074,2200.0,0.0,277.20000000000005,0.0,1081.7561907356674,33800.0,SHORT_PUT,3067.2925161901253,2200.0,0.0,277.20000000000005,0.0,884.068,0
2020-09-08,333.2099914550781,0.0,108000.0,113360.17977115701,5360.179771157011,114718.33116093009,0,0.0503854263304111,-0.00886155886529616,112186.34112641706,4186.341126417057,113544.49251619013,0,0.03895421740369964,-0.008953449785351175,112193.1867097168,4193.1867097168,901.0495637207109,334,0.034059197218585746,-0.06795275416130186,1358.151389773079,33800.0,SHORT_PUT,4241.131160930074,2200.0,0.0,277.20000000000005,0.0,1358.151389773079,33800.0,SHORT_PUT,3067.2925161901253,2200.0,0.0,277.20000000000005,0.0,884.068,0
2020-09-09,339.7900085449219,0.0,108000.0,113704.05441092399,5704.054410923985,114718.33116093009,0,0.053571738409529335,-0.005854970704511353,112530.21576618403,4530.215766184032,113544.49251619013,0,0.04213882975184169,-0.005915684474302019,114390.91241772461,6390.912417724612,901.0495637207109,334,0.05431513742295091,-0.04969510186234838,1014.2767500061002,33800.0,SHORT_PUT,4241.131160930074,2200.0,0.0,277.20000000000005,0.0,1014.2767500061002,33800.0,SHORT_PUT,3067.2925161901253,2200.0,0.0,277.20000000000005,0.0,884.068,0
2020-09-10,333.8900146484375,0.0,108000.0,113510.1151850286,5510.115185028597,114718.33116093009,0,0.05177471464963812,-0.007550633347397584,112336.27654028864,4336.276540288643,113544.49251619013,0,0.04034276461021302,-0.007628930479520513,112420.31445629883,4420.314456298831,901.0495637207109,334,0.036152582228714314,-0.0660658856547226,1208.2159759014924,33800.0,SHORT_PUT,4241.131160930074,2200.0,0.0,277.20000000000005,0.0,1208.2159759014924,33800.0,SHORT_PUT,3067.2925161901253,2200.0,0.0,277.20000000000005,0.0,884.068,0
2020-09-11,334.0599975585937,0.0,108000.0,113511.39085304302,5511.39085304302,114718.33116093009,0,0.051786534876933965,-0.00753947983996861,112337.55220830307,4337.552208303066,113544.49251619013,0,0.04035457853203517,-0.007617661314556212,112477.088748291,4477.088748291004,901.0495637207109,334,0.03667585802220774,-0.0655942320361953,1206.9403078870669,33800.0,SHORT_PUT,4241.131160930074,2200.0,0.0,277.20000000000005,0.0,1206.9403078870669,33800.0,SHORT_PUT,3067.2925161901253,2200.0,0.0,277.20000000000005,0.0,884.068,0
2020-09-14,338.4599914550781,0.0,108000.0,113908.92315736946,5908.923157369456,114718.33116093009,0,0.05547003414275187,-0.004063748333488992,112735.0845126295,4735.084512629503,113544.49251619013,0,0.04403611284349607,-0.0041058878237205665,113946.6867097168,5946.6867097168,901.0495637207109,334,0.050220809661364774,-0.053385516225483265,809.4080035606295,33800.0,SHORT_PUT,4241.131160930074,2200.0,0.0,277.20000000000005,0.0,809.4080035606295,33800.0,SHORT_PUT,3067.2925161901253,2200.0,0.0,277.20000000000005,0.0,884.068,0
2020-09-15,340.1700134277344,0.0,108000.0,114045.2945456896,6045.294545689598,114718.33116093009,0,0.05673363939769316,-0.0028714167272066993,112871.45590094964,4871.455900949644,113544.49251619013,0,0.045299044031070324,-0.002901192202260261,114517.83404858399,6517.834048583987,901.0495637207109,334,0.055484945354832726,-0.048640697758595475,673.0366152404943,33800.0,SHORT_PUT,4241.131160930074,2200.0,0.0,277.20000000000005,0.0,673.0366152404943,33800.0,SHORT_PUT,3067.2925161901253,2200.0,0.0,277.20000000000005,0.0,884.068,0
2020-09-16,338.82000732421875,0.0,108000.0,114011.76473936168,6011.764739361679,114718.33116093009,0,0.05642295516990159,-0.0031645768125424523,112837.92609462173,4837.9260946217255,113544.49251619013,0,0.04498852553707766,-0.0031973922437003033,114066.93201000977,6066.932010009768,901.0495637207109,334,0.051329083366184136,-0.05238657587758955,706.56642156841,33800.0,SHORT_PUT,4241.131160930074,2200.0,0.0,277.20000000000005,0.0,706.56642156841,33800.0,SHORT_PUT,3067.2925161901253,2200.0,0.0,277.20000000000005,0.0,884.068,0
2020-09-17,335.8399963378906,0.0,108000.0,113865.7416498016,5865.7416498015955,114718.33116093009,0,0.05506991810264128,-0.004441295830176606,112691.90300506164,4691.903005061642,113544.49251619013,0,0.04363621024438258,-0.004487350341158214,113071.60834057617,5071.608340576175,901.0495637207109,334,0.04215541048308724,-0.06065524808505518,852.5895111284857,33800.0,SHORT_PUT,4241.131160930074,2200.0,0.0,277.20000000000005,0.0,852.5895111284857,33800.0,SHORT_PUT,3067.2925161901253,2200.0,0.0,277.20000000000005,0.0,884.068,0
2020-09-18,330.6499938964844,0.0,108000.0,113555.08368173355,5555.083681733551,114718.33116093009,0,0.052191388773463965,-0.007157461725631364,112381.2450369936,4381.245036993598,113544.49251619013,0,0.04075921646016911,-0.007231681820902169,111785.3735251465,3785.373525146497,1348.275563720711,334,0.030300475440381947,-0.0713406707241756,1163.2474791965392,33800.0,SHORT_PUT,4241.131160930074,2200.0,0.0,277.20000000000005,0.0,1163.2474791965392,33800.0,SHORT_PUT,3067.2925161901253,2200.0,0.0,277.20000000000005,0.0,1331.2939999999999,0
2020-09-21,326.9700012207031,0.0,108000.0,113359.33833468083,5359.338334680826,114718.33116093009,0,0.050377629654245526,-0.008868915769978059,112185.49968994087,4185.4996899408725,113544.49251619013,0,0.0389464248866529,-0.008960882978274687,110556.25597143556,2556.2559714355593,1348.275563720711,334,0.018971977265478834,-0.08155159051658978,1358.9928262492622,33800.0,SHORT_PUT,4241.131160930074,2200.0,0.0,277.20000000000005,0.0,1358.9928262492622,33800.0,SHORT_PUT,3067.2925161901253,2200.0,0.0,277.20000000000005,0.0,1331.2939999999999,0
2020-09-22,330.29998779296875,0.0,108000.0,113600.47558729773,5600.475587297726,114718.33116093009,0,0.0526119861664307,-0.006760588126702327,112426.63694255776,4426.636942557758,113544.49251619013,0,0.0411795894864071,-0.00683069279705717,111668.47148657228,3668.471486572278,1348.275563720711,334,0.029223015821786547,-0.07231183685539466,1117.8555736323688,33800.0,SHORT_PUT,4241.131160930074,2200.0,0.0,277.20000000000005,0.0,1117.8555736323688,33800.0,SHORT_PUT,3067.2925161901253,2200.0,0.0,277.20000000000005,0.0,1331.2939999999999,0
2020-09-23,322.6400146484375,0.0,108000.0,113016.1764734837,5016.176473483705,114718.33116093009,0,0.04719792211848195,-0.011869271916646107,111842.33782874375,3842.3378287437517,113544.49251619013,0,0.03576841355868665,-0.011992351651643696,109110.04045629884,1110.0404562988406,1348.275563720711,334,0.005642536339118154,-0.09356605616555969,1702.154687446383,33800.0,SHORT_PUT,4241.131160930074,2200.0,0.0,277.20000000000005,0.0,1702.154687446383,33800.0,SHORT_PUT,3067.2925161901253,2200.0,0.0,277.20000000000005,0.0,1331.2939999999999,0
2020-09-24,323.5,0.0,108000.0,113090.53558211299,5090.535582112992,114718.33116093009,0,0.04788692705987141,-0.011219130295842539,111916.69693737304,3916.696937373039,113544.49251619013,0,0.03645705095194751,-0.01133546831500798,109397.27556372072,1397.2755637207156,1348.275563720711,334,0.008289917283579085,-0.09117984450126837,1627.7955788170964,33800.0,SHORT_PUT,4241.131160930074,2200.0,0.0,277.20000000000005,0.0,1627.7955788170964,33800.0,SHORT_PUT,3067.2925161901253,2200.0,0.0,277.20000000000005,0.0,1331.2939999999999,0
2020-09-25,328.7300109863281,0.0,108000.0,113555.87688637449,5555.876886374492,114718.33116093009,0,0.05219873853769896,-0.007150526524814627,112382.03824163454,4382.038241634538,113544.49251619013,0,0.0407665623036888,-0.007224674704749634,111144.09923315431,3144.0992331543093,1348.275563720711,334,0.024389995499295658,-0.07666807032130896,1162.454274555596,33800.0,SHORT_PUT,4241.131160930074,2200.0,0.0,277.20000000000005,0.0,1162.454274555596,33800.0,SHORT_PUT,3067.2925161901253,2200.0,0.0,277.20000000000005,0.0,1331.2939999999999,0
2020-09-28,334.19000244140625,0.0,108000.0,114100.62139663968,6100.621396639675,114718.33116093009,0,0.05724629311825047,-0.0023876792374262212,112926.78275189972,4926.782751899722,113544.49251619013,0,0.04581142427765905,-0.0024124385427882755,112967.7363791504,4967.736379150403,1348.275563720711,334,0.04119804613507827,-0.06151816657775466,617.7097642904127,33800.0,SHORT_PUT,4241.131160930074,2200.0,0.0,277.20000000000005,0.0,617.7097642904127,33800.0,SHORT_PUT,3067.2925161901253,2200.0,0.0,277.20000000000005,0.0,1331.2939999999999,0
2020-09-29,332.3699951171875,0.0,108000.0,114012.28139940005,6012.281399400046,114718.33116093009,0,0.05642774249624294,-0.0031600595153216116,112838.4427546601,4838.442754660093,113544.49251619013,0,0.044993310309630496,-0.0031928281038636763,112359.85393286134,4359.853932861341,1348.275563720711,334,0.03559533127468906,-0.06656816271810284,706.0497615300368,33800.0,SHORT_PUT,4241.131160930074,2200.0,0.0,277.20000000000005,0.0,706.0497615300368,33800.0,SHORT_PUT,3067.2925161901253,2200.0,0.0,277.20000000000005,0.0,1331.2939999999999,0
2020-09-30,334.8900146484375,0.0,108000.0,114252.37623345121,6252.376233451214,114718.33116093009,0,0.05865244004994885,-0.0010608460170160594,113078.53758871126,5078.5375887112605,113544.49251619013,0,0.047216821103455375,-0.0010718465777557196,113201.54045629884,5201.540456298841,1348.275563720711,334,0.04335296537226929,-0.059575834315316434,465.95492747887255,33800.0,SHORT_PUT,4241.131160930074,2200.0,0.0,277.20000000000005,0.0,465.95492747887255,33800.0,SHORT_PUT,3067.2925161901253,2200.0,0.0,277.20000000000005,0.0,1331.2939999999999,0
2020-10-01,337.0400085449219,1000.0,109000.0,115469.40886644393,6469.408866443933,115718.33116093009,0,0.06066344528294931,0.0,114295.57022170398,5295.57022170398,114544.49251619013,0,0.049226753570260184,0.0,114919.60841772462,5919.608417724623,1337.1255380859454,337,0.04997123517559965,-0.05361046970272587,248.92229448615439,33800.0,SHORT_PUT,4241.131160930074,2200.0,0.0,277.20000000000005,0.0,248.92229448615439,33800.0,SHORT_PUT,3067.2925161901253,2200.0,0.0,277.20000000000005,0.0,1331.2939999999999,3
2020-10-02,333.8399963378906,0.0,109000.0,115302.33079471915,6302.33079471915,81918.33116093009,100,0.05912872188801255,-0.0014469466273794307,114128.4921499792,5128.492149979196,80744.49251619013,100,0.047692986492073874,-0.0014618070621695844,113841.20430395509,4841.204303955092,1337.1255380859454,337,0.04011831873302674,-0.06249137677118033,0.0,0.0,STOCK,4241.131160930074,2200.0,-416.0003662109375,277.20000000000005,0.0,0.0,0.0,STOCK,3067.2925161901253,2200.0,-416.0003662109375,277.20000000000005,0.0,1331.2939999999999,0
2020-10-05,339.760009765625,0.0,109000.0,115894.33213749259,6894.332137492587,81918.33116093009,100,0.06456664860819239,0.0,114720.49349275263,5720.493492752634,80744.49251619013,100,0.05312752473167981,0.0,115836.24882910158,6836.248829101576,1337.1255380859454,337,0.058346185962474095,-0.04606172410292164,0.0,0.0,STOCK,4241.131160930074,2200.0,176.0009765625,277.20000000000005,0.0,0.0,0.0,STOCK,3067.2925161901253,2200.0,176.0009765625,277.20000000000005,0.0,1331.2939999999999,0
2020-10-06,334.92999267578125,0.0,109000.0,115371.89397857594,6371.893978575943,82275.65243528658,100,0.05976770607420279,-0.004507883597765994,114198.05533383599,5198.05533383599,81101.81379054663,100,0.04833157251447617,-0.004554008991860314,114208.53306982423,5208.533069824232,1337.1255380859454,337,0.043474444317906924,-0.05946633950398117,396.7577242887579,0.0,COVERED_CALL,4598.452435286569,2200.0,-307.000732421875,277.20000000000005,0.0,396.7577242887579,0.0,COVERED_CALL,3424.6137905466207,2200.0,-307.000732421875,277.20000000000005,0.0,1331.2939999999999,0
2020-10-07,340.760009765625,0.0,109000.0,115746.48899924065,6746.488999240653,82275.65243528658,100,0.06320861089137053,-0.0012756718600919204,114572.6503545007,5572.6503545007,81101.81379054663,100,0.051770333235239274,-0.001288724740896252,116173.24882910158,7173.248829101576,1337.1255380859454,337,0.061425210605231095,-0.043286451230855505,605.1644126084243,0.0,COVERED_CALL,4598.452435286569,2200.0,276.0009765625,277.20000000000005,0.0,605.1644126084243,0.0,COVERED_CALL,3424.6137905466207,2200.0,276.0009765625,277.20000000000005,0.0,1331.2939999999999,0
2020-10-08,343.7799987792969,0.0,109000.0,116013.41822299676,7013.4182229967555,82275.65243528658,100,0.06566053363779534,0.0,114839.5795782568,5839.579578256802,81101.81379054663,100,0.05422072813970824,0.0,117190.985126709,8190.985126708998,1337.1255380859454,337,0.07072383119918269,-0.03490515764727409,640.234090219512,0.0,COVERED_CALL,4598.452435286569,2200.0,577.9998779296875,277.20000000000005,0.0,640.234090219512,0.0,COVERED_CALL,3424.6137905466207,2200.0,577.9998779296875,277.20000000000005,0.0,1331.2939999999999,0
2020-10-09,346.8500061035156,0.0,109000.0,116286.2728735467,7286.272873546695,82275.65243528658,100,0.06816688537679583,0.0,115112.43422880674,6112.434228806742,81101.81379054663,100,0.05672551812096249,0.0,118225.57759497072,9225.577594970717,1337.1255380859454,337,0.0801764594038974,-0.026385049603324995,674.3801720914512,0.0,COVERED_CALL,4598.452435286569,2200.0,885.0006103515625,277.20000000000005,0.0,674.3801720914512,0.0,COVERED_CALL,3424.6137905466207,2200.0,885.0006103515625,277.20000000000005,0.0,1331.2939999999999,0
2020-10-12,352.42999267578125,0.0,109000.0,116709.92425316741,7709.92425316741,82275.65243528658,100,0.07205840553194887,0.0,115536.08560842746,6536.0856084274565,81101.81379054663,100,0.060614613392308225,0.0,120106.03306982423,11106.033069824232,1337.1255380859454,337,0.0973573755661572,-0.01089906424282272,808.7274496972927,0.0,COVERED_CALL,4598.452435286569,2200.0,1442.999267578125,277.20000000000005,0.0,808.7274496972927,0.0,COVERED_CALL,3424.6137905466207,2200.0,1442.999267578125,277.20000000000005,0.0,1331.2939999999999,0
2020-10-13,350.1300048828125,0.0,109000.0,116602.11989727957,7602.119897279568,82275.65243528658,100,0.07106815070467443,-0.0009236948492401531,115428.28125253961,6428.281252539615,81101.81379054663,100,0.05962497561256286,-0.0009330795250690471,119330.93718359376,10330.937183593764,1337.1255380859454,337,0.09027565647356584,-0.01728215797073218,686.5330262882669,0.0,COVERED_CALL,4598.452435286569,2200.0,1213.00048828125,277.20000000000005,0.0,686.5330262882669,0.0,COVERED_CALL,3424.6137905466207,2200.0,1213.00048828125,277.20000000000005,0.0,1331.2939999999999,0
2020-10-14,347.92999267578125,0.0,109000.0,116458.23072293073,7458.2307229307335,82275.65243528658,100,0.06974643278040338,-0.0021565735034727584,115284.39207819078,6284.39207819078,81101.81379054663,100,0.058304081277086084,-0.0021784841412207934,118589.53306982423,9589.533069824232,1337.1255380859454,337,0.08350176467375015,-0.02338779216712039,610.420979933974,0.0,COVERED_CALL,4598.452435286569,2200.0,992.999267578125,277.20000000000005,0.0,610.420979933974,0.0,COVERED_CALL,3424.6137905466207,2200.0,992.999267578125,277.20000000000005,0.0,1331.2939999999999,0
2020-10-15,347.5,0.0,109000.0,116441.44028175187,7441.440281751871,82275.65243528658,100,0.06959220139251099,-0.002300438228656221,115267.60163701192,6267.601637011918,81101.81379054663,100,0.05814994599384682,-0.002323810522069203,118444.62553808595,9444.625538085951,1337.1255380859454,337,0.08217780662881458,-0.024581139175403277,584.2121535347134,0.0,COVERED_CALL,4598.452435286569,2200.0,950.0,277.20000000000005,0.0,584.2121535347134,0.0,COVERED_CALL,3424.6137905466207,2200.0,950.0,277.20000000000005,0.0,1331.2939999999999,0
2020-10-16,347.2900085449219,0.0,109000.0,116430.74492640114,7430.7449264011375,82275.65243528658,100,0.06949395742844988,-0.002392078724690827,115256.90628166118,6256.906281661184,81101.81379054663,100,0.058051763247558785,-0.002416382079210022,118373.85841772462,9373.858417724623,1337.1255380859454,337,0.08153123776386062,-0.02516392276404733,573.9083633776364,0.0,COVERED_CALL,4598.452435286569,2200.0,929.0008544921875,277.20000000000005,0.0,573.9083633776364,0.0,COVERED_CALL,3424.6137905466207,2200.0,929.0008544921875,277.20000000000005,0.0,1331.2939999999999,0
2020-10-19,342.010009765625,0.0,109000.0,116129.24510395671,7129.2451039567095,82275.65243528658,100,0.06672448070240211,-0.004975405073103345,114955.40645921676,5955.406459216756,81101.81379054663,100,0.055284012237683644,-0.0050259548447809665,116594.49882910158,7594.498829101576,1337.1255380859454,337,0.06527399140867796,-0.03981736014077242,347.40830789237356,0.0,COVERED_CALL,4598.452435286569,2200.0,401.0009765625,277.20000000000005,0.0,347.40830789237356,0.0,COVERED_CALL,3424.6137905466207,2200.0,401.0009765625,277.20000000000005,0.0,1331.2939999999999,0
2020-10-20,343.3800048828125,0.0,109000.0,116200.4248951384,7200.424895138407,82275.65243528658,100,0.06737831450384313,-0.004365518710506722,115026.58625039845,6026.586250398454,81101.81379054663,100,0.05593743862224532,-0.004409872078891319,117056.18718359376,8056.187183593764,1337.1255380859454,337,0.06949224013495514,-0.036015249857178855,413.22802842942724,0.0,COVERED_CALL,4598.452435286569,2200.0,538.00048828125,277.20000000000005,0.0,413.22802842942724,0.0,COVERED_CALL,3424.6137905466207,2200.0,538.00048828125,277.20000000000005,0.0,1331.2939999999999,0
2020-10-21,342.7300109863281,0.0,109000.0,116174.26216067396,7174.262160673956,82275.65243528658,100,0.0671379923583717,-0.004589687603014259,115000.423515934,6000.423515934002,81101.81379054663,100,0.055697266226294895,-0.004636318511853754,116837.13924047853,7837.139240478529,1337.1255380859454,337,0.06749089291003796,-0.037819160285100684,374.3913732454329,0.0,COVERED_CALL,4598.452435286569,2200.0,473.0010986328125,277.20000000000005,0.0,374.3913732454329,0.0,COVERED_CALL,3424.6137905466207,2200.0,473.0010986328125,277.20000000000005,0.0,1331.2939999999999,0
2020-10-22,344.6099853515625,0.0,109000.0,116346.87111793301,7346.871117933013,82275.65243528658,100,0.06872352062157461,-0.003110730621732838,115173.03247319306,6173.03247319306,81101.81379054663,100,0.05728180651522097,-0.0031423354298575346,117470.69060156251,8470.690601562514,1337.1255380859454,337,0.07327938030834646,-0.03260171842908566,389.7798525098254,0.0,COVERED_CALL,4598.452435286569,2200.0,660.99853515625,277.20000000000005,0.0,389.7798525098254,0.0,COVERED_CALL,3424.6137905466207,2200.0,660.99853515625,277.20000000000005,0.0,1331.2939999999999,0
2020-10-23,345.7799987792969,0.0,109000.0,116465.09592360935,7465.095923609348,82275.65243528658,100,0.06980949422218097,-0.002097750736492765,115291.2572788694,6291.257278869394,81101.81379054663,100,0.05836710342402185,-0.0021190637389936207,117864.985126709,8864.985126708998,1337.1255380859454,337,0.07688188048469735,-0.02935461190314137,388.55638960692596,0.0,COVERED_CALL,4598.452435286569,2200.0,777.9998779296875,277.20000000000005,0.0,388.55638960692596,0.0,COVERED_CALL,3424.6137905466207,2200.0,777.9998779296875,277.20000000000005,0.0,1331.2939999999999,0
2020-10-26,339.3900146484375,0.0,109000.0,116066.69806200005,7066.698062000054,82275.65243528658,100,0.06614994445366507,-0.005511323867986473,114892.8594172601,5892.859417260101,81101.81379054663,100,0.05470983399393958,-0.005567318537581301,115711.56047460939,6711.560474609389,1337.1255380859454,337,0.05720696187895413,-0.047088561514448846,147.95583813027463,0.0,COVERED_CALL,4598.452435286569,2200.0,139.00146484375,277.20000000000005,0.0,147.95583813027463,0.0,COVERED_CALL,3424.6137905466207,2200.0,139.00146484375,277.20000000000005,0.0,1331.2939999999999,0
2020-10-27,338.2200012207031,0.0,109000.0,115917.5144387439,6917.514438743907,82275.65243528658,100,0.0647795934890587,-0.00678956669275721,114743.67579400395,5743.675794003953,81101.81379054663,100,0.05334033692234463,-0.00685854822110854,115317.2659494629,6317.265949462904,1337.1255380859454,337,0.053604461702603245,-0.050335668040393244,180.1381186129811,0.0,COVERED_CALL,4598.452435286569,2200.0,22.0001220703125,277.20000000000005,0.0,180.1381186129811,0.0,COVERED_CALL,3424.6137905466207,2200.0,22.0001220703125,277.20000000000005,0.0,1331.2939999999999,0
2020-10-28,326.6600036621094,0.0,109000.0,114901.6899880088,5901.689988008802,82275.65243528658,100,0.05544856917451013,-0.015493406209708405,113727.85134326885,4727.851343268849,81101.81379054663,100,0.044015126955111006,-0.015650818146003886,111421.54677221681,2421.5467722168105,1337.1255380859454,337,0.018010944349480473,-0.08241781566591,39.96281348872176,0.0,COVERED_CALL,4598.452435286569,2200.0,-1133.9996337890625,277.20000000000005,0.0,39.96281348872176,0.0,COVERED_CALL,3424.6137905466207,2200.0,-1133.9996337890625,277.20000000000005,0.0,1331.2939999999999,0
2020-10-29,329.9800109863281,0.0,109000.0,115169.22159897546,6169.221598975462,82275.65243528658,100,0.057906025248769755,-0.013201128045031041,113995.38295423551,4995.382954235509,81101.81379054663,100,0.046471051739487956,-0.013335250593599635,112540.38924047853,3540.3892404785292,1337.1255380859454,337,0.028233328714884376,-0.07320388940394451,104.43193494392898,0.0,COVERED_CALL,4598.452435286569,2200.0,-801.9989013671875,277.20000000000005,0.0,104.43193494392898,0.0,COVERED_CALL,3424.6137905466207,2200.0,-801.9989013671875,277.20000000000005,0.0,1331.2939999999999,0
2020-10-30,326.5400085449219,0.0,109000.0,114891.64337197079,5891.643371970786,82275.65243528658,100,0.05535628431322159,-0.015579488144062292,113717.80472723083,4717.804727230832,81101.81379054663,100,0.04392289959835982,-0.015737774666861326,111381.10841772462,2381.108417724623,1337.1255380859454,337,0.017641476426649705,-0.08275083485942081,38.00991780798951,0.0,COVERED_CALL,4598.452435286569,2200.0,-1145.9991455078125,277.20000000000005,0.0,38.00991780798951,0.0,COVERED_CALL,3424.6137905466207,2200.0,-1145.9991455078125,277.20000000000005,0.0,1331.2939999999999,0
2020-11-02,330.20001220703125,1000.0,110000.0,116279.04725947799,6279.047259477986,83275.65243528658,100,0.05891484710550765,-0.012260114149209467,115105.20861473803,5105.208614738032,82101.81379054663,100,0.047479244979210744,-0.012384676061632627,113614.49965185548,3614.4996518554835,1346.495501464852,340,0.028910443797716567,-0.07259357304123804,16.606396511722664,0.0,COVERED_CALL,4598.452435286569,2200.0,-779.998779296875,277.20000000000005,0.0,16.606396511722664,0.0,COVERED_CALL,3424.6137905466207,2200.0,-779.998779296875,277.20000000000005,0.0,1331.2939999999999,3
2020-11-03,336.0299987792969,0.0,110000.0,116856.94139423779,6856.941394237787,83275.65243528658,100,0.06417753796662895,-0.007351155053356928,115683.10274949783,5683.102749497833,82101.81379054663,100,0.052738191287906355,-0.007426280955350584,115596.6950864258,5596.695086425796,1346.495501464852,340,0.046861511579796566,-0.05641341301640079,21.710918978477842,0.0,COVERED_CALL,4598.452435286569,2200.0,-197.0001220703125,277.20000000000005,0.0,21.710918978477842,0.0,COVERED_CALL,3424.6137905466207,2200.0,-197.0001220703125,277.20000000000005,0.0,1331.2939999999999,0
2020-11-04,343.5400085449219,0.0,110000.0,117590.23816262926,7590.238162629263,83275.65243528658,100,0.07085542924356258,-0.0011221182373821748,116416.39951788931,6416.399517889309,82101.81379054663,100,0.05941133105755236,-0.0011345141954127724,118150.0984067383,8150.098406738296,1346.495501464852,340,0.06998552613381737,-0.0355706274817027,39.41512714951033,0.0,COVERED_CALL,4598.452435286569,2200.0,554.0008544921875,277.20000000000005,0.0,39.41512714951033,0.0,COVERED_CALL,3424.6137905466207,2200.0,554.0008544921875,277.20000000000005,0.0,1331.2939999999999,0
2020-11-05,350.239990234375,0.0,110000.0,118256.35459903898,8256.354599038983,83275.65243528658,100,0.07692153144374014,0.0,117082.51595429903,7082.5159542990295,82101.81379054663,100,0.06547311705556114,0.0,120428.09218115236,10428.092181152359,1346.495501464852,340,0.09061538933422719,-0.016975940417663593,43.296859685095086,0.0,COVERED_CALL,4598.452435286569,2200.0,1223.9990234375,277.20000000000005,0.0,43.296859685095086,0.0,COVERED_CALL,3424.6137905466207,2200.0,1223.9990234375,277.20000000000005,0.0,1331.2939999999999,0
2020-11-06,350.1600036621094,0.0,110000.0,118291.65280149752,8291.65280149752,83275.65243528658,100,0.07724298050563405,0.0,117117.81415675757,7117.814156757566,82101.81379054663,100,0.06579433739741503,0.0,120400.89674658205,10400.896746582046,1346.495501464852,340,0.0903691032814895,-0.01719792987219393,0.0,0.0,STOCK,4598.452435286569,2200.0,1216.0003662109375,277.20000000000005,0.0,0.0,0.0,STOCK,3424.6137905466207,2200.0,1216.0003662109375,277.20000000000005,0.0,1331.2939999999999,0
2020-11-09,354.5599975585937,0.0,110000.0,118731.65219114596,8731.652191145957,83275.65243528658,100,0.08124990950442768,0.0,117557.81354640599,7557.813546405989,82101.81379054663,100,0.06979841535363396,0.0,121896.89467138672,11896.894671386719,1346.495501464852,340,0.10391709137674043,-0.004986477157688629,0.0,0.0,STOCK,4598.452435286569,2200.0,1655.9997558593677,277.20000000000005,0.0,0.0,0.0,STOCK,3424.6137905466207,2200.0,1655.9997558593677,277.20000000000005,0.0,1331.2939999999999,0
2020-11-10,354.0400085449219,0.0,110000.0,118630.1616995359,8630.161699535907,83728.49754259372,100,0.08032566914523298,-0.0008547888430513462,117456.32305479595,7456.323054795954,82554.65889785376,100,0.06887483261742555,-0.0008633240832601752,121720.0984067383,11720.098406738296,1346.495501464852,340,0.10231599711783335,-0.006429620353316623,502.336697549997,0.0,COVERED_CALL,5051.297542593709,2200.0,1604.0008544921875,277.20000000000005,0.0,502.336697549997,0.0,COVERED_CALL,3877.458897853761,2200.0,1604.0008544921875,277.20000000000005,0.0,1331.2939999999999,0
2020-11-11,356.6700134277344,0.0,110000.0,118860.20766569156,8860.20766569156,83728.49754259372,100,0.08242062171682885,0.0,117686.3690209516,7686.369020951606,82554.65889785376,100,0.07096829457139986,0.0,122614.30006689455,12614.300066894546,1346.495501464852,340,0.11041402536084188,0.0,535.2912196755946,0.0,COVERED_CALL,5051.297542593709,2200.0,1867.0013427734375,277.20000000000005,0.0,535.2912196755946,0.0,COVERED_CALL,3877.458897853761,2200.0,1867.0013427734375,277.20000000000005,0.0,1331.2939999999999,0
2020-11-12,353.2099914550781,0.0,110000.0,118683.01307033225,8683.01307033225,83728.49754259372,100,0.08080696910894236,-0.0014907814721111246,117509.1744255923,7509.174425592297,82554.65889785376,100,0.06935579012268622,-0.0015056509673416762,121437.89259619142,11437.892596191421,1346.495501464852,340,0.09976029774264927,-0.00959437414772435,366.4836177692786,0.0,COVERED_CALL,5051.297542593709,2200.0,1520.9991455078125,277.20000000000005,0.0,366.4836177692786,0.0,COVERED_CALL,3877.458897853761,2200.0,1520.9991455078125,277.20000000000005,0.0,1331.2939999999999,0
2020-11-13,358.1000061035156,0.0,110000.0,118966.65434941335,8966.654349413351,83728.49754259372,100,0.08338999647930545,0.0,117792.8157046734,7792.815704673398,82554.65889785376,100,0.07193697959649392,0.0,123100.49757666017,13100.497576660171,1346.495501464852,340,0.11481710504767051,0.0,571.8438035319222,0.0,COVERED_CALL,5051.297542593709,2200.0,2010.0006103515625,277.20000000000005,0.0,571.8438035319222,0.0,COVERED_CALL,3877.458897853761,2200.0,2010.0006103515625,277.20000000000005,0.0,1331.2939999999999,0
2020-11-16,362.5700073242188,0.0,110000.0,119383.5305480485,9383.530548048497,83728.49754259372,100,0.08718635022096088,0.0,118209.69190330856,8209.691903308558,82554.65889785376,100,0.07573063212578757,0.0,124620.29799169925,14620.297991699248,1346.495501464852,340,0.12858065216809522,0.0,601.9677269670972,0.0,COVERED_CALL,5051.297542593709,2200.0,2457.0007324218823,277.20000000000005,0.0,601.9677269670972,0.0,COVERED_CALL,3877.458897853761,2200.0,2457.0007324218823,277.20000000000005,0.0,1331.2939999999999,0
2020-11-17,360.6199951171875,0.0,110000.0,119304.75594966474,9304.755949664745,83728.49754259372,100,0.08646897599259118,-0.0006598447710679523,118130.91730492479,8130.917304924791,82554.65889785376,100,0.07501376832933904,-0.0006663971212123032,123957.29384130861,13957.293841308609,1346.495501464852,340,0.122576384255914,-0.005320193909621351,485.7411046477228,0.0,COVERED_CALL,5051.297542593709,2200.0,2261.99951171875,277.20000000000005,0.0,485.7411046477228,0.0,COVERED_CALL,3877.458897853761,2200.0,2261.99951171875,277.20000000000005,0.0,1331.2939999999999,0
2020-11-18,356.2799987792969,0.0,110000.0,119017.74841836617,9017.748418366173,83728.49754259372,100,0.0838552932760055,-0.0030639245464021414,117843.90977362622,7843.909773626219,82554.65889785376,100,0.07240194532144884,-0.0030943497423335797,122481.6950864258,12481.695086425796,1346.495501464852,340,0.10921313419182743,-0.017160951624557108,338.74900215722727,0.0,COVERED_CALL,5051.297542593709,2200.0,1827.9998779296875,277.20000000000005,0.0,338.74900215722727,0.0,COVERED_CALL,3877.458897853761,2200.0,1827.9998779296875,277.20000000000005,0.0,1331.2939999999999,0
2020-11-19,357.7799987792969,0.0,110000.0,119104.44055512056,9104.440555120556,83728.49754259372,100,0.08464476990915748,-0.0023377595858216083,117930.6019103806,7930.601910380603,82554.65889785376,100,0.0731908602197926,-0.0023609738629233323,122991.6950864258,12991.695086425796,1346.495501464852,340,0.11383177290382984,-0.01306852038968731,402.0568654028531,0.0,COVERED_CALL,5051.297542593709,2200.0,1977.9998779296875,277.20000000000005,0.0,402.0568654028531,0.0,COVERED_CALL,3877.458897853761,2200.0,1977.9998779296875,277.20000000000005,0.0,1331.2939999999999,0
2020-11-20,355.3299865722656,0.0,110000.0,118968.08396479441,8968.083964794409,83728.49754259372,100,0.08340301551401841,-0.0034799321258710547,117794.24532005446,7794.245320054455,82554.65889785376,100,0.07194998936779817,-0.003514488334796506,122158.69093603517,12158.690936035171,1346.495501464852,340,0.10628795875431463,-0.019752858044265187,293.4122350258714,0.0,COVERED_CALL,5051.297542593709,2200.0,1732.9986572265625,277.20000000000005,0.0,293.4122350258714,0.0,COVERED_CALL,3877.458897853761,2200.0,1732.9986572265625,277.20000000000005,0.0,1331.2939999999999,0
2020-11-23,357.4599914550781,0.0,110000.0,119158.48660726505,9158.486607265047,83728.49754259372,100,0.0851369494409997,-0.0018850501384096718,117984.6479625251,7984.647962525094,82554.65889785376,100,0.07368268955206836,-0.0019037689478751396,122882.89259619142,12882.892596191421,1346.495501464852,340,0.11284644075998918,-0.013941592369033917,316.01008083648037,0.0,COVERED_CALL,5051.297542593709,2200.0,1945.9991455078125,277.20000000000005,0.0,316.01008083648037,0.0,COVERED_CALL,3877.458897853761,2200.0,1945.9991455078125,277.20000000000005,0.0,1331.2939999999999,0
2020-11-24,363.2200012207031,0.0,110000.0,119593.9703898316,9593.970389831593,83728.49754259372,100,0.08910275629874209,0.0,118420.13174509164,8420.13174509164,82554.65889785376,100,0.07764567462679506,0.0,124841.29591650392,14841.295916503921,1346.495501464852,340,0.13058204348334068,0.0,456.5272748324368,0.0,COVERED_CALL,5051.297542593709,2200.0,2522.0001220703125,277.20000000000005,0.0,456.5272748324368,0.0,COVERED_CALL,3877.458897853761,2200.0,2522.0001220703125,277.20000000000005,0.0,1331.2939999999999,0
2020-11-25,362.6600036621094,0.0,110000.0,119610.12640148718,9610.126401487185,83728.49754259372,100,0.08924988375648546,0.0,118436.28775674723,8436.287756747231,82554.65889785376,100,0.07779269739921801,0.0,124650.89674658205,14650.896746582046,1346.495501464852,340,0.1288577592148421,-0.0015251297138826336,384.37150731746874,0.0,COVERED_CALL,5051.297542593709,2200.0,2466.0003662109375,277.20000000000005,0.0,384.37150731746874,0.0,COVERED_CALL,3877.458897853761,2200.0,2466.0003662109375,277.20000000000005,0.0,1331.2939999999999,0
2020-11-27,363.6700134277344,0.0,110000.0,119727.263143558,9727.263143557997,83728.49754259372,100,0.09031660934672492,0.0,118553.42449881804,8553.424498818044,82554.65889785376,100,0.07885866398422592,0.0,124994.30006689455,14994.300066894546,1346.495501464852,340,0.1319676726835195,0.0,368.23574180915307,0.0,COVERED_CALL,5051.297542593709,2200.0,2567.0013427734375,277.20000000000005,0.0,368.23574180915307,0.0,COVERED_CALL,3877.458897853761,2200.0,2567.0013427734375,277.20000000000005,0.0,1331.2939999999999,0
2020-11-30,362.05999755859375,0.0,110000.0,119695.41736280019,9695.417362800188,83728.49754259372,100,0.0900266003480541,-0.0002659860412881354,118521.57871806023,8521.578718060235,82554.65889785376,100,0.07856886133510677,-0.00026861966149382965,124446.89467138673,14446.894671386734,1346.495501464852,340,0.12701028493675204,-0.004379442864313576,239.07993565290738,0.0,COVERED_CALL,5051.297542593709,2200.0,2405.999755859375,277.20000000000005,0.0,239.07993565290738,0.0,COVERED_CALL,3877.458897853761,2200.0,2405.999755859375,277.20000000000005,0.0,1331.2939999999999,0
2020-12-01,366.0199890136719,1000.0,111000.0,120982.85236941701,9982.852369417014,84728.49754259372,100,0.09264417594106034,0.0,119809.01372467706,8809.013724677061,83554.65889785376,100,0.08118457444952654,0.0,126793.27176611329,15793.271766113292,1614.4355234375084,342,0.13920328370274682,0.0,347.644074543894,0.0,COVERED_CALL,5051.297542593709,2200.0,2801.9989013671875,277.20000000000005,0.0,347.644074543894,0.0,COVERED_CALL,3877.458897853761,2200.0,2801.9989013671875,277.20000000000005,0.0,1331.2939999999999,2
2020-12-02,366.7900085449219,0.0,111000.0,121049.61625009155,10049.616250091553,84728.49754259372,100,0.09324714705600412,0.0,119875.7776053516,8875.777605351599,83554.65889785376,100,0.08178706733108543,0.0,127056.61844580079,16056.618445800792,1614.4355234375084,342,0.14156938245604356,0.0,357.882146994354,0.0,COVERED_CALL,5051.297542593709,2200.0,2879.0008544921875,277.20000000000005,0.0,357.882146994354,0.0,COVERED_CALL,3877.458897853761,2200.0,2879.0008544921875,277.20000000000005,0.0,1331.2939999999999,0
2020-12-03,366.6900024414063,0.0,111000.0,121063.34721088616,10063.34721088616,84728.49754259372,100,0.09337115681481256,0.0,119889.50856614622,8889.508566146222,83554.65889785376,100,0.08191097873425934,0.0,127022.41635839846,16022.416358398463,1614.4355234375084,342,0.14126208594310175,-0.00026918776700257663,334.15057584817305,0.0,COVERED_CALL,5051.297542593709,2200.0,2869.0002441406323,277.20000000000005,0.0,334.15057584817305,0.0,COVERED_CALL,3877.458897853761,2200.0,2869.0002441406323,277.20000000000005,0.0,1331.2939999999999,0
2020-12-04,369.8500061035156,0.0,111000.0,121259.52580309004,10259.525803090044,84728.49754259372,100,0.09514292357363696,0.0,120085.68715835009,9085.68715835009,83554.65889785376,100,0.08368134025493301,0.0,128103.13761083985,17103.137610839854,1614.4355234375084,342,0.1509720743549443,0.0,453.97234985524034,0.0,COVERED_CALL,5051.297542593709,2200.0,3185.0006103515625,277.20000000000005,0.0,453.97234985524034,0.0,COVERED_CALL,3877.458897853761,2200.0,3185.0006103515625,277.20000000000005,0.0,1331.2939999999999,0
2020-12-07,369.0899963378906,0.0,111000.0,121343.45382996264,10343.453829962644,84728.49754259372,100,0.09590091090791275,0.0,120169.61518522269,9169.61518522269,83554.65889785376,100,0.08443872640809147,0.0,127843.2142709961,16843.214270996104,1614.4355234375084,342,0.14863673338506067,-0.0020290161872019707,294.04334642013765,0.0,COVERED_CALL,5051.297542593709,2200.0,3108.9996337890625,277.20000000000005,0.0,294.04334642013765,0.0,COVERED_CALL,3877.458897853761,2200.0,3108.9996337890625,277.20000000000005,0.0,1331.2939999999999,0
2020-12-08,370.1700134277344,0.0,111000.0,121434.80759080438,10434.807590804383,84728.49754259372,100,0.09672596299404845,0.0,120260.96894606443,9260.96894606443,83554.65889785376,100,0.08526312412216508,0.0,128212.58011572267,17212.580115722667,1614.4355234375084,342,0.15195538568686673,0.0,310.69129456276414,0.0,COVERED_CALL,5051.297542593709,2200.0,3217.0013427734375,277.20000000000005,0.0,310.69129456276414,0.0,COVERED_CALL,3877.458897853761,2200.0,3217.0013427734375,277.20000000000005,0.0,1331.2939999999999,0
2020-12-09,366.8500061035156,0.0,111000.0,121305.82395272919,10305.823952729188,84728.49754259372,100,0.0955610605456898,-0.0010621636467678108,120131.98530798923,9131.985307989235,83554.65889785376,100,0.08409914559076892,-0.0010725311728781994,127077.13761083985,16077.137610839854,1614.4355234375084,342,0.14175374160906262,-0.00885593678762242,107.67420021609362,0.0,COVERED_CALL,5051.297542593709,2200.0,2885.0006103515625,277.20000000000005,0.0,107.67420021609362,0.0,COVERED_CALL,3877.458897853761,2200.0,2885.0006103515625,277.20000000000005,0.0,1331.2939999999999,0
2020-12-10,366.7300109863281,0.0,111000.0,121343.19238708931,10343.192387089308,84728.49754259372,100,0.09589854971351786,-0.000754439402776419,120169.35374234935,9169.353742349354,83554.65889785376,100,0.08443636708642654,-0.0007618033059100249,127036.09928076173,16036.09928076173,1614.4355234375084,342,0.14138502330302405,-0.009176017157591532,58.30625413721734,0.0,COVERED_CALL,5051.297542593709,2200.0,2873.0010986328125,277.20000000000005,0.0,58.30625413721734,0.0,COVERED_CALL,3877.458897853761,2200.0,2873.0010986328125,277.20000000000005,0.0,1331.2939999999999,0
2020-12-11,366.2999877929688,0.0,111000.0,121358.49632189059,10358.49632189059,84728.49754259372,100,0.09603676562512953,-0.0006284134707975619,120184.65767715065,9184.657677150652,83554.65889785376,100,0.08457447337510349,-0.0006345472648566775,126889.03134863284,15889.031348632838,1614.4355234375084,342,0.1400636576747465,-0.010323080355260195,0.0,0.0,STOCK,5051.297542593709,2200.0,2829.9987792968823,277.20000000000005,0.0,0.0,0.0,STOCK,3877.458897853761,2200.0,2829.9987792968823,277.20000000000005,0.0,1331.2939999999999,0
2020-12-14,364.6600036621094,0.0,111000.0,121194.49790880465,10194.497908804653,84728.49754259372,100,0.09455563084104646,-0.0019789192799603006,120020.6592640647,9020.6592640647,83554.65889785376,100,0.08309451332076057,-0.001998235039229468,126328.15677587892,15328.156775878917,1614.4355234375084,342,0.13502435120267076,-0.014697647751436671,0.0,0.0,STOCK,5051.297542593709,2200.0,2666.0003662109375,277.20000000000005,0.0,0.0,0.0,STOCK,3877.458897853761,2200.0,2666.0003662109375,277.20000000000005,0.0,1331.2939999999999,0
2020-12-15,369.5899963378906,0.0,111000.0,121617.31770417976,10617.31770417976,85377.87752852234,100,0.0983742842935087,0.0,120443.47905943981,9443.479059439807,84204.03888378238,100,0.0869101380915478,0.0,128014.2142709961,17014.214270996104,1614.4355234375084,342,0.15017312217604095,-0.0015471636601299688,719.5594581316368,0.0,COVERED_CALL,5700.677528522333,2200.0,3158.9996337890625,277.20000000000005,0.0,719.5594581316368,0.0,COVERED_CALL,4526.838883782385,2200.0,3158.9996337890625,277.20000000000005,0.0,1331.2939999999999,0
2020-12-16,370.1700134277344,0.0,111000.0,121747.2846959486,10747.284695948605,85377.87752852234,100,0.09954806779951486,0.0,120573.44605120865,9573.446051208652,84204.03888378238,100,0.0880829906367746,0.0,128212.58011572267,17212.580115722667,1614.4355234375084,342,0.15195538568686695,0.0,647.594175347169,0.0,COVERED_CALL,5700.677528522333,2200.0,3217.0013427734375,277.20000000000005,0.0,647.594175347169,0.0,COVERED_CALL,4526.838883782385,2200.0,3217.0013427734375,277.20000000000005,0.0,1331.2939999999999,0
2020-12-17,372.239990234375,0.0,111000.0,121902.43548978442,10902.435489784417,85377.87752852234,100,0.10094929622120641,0.0,120728.59684504446,9728.596845044463,84204.03888378238,100,0.08948310770471357,0.0,128920.51218359376,17920.51218359376,1614.4355234375084,342,0.15831596401349035,0.0,699.4410621754232,0.0,COVERED_CALL,5700.677528522333,2200.0,3423.9990234375,277.20000000000005,0.0,699.4410621754232,0.0,COVERED_CALL,4526.838883782385,2200.0,3423.9990234375,277.20000000000005,0.0,1331.2939999999999,0
2020-12-18,369.1799926757813,0.0,111000.0,121916.28497254864,10916.284972548645,85535.87752852234,100,0.10107437639898165,0.0,120742.4463278087,9742.446327808706,84362.03888378238,100,0.08960808867787495,0.0,128414.35301855471,17414.353018554713,2154.7955234375086,342,0.15376826069408733,-0.003926133680870247,537.5918235518208,0.0,COVERED_CALL,5700.677528522333,2200.0,3117.9992675781323,435.20000000000005,0.0,537.5918235518208,0.0,COVERED_CALL,4526.838883782385,2200.0,3117.9992675781323,435.20000000000005,0.0,1871.654,0
2020-12-21,367.8599853515625,0.0,111000.0,121895.71648963392,10895.716489633924,85535.87752852234,100,0.10088861426307094,-0.00016870988907968787,120721.87784489397,9721.87784489397,84362.03888378238,100,0.08942247387514946,-0.000170350059488511,127962.91051367189,16962.910513671886,2154.7955234375086,342,0.14971217178020413,-0.007427845683378731,426.1595740446655,0.0,COVERED_CALL,5700.677528522333,2200.0,2985.99853515625,435.20000000000005,0.0,426.1595740446655,0.0,COVERED_CALL,4526.838883782385,2200.0,2985.99853515625,435.20000000000005,0.0,1871.654,0
2020-12-22,367.239990234375,0.0,111000.0,121740.1340590967,10740.134059096701,85535.87752852234,100,0.09948348755894787,-0.0014448513870940483,120566.29541435675,9566.295414356748,84362.03888378238,100,0.08801846161661642,-0.0014588979999106133,127750.87218359376,16750.87218359376,2154.7955234375086,342,0.14780706468318527,-0.00907256712053972,519.7424928631405,0.0,COVERED_CALL,5700.677528522333,2200.0,2923.9990234375,435.20000000000005,0.0,519.7424928631405,0.0,COVERED_CALL,4526.838883782385,2200.0,2923.9990234375,435.20000000000005,0.0,1871.654,0
2020-12-23,367.5700073242188,0.0,111000.0,121813.63317809848,10813.633178098476,85535.87752852234,100,0.10014728728544853,-0.0008419859124912943,120639.79453335854,9639.794533358538,84362.03888378238,100,0.0886817348648461,-0.0008501715641198171,127863.73802832034,16863.73802832034,2154.7955234375086,342,0.14882113379852102,-0.008197098641436584,479.2450828457355,0.0,COVERED_CALL,5700.677528522333,2200.0,2957.0007324218823,435.20000000000005,0.0,479.2450828457355,0.0,COVERED_CALL,4526.838883782385,2200.0,2957.0007324218823,435.20000000000005,0.0,1871.654,0
2020-12-24,369.0,0.0,111000.0,121957.92536427766,10957.92536427766,85535.87752852234,100,0.10145044730998731,0.0,120784.0867195377,9784.086719537707,84362.03888378238,100,0.0899838613164421,0.0,128352.79552343751,17352.79552343751,2154.7955234375086,342,0.15321518323502925,-0.004403617783862002,477.9521642446776,0.0,COVERED_CALL,5700.677528522333,2200.0,3100.0,435.20000000000005,0.0,477.9521642446776,0.0,COVERED_CALL,4526.838883782385,2200.0,3100.0,435.20000000000005,0.0,1871.654,0
2020-12-28,372.1700134277344,0.0,111000.0,122296.02221318374,11296.022213183736,85535.87752852234,100,0.10450393419367576,0.0,121122.18356844378,10122.183568443783,84362.03888378238,100,0.09303492639362632,0.0,129436.94011572267,18436.940115722668,2154.7955234375086,342,0.16295592943028514,0.0,456.8566581120365,0.0,COVERED_CALL,5700.677528522333,2200.0,3417.0013427734375,435.20000000000005,0.0,456.8566581120365,0.0,COVERED_CALL,4526.838883782385,2200.0,3417.0013427734375,435.20000000000005,0.0,1871.654,0
2020-12-29,371.4599914550781,0.0,111000.0,122266.32953567883,11266.32953567883,85535.87752852234,100,0.1042357678336634,-0.0002427934855733227,121092.49089093888,10092.490890938876,84362.03888378238,100,0.09276697272391177,-0.00024514648456719357,129194.11260107423,18194.11260107423,2154.7955234375086,342,0.16077418983000769,-0.001876029473744767,415.5471383513254,0.0,COVERED_CALL,5700.677528522333,2200.0,3345.9991455078125,435.20000000000005,0.0,415.5471383513254,0.0,COVERED_CALL,4526.838883782385,2200.0,3345.9991455078125,435.20000000000005,0.0,1871.654,0
2020-12-30,371.989990234375,0.0,111000.0,122278.41736834357,11278.417368343566,85535.87752852234,100,0.10434493784992771,-0.000143952718343332,121104.57872360361,10104.578723603612,84362.03888378238,100,0.09287605615435934,-0.00014534781591213353,129375.37218359376,18375.37218359376,2154.7955234375086,342,0.1624027581974976,-0.00047565966928642123,456.45918361627264,0.0,COVERED_CALL,5700.677528522333,2200.0,3398.9990234375,435.20000000000005,0.0,456.45918361627264,0.0,COVERED_CALL,4526.838883782385,2200.0,3398.9990234375,435.20000000000005,0.0,1871.654,0
2020-12-31,373.8800048828125,0.0,111000.0,122424.73648856019,11424.736488560186,85535.87752852234,100,0.10566640392055193,0.0,121250.89784382023,10250.897843820232,84362.03888378238,100,0.0941964741329997,0.0,130021.75719335939,19021.757193359386,2154.7955234375086,342,0.1682103528387935,0.0,499.14152824339817,0.0,COVERED_CALL,5700.677528522333,2200.0,3588.00048828125,435.20000000000005,0.0,499.14152824339817,0.0,COVERED_CALL,4526.838883782385,2200.0,3588.00048828125,435.20000000000005,0.0,1871.654,0
2021-01-04,368.7900085449219,1000.0,112000.0,123186.01950804834,11186.019508048339,86535.87752852234,100,0.10351045608706833,-0.0019499080607304764,122012.18086330839,10012.180863308386,85362.03888378238,100,0.0920422362425044,-0.001968785260619832,129280.9484458008,17280.948445800794,2048.395497802743,345,0.15256965665756894,-0.013388595763782707,228.85887496618076,0.0,COVERED_CALL,5700.677528522333,2200.0,3079.0008544921875,435.20000000000005,0.0,228.85887496618076,0.0,COVERED_CALL,4526.838883782385,2200.0,3079.0008544921875,435.20000000000005,0.0,1871.654,3
2021-01-05,371.3299865722656,0.0,112000.0,123292.89239539667,11292.892395396673,86535.87752852234,100,0.10446783216864075,-0.0010840265632212631,122119.05375065672,10119.05375065672,85362.03888378238,100,0.09299877768015241,-0.001094589939888313,130157.24086523439,18157.240865234387,2048.395497802743,345,0.16038200693145033,-0.006701144094742872,375.9837903522332,0.0,COVERED_CALL,5700.677528522333,2200.0,3332.9986572265625,435.20000000000005,0.0,375.9837903522332,0.0,COVERED_CALL,4526.838883782385,2200.0,3332.9986572265625,435.20000000000005,0.0,1871.654,0
2021-01-06,373.5499877929688,0.0,112000.0,123503.85762135556,11503.857621355564,86535.87752852234,100,0.10635767594836598,0.0,122330.01897661563,10330.018976615625,85362.03888378238,100,0.0948869738872482,0.0,130923.14128637698,18923.14128637698,2048.395497802743,345,0.1672101869227216,-0.0008561522448773395,387.01868646364403,0.0,COVERED_CALL,5700.677528522333,2200.0,3554.9987792968823,435.20000000000005,0.0,387.01868646364403,0.0,COVERED_CALL,4526.838883782385,2200.0,3554.9987792968823,435.20000000000005,0.0,1871.654,0
2021-01-07,379.1000061035156,0.0,112000.0,123845.12892945005,11845.128929450046,86535.87752852234,100,0.10941481228858319,0.0,122671.29028471009,10671.290284710092,85362.03888378238,100,0.09794144500496715,0.0,132837.89760351562,20837.897603515623,2048.395497802743,345,0.18428068383319718,0.0,600.7492094238563,0.0,COVERED_CALL,5700.677528522333,2200.0,4110.0006103515625,435.20000000000005,0.0,600.7492094238563,0.0,COVERED_CALL,4526.838883782385,2200.0,4110.0006103515625,435.20000000000005,0.0,1871.654,0
2021-01-08,381.260009765625,0.0,112000.0,124034.54521729698,12034.545217296982,86535.87752852234,100,0.11111161891507426,0.0,122860.70657255703,10860.706572557028,85362.03888378238,100,0.09963677234931523,0.0,133583.09886694336,21583.098866943357,2048.395497802743,345,0.1909243260299418,0.0,627.3332877878536,0.0,COVERED_CALL,5700.677528522333,2200.0,4326.0009765625,435.20000000000005,0.0,627.3332877878536,0.0,COVERED_CALL,4526.838883782385,2200.0,4326.0009765625,435.20000000000005,0.0,1871.654,0
2021-01-11,378.6900024414063,0.0,112000.0,124059.63656481629,12059.63656481629,86535.87752852234,100,0.11133638926202982,0.0,122885.79792007635,10885.797920076351,85362.03888378238,100,0.0998613467406706,0.0,132696.44634008792,20696.446340087918,2048.395497802743,345,0.18301961299420189,-0.006637460385154004,345.2412078466699,0.0,COVERED_CALL,5700.677528522333,2200.0,4069.0002441406323,435.20000000000005,0.0,345.2412078466699,0.0,COVERED_CALL,4526.838883782385,2200.0,4069.0002441406323,435.20000000000005,0.0,1871.654,0
2021-01-12,378.7699890136719,0.0,112000.0,124076.00888727217,12076.008887272168,86535.87752852234,100,0.11148305386806756,0.0,122902.17024253221,10902.170242532215,85362.03888378238,100,0.10000788348397505,0.0,132724.04170751953,20724.04170751953,2048.395497802743,345,0.18326563209870517,-0.0064308821004334105,336.8675426173591,0.0,COVERED_CALL,5700.677528522333,2200.0,4076.9989013671875,435.20000000000005,0.0,336.8675426173591,0.0,COVERED_CALL,4526.838883782385,2200.0,4076.9989013671875,435.20000000000005,0.0,1871.654,0
2021-01-13,379.7900085449219,0.0,112000.0,124195.20189134481,12195.201891344812,86535.87752852234,100,0.11255079456471373,0.0,123021.36324660486,11021.363246604858,85362.03888378238,100,0.10107469332042718,0.0,133075.94844580078,21075.94844580078,2048.395497802743,345,0.18640296233484843,-0.0037965163665484303,319.6764916697211,0.0,COVERED_CALL,5700.677528522333,2200.0,4179.0008544921875,435.20000000000005,0.0,319.6764916697211,0.0,COVERED_CALL,4526.838883782385,2200.0,4179.0008544921875,435.20000000000005,0.0,1871.654,0
2021-01-14,378.4599914550781,0.0,112000.0,124223.68336751412,12223.683367514124,86535.87752852234,100,0.11280593396188854,0.0,123049.84472277417,11049.84472277417,85362.03888378238,100,0.1013296102861545,0.0,132617.09254980469,20617.092549804685,2048.395497802743,345,0.18231215553878566,-0.007231501030687371,158.19330651603195,0.0,COVERED_CALL,5700.677528522333,2200.0,4045.9991455078125,435.20000000000005,0.0,158.19330651603195,0.0,COVERED_CALL,4526.838883782385,2200.0,4045.9991455078125,435.20000000000005,0.0,1871.654,0
2021-01-15,375.7000122070313,0.0,112000.0,124105.87874922546,12105.878749225463,86535.87752852234,100,0.11175063053885359,-0.000948326559760293,122932.04010448552,10932.040104485524,85362.03888378238,100,0.10027522688045387,-0.0009573731568215393,131664.89970922854,19664.899709228543,2048.395497802743,345,0.17382313539677496,-0.014359594694127398,0.0,0.0,STOCK,5700.677528522333,2200.0,3770.0012207031323,435.20000000000005,0.0,0.0,0.0,STOCK,4526.838883782385,2200.0,3770.0012207031323,435.20000000000005,0.0,1871.654,0
2021-01-19,378.6499938964844,0.0,112000.0,124400.87691817078,12400.876918170776,86535.87752852234,100,0.11439324830715014,0.0,123227.03827343082,11227.038273430822,85362.03888378238,100,0.10291554080503951,0.0,132682.64339208984,20682.64339208984,2048.395497802743,345,0.18289655650965164,-0.006740788935810427,0.0,0.0,STOCK,5700.677528522333,2200.0,4064.9993896484375,435.20000000000005,0.0,0.0,0.0,STOCK,4526.838883782385,2200.0,4064.9993896484375,435.20000000000005,0.0,1871.654,0
2021-01-20,383.8900146484375,0.0,112000.0,124861.08252322284,12861.082523222838,87124.61899488329,100,0.11851580782447968,0.0,123687.24387848288,11687.243878482885,85950.78035014334,100,0.10703450626009858,0.0,134490.45055151367,22490.45055151367,2048.395497802743,345,0.19901357686020815,0.0,652.5379365042066,0.0,COVERED_CALL,6289.418994883282,2200.0,4589.00146484375,435.20000000000005,0.0,652.5379365042066,0.0,COVERED_CALL,5115.580350143334,2200.0,4589.00146484375,435.20000000000005,0.0,1871.654,0
2021-01-21,384.239990234375,0.0,112000.0,124970.70598775709,12970.705987757086,87124.61899488329,100,0.11949782380185381,0.0,123796.86734301713,11796.867343017133,85950.78035014334,100,0.10801566611239832,0.0,134611.1921286621,22611.192128662107,2048.395497802743,345,0.2000900160400818,0.0,577.9120305637031,0.0,COVERED_CALL,6289.418994883282,2200.0,4623.9990234375,435.20000000000005,0.0,577.9120305637031,0.0,COVERED_CALL,5115.580350143334,2200.0,4623.9990234375,435.20000000000005,0.0,1871.654,0
2021-01-22,382.8800048828125,0.0,112000.0,124910.8117374643,12910.811737464304,87124.61899488329,100,0.11896128620025315,-0.0004792663194096436,123736.97309272435,11736.97309272435,85950.78035014334,100,0.10747959626621562,-0.0004838107100629818,134141.99718237304,22141.997182373045,2048.395497802743,345,0.19590703421135114,-0.0034855567272638055,501.80774570023823,0.0,COVERED_CALL,6289.418994883282,2200.0,4488.00048828125,435.20000000000005,0.0,501.80774570023823,0.0,COVERED_CALL,5115.580350143334,2200.0,4488.00048828125,435.20000000000005,0.0,1871.654,0
2021-01-25,384.3900146484375,0.0,112000.0,125034.66995807349,13034.669958073486,87124.61899488329,100,0.12007081828888144,0.0,123860.83131333353,11860.831313333532,85950.78035014334,100,0.10858816106076352,0.0,134662.95055151367,22662.95055151367,2048.395497802743,345,0.20055145439099364,0.0,528.9505016535593,0.0,COVERED_CALL,6289.418994883282,2200.0,4639.00146484375,435.20000000000005,0.0,528.9505016535593,0.0,COVERED_CALL,5115.580350143334,2200.0,4639.00146484375,435.20000000000005,0.0,1871.654,0
2021-01-26,383.7900085449219,0.0,112000.0,124965.44370733005,12965.44370733005,87124.61899488329,100,0.1194506838626197,-0.0005536564439819758,123791.6050625901,11791.605062590097,85950.78035014334,100,0.10796856726993331,-0.0005589034887738542,134455.94844580078,22455.94844580078,2048.395497802743,345,0.19870598258113192,-0.0015371867678906082,538.1761420454325,0.0,COVERED_CALL,6289.418994883282,2200.0,4579.0008544921875,435.20000000000005,0.0,538.1761420454325,0.0,COVERED_CALL,5115.580350143334,2200.0,4579.0008544921875,435.20000000000005,0.0,1871.654,0
2021-01-27,374.4100036621094,0.0,112000.0,124317.04680539433,12317.046805394333,87124.61899488329,100,0.1136422912882189,-0.005739393345220223,123143.20816065438,11143.20816065438,85950.78035014334,100,0.10216523847314818,-0.005793786018307712,131219.84676123047,19219.846761230467,2048.395497802743,345,0.16985538508526155,-0.025568307958365177,248.57255569989826,0.0,COVERED_CALL,6289.418994883282,2200.0,3641.0003662109375,435.20000000000005,0.0,248.57255569989826,0.0,COVERED_CALL,5115.580350143334,2200.0,3641.0003662109375,435.20000000000005,0.0,1871.654,0
2021-01-28,377.6300048828125,0.0,112000.0,124104.27090002445,12104.27090002445,87124.61899488329,100,0.11173622729397059,-0.007441128595461088,122930.4322552845,10930.432255284497,85950.78035014334,100,0.10026083619237136,-0.0075116487446736935,132330.74718237304,20330.747182373045,2048.395497802743,345,0.1797593201381038,-0.017318819761404702,783.3485831400833,0.0,COVERED_CALL,6289.418994883282,2200.0,3963.00048828125,435.20000000000005,0.0,783.3485831400833,0.0,COVERED_CALL,5115.580350143334,2200.0,3963.00048828125,435.20000000000005,0.0,1871.654,0
2021-01-29,370.0700073242188,0.0,112000.0,123814.28802375212,11814.288023752117,87124.61899488329,100,0.10913853692837017,-0.009760348347627179,122640.44937901218,10640.449379012178,85950.78035014334,100,0.0976654105026098,-0.00985284792118124,129722.54802465823,17722.54802465823,2048.395497802743,345,0.15650661938179566,-0.036687169756951965,317.33170355304685,0.0,COVERED_CALL,6289.418994883282,2200.0,3207.0007324218823,435.20000000000005,0.0,317.33170355304685,0.0,COVERED_CALL,5115.580350143334,2200.0,3207.0007324218823,435.20000000000005,0.0,1871.654,0
2021-02-01,376.2300109863281,1000.0,113000.0,125261.96130994079,12261.961309940787,88124.61899488329,100,0.11314883090647676,-0.006179955114783975,124088.12266520083,11088.122665200834,86950.78035014334,100,0.10167220829194856,-0.0062385230257171465,132847.71928808594,19847.719288085937,1919.6754648437588,348,0.17545301436786187,-0.0209057595418628,485.6587835753194,0.0,COVERED_CALL,6289.418994883282,2200.0,3823.0010986328125,435.20000000000005,0.0,485.6587835753194,0.0,COVERED_CALL,5115.580350143334,2200.0,3823.0010986328125,435.20000000000005,0.0,1871.654,3
2021-02-02,381.5499877929688,0.0,113000.0,125739.38830801829,12739.388308018286,88124.61899488329,100,0.11739151798558267,-0.0023920811608965087,124565.54966327835,11565.549663278347,86950.78035014334,100,0.10591087387873754,-0.0024150421915603015,134699.0712167969,21699.071216796903,1919.6754648437588,348,0.19183400469965628,-0.007261204556833878,540.2294661618798,0.0,COVERED_CALL,6289.418994883282,2200.0,4354.998779296882,435.20000000000005,0.0,540.2294661618798,0.0,COVERED_CALL,5115.580350143334,2200.0,4354.998779296882,435.20000000000005,0.0,1871.654,0
2021-02-03,381.8500061035156,0.0,113000.0,125926.0163814798,12926.0163814798,88124.61899488329,100,0.11905000089304707,-0.0009113864758960588,124752.17773673985,11752.177736739846,86950.78035014334,100,0.10756778476918871,-0.0009204286383488469,134803.4775888672,21803.477588867187,1919.6754648437588,348,0.1927578051640293,-0.006491724447510561,383.6032237550468,0.0,COVERED_CALL,6289.418994883282,2200.0,4385.0006103515625,435.20000000000005,0.0,383.6032237550468,0.0,COVERED_CALL,5115.580350143334,2200.0,4385.0006103515625,435.20000000000005,0.0,1871.654,0
2021-02-04,386.1900024414063,0.0,113000.0,126317.23639648782,13317.236396487817,88124.61899488329,100,0.12252660382804215,0.0,125143.39775174788,12143.397751747878,86950.78035014334,100,0.11104109235580428,0.0,136313.79631445315,23313.796314453153,1919.6754648437588,348,0.2061212916292836,0.0,426.38284253610124,0.0,COVERED_CALL,6289.418994883282,2200.0,4819.000244140632,435.20000000000005,0.0,426.38284253610124,0.0,COVERED_CALL,5115.580350143334,2200.0,4819.000244140632,435.20000000000005,0.0,1871.654,0
2021-02-05,387.7099914550781,0.0,113000.0,126470.53071995665,13470.530719956645,88124.61899488329,100,0.12388886412773292,0.0,125296.69207521669,12296.692075216692,86950.78035014334,100,0.1124020614173653,0.0,136842.75249121094,23842.752491210937,1919.6754648437588,348,0.21080156115720916,0.0,425.08742043445216,0.0,COVERED_CALL,6289.418994883282,2200.0,4970.9991455078125,435.20000000000005,0.0,425.08742043445216,0.0,COVERED_CALL,5115.580350143334,2200.0,4970.9991455078125,435.20000000000005,0.0,1871.654,0
2021-02-08,390.510009765625,0.0,113000.0,126738.29667821982,13738.29667821982,88124.61899488329,100,0.1262683842971457,0.0,125564.45803347987,12564.458033479867,86950.78035014334,100,0.11477932612416653,0.0,137817.15886328125,24817.15886328125,1919.6754648437588,348,0.21942322898415556,0.0,437.3232932259759,0.0,COVERED_CALL,6289.418994883282,2200.0,5251.0009765625,435.20000000000005,0.0,437.3232932259759,0.0,COVERED_CALL,5115.580350143334,2200.0,5251.0009765625,435.20000000000005,0.0,1871.654,0
2021-02-09,390.25,0.0,113000.0,126741.19343149988,13741.19343149988,88124.61899488329,100,0.12629412648969485,0.0,125567.35478675993,12567.354786759926,86950.78035014334,100,0.11480504391660618,0.0,137726.67546484375,24726.67546484375,1919.6754648437588,348,0.21862262070865368,-0.0006565466824580701,408.4255633834113,0.0,COVERED_CALL,6289.418994883282,2200.0,5225.0,435.20000000000005,0.0,408.4255633834113,0.0,COVERED_CALL,5115.580350143334,2200.0,5225.0,435.20000000000005,0.0,1871.654,0
2021-02-10,390.0799865722656,0.0,113000.0,126750.83769044733,13750.837690447326,88124.61899488329,100,0.12637983084447302,0.0,125576.99904570737,12576.999045707373,86950.78035014334,100,0.11489066703527184,0.0,137667.5107919922,24667.510791992187,1919.6754648437588,348,0.21809912438203138,-0.0010858449885584598,381.7799616625277,0.0,COVERED_CALL,6289.418994883282,2200.0,5207.9986572265625,435.20000000000005,0.0,381.7799616625277,0.0,COVERED_CALL,5115.580350143334,2200.0,5207.9986572265625,435.20000000000005,0.0,1871.654,0
2021-02-11,390.7099914550781,0.0,113000.0,126810.2759602805,13810.275960280502,88124.61899488329,100,0.1269080330208079,0.0,125636.43731554055,12636.437315540548,86950.78035014334,100,0.11541836854753362,0.0,137886.75249121094,24886.752491210937,1919.6754648437588,348,0.2200390019922971,0.0,385.34218011060346,0.0,COVERED_CALL,6289.418994883282,2200.0,5270.9991455078125,435.20000000000005,0.0,385.34218011060346,0.0,COVERED_CALL,5115.580350143334,2200.0,5270.9991455078125,435.20000000000005,0.0,1871.654,0
2021-02-12,392.6400146484375,0.0,113000.0,126966.46078509722,13966.460785097224,88124.61899488329,100,0.12829597995483266,0.0,125792.62214035727,12792.62214035727,86950.78035014334,100,0.11680499989598081,0.0,138558.4005625,25558.4005625,1919.6754648437588,348,0.22598182701196534,0.0,422.15967462982366,0.0,COVERED_CALL,6289.418994883282,2200.0,5464.00146484375,435.20000000000005,0.0,422.15967462982366,0.0,COVERED_CALL,5115.580350143334,2200.0,5464.00146484375,435.20000000000005,0.0,1871.654,0
2021-02-16,392.2999877929688,0.0,113000.0,127135.14768550216,14135.147685502161,88124.61899488329,100,0.129795027423125,0.0,125961.30904076222,12961.309040762222,86950.78035014334,100,0.1183026264704472,0.0,138440.0712167969,25440.071216796903,1919.6754648437588,348,0.2249348343587212,-0.0008540034037828326,219.47008867800037,0.0,COVERED_CALL,6289.418994883282,2200.0,5429.998779296882,435.20000000000005,0.0,219.47008867800037,0.0,COVERED_CALL,5115.580350143334,2200.0,5429.998779296882,435.20000000000005,0.0,1871.654,0
2021-02-17,392.3900146484375,0.0,113000.0,127176.48608557622,14176.486085576224,88124.61899488329,100,0.13016238389138368,0.0,126002.64744083627,13002.64744083627,86950.78035014334,100,0.11866963473456371,0.0,138471.4005625,25471.4005625,1919.6754648437588,348,0.2252120402757083,-0.0006278940839875569,187.134374150814,0.0,COVERED_CALL,6289.418994883282,2200.0,5439.00146484375,435.20000000000005,0.0,187.134374150814,0.0,COVERED_CALL,5115.580350143334,2200.0,5439.00146484375,435.20000000000005,0.0,1871.654,0
2021-02-18,390.7200012207031,0.0,113000.0,127134.65554730853,14134.655547308532,88124.61899488329,100,0.12979065400401857,-0.00032891723584460575,125960.81690256858,12960.816902568578,86950.78035014334,100,0.11829825719674947,-0.0003319814235436258,137890.23588964844,24890.235889648437,1919.6754648437588,348,0.22006982353154214,-0.004822260289805702,61.9635696450743,0.0,COVERED_CALL,6289.418994883282,2200.0,5272.0001220703125,435.20000000000005,0.0,61.9635696450743,0.0,COVERED_CALL,5115.580350143334,2200.0,5272.0001220703125,435.20000000000005,0.0,1871.654,0
2021-02-19,390.0299987792969,0.0,113000.0,127127.61887281298,14127.618872812978,88124.61899488329,100,0.12972812212357954,-0.00038424723207375333,125953.78022807302,12953.780228073025,86950.78035014334,100,0.11823578458805772,-0.000387826873131214,137650.11504003906,24650.11504003906,1919.6754648437588,348,0.21794520462202338,-0.006555254093389973,0.0,0.0,STOCK,6289.418994883282,2200.0,5202.9998779296875,435.20000000000005,0.0,0.0,0.0,STOCK,5115.580350143334,2200.0,5202.9998779296875,435.20000000000005,0.0,1871.654,0
2021-02-22,387.0299987792969,0.0,113000.0,126827.61887281298,13827.618872812978,88124.61899488329,100,0.12706215197765758,-0.002743173864141024,125653.78022807302,12653.780228073025,86950.78035014334,100,0.11557234142050077,-0.002768729227908162,136606.11504003906,23606.11504003906,1919.6754648437588,348,0.20870776378693567,-0.014089983101243098,0.0,0.0,STOCK,6289.418994883282,2200.0,4902.9998779296875,435.20000000000005,0.0,0.0,0.0,STOCK,5115.580350143334,2200.0,4902.9998779296875,435.20000000000005,0.0,1871.654,0
2021-02-23,387.5,0.0,113000.0,126821.25814618796,13821.25814618796,88614.22205748897,100,0.12700562695336193,-0.002793188822257875,125647.419501448,12647.419501448006,87440.38341274901,100,0.1155158699742671,-0.0028192101245735346,136769.67546484375,23769.67546484375,1919.6754648437588,348,0.2101549666098237,-0.012909539157456962,542.9639113010043,0.0,COVERED_CALL,6779.022057488953,2200.0,4950.0,435.20000000000005,0.0,542.9639113010043,0.0,COVERED_CALL,5605.183412749005,2200.0,4950.0,435.20000000000005,0.0,1871.654,0
2021-02-24,391.7699890136719,0.0,113000.0,127127.48844259637,14127.488442596368,88614.22205748897,100,0.12972696304670062,-0.00038527281644595845,125953.64979785641,12953.649797856415,87440.38341274901,100,0.11823462660982687,-0.0003888620118307484,138255.63164160156,25255.63164160156,1919.6754648437588,348,0.22330289023658012,-0.0021851357959477014,663.7325162597818,0.0,COVERED_CALL,6779.022057488953,2200.0,5376.9989013671875,435.20000000000005,0.0,663.7325162597818,0.0,COVERED_CALL,5605.183412749005,2200.0,5376.9989013671875,435.20000000000005,0.0,1871.654,0
2021-02-25,382.3299865722656,0.0,113000.0,126557.22873289911,13557.228732899108,88614.22205748897,100,0.1246593118417838,-0.004869275537778606,125383.39008815915,12383.390088159154,87440.38341274901,100,0.11317177885140661,-0.004914637630672458,134970.5107919922,21970.510791992187,1919.6754648437588,348,0.19423573555805507,-0.02589442253910379,289.99198181641447,0.0,COVERED_CALL,6779.022057488953,2200.0,4432.9986572265625,435.20000000000005,0.0,289.99198181641447,0.0,COVERED_CALL,5605.183412749005,2200.0,4432.9986572265625,435.20000000000005,0.0,1871.654,0
2021-02-26,380.3599853515625,0.0,113000.0,126163.34760767792,13163.347607677919,88614.22205748897,100,0.12115906077217753,-0.007966397791621671,124989.50896293797,11989.508962937965,87440.38341274901,100,0.10967484554540663,-0.008040612625810128,134284.9503671875,21284.9503671875,1919.6754648437588,348,0.18816981231762298,-0.030842230986816488,486.8729849672961,0.0,COVERED_CALL,6779.022057488953,2200.0,4235.99853515625,435.20000000000005,0.0,486.8729849672961,0.0,COVERED_CALL,5605.183412749005,2200.0,4235.99853515625,435.20000000000005,0.0,1871.654,0
2021-03-01,389.5799865722656,1000.0,114000.0,127888.60288783634,13888.602887836343,89614.22205748897,100,0.1276040905224265,-0.002263651140244516,126714.76424309639,12714.76424309639,88440.38341274901,100,0.11611376628098169,-0.0022847392779982156,138493.4907919922,24493.490791992197,2140.495491699228,350,0.21655937394704927,-0.007685638446926268,683.6178268791906,0.0,COVERED_CALL,6779.022057488953,2200.0,5157.9986572265625,435.20000000000005,0.0,683.6178268791906,0.0,COVERED_CALL,5605.183412749005,2200.0,5157.9986572265625,435.20000000000005,0.0,1871.654,2
2021-03-02,386.5400085449219,0.0,114000.0,127876.16395461245,13876.16395461245,89614.22205748897,100,0.12749441544843032,-0.00236069478243206,126702.3253098725,12702.325309872496,88440.38341274901,100,0.11600420316344007,-0.0023826798264315885,137429.49848242188,23429.498482421885,2140.495491699228,350,0.20721301542425463,-0.01530920864745211,392.0589573687101,0.0,COVERED_CALL,6779.022057488953,2200.0,4854.0008544921875,435.20000000000005,0.0,392.0589573687101,0.0,COVERED_CALL,5605.183412749005,2200.0,4854.0008544921875,435.20000000000005,0.0,1871.654,0
2021-03-03,381.4200134277344,0.0,114000.0,127484.48659814327,13484.486598143267,89614.22205748897,100,0.12404096471594395,-0.00541640675949806,126310.64795340331,12310.647953403313,88440.38341274901,100,0.11255427771783744,-0.0054666336037424434,135637.50019140626,21637.50019140626,2140.495491699228,350,0.19147168125349223,-0.02814898638635066,271.7368021191424,0.0,COVERED_CALL,6779.022057488953,2200.0,4342.0013427734375,435.20000000000005,0.0,271.7368021191424,0.0,COVERED_CALL,5605.183412749005,2200.0,4342.0013427734375,435.20000000000005,0.0,1871.654,0
2021-03-04,376.7000122070313,0.0,114000.0,127052.60371143017,13052.603711430173,89614.22205748897,100,0.1202330185918361,-0.008785786397666806,125878.7650666902,11878.765066690205,88440.38341274901,100,0.10875021874995805,-0.008867154052107029,133985.4997641602,19985.499764160195,2140.495491699228,350,0.17696012122249227,-0.03998567083898108,231.6195667619342,0.0,COVERED_CALL,6779.022057488953,2200.0,3870.0012207031323,435.20000000000005,0.0,231.6195667619342,0.0,COVERED_CALL,5605.183412749005,2200.0,3870.0012207031323,435.20000000000005,0.0,1871.654,0
2021-03-05,383.6300048828125,0.0,114000.0,127553.28504115625,13553.285041156254,89614.22205748897,100,0.12464756611756433,-0.0048796684904965915,126379.4463964163,12379.4463964163,88440.38341274901,100,0.11316025989997813,-0.004924934639790046,136410.9972006836,22410.997200683603,2140.495491699228,350,0.19826626078192433,-0.02260683284155285,423.93750461396706,0.0,COVERED_CALL,6779.022057488953,2200.0,4563.00048828125,435.20000000000005,0.0,423.93750461396706,0.0,COVERED_CALL,5605.183412749005,2200.0,4563.00048828125,435.20000000000005,0.0,1871.654,0
2021-03-08,381.7200012207031,0.0,114000.0,127573.09576011487,13573.09576011487,89614.22205748897,100,0.12482223881888,-0.00472511308871959,126399.25711537492,12399.257115374916,88440.38341274901,100,0.11333475429517925,-0.00476895079095474,135742.49591894532,21742.495918945322,2140.495491699228,350,0.19239398840187594,-0.027396685554427536,213.12641944440597,0.0,COVERED_CALL,6779.022057488953,2200.0,4372.0001220703125,435.20000000000005,0.0,213.12641944440597,0.0,COVERED_CALL,5605.183412749005,2200.0,4372.0001220703125,435.20000000000005,0.0,1871.654,0
2021-03-09,387.1700134277344,0.0,114000.0,127990.06075640798,13990.060756407984,89614.22205748897,100,0.12849865270415117,-0.0014721169373058673,126816.22211166803,12816.22211166803,88440.38341274901,100,0.11700741529249781,-0.001485889480195235,137650.00019140626,23650.00019140626,2140.495491699228,350,0.20914995426161287,-0.013729300369301645,341.1626438544235,0.0,COVERED_CALL,6779.022057488953,2200.0,4917.0013427734375,435.20000000000005,0.0,341.1626438544235,0.0,COVERED_CALL,5605.183412749005,2200.0,4917.0013427734375,435.20000000000005,0.0,1871.654,0
2021-03-10,389.5799865722656,0.0,114000.0,128225.94260085828,14225.942600858281,89614.22205748897,100,0.13057844188532952,0.0,127052.10395611833,13052.103956118328,88440.38341274901,100,0.11908508142224461,0.0,138493.4907919922,24493.490791992197,2140.495491699228,350,0.21655937394704972,-0.007685638446925935,346.2781138572441,0.0,COVERED_CALL,6779.022057488953,2200.0,5157.9986572265625,435.20000000000005,0.0,346.2781138572441,0.0,COVERED_CALL,5605.183412749005,2200.0,5157.9986572265625,435.20000000000005,0.0,1871.654,0
2021-03-11,393.5299987792969,0.0,114000.0,128560.6631872216,14560.663187221595,89614.22205748897,100,0.13352970019797494,0.0,127386.82454248164,13386.824542481641,88440.38341274901,100,0.12203332708666492,0.0,139875.99506445313,25875.995064453135,2140.495491699228,350,0.228703616413364,0.0,406.55874819705645,0.0,COVERED_CALL,6779.022057488953,2200.0,5552.9998779296875,435.20000000000005,0.0,406.55874819705645,0.0,COVERED_CALL,5605.183412749005,2200.0,5552.9998779296875,435.20000000000005,0.0,1871.654,0
2021-03-12,394.05999755859375,0.0,114000.0,128638.0214672357,14638.021467235696,89614.22205748897,100,0.13421177437041854,0.0,127464.18282249574,13464.182822495743,88440.38341274901,100,0.12271470499692905,0.0,140061.49463720704,26061.49463720704,2140.495491699228,350,0.2303330882593433,0.0,382.2003461126439,0.0,COVERED_CALL,6779.022057488953,2200.0,5605.999755859375,435.20000000000005,0.0,382.2003461126439,0.0,COVERED_CALL,5605.183412749005,2200.0,5605.999755859375,435.20000000000005,0.0,1871.654,0
2021-03-15,396.4100036621094,0.0,114000.0,128896.38086859461,14896.380868594613,89614.22205748897,100,0.1364897499774611,0.0,127722.54222385466,13722.54222385466,88440.38341274901,100,0.12499035524358537,0.0,140883.9967734375,26883.99677343751,2140.495491699228,350,0.23755814034085598,0.0,358.8415551052928,0.0,COVERED_CALL,6779.022057488953,2200.0,5841.0003662109375,435.20000000000005,0.0,358.8415551052928,0.0,COVERED_CALL,5605.183412749005,2200.0,5841.0003662109375,435.20000000000005,0.0,1871.654,0
2021-03-16,395.9100036621094,0.0,114000.0,128907.55402427414,14907.55402427414,89614.22205748897,100,0.13658826458911344,0.0,127733.71537953419,13733.715379534187,88440.38341274901,100,0.12508876929139734,0.0,140708.9967734375,26708.99677343751,2140.495491699228,350,0.23602089920971503,-0.001242156696345198,297.668399425759,0.0,COVERED_CALL,6779.022057488953,2200.0,5791.0003662109375,435.20000000000005,0.0,297.668399425759,0.0,COVERED_CALL,5605.183412749005,2200.0,5791.0003662109375,435.20000000000005,0.0,1871.654,0
2021-03-17,397.260009765625,0.0,114000.0,129025.90474246637,15025.904742466373,89614.22205748897,100,0.1376317723836813,0.0,127852.06609772642,13852.06609772642,88440.38341274901,100,0.12613121187188603,0.0,141181.49890966798,27181.49890966798,2140.495491699228,350,0.24017146902894582,0.0,314.31829158509584,0.0,COVERED_CALL,6779.022057488953,2200.0,5926.0009765625,435.20000000000005,0.0,314.31829158509584,0.0,COVERED_CALL,5605.183412749005,2200.0,5926.0009765625,435.20000000000005,0.0,1871.654,0
2021-03-18,391.4800109863281,0.0,114000.0,128647.35900006902,14647.359000069016,89614.22205748897,100,0.13429410414790044,-0.0029338739623872012,127473.52035532906,13473.520355329063,88440.38341274901,100,0.12279695073206964,-0.0029608105207155067,139158.49933691407,25158.499336914072,2140.495491699228,350,0.2224009653059873,-0.014329069944555961,114.86415605275752,0.0,COVERED_CALL,6779.022057488953,2200.0,5348.0010986328125,435.20000000000005,0.0,114.86415605275752,0.0,COVERED_CALL,5605.183412749005,2200.0,5348.0010986328125,435.20000000000005,0.0,1871.654,0
2021-03-19,389.4800109863281,0.0,114000.0,128595.88021344577,14595.880213445766,89742.02205748897,100,0.13384021154871073,-0.0033328542038045805,127422.04156870581,13422.041568705812,88568.18341274901,100,0.12234352146702032,-0.00336345388968462,138905.79933691406,24905.79933691406,2587.795491699228,350,0.22018118911261975,-0.01611896452671857,94.14294267602195,0.0,COVERED_CALL,6779.022057488953,2200.0,5148.0010986328125,563.0,0.0,94.14294267602195,0.0,COVERED_CALL,5605.183412749005,2200.0,5148.0010986328125,563.0,0.0,2318.954,0
2021-03-22,392.5899963378906,0.0,114000.0,128934.96704414568,14934.967044145684,89742.02205748897,100,0.13682996738860265,-0.0007048018651928389,127761.12839940573,13761.12839940573,88568.18341274901,100,0.1253302253603623,-0.0007112728100239218,139994.29420996094,25994.294209960935,2587.795491699228,350,0.22974278391195502,-0.008409067114853452,66.05464713235087,0.0,COVERED_CALL,6779.022057488953,2200.0,5458.9996337890625,563.0,0.0,66.05464713235087,0.0,COVERED_CALL,5605.183412749005,2200.0,5458.9996337890625,563.0,0.0,2318.954,0
2021-03-23,389.5,0.0,114000.0,128682.23927622095,14682.23927622095,89742.02205748897,100,0.13460164634618366,-0.002663538511366137,127508.400631481,13508.400631480996,88568.18341274901,100,0.1231041789908871,-0.0026879930589680523,138912.79549169922,24912.795491699217,2587.795491699228,350,0.22024264498059454,-0.01606941019531405,9.78278126801586,0.0,COVERED_CALL,6779.022057488953,2200.0,5150.0,563.0,0.0,9.78278126801586,0.0,COVERED_CALL,5605.183412749005,2200.0,5150.0,563.0,0.0,2318.954,0
2021-03-24,387.5199890136719,0.0,114000.0,128491.57241797993,14491.572417979929,89742.02205748897,100,0.13292052133250132,-0.0041412794241043605,127317.73377323998,13317.733773239976,88568.18341274901,100,0.12142477007174901,-0.004179301444201866,138219.79164648437,24219.791646484373,2587.795491699228,350,0.2141551363240055,-0.020978012601201912,2.448540876222326,0.0,COVERED_CALL,6779.022057488953,2200.0,4951.9989013671875,563.0,0.0,2.448540876222326,0.0,COVERED_CALL,5605.183412749005,2200.0,4951.9989013671875,563.0,0.0,2318.954,0
2021-03-25,389.7000122070313,0.0,114000.0,128710.68511919888,14710.685119198883,89742.02205748897,100,0.13485245563001347,-0.0024430723729210735,127536.84647445894,13536.846474458944,88568.18341274901,100,0.12335473224828242,-0.0024655027711988353,138982.79976416018,24982.799764160183,2587.795491699228,350,0.220857578963352,-0.015573564259397599,1.3381589932175189,0.0,COVERED_CALL,6779.022057488953,2200.0,5170.001220703132,563.0,0.0,1.3381589932175189,0.0,COVERED_CALL,5605.183412749005,2200.0,5170.001220703132,563.0,0.0,2318.954,0
2021-03-26,395.9800109863281,0.0,114000.0,129340.02315612178,15340.02315612178,89742.02205748897,100,0.14040137968369182,0.0,128166.18451138183,14166.184511381827,88568.18341274901,100,0.12889799195325513,0.0,141180.79933691406,27180.79933691406,2587.795491699228,350,0.24016532381745148,-4.955130518458084e-06,0.0,0.0,STOCK,6779.022057488953,2200.0,5798.0010986328125,563.0,0.0,0.0,0.0,STOCK,5605.183412749005,2200.0,5798.0010986328125,563.0,0.0,2318.954,0
2021-03-29,395.7799987792969,0.0,114000.0,129320.02193541866,15320.021935418656,89742.02205748897,100,0.14022502731318331,-0.00015464061483105862,128146.1832906787,14146.183290678702,88568.18341274901,100,0.12872181960347007,-0.00015605692546249994,141110.79506445312,27110.795064453123,2587.795491699228,350,0.239550389834694,-0.0005008010664349083,0.0,0.0,STOCK,6779.022057488953,2200.0,5777.9998779296875,563.0,0.0,0.0,0.0,STOCK,5605.183412749005,2200.0,5777.9998779296875,563.0,0.0,2318.954,0
2021-03-30,394.7300109863281,0.0,114000.0,129170.12998887926,15170.129988879256,90151.18214629291,100,0.13890341797319827,-0.0013135390198396601,127996.2913441393,13996.291344139303,88977.34350155295,100,0.1274015593639739,-0.0013255693605159768,140743.29933691406,26743.29933691406,2587.795491699228,350,0.2363222209895992,-0.003103803091326185,454.0532560464615,0.0,COVERED_CALL,7188.182146292894,2200.0,5673.0010986328125,563.0,0.0,454.0532560464615,0.0,COVERED_CALL,6014.343501552946,2200.0,5673.0010986328125,563.0,0.0,2318.954,0
2021-03-31,396.3299865722656,0.0,114000.0,129341.16835647078,15341.168356470778,90151.18214629291,100,0.14041147700721268,0.0,128167.32971173082,14167.329711730825,88977.34350155295,100,0.12890807896941525,0.0,141303.29079199219,27303.290791992185,2587.795491699228,350,0.24124131754864808,0.0,443.01244704869197,0.0,COVERED_CALL,7188.182146292894,2200.0,5832.9986572265625,563.0,0.0,443.01244704869197,0.0,COVERED_CALL,6014.343501552946,2200.0,5832.9986572265625,563.0,0.0,2318.954,0
2021-04-01,400.6099853515625,1000.0,115000.0,130641.49685469597,15641.496854695972,91151.18214629291,100,0.1430594975145303,0.0,129467.65820995602,14467.658209956018,89977.34350155295,100,0.1315533963740434,0.0,143801.2603647461,28801.260364746093,2385.9355356445403,353,0.2543998343511329,0.0,570.6838267531816,0.0,COVERED_CALL,7188.182146292894,2200.0,6260.99853515625,563.0,0.0,570.6838267531816,0.0,COVERED_CALL,6014.343501552946,2200.0,6260.99853515625,563.0,0.0,2318.954,3
2021-04-05,406.3599853515625,0.0,115000.0,131123.2654383671,16123.265438367089,91151.18214629291,100,0.14727477496027097,0.0,129949.42679362712,14949.42679362712,89977.34350155295,100,0.13576407635896492,0.0,145831.0103647461,30831.010364746093,2385.9355356445403,353,0.2721056462286928,0.0,663.9152430820784,0.0,COVERED_CALL,7188.182146292894,2200.0,6835.99853515625,563.0,0.0,663.9152430820784,0.0,COVERED_CALL,6014.343501552946,2200.0,6835.99853515625,563.0,0.0,2318.954,0
2021-04-06,406.1199951171875,0.0,115000.0,131101.73567828487,16101.735678284866,91151.18214629291,100,0.14708639839284254,-0.00016419481325646856,129927.89703354493,14927.897033544927,89977.34350155295,100,0.13557590524750007,-0.00016567799191891108,145746.29381201172,30746.293812011718,2385.9355356445403,353,0.2713666511082937,-0.0005809227579406384,661.4459797267801,0.0,COVERED_CALL,7188.182146292894,2200.0,6811.99951171875,563.0,0.0,661.4459797267801,0.0,COVERED_CALL,6014.343501552946,2200.0,6811.99951171875,563.0,0.0,2318.954,0
2021-04-07,406.5899963378906,0.0,115000.0,131134.2498315847,16134.24983158469,91151.18214629291,100,0.14737088389421693,0.0,129960.41118684475,14960.41118684475,89977.34350155295,100,0.1358600804701411,0.0,145912.20424291992,30912.20424291992,2385.9355356445403,353,0.2728139125336839,0.0,675.9319484972716,0.0,COVERED_CALL,7188.182146292894,2200.0,6858.9996337890625,563.0,0.0,675.9319484972716,0.0,COVERED_CALL,6014.343501552946,2200.0,6858.9996337890625,563.0,0.0,2318.954,0
2021-04-08,408.5199890136719,0.0,115000.0,131286.90798093335,16286.907980933349,91151.18214629291,100,0.14870658006799897,0.0,130113.06933619338,15113.06933619338,89977.34350155295,100,0.13719431984519415,0.0,146593.4916574707,31593.491657470702,2385.9355356445403,353,0.27875688422802325,0.0,716.2730667267546,0.0,COVERED_CALL,7188.182146292894,2200.0,7051.9989013671875,563.0,0.0,716.2730667267546,0.0,COVERED_CALL,6014.343501552946,2200.0,7051.9989013671875,563.0,0.0,2318.954,0
2021-04-09,411.489990234375,0.0,115000.0,131441.24228822946,16441.242288229463,91151.18214629291,100,0.1500569419361224,0.0,130267.40364348951,15267.40364348951,89977.34350155295,100,0.1385432089192109,0.0,147641.9020883789,32641.902088378905,2385.9355356445403,353,0.2879023247306134,0.0,858.9388815009304,0.0,COVERED_CALL,7188.182146292894,2200.0,7348.9990234375,563.0,0.0,858.9388815009304,0.0,COVERED_CALL,6014.343501552946,2200.0,7348.9990234375,563.0,0.0,2318.954,0
2021-04-12,411.6400146484375,0.0,115000.0,131510.79542588684,16510.79542588684,91151.18214629291,100,0.15066550335416573,0.0,130336.95678114689,15336.956781146888,89977.34350155295,100,0.1391511065998583,0.0,147694.86070654297,32694.860706542968,2385.9355356445403,353,0.28836429065277547,0.0,804.3881852498025,0.0,COVERED_CALL,7188.182146292894,2200.0,7364.00146484375,563.0,0.0,804.3881852498025,0.0,COVERED_CALL,6014.343501552946,2200.0,7364.00146484375,563.0,0.0,2318.954,0
2021-04-13,412.8599853515625,0.0,115000.0,131566.5059898428,16566.505989842786,91151.18214629291,100,0.15115294793169198,0.0,130392.66734510283,15392.667345102833,89977.34350155295,100,0.139638019538038,0.0,148125.5103647461,33125.51036474609,2385.9355356445403,353,0.292120911829413,0.0,870.6746916063606,0.0,COVERED_CALL,7188.182146292894,2200.0,7485.99853515625,563.0,0.0,870.6746916063606,0.0,COVERED_CALL,6014.343501552946,2200.0,7485.99853515625,563.0,0.0,2318.954,0
2021-04-14,411.4500122070313,0.0,115000.0,131542.6552841941,16542.6552841941,91151.18214629291,100,0.15094426404280115,-0.0001812825040024002,130368.81663945416,15368.816639454162,89977.34350155295,100,0.13942956325362044,-0.0001829144700719043,147627.7898447266,32627.78984472659,2385.9355356445403,353,0.28777922152515556,-0.00336012695445842,753.5280828019294,0.0,COVERED_CALL,7188.182146292894,2200.0,7345.001220703132,563.0,0.0,753.5280828019294,0.0,COVERED_CALL,6014.343501552946,2200.0,7345.001220703132,563.0,0.0,2318.954,0
2021-04-15,415.8699951171875,0.0,115000.0,131694.96157252,16694.96157252,91151.18214629291,100,0.15227688157699637,0.0,130521.12292778004,15521.122927780045,89977.34350155295,100,0.14076072734685519,0.0,149188.04381201172,34188.04381201172,2385.9355356445403,353,0.3013895495093739,0.0,1043.220085491647,0.0,COVERED_CALL,7188.182146292894,2200.0,7786.99951171875,563.0,0.0,1043.220085491647,0.0,COVERED_CALL,6014.343501552946,2200.0,7786.99951171875,563.0,0.0,2318.954,0
2021-04-16,417.260009765625,0.0,115000.0,131759.250009884,16759.25000988401,91151.18214629291,100,0.1528393790274889,0.0,130585.41136514403,15585.411365144028,89977.34350155295,100,0.14132261130036605,0.0,149678.71898291016,34678.718982910155,2385.9355356445403,353,0.30566978218281493,0.0,1117.9331129714092,0.0,COVERED_CALL,7188.182146292894,2200.0,7926.0009765625,563.0,0.0,1117.9331129714092,0.0,COVERED_CALL,6014.343501552946,2200.0,7926.0009765625,563.0,0.0,2318.954,0
2021-04-19,415.2099914550781,0.0,115000.0,131776.5577035198,16776.557703519793,91151.18214629291,100,0.15299081424575234,0.0,130602.71905877982,15602.719058779825,89977.34350155295,100,0.14147388135334893,0.0,148955.0625192871,33955.06251928711,2385.9355356445403,353,0.29935721895636336,-0.004834731807837556,895.6235882809314,0.0,COVERED_CALL,7188.182146292894,2200.0,7720.9991455078125,563.0,0.0,895.6235882809314,0.0,COVERED_CALL,6014.343501552946,2200.0,7720.9991455078125,563.0,0.0,2318.954,0
2021-04-20,412.1700134277344,0.0,115000.0,131680.22100695144,16680.22100695144,91151.18214629291,100,0.15214790767607256,-0.000731060958392038,130506.38236221147,15506.382362211472,89977.34350155295,100,0.14063189411341148,-0.0007376316302035724,147881.95027563476,32881.950275634765,2385.9355356445403,353,0.2899963008582651,-0.01200416946032623,687.962482114899,0.0,COVERED_CALL,7188.182146292894,2200.0,7417.0013427734375,563.0,0.0,687.962482114899,0.0,COVERED_CALL,6014.343501552946,2200.0,7417.0013427734375,563.0,0.0,2318.954,0
2021-04-21,416.0700073242188,0.0,115000.0,131783.79067334914,16783.79067334914,91151.18214629291,100,0.15305409976419582,0.0,130609.9520286092,15609.952028609201,89977.34350155295,100,0.14153709784841384,0.0,149258.64812109378,34258.64812109378,2385.9355356445403,353,0.30200544142431474,-0.0028064835446939274,974.392205365643,0.0,COVERED_CALL,7188.182146292894,2200.0,7807.000732421882,563.0,0.0,974.392205365643,0.0,COVERED_CALL,6014.343501552946,2200.0,7807.000732421882,563.0,0.0,2318.954,0
2021-04-22,412.2699890136719,0.0,115000.0,131730.49704314195,16730.49704314195,91151.18214629291,100,0.15258780236534464,-0.00040440201283398203,130556.65839840198,15556.658398401982,89977.34350155295,100,0.1410713090243949,-0.00040803651926590856,147917.2416574707,32917.2416574707,2385.9355356445403,353,0.29030415284382305,-0.011768388568588639,647.6840045181506,0.0,COVERED_CALL,7188.182146292894,2200.0,7426.9989013671875,563.0,0.0,647.6840045181506,0.0,COVERED_CALL,6014.343501552946,2200.0,7426.9989013671875,563.0,0.0,2318.954,0
2021-04-23,416.739990234375,0.0,115000.0,131848.18653944967,16848.18653944967,91151.18214629291,100,0.1536175371720565,0.0,130674.3478947097,15674.347894709703,89977.34350155295,100,0.14209992073411293,0.0,149495.1520883789,34495.152088378905,2385.9355356445403,353,0.30406850079273307,-0.0012264061035439644,976.9946302807293,0.0,COVERED_CALL,7188.182146292894,2200.0,7873.9990234375,563.0,0.0,976.9946302807293,0.0,COVERED_CALL,6014.343501552946,2200.0,7873.9990234375,563.0,0.0,2318.954,0
2021-04-26,417.6099853515625,0.0,115000.0,131952.3707729362,16952.370772936207,91151.18214629291,100,0.1545291064700609,0.0,130778.53212819624,15778.532128196239,89977.34350155295,100,0.14301049581425485,0.0,149802.2603647461,34802.26036474609,2385.9355356445403,353,0.30674745207609266,0.0,959.8099085129513,0.0,COVERED_CALL,7188.182146292894,2200.0,7960.99853515625,563.0,0.0,959.8099085129513,0.0,COVERED_CALL,6014.343501552946,2200.0,7960.99853515625,563.0,0.0,2318.954,0
2021-04-27,417.5199890136719,0.0,115000.0,131971.05772376823,16971.05772376823,91151.18214629291,100,0.15469260962290576,0.0,130797.21907902826,15797.219079028262,89977.34350155295,100,0.14317382063973016,0.0,149770.4916574707,34770.4916574707,2385.9355356445403,353,0.30647032890594295,-0.00021207094738118215,932.1233238918712,0.0,COVERED_CALL,7188.182146292894,2200.0,7951.9989013671875,563.0,0.0,932.1233238918712,0.0,COVERED_CALL,6014.343501552946,2200.0,7951.9989013671875,563.0,0.0,2318.954,0
2021-04-28,417.3999938964844,0.0,115000.0,131991.29662002405,16991.296620024048,91151.18214629291,100,0.15486969166147246,0.0,130817.45797528408,15817.45797528408,89977.34350155295,100,0.14335070954089502,0.0,149728.13338110351,34728.133381103515,2385.9355356445403,353,0.3061008313457434,-0.0004948322105560177,899.884915917293,0.0,COVERED_CALL,7188.182146292894,2200.0,7939.9993896484375,563.0,0.0,899.884915917293,0.0,COVERED_CALL,6014.343501552946,2200.0,7939.9993896484375,563.0,0.0,2318.954,0
2021-04-29,420.05999755859375,0.0,115000.0,131993.78693432594,16993.786934325937,91151.18214629291,100,0.1548914808898807,0.0,130819.94828958597,15819.94828958597,89977.34350155295,100,0.14337247500452732,0.0,150667.11467382812,35667.114673828124,2385.9355356445403,353,0.31429170516051363,0.0,1163.3949678263496,0.0,COVERED_CALL,7188.182146292894,2200.0,8205.999755859375,563.0,0.0,1163.3949678263496,0.0,COVERED_CALL,6014.343501552946,2200.0,8205.999755859375,563.0,0.0,2318.954,0
2021-04-30,417.2999877929688,0.0,115000.0,132051.1821462929,17051.182146292907,132051.1821462929,0,0.15539366544632127,0.0,130877.34350155295,15877.343501552954,130877.34350155295,0,0.14387411184522403,0.0,149692.83122656253,34692.83122656253,2385.9355356445403,353,0.3057928853882732,-0.006466463829049585,0.0,0.0,CASH,7188.182146292894,9300.0,0.0,563.0,0.0,0.0,0.0,CASH,6014.343501552946,9300.0,0.0,563.0,0.0,2318.954,0
2021-05-03,418.2000122070313,1000.0,116000.0,133051.1821462929,17051.182146292907,133051.1821462929,0,0.15539366544632127,0.0,131877.34350155294,15877.34350155294,131877.34350155294,0,0.1438741118452238,-2.220446049250313e-16,151010.5198447266,35010.5198447266,2549.515511230478,355,0.3085641305706135,-0.004357917323384974,0.0,0.0,CASH,7188.182146292894,9300.0,0.0,563.0,0.0,0.0,0.0,CASH,6014.343501552946,9300.0,0.0,563.0,0.0,2318.954,2
2021-05-04,415.6199951171875,0.0,116000.0,132996.9555058301,16996.95550583009,133549.0102306897,0,0.1549227705930889,-0.0004075622597865536,131823.11686109012,15823.116861090122,132375.17158594972,0,0.14340376228743934,-0.0004111899665479868,150094.61377783204,34094.61377783204,2549.515511230478,355,0.30062745286536097,-0.010396666311976666,552.0547248596072,40800.0,SHORT_PUT,7686.0102306896815,9300.0,0.0,563.0,0.0,552.0547248596072,40800.0,SHORT_PUT,6512.1715859497335,9300.0,0.0,563.0,0.0,2318.954,0
2021-05-05,415.75,0.0,116000.0,132960.83037076372,16960.830370763724,133549.0102306897,0,0.1546090661107553,-0.0006790753307989172,131786.99172602376,15786.991726023756,132375.17158594972,0,0.14309042107436865,-0.0006851197721322588,150140.76551123048,34140.76551123048,2549.515511230478,355,0.3010273753538799,-0.01009237884904235,588.1798599259777,40800.0,SHORT_PUT,7686.0102306896815,9300.0,0.0,563.0,0.0,588.1798599259777,40800.0,SHORT_PUT,6512.1715859497335,9300.0,0.0,563.0,0.0,2318.954,0
2021-05-06,419.0700073242188,0.0,116000.0,133100.90145377125,17100.90145377125,133549.0102306897,0,0.15582541939231542,0.0,131927.06280903128,15927.062809031282,132375.17158594972,0,0.14430536582087505,0.0,151319.36811132816,35319.368111328164,2549.515511230478,355,0.3112404193740641,-0.00232161990710944,448.1087769184493,40800.0,SHORT_PUT,7686.0102306896815,9300.0,0.0,563.0,0.0,448.1087769184493,40800.0,SHORT_PUT,6512.1715859497335,9300.0,0.0,563.0,0.0,2318.954,0
2021-05-07,422.1199951171875,0.0,116000.0,133228.78821011772,17228.788210117724,133549.0102306897,0,0.15693596606911786,0.0,132054.94956537776,16054.949565377756,132375.17158594972,0,0.14541462648649395,0.0,152402.11377783204,36402.11377783204,2549.515511230478,355,0.3206228262631641,0.0,320.2220205719668,40800.0,SHORT_PUT,7686.0102306896815,9300.0,0.0,563.0,0.0,320.2220205719668,40800.0,SHORT_PUT,6512.1715859497335,9300.0,0.0,563.0,0.0,2318.954,0
2021-05-10,417.9400024414063,0.0,116000.0,133218.219251672,17218.21925167201,133549.0102306897,0,0.15684418704512448,-7.932938959898106e-05,132044.38060693204,16044.380606932042,132375.17158594972,0,0.14532295374245607,-8.003454986349468e-05,150918.21637792973,34918.216377929726,2549.515511230478,355,0.3077642855935754,-0.009736724531691832,330.7909790176761,40800.0,SHORT_PUT,7686.0102306896815,9300.0,0.0,563.0,0.0,330.7909790176761,40800.0,SHORT_PUT,6512.1715859497335,9300.0,0.0,563.0,0.0,2318.954,0
2021-05-11,414.2099914550781,0.0,116000.0,132987.0138698004,16987.0138698004,133549.0102306897,0,0.15483643912945522,-0.0018147304615276916,131813.17522506043,15813.175225060433,132375.17158594972,0,0.14331753079549547,-0.0018308616308063685,149594.0624777832,33594.06247778321,2549.515511230478,355,0.2962899836782613,-0.018425277907512028,561.9963608892755,40800.0,SHORT_PUT,7686.0102306896815,9300.0,0.0,563.0,0.0,561.9963608892755,40800.0,SHORT_PUT,6512.1715859497335,9300.0,0.0,563.0,0.0,2318.954,0
2021-05-12,405.4100036621094,0.0,116000.0,132498.48241315715,16498.48241315715,133549.0102306897,0,0.15059411567714465,-0.005481591529668428,131324.64376841718,15324.643768417183,132375.17158594972,0,0.13908011994660563,-0.005530317488016689,146470.0668112793,30470.066811279306,2549.515511230478,355,0.2692193618603351,-0.03892365282544774,1050.52781753253,40800.0,SHORT_PUT,7686.0102306896815,9300.0,0.0,563.0,0.0,1050.52781753253,40800.0,SHORT_PUT,6512.1715859497335,9300.0,0.0,563.0,0.0,2318.954,0
2021-05-13,410.2799987792969,0.0,116000.0,132525.0471783926,16525.04717839259,133549.0102306897,0,0.1508247995461789,-0.005282199449380687,131351.20853365262,15351.208533652622,132375.17158594972,0,0.13931053668410764,-0.005329153008208354,148198.91507788087,32198.91507788087,2549.515511230478,355,0.2842004958316646,-0.02757966143487023,1023.9630522971087,40800.0,SHORT_PUT,7686.0102306896815,9300.0,0.0,563.0,0.0,1023.9630522971087,40800.0,SHORT_PUT,6512.1715859497335,9300.0,0.0,563.0,0.0,2318.954,0
2021-05-14,416.5799865722656,0.0,116000.0,132989.86943569986,16989.86943569986,133549.0102306897,0,0.15486123637438198,-0.001793296911483444,131816.0307909599,15816.030790959892,132375.17158594972,0,0.14334229932525444,-0.001809237557578891,150435.41074438478,34435.410744384775,2549.515511230478,355,0.3035805894196666,-0.012904696560273932,559.1407949898226,40800.0,SHORT_PUT,7686.0102306896815,9300.0,0.0,563.0,0.0,559.1407949898226,40800.0,SHORT_PUT,6512.1715859497335,9300.0,0.0,563.0,0.0,2318.954,0
2021-05-17,415.5199890136719,0.0,116000.0,133167.63656653083,17167.636566530826,133549.0102306897,0,0.15640493567545866,-0.00045899722130993137,131993.79792179086,15993.797921790858,132375.17158594972,0,0.1448842110251376,-0.0004630772552498552,150059.111611084,34059.111611083994,2549.515511230478,355,0.30031981296046006,-0.015373816731726109,381.37366415886817,40800.0,SHORT_PUT,7686.0102306896815,9300.0,0.0,563.0,0.0,381.37366415886817,40800.0,SHORT_PUT,6512.1715859497335,9300.0,0.0,563.0,0.0,2318.954,0
2021-05-18,411.9400024414063,0.0,116000.0,133020.5934808109,17020.5934808109,133549.0102306897,0,0.155128038717101,-0.0015626857536114036,131846.75483607093,15846.754836070933,132375.17158594972,0,0.14360879271130966,-0.0015765764932857973,148788.21637792973,32788.216377929726,2549.515511230478,355,0.2893070178417567,-0.023712908635706853,528.41674987878,40800.0,SHORT_PUT,7686.0102306896815,9300.0,0.0,563.0,0.0,528.41674987878,40800.0,SHORT_PUT,6512.1715859497335,9300.0,0.0,563.0,0.0,2318.954,0
2021-05-19,410.8599853515625,0.0,116000.0,132937.69597404444,16937.695974044444,133549.0102306897,0,0.1544081709740701,-0.002184904929212639,131763.85732930448,15763.857329304476,132375.17158594972,0,0.14288975857391417,-0.0022043265854956307,148404.81031103517,32404.810311035166,2549.515511230478,355,0.28598465707445886,-0.02622866158289683,611.3142566452373,40800.0,SHORT_PUT,7686.0102306896815,9300.0,0.0,563.0,0.0,611.3142566452373,40800.0,SHORT_PUT,6512.1715859497335,9300.0,0.0,563.0,0.0,2318.954,0
2021-05-20,415.2799987792969,0.0,116000.0,133107.22359653862,17107.22359653862,133549.0102306897,0,0.15588031979671335,-0.0009124500433600469,131933.38495179865,15933.384951798653,132375.17158594972,0,0.14436020265069738,-0.0009205608269827747,149973.91507788087,33973.91507788087,2549.515511230478,355,0.29958155229151306,-0.015932841348191285,441.7866341510546,40800.0,SHORT_PUT,7686.0102306896815,9300.0,0.0,563.0,0.0,441.7866341510546,40800.0,SHORT_PUT,6512.1715859497335,9300.0,0.0,563.0,0.0,2318.954,0
2021-05-21,414.9400024414063,0.0,116000.0,133165.52878126618,17165.528781266185,133549.0102306897,0,0.15638663202942116,-0.0004748180156963766,131991.69013652622,15991.690136526217,132375.17158594972,0,0.1448659285746916,-0.00047903868094079094,149853.21637792973,33853.216377929726,2549.515511230478,355,0.29853565171766583,-0.01672481658369951,383.48144942350785,40800.0,SHORT_PUT,7686.0102306896815,9300.0,0.0,563.0,0.0,383.48144942350785,40800.0,SHORT_PUT,6512.1715859497335,9300.0,0.0,563.0,0.0,2318.954,0
2021-05-24,419.1700134277344,0.0,116000.0,133362.15332396116,17362.15332396116,133549.0102306897,0,0.15809408586362528,0.0,132188.3146792212,16188.314679221192,132375.17158594972,0,0.14657140518022782,0.0,151354.87027807618,35354.87027807618,2549.515511230478,355,0.31154805927896434,-0.006871581199211718,186.8569067285352,40800.0,SHORT_PUT,7686.0102306896815,9300.0,0.0,563.0,0.0,186.8569067285352,40800.0,SHORT_PUT,6512.1715859497335,9300.0,0.0,563.0,0.0,2318.954,0
2021-05-25,418.239990234375,0.0,116000.0,133398.26007379775,17398.26007379775,133549.0102306897,0,0.15840763069177388,0.0,132224.42142905778,16224.42142905778,132375.17158594972,0,0.14688458692399298,0.0,151024.7120444336,35024.7120444336,2549.515511230478,355,0.30868711142975847,-0.009037943761110778,150.75015689194345,40800.0,SHORT_PUT,7686.0102306896815,9300.0,0.0,563.0,0.0,150.75015689194345,40800.0,SHORT_PUT,6512.1715859497335,9300.0,0.0,563.0,0.0,2318.954,0
2021-05-26,419.0700073242188,0.0,116000.0,133424.47731625635,17424.47731625635,133549.0102306897,0,0.1586352967325675,0.0,132250.63867151638,16250.638671516383,132375.17158594972,0,0.14711198932789427,0.0,151319.36811132816,35319.368111328164,2549.515511230478,355,0.3112404193740639,-0.007104531818254767,124.53291443334116,40800.0,SHORT_PUT,7686.0102306896815,9300.0,0.0,563.0,0.0,124.53291443334116,40800.0,SHORT_PUT,6512.1715859497335,9300.0,0.0,563.0,0.0,2318.954,0
2021-05-27,419.2900085449219,0.0,116000.0,133468.80705188558,17468.807051885582,133549.0102306897,0,0.1590202485602077,0.0,132294.9684071456,16294.968407145614,132375.17158594972,0,0.14749649538196596,0.0,151397.46854467774,35397.468544677744,2549.515511230478,355,0.3119171896134376,-0.006592068890979186,80.20317880409917,40800.0,SHORT_PUT,7686.0102306896815,9300.0,0.0,563.0,0.0,80.20317880409917,40800.0,SHORT_PUT,6512.1715859497335,9300.0,0.0,563.0,0.0,2318.954,0
2021-05-28,420.0400085449219,0.0,116000.0,133499.98164693476,17499.981646934757,133549.0102306897,0,0.15929096340138105,0.0,132326.1430021948,16326.143002194789,132375.17158594972,0,0.14776689673580878,0.0,151663.71854467774,35663.718544677744,2549.515511230478,355,0.31422434808241473,-0.004845045877977516,49.02858375493235,40800.0,SHORT_PUT,7686.0102306896815,9300.0,0.0,563.0,0.0,49.02858375493235,40800.0,SHORT_PUT,6512.1715859497335,9300.0,0.0,563.0,0.0,2318.954,0
2021-06-01,419.6700134277344,1000.0,117000.0,134540.40545856504,17540.405458565045,134549.0102306897,0,0.15964199685435299,0.0,133366.56681382508,16366.566813825077,133375.17158594972,0,0.14811752369263287,0.0,152532.3502780762,35532.35027807619,2710.155484375009,357,0.3130859916172706,-0.00570703042231957,8.60477212464199,40800.0,SHORT_PUT,7686.0102306896815,9300.0,0.0,563.0,0.0,8.60477212464199,40800.0,SHORT_PUT,6512.1715859497335,9300.0,0.0,563.0,0.0,2318.954,2
2021-06-02,420.3299865722656,0.0,117000.0,134545.71303596094,17545.713035960944,134549.0102306897,0,0.1596877443725715,0.0,133371.87439122098,16371.874391220976,133375.17158594972,0,0.14816321522359277,0.0,152767.96069067385,35767.96069067385,2710.155484375009,357,0.3151142612380895,-0.004171187197075543,3.297194728741747,40800.0,SHORT_PUT,7686.0102306896815,9300.0,0.0,563.0,0.0,3.297194728741747,40800.0,SHORT_PUT,6512.1715859497335,9300.0,0.0,563.0,0.0,2318.954,0
2021-06-03,418.7699890136719,0.0,117000.0,134547.76937100384,17547.769371003844,134549.0102306897,0,0.15970546850880574,0.0,133373.93072626388,16373.930726263876,133375.17158594972,0,0.14818091766846875,0.0,152211.04156225588,35211.04156225588,2710.155484375009,357,0.3103199818301072,-0.007801504129842929,1.240859685841066,40800.0,SHORT_PUT,7686.0102306896815,9300.0,0.0,563.0,0.0,1.240859685841066,40800.0,SHORT_PUT,6512.1715859497335,9300.0,0.0,563.0,0.0,2318.954,0
2021-06-04,422.6000061035156,0.0,117000.0,134549.0102306897,17549.010230689688,134549.0102306897,0,0.15971616383114395,0.0,133375.17158594972,16375.17158594972,133375.17158594972,0,0.14819159990153352,0.0,153578.3576633301,36578.3576633301,2710.155484375009,357,0.3220906233704768,0.0,0.0,0.0,CASH,7686.0102306896815,9300.0,0.0,563.0,0.0,0.0,0.0,CASH,6512.1715859497335,9300.0,0.0,563.0,0.0,2318.954,0
2021-06-07,422.1900024414063,0.0,117000.0,134549.0102306897,17549.010230689688,134549.0102306897,0,0.15971616383114395,0.0,133375.17158594972,16375.17158594972,133375.17158594972,0,0.14819159990153352,0.0,153431.98635595708,36431.98635595708,2710.155484375009,357,0.3208305751712861,-0.0009530724875563834,0.0,0.0,CASH,7686.0102306896815,9300.0,0.0,563.0,0.0,0.0,0.0,CASH,6512.1715859497335,9300.0,0.0,563.0,0.0,2318.954,0
2021-06-08,422.2799987792969,0.0,117000.0,134507.5538548539,17507.553854853904,134925.52080112972,0,0.15935883954411878,-0.0003081135696554327,133333.71521011394,16333.715210113936,133751.68215638975,0,0.14783471291926387,-0.0003108252858671223,153464.115048584,36464.115048584004,2710.155484375009,357,0.32110715739230655,-0.000743871835096277,417.9669462758155,41300.0,SHORT_PUT,8062.520801129705,9300.0,0.0,563.0,0.0,417.9669462758155,41300.0,SHORT_PUT,6888.682156389757,9300.0,0.0,563.0,0.0,2318.954,0
2021-06-09,421.6499938964844,0.0,117000.0,134469.4976435768,17469.49764357679,134925.52080112972,0,0.1590308222418988,-0.0005909563138114526,133295.65899883682,16295.658998836821,133751.68215638975,0,0.147507097054985,-0.0005961573369873685,153239.20330541994,36239.20330541994,2710.155484375009,357,0.3191709880566833,-0.002208347341841277,456.02315755293387,41300.0,SHORT_PUT,8062.520801129705,9300.0,0.0,563.0,0.0,456.02315755293387,41300.0,SHORT_PUT,6888.682156389757,9300.0,0.0,563.0,0.0,2318.954,0
2021-06-10,423.6099853515625,0.0,117000.0,134508.0690849563,17508.06908495631,134925.52080112972,0,0.1593632804588221,-0.0003042842579309424,133334.23044021634,16334.230440216343,133751.68215638975,0,0.14783914839903534,-0.0003069622722622345,153938.92025488283,36938.92025488283,2710.155484375009,357,0.3251945530431395,0.0,417.4517161734133,41300.0,SHORT_PUT,8062.520801129705,9300.0,0.0,563.0,0.0,417.4517161734133,41300.0,SHORT_PUT,6888.682156389757,9300.0,0.0,563.0,0.0,2318.954,0
2021-06-11,424.30999755859375,0.0,117000.0,134613.8297343967,17613.829734396713,134925.52080112972,0,0.16027486155810333,0.0,133439.99108965675,16439.991089656745,133751.68215638975,0,0.14874961387655738,0.0,154188.824612793,37188.82461279299,2710.155484375009,357,0.32734587314682706,0.0,311.69106673301565,41300.0,SHORT_PUT,8062.520801129705,9300.0,0.0,563.0,0.0,311.69106673301565,41300.0,SHORT_PUT,6888.682156389757,9300.0,0.0,563.0,0.0,2318.954,0
2021-06-14,425.260009765625,0.0,117000.0,134686.40797798746,17686.40797798746,134925.52080112972,0,0.1609004340694904,0.0,133512.5693332475,16512.56933324749,133751.68215638975,0,0.14937442079253427,0.0,154527.97897070315,37527.978970703145,2710.155484375009,357,0.3302655084606203,0.0,239.11282314226364,41300.0,SHORT_PUT,8062.520801129705,9300.0,0.0,563.0,0.0,239.11282314226364,41300.0,SHORT_PUT,6888.682156389757,9300.0,0.0,563.0,0.0,2318.954,0
2021-06-15,424.4800109863281,0.0,117000.0,134652.34872605774,17652.34872605774,134925.52080112972,0,0.16060686769599442,-0.00025287816670627183,133478.51008131777,16478.51008131777,133751.68215638975,0,0.14908121369484406,-0.00025510146422780267,154249.51940649416,37249.51940649416,2710.155484375009,357,0.32786836875662906,-0.0018020009454843278,273.1720750719819,41300.0,SHORT_PUT,8062.520801129705,9300.0,0.0,563.0,0.0,273.1720750719819,41300.0,SHORT_PUT,6888.682156389757,9300.0,0.0,563.0,0.0,2318.954,0
2021-06-16,422.1099853515625,0.0,117000.0,134575.70476654492,17575.70476654492,134925.52080112972,0,0.15994625162342246,-0.0008219330599464891,133401.86612180495,16401.866121804953,133751.68215638975,0,0.14842140610510013,-0.0008291594716167694,153403.42025488283,36403.42025488283,2710.155484375009,357,0.3205846617825041,-0.007277379302511489,349.8160345848129,41300.0,SHORT_PUT,8062.520801129705,9300.0,0.0,563.0,0.0,349.8160345848129,41300.0,SHORT_PUT,6888.682156389757,9300.0,0.0,563.0,0.0,2318.954,0
2021-06-17,421.9700012207031,0.0,117000.0,134542.70792773608,17542.707927736075,134925.52080112972,0,0.15966184249059912,-0.0010669231766495813,133368.8692829961,16368.869282996107,133751.68215638975,0,0.14813734504116205,-0.0010763035343340777,153353.44592016604,36353.445920166036,2710.155484375009,357,0.3201544540348533,-0.007600779213968734,382.8128733936447,41300.0,SHORT_PUT,8062.520801129705,9300.0,0.0,563.0,0.0,382.8128733936447,41300.0,SHORT_PUT,6888.682156389757,9300.0,0.0,563.0,0.0,2318.954,0
2021-06-18,414.9200134277344,0.0,117000.0,134303.51129328195,17303.511293281947,134925.52080112972,0,0.15760013870820155,-0.002842875464969752,133129.67264854198,16129.672648541979,133751.68215638975,0,0.14607816443701216,-0.0028678699437640898,151327.83227807618,34327.83227807618,3201.387484375009,357,0.3027168095416817,-0.02070917327685806,622.0095078477871,41300.0,SHORT_PUT,8062.520801129705,9300.0,0.0,563.0,0.0,622.0095078477871,41300.0,SHORT_PUT,6888.682156389757,9300.0,0.0,563.0,0.0,2810.186,0
2021-06-21,420.8599853515625,0.0,117000.0,134479.0543776042,17479.05437760419,134925.52080112972,0,0.15911319444891814,-0.0015395287727709706,133305.21573286422,16305.21573286422,133751.68215638975,0,0.14758936845229398,-0.0015530642651759852,153448.40225488282,36448.40225488282,3201.387484375009,357,0.3209718926483973,-0.006986286386525653,446.4664235255354,41300.0,SHORT_PUT,8062.520801129705,9300.0,0.0,563.0,0.0,446.4664235255354,41300.0,SHORT_PUT,6888.682156389757,9300.0,0.0,563.0,0.0,2810.186,0
2021-06-22,423.1099853515625,0.0,117000.0,134661.03002749514,17661.030027495144,134925.52080112972,0,0.16068169430068502,-0.00018842250582906672,133487.19138275518,16487.191382755176,133751.68215638975,0,0.14915594872437077,-0.00019007911104618191,154251.65225488282,37251.65225488282,3201.387484375009,357,0.32788672953935016,-0.00178819860106183,264.4907736345913,41300.0,SHORT_PUT,8062.520801129705,9300.0,0.0,563.0,0.0,264.4907736345913,41300.0,SHORT_PUT,6888.682156389757,9300.0,0.0,563.0,0.0,2810.186,0
2021-06-23,422.6000061035156,0.0,117000.0,134699.603764263,17699.60376426301,134925.52080112972,0,0.16101417230221293,0.0,133525.76511952304,16525.765119523043,133751.68215638975,0,0.14948801982881266,0.0,154069.5896633301,37069.58966333009,3201.387484375009,357,0.32631943028689925,-0.00296638389000059,225.9170368667057,41300.0,SHORT_PUT,8062.520801129705,9300.0,0.0,563.0,0.0,225.9170368667057,41300.0,SHORT_PUT,6888.682156389757,9300.0,0.0,563.0,0.0,2810.186,0
2021-06-24,425.1000061035156,0.0,117000.0,134777.78982488622,17777.78982488622,134925.52080112972,0,0.1616880801825873,0.0,133603.95118014625,16603.95118014625,133751.68215638975,0,0.15016110295942453,0.0,154962.0896633301,37962.08966333009,3201.387484375009,357,0.334002582387958,0.0,147.73097624349788,41300.0,SHORT_PUT,8062.520801129705,9300.0,0.0,563.0,0.0,147.73097624349788,41300.0,SHORT_PUT,6888.682156389757,9300.0,0.0,563.0,0.0,2810.186,0
2021-06-25,426.6099853515625,0.0,117000.0,134822.76884186312,17822.768841863115,134925.52080112972,0,0.1620757671148947,0.0,133648.93019712315,16648.930197123147,133751.68215638975,0,0.15054831542821168,0.0,155501.15225488282,38501.15225488282,3201.387484375009,357,0.3386431424808325,0.0,102.751959266615,41300.0,SHORT_PUT,8062.520801129705,9300.0,0.0,563.0,0.0,102.751959266615,41300.0,SHORT_PUT,6888.682156389757,9300.0,0.0,563.0,0.0,2810.186,0
2021-06-28,427.4700012207031,0.0,117000.0,134869.78190503534,17869.781905035343,134925.52080112972,0,0.16248098606952377,0.0,133695.94326029537,16695.943260295375,133751.68215638975,0,0.15095303846307728,0.0,155808.17792016602,38808.177920166025,3201.387484375009,357,0.34128619557360507,0.0,55.73889609436847,41300.0,SHORT_PUT,8062.520801129705,9300.0,0.0,563.0,0.0,55.73889609436847,41300.0,SHORT_PUT,6888.682156389757,9300.0,0.0,563.0,0.0,2810.186,0
2021-06-29,427.7000122070313,0.0,117000.0,134879.33421295986,17879.33421295986,134925.52080112972,0,0.1625633201267045,0.0,133705.4955682199,16705.495568219892,133751.68215638975,0,0.15103527175723674,0.0,155890.2918422852,38890.291842285194,3201.387484375009,357,0.3419930793307546,0.0,46.18658816985718,41300.0,SHORT_PUT,8062.520801129705,9300.0,0.0,563.0,0.0,46.18658816985718,41300.0,SHORT_PUT,6888.682156389757,9300.0,0.0,563.0,0.0,2810.186,0
2021-06-30,428.05999755859375,0.0,117000.0,134888.30911305457,17888.309113054565,134925.52080112972,0,0.16264067734167598,0.0,133714.4704683146,16714.470468314597,133751.68215638975,0,0.1511125343000037,0.0,156018.80661279298,39018.80661279298,3201.387484375009,357,0.3430994082148373,0.0,37.21168807515738,41300.0,SHORT_PUT,8062.520801129705,9300.0,0.0,563.0,0.0,37.21168807515738,41300.0,SHORT_PUT,6888.682156389757,9300.0,0.0,563.0,0.0,2810.186,0
2021-07-01,430.4299926757813,1000.0,118000.0,135909.68670169136,17909.68670169136,135925.52080112972,0,0.16282493685457267,0.0,134735.8480569514,16735.848056951392,134751.68215638975,0,0.15129656831028493,0.0,157864.86486962895,39864.864869628946,2910.067506347665,360,0.3503827631432712,0.0,15.834099438370885,41300.0,SHORT_PUT,8062.520801129705,9300.0,0.0,563.0,0.0,15.834099438370885,41300.0,SHORT_PUT,6888.682156389757,9300.0,0.0,563.0,0.0,2810.186,3
2021-07-02,433.7200012207031,0.0,118000.0,135921.18761955667,17921.187619556673,135925.52080112972,0,0.16292333715564822,0.0,134747.3489748167,16747.348974816705,134751.68215638975,0,0.15139484183928031,0.0,159049.2679458008,41049.26794580079,2910.067506347665,360,0.3605141973924131,0.0,4.333181573054844,41300.0,SHORT_PUT,8062.520801129705,9300.0,0.0,563.0,0.0,4.333181573054844,41300.0,SHORT_PUT,6888.682156389757,9300.0,0.0,563.0,0.0,2810.186,0
2021-07-06,432.9299926757813,0.0,118000.0,135924.48119624233,17924.481196242326,135925.52080112972,0,0.1629515165532649,0.0,134750.64255150236,16750.64255150236,134751.68215638975,0,0.15142298493252793,0.0,158764.86486962895,40764.864869628946,2910.067506347665,360,0.35808140139208366,-0.0017881445155016884,1.03960488740673,41300.0,SHORT_PUT,8062.520801129705,9300.0,0.0,563.0,0.0,1.03960488740673,41300.0,SHORT_PUT,6888.682156389757,9300.0,0.0,563.0,0.0,2810.186,0
2021-07-07,434.4599914550781,0.0,118000.0,135924.5190927707,17924.5190927707,135925.52080112972,0,0.16295184079084724,0.0,134750.68044803073,16750.680448030733,134751.68215638975,0,0.15142330875238508,0.0,159315.6644301758,41315.66443017579,2910.067506347665,360,0.36279296424125596,0.0,1.0017083590077174,41300.0,SHORT_PUT,8062.520801129705,9300.0,0.0,563.0,0.0,1.0017083590077174,41300.0,SHORT_PUT,6888.682156389757,9300.0,0.0,563.0,0.0,2810.186,0
2021-07-08,430.9200134277344,0.0,118000.0,135924.52078345747,17924.52078345747,135925.52080112972,0,0.1629518552561351,0.0,134750.6821387175,16750.6821387175,134751.68215638975,0,0.15142332319903673,0.0,158041.27234033204,40041.27234033204,2910.067506347665,360,0.3518917601447502,-0.007999163763349082,1.0000176722561391,41300.0,SHORT_PUT,8062.520801129705,9300.0,0.0,563.0,0.0,1.0000176722561391,41300.0,SHORT_PUT,6888.682156389757,9300.0,0.0,563.0,0.0,2810.186,0
2021-07-09,435.5199890136719,0.0,118000.0,135925.52080112972,17925.52080112972,135925.52080112972,0,0.16296041127237504,0.0,134751.68215638975,16751.682156389754,134751.68215638975,0,0.1514318681923026,0.0,159697.26355126954,41697.26355126954,2910.067506347665,360,0.36605717934055115,0.0,0.0,0.0,CASH,8062.520801129705,9300.0,0.0,563.0,0.0,0.0,0.0,CASH,6888.682156389757,9300.0,0.0,563.0,0.0,2810.186,0
2021-07-12,437.0799865722656,0.0,118000.0,135925.52080112972,17925.52080112972,135925.52080112972,0,0.16296041127237504,0.0,134751.68215638975,16751.682156389754,134751.68215638975,0,0.1514318681923026,0.0,160258.8626723633,42258.86267236329,2910.067506347665,360,0.37086112208960875,0.0,0.0,0.0,CASH,8062.520801129705,9300.0,0.0,563.0,0.0,0.0,0.0,CASH,6888.682156389757,9300.0,0.0,563.0,0.0,2810.186,0
2021-07-13,435.5899963378906,0.0,118000.0,135880.7784724369,17880.778472436912,136333.24792371143,0,0.1625776019465679,-0.0003291679769118483,134706.93982769694,16706.939827696944,135159.40927897146,0,0.15104955205131199,-0.0003320354000544423,159722.4661879883,41722.46618798829,2910.067506347665,360,0.36627276376612206,-0.003347062842144588,452.4694512745204,42700.0,SHORT_PUT,8470.247923711415,9300.0,0.0,563.0,0.0,452.4694512745204,42700.0,SHORT_PUT,7296.409278971467,9300.0,0.0,563.0,0.0,2810.186,0
2021-07-14,436.239990234375,0.0,118000.0,135869.67970798918,17869.679707989184,136333.24792371143,0,0.1624826424158583,-0.0004108212557244473,134695.84106324922,16695.841063249216,135159.40927897146,0,0.1509547148598338,-0.0004143999707233448,159956.46399072267,41956.46399072267,2910.067506347665,360,0.36827439091530967,-0.0018869388974691592,463.56821572224993,42700.0,SHORT_PUT,8470.247923711415,9300.0,0.0,563.0,0.0,463.56821572224993,42700.0,SHORT_PUT,7296.409278971467,9300.0,0.0,563.0,0.0,2810.186,0
2021-07-15,434.75,0.0,118000.0,135868.78623027753,17868.786230277532,136333.24792371143,0,0.1624749979411424,-0.00041739454458433745,134694.94758553756,16694.947585537564,135159.40927897146,0,0.1509470802337256,-0.0004210305203190545,159420.06750634767,41420.06750634767,2910.067506347665,360,0.36368603259182297,-0.005234001739613636,464.4616934338927,42700.0,SHORT_PUT,8470.247923711415,9300.0,0.0,563.0,0.0,464.4616934338927,42700.0,SHORT_PUT,7296.409278971467,9300.0,0.0,563.0,0.0,2810.186,0
2021-07-16,431.3399963378906,0.0,118000.0,135720.11203708025,17720.112037080253,136333.24792371143,0,0.1612029616094277,-0.0015111861469339072,134546.27339234028,16546.273392340285,135159.40927897146,0,0.14967668270483636,-0.0015243502772089856,158192.4661879883,40192.46618798829,2910.067506347665,360,0.35318507874314053,-0.012894116742857675,613.1358866311895,42700.0,SHORT_PUT,8470.247923711415,9300.0,0.0,563.0,0.0,613.1358866311895,42700.0,SHORT_PUT,7296.409278971467,9300.0,0.0,563.0,0.0,2810.186,0
2021-07-19,424.9700012207031,0.0,118000.0,135390.30476758978,17390.304767589783,136333.24792371143,0,0.1583811751229265,-0.003937568385873558,134216.46612284982,16216.466122849815,135159.40927897146,0,0.14685853161109286,-0.003971869033284281,155899.2679458008,37899.26794580079,2910.067506347665,360,0.33356896352156906,-0.027203454797226412,942.9431561216537,42700.0,SHORT_PUT,8470.247923711415,9300.0,0.0,563.0,0.0,942.9431561216537,42700.0,SHORT_PUT,7296.409278971467,9300.0,0.0,563.0,0.0,2810.186,0
2021-07-20,431.05999755859375,0.0,118000.0,135518.46633545888,17518.466335458885,136333.24792371143,0,0.15947770820074658,-0.002994687555888609,134344.62769071892,16344.627690718917,135159.40927897146,0,0.14795365199222998,-0.003020774651246394,158091.66662744142,40091.66662744142,2910.067506347665,360,0.35232283501837425,-0.013523096375347321,814.7815882525499,42700.0,SHORT_PUT,8470.247923711415,9300.0,0.0,563.0,0.0,814.7815882525499,42700.0,SHORT_PUT,7296.409278971467,9300.0,0.0,563.0,0.0,2810.186,0
2021-07-21,434.5499877929688,0.0,118000.0,135798.7659232742,17798.765923274186,136333.24792371143,0,0.1618759136444623,-0.0009325318535359228,134624.92727853422,16624.92727853422,135159.40927897146,0,0.15034876775543915,-0.0009406552543693714,159348.06311181645,41348.063111816446,2910.067506347665,360,0.3630701039409112,-0.005683302285808267,534.4820004372311,42700.0,SHORT_PUT,8470.247923711415,9300.0,0.0,563.0,0.0,534.4820004372311,42700.0,SHORT_PUT,7296.409278971467,9300.0,0.0,563.0,0.0,2810.186,0
2021-07-22,435.4599914550781,0.0,118000.0,135921.1300706506,17921.1300706506,136333.24792371143,0,0.1629228447749751,-3.2302473098710927e-05,134747.29142591063,16747.291425910633,135159.40927897146,0,0.151394350092956,-3.2583863954993575e-05,159675.6644301758,41675.66443017579,2910.067506347665,360,0.36587241954078076,-0.003639101341807449,412.11785306082334,42700.0,SHORT_PUT,8470.247923711415,9300.0,0.0,563.0,0.0,412.11785306082334,42700.0,SHORT_PUT,7296.409278971467,9300.0,0.0,563.0,0.0,2810.186,0
2021-07-23,439.9400024414063,0.0,118000.0,136070.05677874672,18070.056778746715,136333.24792371143,0,0.16419704159008464,0.0,134896.21813400675,16896.218134006747,135159.40927897146,0,0.1526669053218237,0.0,161288.46838525395,43288.468385253946,2910.067506347665,360,0.37966841311455957,0.0,263.19114496471474,42700.0,SHORT_PUT,8470.247923711415,9300.0,0.0,563.0,0.0,263.19114496471474,42700.0,SHORT_PUT,7296.409278971467,9300.0,0.0,563.0,0.0,2810.186,0
2021-07-26,441.0199890136719,0.0,118000.0,136148.2414130328,18148.24141303281,136333.24792371143,0,0.16486597876912668,0.0,134974.40276829284,16974.402768292843,135159.40927897146,0,0.15333498068889417,0.0,161677.26355126954,43677.26355126954,2910.067506347665,360,0.38299418348793846,0.0,185.0065106786144,42700.0,SHORT_PUT,8470.247923711415,9300.0,0.0,563.0,0.0,185.0065106786144,42700.0,SHORT_PUT,7296.409278971467,9300.0,0.0,563.0,0.0,2810.186,0
2021-07-27,439.010009765625,0.0,118000.0,136108.20460632406,18108.204606324056,136333.24792371143,0,0.16452342925435115,-0.00029406774772278155,134934.3659615841,16934.365961584088,135159.40927897146,0,0.15299287249100457,-0.0002966251814241483,160953.67102197267,42953.67102197267,2910.067506347665,360,0.3768045422406052,-0.004475536716808781,225.04331738736408,42700.0,SHORT_PUT,8470.247923711415,9300.0,0.0,563.0,0.0,225.04331738736408,42700.0,SHORT_PUT,7296.409278971467,9300.0,0.0,563.0,0.0,2810.186,0
2021-07-28,438.8299865722656,0.0,118000.0,136067.1231294966,18067.123129496613,136333.24792371143,0,0.1641719416830303,-0.0005958085296899895,134893.28448475664,16893.284484756645,135159.40927897146,0,0.15264183775173779,-0.0006009901275537688,160888.8626723633,42888.86267236329,2910.067506347665,360,0.37625016886377716,-0.004876386831326185,266.12479421480833,42700.0,SHORT_PUT,8470.247923711415,9300.0,0.0,563.0,0.0,266.12479421480833,42700.0,SHORT_PUT,7296.409278971467,9300.0,0.0,563.0,0.0,2810.186,0
2021-07-29,440.6499938964844,0.0,118000.0,136153.08900884684,18153.089008846844,136333.24792371143,0,0.16490745414467334,0.0,134979.25036410688,16979.250364106876,135159.40927897146,0,0.15337640263046137,0.0,161544.06530908204,43544.06530908204,2910.067506347665,360,0.3818548000635169,-0.0008238526510270239,180.1589148645778,42700.0,SHORT_PUT,8470.247923711415,9300.0,0.0,563.0,0.0,180.1589148645778,42700.0,SHORT_PUT,7296.409278971467,9300.0,0.0,563.0,0.0,2810.186,0
2021-07-30,438.510009765625,0.0,118000.0,136139.55140401152,18139.551404011523,136333.24792371143,0,0.1647916282247568,-9.942928900008585e-05,134965.71275927156,16965.712759271555,135159.40927897146,0,0.15326072593257578,-0.0001002939696197469,160773.67102197267,42773.67102197267,2910.067506347665,360,0.3752648145908426,-0.00558886580245932,193.69651969991276,42700.0,SHORT_PUT,8470.247923711415,9300.0,0.0,563.0,0.0,193.69651969991276,42700.0,SHORT_PUT,7296.409278971467,9300.0,0.0,563.0,0.0,2810.186,0
2021-08-02,437.5899963378906,1000.0,119000.0,137157.5915921531,18157.591592153098,137333.24792371143,0,0.1649459776397666,0.0,135983.75294741313,16983.75294741313,136159.40927897146,0,0.15341487649457242,0.0,161442.4461879883,42442.4461879883,3034.867513671884,362,0.37243150328432195,-0.007637544922262207,175.6563315583425,42700.0,SHORT_PUT,8470.247923711415,9300.0,0.0,563.0,0.0,175.6563315583425,42700.0,SHORT_PUT,7296.409278971467,9300.0,0.0,563.0,0.0,2810.186,2
2021-08-03,441.1499938964844,0.0,119000.0,137217.14462060554,18217.14462060554,137333.24792371143,0,0.16545179040701186,0.0,136043.30597586557,17043.305975865573,136159.40927897146,0,0.15392000558145624,0.0,162731.16530419924,43731.16530419924,3034.867513671884,362,0.3833869784752335,0.0,116.10330310588472,42700.0,SHORT_PUT,8470.247923711415,9300.0,0.0,563.0,0.0,116.10330310588472,42700.0,SHORT_PUT,7296.409278971467,9300.0,0.0,563.0,0.0,2810.186,0
2021-08-04,438.9800109863281,0.0,119000.0,137224.35497892744,18224.35497892744,137333.24792371143,0,0.16551303147888352,0.0,136050.51633418747,17050.516334187472,136159.40927897146,0,0.15398116387701055,0.0,161945.63149072268,42945.63149072268,3034.867513671884,362,0.37670911043020316,-0.004827187293891311,108.89294478400231,42700.0,SHORT_PUT,8470.247923711415,9300.0,0.0,563.0,0.0,108.89294478400231,42700.0,SHORT_PUT,7296.409278971467,9300.0,0.0,563.0,0.0,2810.186,0
2021-08-05,441.760009765625,0.0,119000.0,137277.04940719134,18277.04940719134,137333.24792371143,0,0.16596059082676562,0.0,136103.21076245137,17103.210762451374,136159.40927897146,0,0.15442811828259662,0.0,162951.99104882815,43951.991048828146,3034.867513671884,362,0.38526423080769634,0.0,56.19851652008012,42700.0,SHORT_PUT,8470.247923711415,9300.0,0.0,563.0,0.0,56.19851652008012,42700.0,SHORT_PUT,7296.409278971467,9300.0,0.0,563.0,0.0,2810.186,0
2021-08-06,442.489990234375,0.0,119000.0,137301.47243757948,18301.472437579476,137333.24792371143,0,0.16616802747450898,0.0,136127.6337928395,17127.633792839508,136159.40927897146,0,0.1546352745491959,0.0,163216.24397851565,44216.243978515646,3034.867513671884,362,0.38751066013345126,0.0,31.775486131956487,42700.0,SHORT_PUT,8470.247923711415,9300.0,0.0,563.0,0.0,31.775486131956487,42700.0,SHORT_PUT,7296.409278971467,9300.0,0.0,563.0,0.0,2810.186,0
2021-08-09,442.1300048828125,0.0,119000.0,137327.10089994702,18327.10089994702,137333.24792371143,0,0.16638570244095874,0.0,136153.26225520705,17153.262255207053,136159.40927897146,0,0.15485265529590797,0.0,163085.92928125002,44085.92928125002,3034.867513671884,362,0.386402847410767,-0.0007984174496920016,6.1470237644078765,42700.0,SHORT_PUT,8470.247923711415,9300.0,0.0,563.0,0.0,6.1470237644078765,42700.0,SHORT_PUT,7296.409278971467,9300.0,0.0,563.0,0.0,2810.186,0
2021-08-10,442.6799926757813,0.0,119000.0,137330.39249443475,18330.392494434753,137333.24792371143,0,0.16641365955010579,0.0,136156.55384969478,17156.553849694785,136159.40927897146,0,0.15488057461690952,0.0,163285.02486230474,44285.02486230474,3034.867513671884,362,0.38809537037518016,0.0,2.8554292766650438,42700.0,SHORT_PUT,8470.247923711415,9300.0,0.0,563.0,0.0,2.8554292766650438,42700.0,SHORT_PUT,7296.409278971467,9300.0,0.0,563.0,0.0,2810.186,0
2021-08-11,443.7799987792969,0.0,119000.0,137332.1079976491,18332.107997649087,137333.24792371143,0,0.1664282301513098,0.0,136158.26935290912,17158.26935290912,136159.40927897146,0,0.15489512552380247,0.0,163683.22707177736,44683.227071777364,3034.867513671884,362,0.391480510218275,0.0,1.1399260623309029,42700.0,SHORT_PUT,8470.247923711415,9300.0,0.0,563.0,0.0,1.1399260623309029,42700.0,SHORT_PUT,7296.409278971467,9300.0,0.0,563.0,0.0,2810.186,0
2021-08-12,445.1099853515625,0.0,119000.0,137332.24789771184,18332.247897711844,137333.24792371143,0,0.1664294183904258,0.0,136158.40925297188,17158.409252971876,136159.40927897146,0,0.15489631215683852,0.0,164164.68221093752,45164.68221093752,3034.867513671884,362,0.3955733879961063,0.0,1.0000259995855527,42700.0,SHORT_PUT,8470.247923711415,9300.0,0.0,563.0,0.0,1.0000259995855527,42700.0,SHORT_PUT,7296.409278971467,9300.0,0.0,563.0,0.0,2810.186,0
2021-08-13,445.9200134277344,0.0,119000.0,137333.24792371143,18333.24792371143,137333.24792371143,0,0.16643791209647762,0.0,136159.40927897146,17159.409278971463,136159.40927897146,0,0.15490479438239713,0.0,164457.91237451174,45457.91237451174,3034.867513671884,362,0.3980661544506847,0.0,0.0,0.0,CASH,8470.247923711415,9300.0,0.0,563.0,0.0,0.0,0.0,CASH,7296.409278971467,9300.0,0.0,563.0,0.0,2810.186,0
2021-08-16,446.9700012207031,0.0,119000.0,137333.24792371143,18333.24792371143,137333.24792371143,0,0.16643791209647762,0.0,136159.40927897146,17159.409278971463,136159.40927897146,0,0.15490479438239713,0.0,164838.00795556643,45838.00795556643,3034.867513671884,362,0.40129736880611633,0.0,0.0,0.0,CASH,8470.247923711415,9300.0,0.0,563.0,0.0,0.0,0.0,CASH,7296.409278971467,9300.0,0.0,563.0,0.0,2810.186,0
2021-08-17,444.0400085449219,0.0,119000.0,137278.25078982252,18278.250789822516,137838.39569565636,0,0.16597079475239274,-0.0004004648162072577,136104.41214508255,17104.412145082548,136664.5570509164,0,0.15443830841611716,-0.0004039172480269082,163777.3506069336,44777.350606933614,3034.867513671884,362,0.39228065979417126,-0.006434543597000464,560.1449058338598,43800.0,SHORT_PUT,8975.395695656336,9300.0,0.0,563.0,0.0,560.1449058338598,43800.0,SHORT_PUT,7801.557050916388,9300.0,0.0,563.0,0.0,2810.186,0
2021-08-18,439.1799926757813,0.0,119000.0,136988.57867542192,17988.578675421915,137838.39569565636,0,0.16351046892873122,-0.002509729096926261,135814.74003068195,16814.740030681947,136664.5570509164,0,0.15198130808472832,-0.0025313656258845185,162018.02486230474,43018.02486230474,3034.867513671884,362,0.37732453063804927,-0.017107602356016383,849.8170202344542,43800.0,SHORT_PUT,8975.395695656336,9300.0,0.0,563.0,0.0,849.8170202344542,43800.0,SHORT_PUT,7801.557050916388,9300.0,0.0,563.0,0.0,2810.186,0
2021-08-19,439.8599853515625,0.0,119000.0,136846.94779921786,17846.947799217858,137838.39569565636,0,0.16230752917433455,-0.003541022526196369,135673.1091544779,16673.10915447789,136664.5570509164,0,0.15077999428036604,-0.003571549899259785,162264.18221093752,43264.18221093752,3034.867513671884,362,0.37941712839040975,-0.015614273531640355,991.4478964384965,43800.0,SHORT_PUT,8975.395695656336,9300.0,0.0,563.0,0.0,991.4478964384965,43800.0,SHORT_PUT,7801.557050916388,9300.0,0.0,563.0,0.0,2810.186,0
2021-08-20,443.3599853515625,0.0,119000.0,137016.2603277005,18016.260327700496,137838.39569565636,0,0.16374558263335404,-0.0023081635423565228,135842.42168296053,16842.42168296053,136664.5570509164,0,0.1522161039985932,-0.002328062362267458,163531.18221093752,44531.18221093752,3034.867513671884,362,0.39018796812754086,-0.00792793944089143,822.1353679558695,43800.0,SHORT_PUT,8975.395695656336,9300.0,0.0,563.0,0.0,822.1353679558695,43800.0,SHORT_PUT,7801.557050916388,9300.0,0.0,563.0,0.0,2810.186,0
2021-08-23,447.260009765625,0.0,119000.0,137360.71543097624,18360.71543097624,137838.39569565636,0,0.16667120696359006,0.0,136186.87678623627,17186.876786236273,136664.5570509164,0,0.15513777391717798,0.0,164942.99104882815,45942.991048828146,3034.867513671884,362,0.40218983610890247,0.0,477.6802646801308,43800.0,SHORT_PUT,8975.395695656336,9300.0,0.0,563.0,0.0,477.6802646801308,43800.0,SHORT_PUT,7801.557050916388,9300.0,0.0,563.0,0.0,2810.186,0
2021-08-24,447.9700012207031,0.0,119000.0,137457.8861460545,18457.886146054487,137838.39569565636,0,0.16749652499637824,0.0,136284.04750131452,17284.04750131452,136664.5570509164,0,0.15596197641123766,0.0,165200.00795556643,46200.00795556643,3034.867513671884,362,0.4043747515881537,0.0,380.5095496018846,43800.0,SHORT_PUT,8975.395695656336,9300.0,0.0,563.0,0.0,380.5095496018846,43800.0,SHORT_PUT,7801.557050916388,9300.0,0.0,563.0,0.0,2810.186,0
2021-08-25,448.9100036621094,0.0,119000.0,137496.53193466066,18496.531934660656,137838.39569565636,0,0.1678247624309004,0.0,136322.6932899207,17322.693289920688,136664.5570509164,0,0.15628977018458223,0.0,165540.2888393555,46540.28883935549,3034.867513671884,362,0.40726749891641045,0.0,341.8637609957056,43800.0,SHORT_PUT,8975.395695656336,9300.0,0.0,563.0,0.0,341.8637609957056,43800.0,SHORT_PUT,7801.557050916388,9300.0,0.0,563.0,0.0,2810.186,0
2021-08-26,446.260009765625,0.0,119000.0,137447.8711616901,18447.8711616901,137838.39569565636,0,0.1674114628746537,-0.0003539054570023126,136274.03251695013,17274.03251695013,136664.5570509164,0,0.15587702926348368,-0.0003569528432588731,164580.99104882815,45580.991048828146,3034.867513671884,362,0.39911245332686507,-0.00579495056613244,390.5245339662608,43800.0,SHORT_PUT,8975.395695656336,9300.0,0.0,563.0,0.0,390.5245339662608,43800.0,SHORT_PUT,7801.557050916388,9300.0,0.0,563.0,0.0,2810.186,0
2021-08-27,450.25,0.0,119000.0,137501.95537109685,18501.955371096847,137838.39569565636,0,0.1678708263081381,0.0,136328.11672635688,17328.11672635688,136664.5570509164,0,0.1563357717997138,0.0,166025.3675136719,47025.367513671896,3034.867513671884,362,0.4113911805746282,0.0,336.44032455953123,43800.0,SHORT_PUT,8975.395695656336,9300.0,0.0,563.0,0.0,336.44032455953123,43800.0,SHORT_PUT,7801.557050916388,9300.0,0.0,563.0,0.0,2810.186,0
2021-08-30,452.2300109863281,0.0,119000.0,137668.4860900906,18668.48609009059,137838.39569565636,0,0.16928525250936555,0.0,136494.64744535062,17494.647445350623,136664.5570509164,0,0.1577482861958639,0.0,166742.13149072268,47742.13149072268,3034.867513671884,362,0.41748443229219934,0.0,169.90960556578642,43800.0,SHORT_PUT,8975.395695656336,9300.0,0.0,563.0,0.0,169.90960556578642,43800.0,SHORT_PUT,7801.557050916388,9300.0,0.0,563.0,0.0,2810.186,0
2021-08-31,451.55999755859375,0.0,119000.0,137673.56131596127,18673.56131596127,137838.39569565636,0,0.16932835886531006,0.0,136499.7226712213,17499.7226712213,136664.5570509164,0,0.15779133428722725,0.0,166499.58662988283,47499.58662988283,3034.867513671884,362,0.4154225445059556,-0.001454610533471179,164.8343796950814,43800.0,SHORT_PUT,8975.395695656336,9300.0,0.0,563.0,0.0,164.8343796950814,43800.0,SHORT_PUT,7801.557050916388,9300.0,0.0,563.0,0.0,2810.186,0
2021-09-01,451.7999877929688,1000.0,120000.0,138682.9672648549,18682.967264854902,138838.39569565636,0,0.16940824815326216,0.0,137509.12862011493,17509.128620114934,137664.5570509164,0,0.15787111559305478,0.0,167586.4430947266,47586.443094726594,3131.2475380859464,364,0.41616091629993046,-0.0009337076034963143,155.4284308014671,43800.0,SHORT_PUT,8975.395695656336,9300.0,0.0,563.0,0.0,155.4284308014671,43800.0,SHORT_PUT,7801.557050916388,9300.0,0.0,563.0,0.0,2810.186,2
2021-09-02,453.1900024414063,0.0,120000.0,138726.45658215389,18726.456582153885,138838.39569565636,0,0.1697749605719463,0.0,137552.61793741392,17552.617937413917,137664.5570509164,0,0.15823730964026206,0.0,168092.40842675784,48092.408426757844,3131.2475380859464,364,0.42043649083324963,0.0,111.93911350248041,43800.0,SHORT_PUT,8975.395695656336,9300.0,0.0,563.0,0.0,111.93911350248041,43800.0,SHORT_PUT,7801.557050916388,9300.0,0.0,563.0,0.0,2810.186,0
2021-09-03,453.0799865722656,0.0,120000.0,138730.0033612411,18730.003361241106,138838.39569565636,0,0.16980486786914928,0.0,137556.16471650114,17556.164716501138,137664.5570509164,0,0.15826717466158602,0.0,168052.36265039063,48052.36265039063,3131.2475380859464,364,0.4200980907675469,-0.00023823667435085571,108.39233441526044,43800.0,SHORT_PUT,8975.395695656336,9300.0,0.0,563.0,0.0,108.39233441526044,43800.0,SHORT_PUT,7801.557050916388,9300.0,0.0,563.0,0.0,2810.186,0
2021-09-07,451.4599914550781,0.0,120000.0,138756.82081602656,18756.820816026564,138838.39569565636,0,0.17003099911972086,0.0,137582.9821712866,17582.982171286596,137664.5570509164,0,0.1584929862611606,0.0,167462.68442773438,47462.68442773438,3131.2475380859464,364,0.4151151145989618,-0.0037462964860655035,81.57487962980426,43800.0,SHORT_PUT,8975.395695656336,9300.0,0.0,563.0,0.0,81.57487962980426,43800.0,SHORT_PUT,7801.557050916388,9300.0,0.0,563.0,0.0,2810.186,0
2021-09-08,450.9100036621094,0.0,120000.0,138734.9190633613,18734.919063361303,138838.39569565636,0,0.1698463182557266,-0.00015784271026431096,137561.08041862134,17561.080418621335,137664.5570509164,0,0.15830856645538893,-0.00015918940205827958,167262.48887109375,47262.48887109375,3131.2475380859464,364,0.4134233958793807,-0.004937281602611421,103.47663229506168,43800.0,SHORT_PUT,8975.395695656336,9300.0,0.0,563.0,0.0,103.47663229506168,43800.0,SHORT_PUT,7801.557050916388,9300.0,0.0,563.0,0.0,2810.186,0
2021-09-09,448.9800109863281,0.0,120000.0,138724.19488920513,18724.19488920513,138838.39569565636,0,0.16975588943119102,-0.000235130256152849,137550.35624446516,17550.35624446516,137664.5570509164,0,0.15821826545778506,-0.0002371363544134697,166559.97153710938,46559.97153710938,3131.2475380859464,364,0.40748689186962883,-0.009116633546934816,114.20080645122871,43800.0,SHORT_PUT,8975.395695656336,9300.0,0.0,563.0,0.0,114.20080645122871,43800.0,SHORT_PUT,7801.557050916388,9300.0,0.0,563.0,0.0,2810.186,0
2021-09-10,445.4400024414063,0.0,120000.0,138653.93694289424,18653.936942894245,138838.39569565636,0,0.16916345747264083,-0.0007414689420474074,137480.09829815428,17480.098298154277,137664.5570509164,0,0.15762667093972937,-0.0007477950507297493,165271.40842675784,45271.408426757844,3131.2475380859464,364,0.3965981070647966,-0.016782435485354963,184.4587527621204,43800.0,SHORT_PUT,8975.395695656336,9300.0,0.0,563.0,0.0,184.4587527621204,43800.0,SHORT_PUT,7801.557050916388,9300.0,0.0,563.0,0.0,2810.186,0
2021-09-13,446.5799865722656,0.0,120000.0,138734.87567445543,18734.875674455427,138838.39569565636,0,0.16984595239000133,-0.00015815540772745607,137561.03702971546,17561.03702971546,137664.5570509164,0,0.15830820110683796,-0.00015950476741255493,165686.36265039063,45686.36265039063,3131.2475380859464,364,0.4001046076069088,-0.014313827726584183,103.52002120094383,43800.0,SHORT_PUT,8975.395695656336,9300.0,0.0,563.0,0.0,103.52002120094383,43800.0,SHORT_PUT,7801.557050916388,9300.0,0.0,563.0,0.0,2810.186,0
2021-09-14,444.1700134277344,0.0,120000.0,138741.47187885753,18741.471878857526,138838.39569565636,0,0.1699015731773732,-0.00011061753273633457,137567.63323411756,17567.63323411756,137664.5570509164,0,0.1583637432706666,-0.00011156130596101654,164809.13242578125,44809.13242578125,3131.2475380859464,364,0.39269172184032786,-0.01953256563878214,96.92381679882786,43800.0,SHORT_PUT,8975.395695656336,9300.0,0.0,563.0,0.0,96.92381679882786,43800.0,SHORT_PUT,7801.557050916388,9300.0,0.0,563.0,0.0,2810.186,0
2021-09-15,447.8800048828125,0.0,120000.0,138820.92890456828,18820.92890456828,138838.39569565636,0,0.1705715739934246,0.0,137647.0902598283,17647.090259828314,137664.5570509164,0,0.15903279699767836,0.0,166159.5693154297,46159.56931542969,3131.2475380859464,364,0.40410336056082263,-0.011498669865095956,17.466791088067367,43800.0,SHORT_PUT,8975.395695656336,9300.0,0.0,563.0,0.0,17.466791088067367,43800.0,SHORT_PUT,7801.557050916388,9300.0,0.0,563.0,0.0,2810.186,0
2021-09-16,447.1700134277344,0.0,120000.0,138835.23278980947,18835.232789809466,138838.39569565636,0,0.17069218780571593,0.0,137661.3941450695,17661.3941450695,137664.5570509164,0,0.15915324031462563,0.0,165901.13242578125,45901.13242578125,3131.2475380859464,364,0.401919483299084,-0.013036138999289792,3.162905846885277,43800.0,SHORT_PUT,8975.395695656336,9300.0,0.0,563.0,0.0,3.162905846885277,43800.0,SHORT_PUT,7801.557050916388,9300.0,0.0,563.0,0.0,2810.186,0
2021-09-17,441.3999938964844,0.0,120000.0,138838.39569565636,18838.395695656363,138838.39569565636,0,0.17071885819111676,0.0,137664.5570509164,17664.557050916395,137664.5570509164,0,0.15917987299972958,0.0,164320.63731640627,44320.63731640627,3651.0395380859463,364,0.388563776471206,-0.022438676116625644,0.0,0.0,CASH,8975.395695656336,9300.0,0.0,563.0,0.0,0.0,0.0,CASH,7801.557050916388,9300.0,0.0,563.0,0.0,3329.978,0
2021-09-20,434.0400085449219,0.0,120000.0,138838.39569565636,18838.395695656363,138838.39569565636,0,0.17071885819111676,0.0,137664.5570509164,17664.557050916395,137664.5570509164,0,0.15917987299972958,0.0,161641.60264843752,41641.60264843752,3651.0395380859463,364,0.3659250467498203,-0.038376544418013414,0.0,0.0,CASH,8975.395695656336,9300.0,0.0,563.0,0.0,0.0,0.0,CASH,7801.557050916388,9300.0,0.0,563.0,0.0,3329.978,0
2021-09-21,433.6300048828125,0.0,120000.0,138761.04902000344,18761.04902000344,139555.86411435928,0,0.17006665235604101,-0.0005570985984486576,137587.21037526347,17587.210375263472,138382.02546961932,0,0.15852858909934886,-0.0005618488688000634,161492.3613154297,41492.361315429705,3651.0395380859463,364,0.36466390808609983,-0.039264397322285594,794.8150943558519,42200.0,SHORT_PUT,9692.86411435925,9300.0,0.0,563.0,0.0,794.8150943558519,42200.0,SHORT_PUT,8519.025469619302,9300.0,0.0,563.0,0.0,3329.978,0
2021-09-22,437.8599853515625,0.0,120000.0,138979.2039205358,18979.2039205358,139555.86411435928,0,0.1719061871243619,0.0,137805.36527579583,17805.365275795833,138382.02546961932,0,0.16036552356752765,0.0,163032.0742060547,43032.074206054705,3651.0395380859463,364,0.37767499166637375,-0.03010447805504579,576.6601938234712,42200.0,SHORT_PUT,9692.86411435925,9300.0,0.0,563.0,0.0,576.6601938234712,42200.0,SHORT_PUT,8519.025469619302,9300.0,0.0,563.0,0.0,3329.978,0
2021-09-23,443.1799926757813,0.0,120000.0,139265.5737302043,19265.573730204313,139555.86411435928,0,0.1743209264687322,0.0,138091.73508546434,18091.735085464345,138382.02546961932,0,0.1627768495232691,0.0,164968.55687207036,44968.55687207036,3651.0395380859463,364,0.3940389111819491,-0.018584132287262856,290.2903841549768,42200.0,SHORT_PUT,9692.86411435925,9300.0,0.0,563.0,0.0,290.2903841549768,42200.0,SHORT_PUT,8519.025469619302,9300.0,0.0,563.0,0.0,3329.978,0
2021-09-24,443.9100036621094,0.0,120000.0,139363.27577210846,19363.275772108464,139555.86411435928,0,0.17514477366437187,0.0,138189.4371273685,18189.437127368496,138382.02546961932,0,0.1635995321581638,0.0,165234.28087109377,45234.28087109377,3651.0395380859463,364,0.3962843669299845,-0.01700331134769506,192.58834225082296,42200.0,SHORT_PUT,9692.86411435925,9300.0,0.0,563.0,0.0,192.58834225082296,42200.0,SHORT_PUT,8519.025469619302,9300.0,0.0,563.0,0.0,3329.978,0
2021-09-27,442.6400146484375,0.0,120000.0,139397.619505135,19397.619505134993,139555.86411435928,0,0.17543436830937909,0.0,138223.78086039503,18223.780860395025,138382.02546961932,0,0.16388871744260336,0.0,164772.0048701172,44772.004870117205,3651.0395380859463,364,0.3923779817055162,-0.019753441501121904,158.24460922427951,42200.0,SHORT_PUT,9692.86411435925,9300.0,0.0,563.0,0.0,158.24460922427951,42200.0,SHORT_PUT,8519.025469619302,9300.0,0.0,563.0,0.0,3329.978,0
2021-09-28,433.7200012207031,0.0,120000.0,139187.7695621688,19187.769562168804,139555.86411435928,0,0.17366486294748062,-0.0015054054991122667,138013.93091742884,18013.930917428836,138382.02546961932,0,0.16212171338979853,-0.0015181898632778967,161525.1199824219,41525.11998242189,3651.0395380859463,364,0.36494072966550517,-0.03906951245330925,368.0945521904857,42200.0,SHORT_PUT,9692.86411435925,9300.0,0.0,563.0,0.0,368.0945521904857,42200.0,SHORT_PUT,8519.025469619302,9300.0,0.0,563.0,0.0,3329.978,0
2021-09-29,434.4500122070313,0.0,120000.0,139050.86676365562,19050.86676365562,139555.86411435928,0,0.17251046551184723,-0.0024875083427561284,137877.02811891565,17877.028118915652,138382.02546961932,0,0.16096894776883253,-0.002508633024801865,161790.84398144536,41790.84398144536,3651.0395380859463,364,0.3671861854135412,-0.03748869151374101,504.99735070364886,42200.0,SHORT_PUT,9692.86411435925,9300.0,0.0,563.0,0.0,504.99735070364886,42200.0,SHORT_PUT,8519.025469619302,9300.0,0.0,563.0,0.0,3329.978,0
2021-09-30,429.1400146484375,0.0,120000.0,138916.62111051378,18916.621110513777,139555.86411435928,0,0.17137847376723037,-0.0034505495598042835,137742.7824657738,17742.78246577381,138382.02546961932,0,0.1598385561670046,-0.003479852682564122,159858.0048701172,39858.004870117205,3651.0395380859463,364,0.3508530551411144,-0.04898736137883686,639.2430038455121,42200.0,SHORT_PUT,9692.86411435925,9300.0,0.0,563.0,0.0,639.2430038455121,42200.0,SHORT_PUT,8519.025469619302,9300.0,0.0,563.0,0.0,3329.978,0
2021-10-01,434.239990234375,1000.0,121000.0,140087.6702109679,19087.670210967888,140555.86411435928,0,0.17282080106131148,-0.002223490582316967,138913.83156622792,17913.83156622792,139382.02546961932,0,0.1612788446391331,-0.00224237314474951,162714.36598339846,41714.36598339846,3348.2895673828216,367,0.3665399210153544,-0.037943667433014694,468.19390339140057,42200.0,SHORT_PUT,9692.86411435925,9300.0,0.0,563.0,0.0,468.19390339140057,42200.0,SHORT_PUT,8519.025469619302,9300.0,0.0,563.0,0.0,3329.978,3
2021-10-04,428.6400146484375,0.0,121000.0,140036.19879536633,19036.198795366334,140555.86411435928,0,0.1723898798618464,-0.002590096503568784,138862.36015062637,17862.360150626366,139382.02546961932,0,0.1608485587175097,-0.0026120699337766062,160659.1749433594,39659.174943359394,3348.2895673828216,367,0.34927960976654315,-0.05009508100215365,519.6653189929402,42200.0,SHORT_PUT,9692.86411435925,9300.0,0.0,563.0,0.0,519.6653189929402,42200.0,SHORT_PUT,8519.025469619302,9300.0,0.0,563.0,0.0,3329.978,0
2021-10-05,433.1000061035156,0.0,121000.0,140143.0608530014,19143.0608530014,140555.86411435928,0,0.173284534215437,-0.0018289699126580183,138969.22220826143,17969.22220826143,139382.02546961932,0,0.161741894142982,-0.0018445262570622178,162295.99180737307,41295.991807373066,3348.2895673828216,367,0.36302624839028996,-0.040417324402361676,412.8032613578945,42200.0,SHORT_PUT,9692.86411435925,9300.0,0.0,563.0,0.0,412.8032613578945,42200.0,SHORT_PUT,8519.025469619302,9300.0,0.0,563.0,0.0,3329.978,0
2021-10-06,434.8999938964844,0.0,121000.0,140265.57626160566,19265.57626160566,140555.86411435928,0,0.1743102391860829,-0.0009563520972362127,139091.7376168657,18091.737616865692,139382.02546961932,0,0.1627660869864902,-0.0009645513692922991,162956.5873273926,41956.5873273926,3348.2895673828216,367,0.3685741921400305,-0.03651152235802946,290.28785275362395,42200.0,SHORT_PUT,9692.86411435925,9300.0,0.0,563.0,0.0,290.28785275362395,42200.0,SHORT_PUT,8519.025469619302,9300.0,0.0,563.0,0.0,3329.978,0
2021-10-07,438.6600036621094,0.0,121000.0,140371.90187436788,19371.901874367875,140555.86411435928,0,0.17520040239705859,-0.00019904634289114043,139198.0632296279,18198.063229627907,139382.02546961932,0,0.16365493789033403,-0.000200860742754716,164336.51091137697,43336.51091137697,3348.2895673828216,367,0.3801633388884966,-0.028352659344261233,183.96223999141853,42200.0,SHORT_PUT,9692.86411435925,9300.0,0.0,563.0,0.0,183.96223999141853,42200.0,SHORT_PUT,8519.025469619302,9300.0,0.0,563.0,0.0,3329.978,0
2021-10-08,437.8599853515625,0.0,121000.0,140406.87378750413,19406.873787504126,140555.86411435928,0,0.17549318895791255,0.0,139233.03514276416,18233.035142764158,139382.02546961932,0,0.16394729281585718,0.0,164042.90419140627,43042.90419140627,3348.2895673828216,367,0.37769751295177945,-0.030088622868593595,148.99032685514896,42200.0,SHORT_PUT,9692.86411435925,9300.0,0.0,563.0,0.0,148.99032685514896,42200.0,SHORT_PUT,8519.025469619302,9300.0,0.0,563.0,0.0,3329.978,0
2021-10-11,434.6900024414063,0.0,121000.0,140415.4297924373,19415.429792437295,140555.86411435928,0,0.1755648202481217,0.0,139241.59114769733,18241.591147697327,139382.02546961932,0,0.16401881850492273,0.0,162879.52046337895,41879.520463378954,3348.2895673828216,367,0.36792695398361075,-0.03696718381181263,140.43432192200166,42200.0,SHORT_PUT,9692.86411435925,9300.0,0.0,563.0,0.0,140.43432192200166,42200.0,SHORT_PUT,8519.025469619302,9300.0,0.0,563.0,0.0,3329.978,0
2021-10-12,433.6199951171875,0.0,121000.0,140387.8794251857,19387.879425185703,140555.86411435928,0,0.175334167231044,-0.00019620612415827132,139214.04078044574,18214.040780445735,139382.02546961932,0,0.16378850552391433,-0.00019786018692047325,162486.82777539064,41486.827775390644,3348.2895673828216,367,0.36462896470292483,-0.03928899777672368,167.98468917357724,42200.0,SHORT_PUT,9692.86411435925,9300.0,0.0,563.0,0.0,167.98468917357724,42200.0,SHORT_PUT,8519.025469619302,9300.0,0.0,563.0,0.0,3329.978,0
2021-10-13,435.1799926757813,0.0,121000.0,140439.09805144763,19439.098051447625,140555.86411435928,0,0.17576297206584002,0.0,139265.25940670766,18265.259406707657,139382.02546961932,0,0.16421667820088137,0.0,163059.34687939458,42059.34687939458,3348.2895673828216,367,0.36943720770247124,-0.03590395167957239,116.76606291165974,42200.0,SHORT_PUT,9692.86411435925,9300.0,0.0,563.0,0.0,116.76606291165974,42200.0,SHORT_PUT,8519.025469619302,9300.0,0.0,563.0,0.0,3329.978,0
2021-10-14,442.5,0.0,121000.0,140534.7250750228,19534.725075022812,140555.86411435928,0,0.17656356616683166,0.0,139360.88643028284,18360.886430282844,139382.02546961932,0,0.16501609204039336,0.0,165745.78956738283,44745.78956738283,3348.2895673828216,367,0.39199902119981345,-0.020020233088178685,21.13903933646098,42200.0,SHORT_PUT,9692.86411435925,9300.0,0.0,563.0,0.0,21.13903933646098,42200.0,SHORT_PUT,8519.025469619302,9300.0,0.0,563.0,0.0,3329.978,0
2021-10-15,445.8699951171875,0.0,121000.0,140551.85689598424,19551.856895984238,140555.86411435928,0,0.17670699460670325,0.0,139378.01825124427,18378.01825124427,139382.02546961932,0,0.16515930903346265,0.0,166982.57777539064,45982.577775390644,3348.2895673828216,367,0.4023860601675724,-0.01270766470881679,4.0072183750338155,42200.0,SHORT_PUT,9692.86411435925,9300.0,0.0,563.0,0.0,4.0072183750338155,42200.0,SHORT_PUT,8519.025469619302,9300.0,0.0,563.0,0.0,3329.978,0
2021-10-18,447.1900024414063,0.0,121000.0,140554.8020755788,19554.802075578802,140555.86411435928,0,0.1767316517937787,0.0,139380.96343083883,18380.963430838834,139382.02546961932,0,0.16518392987012276,0.0,167467.02046337895,46467.020463378954,3348.2895673828216,367,0.40645460241692466,-0.009843374558846318,1.0620387804879303,42200.0,SHORT_PUT,9692.86411435925,9300.0,0.0,563.0,0.0,1.0620387804879303,42200.0,SHORT_PUT,8519.025469619302,9300.0,0.0,563.0,0.0,3329.978,0
2021-10-19,450.6400146484375,0.0,121000.0,140554.8635444453,19554.86354444531,140555.86411435928,0,0.17673216641412437,0.0,139381.02489970534,18381.024899705342,139382.02546961932,0,0.16518444373179864,0.0,168733.1749433594,47733.174943359394,3348.2895673828216,367,0.41708827100917567,-0.0023571767169329183,1.0005699139637085,42200.0,SHORT_PUT,9692.86411435925,9300.0,0.0,563.0,0.0,1.0005699139637085,42200.0,SHORT_PUT,8519.025469619302,9300.0,0.0,563.0,0.0,3329.978,0
2021-10-20,452.4100036621094,0.0,121000.0,140554.86411427768,19554.864114277676,140555.86411435928,0,0.17673217118478868,0.0,139381.0254695377,18381.025469537708,139382.02546961932,0,0.1651844484954299,0.0,169382.76091137697,48382.76091137697,3348.2895673828216,367,0.42254375216514184,0.0,1.0000000816103785,42200.0,SHORT_PUT,9692.86411435925,9300.0,0.0,563.0,0.0,1.0000000816103785,42200.0,SHORT_PUT,8519.025469619302,9300.0,0.0,563.0,0.0,3329.978,0
2021-10-21,453.5899963378906,0.0,121000.0,140554.86411435928,19554.864114359283,140555.86411435928,0,0.1767321711854719,0.0,139381.02546961932,18381.025469619315,139382.02546961932,0,0.16518444849611225,0.0,169815.8182233887,48815.81822338869,3348.2895673828216,367,0.4261807396024526,0.0,1.0,42200.0,SHORT_PUT,9692.86411435925,9300.0,0.0,563.0,0.0,1.0,42200.0,SHORT_PUT,8519.025469619302,9300.0,0.0,563.0,0.0,3329.978,0
2021-10-22,453.1199951171875,0.0,121000.0,140555.86411435928,19555.864114359283,140555.86411435928,0,0.17674054323419885,0.0,139382.02546961932,18382.025469619315,139382.02546961932,0,0.1651928082024967,0.0,169643.32777539064,48643.327775390644,3348.2895673828216,367,0.4247320962588943,-0.0010157501804168856,0.0,0.0,CASH,9692.86411435925,9300.0,0.0,563.0,0.0,0.0,0.0,CASH,8519.025469619302,9300.0,0.0,563.0,0.0,3329.978,0
2021-10-25,455.5499877929688,0.0,121000.0,140555.86411435928,19555.864114359283,140555.86411435928,0,0.17674054323419885,0.0,139382.02546961932,18382.025469619315,139382.02546961932,0,0.1651928082024967,0.0,170535.1350874024,49535.13508740239,3348.2895673828216,367,0.4322218485395366,0.0,0.0,0.0,CASH,9692.86411435925,9300.0,0.0,563.0,0.0,0.0,0.0,CASH,8519.025469619302,9300.0,0.0,563.0,0.0,3329.978,0
2021-10-26,455.9599914550781,0.0,121000.0,140516.54580507948,19516.545805079484,140912.06305251736,0,0.17641136843304417,-0.00027973439263850874,139342.70716033952,18342.707160339516,139738.2244077774,0,0.16486411868138284,-0.00028209024188963205,170685.6064313965,49685.6064313965,3348.2895673828216,367,0.43348556669554617,0.0,395.5172474378652,44600.0,SHORT_PUT,10049.063052517318,9300.0,0.0,563.0,0.0,395.5172474378652,44600.0,SHORT_PUT,8875.22440777737,9300.0,0.0,563.0,0.0,3329.978,0
2021-10-27,453.9400024414063,0.0,121000.0,140426.5568473104,19426.556847310392,140912.06305251736,0,0.1756579764937074,-0.000919970631347522,139252.71820257042,18252.718202570424,139738.2244077774,0,0.1641118374165862,-0.0009277183812850254,169944.27046337895,48944.270463378954,3348.2895673828216,367,0.42725953257091387,-0.00434328344092394,485.5062052069622,44600.0,SHORT_PUT,10049.063052517318,9300.0,0.0,563.0,0.0,485.5062052069622,44600.0,SHORT_PUT,8875.22440777737,9300.0,0.0,563.0,0.0,3329.978,0
2021-10-28,458.3200073242188,0.0,121000.0,140528.53583259738,19528.53583259738,140912.06305251736,0,0.17651174952766246,-0.00019443003629970868,139354.6971878574,18354.69718785741,139738.2244077774,0,0.16496435179097424,-0.00019606747476830222,171551.73225537114,50551.73225537114,3348.2895673828216,367,0.44075963563180975,0.0,383.5272199199706,44600.0,SHORT_PUT,10049.063052517318,9300.0,0.0,563.0,0.0,383.5272199199706,44600.0,SHORT_PUT,8875.22440777737,9300.0,0.0,563.0,0.0,3329.978,0
2021-10-29,459.25,0.0,121000.0,140585.14699504065,19585.146995040646,140912.06305251736,0,0.17698570093813082,0.0,139411.30835030068,18411.30835030068,139738.2244077774,0,0.1654376044870851,0.0,171893.03956738283,50893.03956738283,3348.2895673828216,367,0.44362607010045396,0.0,326.91605747670235,44600.0,SHORT_PUT,10049.063052517318,9300.0,0.0,563.0,0.0,326.91605747670235,44600.0,SHORT_PUT,8875.22440777737,9300.0,0.0,563.0,0.0,3329.978,0
2021-11-01,460.0400085449219,1000.0,122000.0,141650.10488291894,19650.10488291894,141912.06305251736,0,0.17752953154065243,0.0,140476.26623817897,18476.26623817897,140738.2244077774,0,0.16598063335710478,0.0,173182.95270336914,51182.95270336914,3428.189550292978,369,0.4460608758507494,0.0,261.9581695984342,44600.0,SHORT_PUT,10049.063052517318,9300.0,0.0,563.0,0.0,261.9581695984342,44600.0,SHORT_PUT,8875.22440777737,9300.0,0.0,563.0,0.0,3329.978,2
2021-11-02,461.8999938964844,0.0,122000.0,141695.8362549977,19695.836254997703,141912.06305251736,0,0.17790969392164846,0.0,140521.99761025773,18521.997610257735,140738.2244077774,0,0.1663602127380821,0.0,173869.2872980957,51869.2872980957,3428.189550292978,369,0.45179170321963547,0.0,216.22679751967243,44600.0,SHORT_PUT,10049.063052517318,9300.0,0.0,563.0,0.0,216.22679751967243,44600.0,SHORT_PUT,8875.22440777737,9300.0,0.0,563.0,0.0,3329.978,0
2021-11-03,464.7200012207031,0.0,122000.0,141766.58051811473,19766.58051811473,141912.06305251736,0,0.17849778709020803,0.0,140592.74187337476,18592.74187337476,140738.2244077774,0,0.16694740403327013,0.0,174909.87000073242,52909.87000073242,3428.189550292978,369,0.46048046796744146,0.0,145.4825344026451,44600.0,SHORT_PUT,10049.063052517318,9300.0,0.0,563.0,0.0,145.4825344026451,44600.0,SHORT_PUT,8875.22440777737,9300.0,0.0,563.0,0.0,3329.978,0
2021-11-04,466.9100036621094,0.0,122000.0,141825.0847472085,19825.084747208486,141912.06305251736,0,0.17898412952909903,0.0,140651.24610246852,18651.246102468518,140738.2244077774,0,0.167433000639156,0.0,175717.98090161133,53717.98090161133,3428.189550292978,369,0.4672281156941265,0.0,86.97830530888216,44600.0,SHORT_PUT,10049.063052517318,9300.0,0.0,563.0,0.0,86.97830530888216,44600.0,SHORT_PUT,8875.22440777737,9300.0,0.0,563.0,0.0,3329.978,0
2021-11-05,468.5299987792969,0.0,122000.0,141840.77565643282,19840.775656432816,141912.06305251736,0,0.1791145671945258,0.0,140666.93701169285,18666.937011692848,140738.2244077774,0,0.1675632382712151,0.0,176315.75909985352,54315.759099853516,3428.189550292978,369,0.4722195057323548,0.0,71.28739608455454,44600.0,SHORT_PUT,10049.063052517318,9300.0,0.0,563.0,0.0,71.28739608455454,44600.0,SHORT_PUT,8875.22440777737,9300.0,0.0,563.0,0.0,3329.978,0
2021-11-08,468.9299926757813,0.0,122000.0,141846.8499581313,19846.849958131294,141912.06305251736,0,0.17916506253047593,0.0,140673.01131339133,18673.011313391326,140738.2244077774,0,0.16761365616977741,0.0,176463.35684765628,54463.35684765628,3428.189550292978,369,0.4734519326261659,0.0,65.21309438608196,44600.0,SHORT_PUT,10049.063052517318,9300.0,0.0,563.0,0.0,65.21309438608196,44600.0,SHORT_PUT,8875.22440777737,9300.0,0.0,563.0,0.0,3329.978,0
2021-11-09,467.3800048828125,0.0,122000.0,141827.96473847286,19827.96473847286,141912.06305251736,0,0.17900807073808855,-0.00013313809692638845,140654.1260937329,18654.12609373289,140738.2244077774,0,0.16745690513297884,-0.00013424906086900723,175891.41135205078,53891.41135205078,3428.189550292978,369,0.4686762431520941,-0.0032411572907981023,84.09831404449854,44600.0,SHORT_PUT,10049.063052517318,9300.0,0.0,563.0,0.0,84.09831404449854,44600.0,SHORT_PUT,8875.22440777737,9300.0,0.0,563.0,0.0,3329.978,0
2021-11-10,463.6199951171875,0.0,122000.0,141780.76406984456,19780.76406984456,141912.06305251736,0,0.17861569417568335,-0.00046589605836322434,140606.9254251046,18606.925425104593,140738.2244077774,0,0.16706513030171455,-0.00046978370385131196,174503.96774853516,52503.96774853516,3428.189550292978,369,0.45709122348835285,-0.011103659899276752,131.29898267281234,44600.0,SHORT_PUT,10049.063052517318,9300.0,0.0,563.0,0.0,131.29898267281234,44600.0,SHORT_PUT,8875.22440777737,9300.0,0.0,563.0,0.0,3329.978,0
2021-11-11,463.7699890136719,0.0,122000.0,141774.50198379107,19774.501983791066,141912.06305251736,0,0.17856363779871742,-0.000510042869204308,140600.6633390511,18600.663339051098,140738.2244077774,0,0.16701315375607928,-0.0005142988954651706,174559.3154963379,52559.31549633789,3428.189550292978,369,0.45755337182001377,-0.010790009809017564,137.56106872628905,44600.0,SHORT_PUT,10049.063052517318,9300.0,0.0,563.0,0.0,137.56106872628905,44600.0,SHORT_PUT,8875.22440777737,9300.0,0.0,563.0,0.0,3329.978,0
2021-11-12,467.2699890136719,0.0,122000.0,141846.73856904585,19846.738569045847,141912.06305251736,0,0.17916413655913455,-7.852771175542728e-07,140672.89992430588,18672.89992430588,140738.2244077774,0,0.16761273161846435,-7.918298216003095e-07,175850.8154963379,53850.81549633789,3428.189550292978,369,0.4683372716901131,-0.003471209900235306,65.32448347151032,44600.0,SHORT_PUT,10049.063052517318,9300.0,0.0,563.0,0.0,65.32448347151032,44600.0,SHORT_PUT,8875.22440777737,9300.0,0.0,563.0,0.0,3329.978,0
2021-11-15,467.4299926757813,0.0,122000.0,141885.96427495932,19885.96427495932,141912.06305251736,0,0.17949021769509144,0.0,140712.12563021935,18712.12563021935,140738.2244077774,0,0.16793831269098036,0.0,175909.85684765628,53909.85684765628,3428.189550292978,369,0.4688302612532669,-0.003136628532334762,26.098777558047885,44600.0,SHORT_PUT,10049.063052517318,9300.0,0.0,563.0,0.0,26.098777558047885,44600.0,SHORT_PUT,8875.22440777737,9300.0,0.0,563.0,0.0,3329.978,0
2021-11-16,469.2799987792969,0.0,122000.0,141896.61351079628,19896.613510796276,141912.06305251736,0,0.17957874420692654,0.0,140722.7748660563,18722.77486605631,140738.2244077774,0,0.1680267034425178,0.0,176592.50909985352,54592.509099853516,3428.189550292978,369,0.47453034141880535,0.0,15.449541721076997,44600.0,SHORT_PUT,10049.063052517318,9300.0,0.0,563.0,0.0,15.449541721076997,44600.0,SHORT_PUT,8875.22440777737,9300.0,0.0,563.0,0.0,3329.978,0
2021-11-17,468.1400146484375,0.0,122000.0,141898.15263681646,19898.152636816463,141912.06305251736,0,0.17959153887688473,0.0,140724.3139920765,18724.313992076495,140738.2244077774,0,0.16803947849114276,0.0,176171.8549555664,54171.85495556641,3428.189550292978,369,0.47101792007003684,-0.0023820610875926462,13.91041570089142,44600.0,SHORT_PUT,10049.063052517318,9300.0,0.0,563.0,0.0,13.91041570089142,44600.0,SHORT_PUT,8875.22440777737,9300.0,0.0,563.0,0.0,3329.978,0
2021-11-18,469.7300109863281,0.0,122000.0,141902.74261827723,19902.742618277232,141912.06305251736,0,0.17962969514033222,0.0,140728.90397353726,18728.903973537264,140738.2244077774,0,0.16807757623985187,0.0,176758.56360424805,54758.56360424805,3428.189550292978,369,0.47591688044193314,0.0,9.320434240120633,44600.0,SHORT_PUT,10049.063052517318,9300.0,0.0,563.0,0.0,9.320434240120633,44600.0,SHORT_PUT,8875.22440777737,9300.0,0.0,563.0,0.0,3329.978,0
2021-11-19,468.8900146484375,0.0,122000.0,141903.2146331506,19903.21463315061,141912.06305251736,0,0.17963361897401509,0.0,140729.37598841064,18729.37598841064,140738.2244077774,0,0.16808149405611883,0.0,176448.6049555664,54448.60495556641,3428.189550292978,369,0.4733287557564867,-0.001753570759805534,8.848419366755444,44600.0,SHORT_PUT,10049.063052517318,9300.0,0.0,563.0,0.0,8.848419366755444,44600.0,SHORT_PUT,8875.22440777737,9300.0,0.0,563.0,0.0,3329.978,0
2021-11-22,467.5700073242188,0.0,122000.0,141909.4982427187,19909.49824271869,141912.06305251736,0,0.17968585427477413,0.0,140735.65959797872,18735.659597978723,140738.2244077774,0,0.1681336492511576,0.0,175961.52225292972,53961.52225292972,3428.189550292978,369,0.4692616623815806,-0.004509209257339553,2.5648097986652676,44600.0,SHORT_PUT,10049.063052517318,9300.0,0.0,563.0,0.0,2.5648097986652676,44600.0,SHORT_PUT,8875.22440777737,9300.0,0.0,563.0,0.0,3329.978,0
2021-11-23,468.1900024414063,0.0,122000.0,141910.46337265076,19910.46337265076,141912.06305251736,0,0.17969387734682019,0.0,140736.6247279108,18736.624727910792,140738.2244077774,0,0.16814166001937902,0.0,176190.3004511719,54190.300451171905,3428.189550292978,369,0.4711719381712094,-0.003214911580456281,1.599679866607117,44600.0,SHORT_PUT,10049.063052517318,9300.0,0.0,563.0,0.0,1.599679866607117,44600.0,SHORT_PUT,8875.22440777737,9300.0,0.0,563.0,0.0,3329.978,0
2021-11-24,469.4400024414063,0.0,122000.0,141911.03491184686,19911.03491184686,141912.06305251736,0,0.17969862852072427,0.0,140737.1962671069,18737.19626710689,140738.2244077774,0,0.16814640390709545,0.0,176651.5504511719,54651.550451171905,3428.189550292978,369,0.47502333098195915,-0.0006054199066457544,1.0281406705169602,44600.0,SHORT_PUT,10049.063052517318,9300.0,0.0,563.0,0.0,1.0281406705169602,44600.0,SHORT_PUT,8875.22440777737,9300.0,0.0,563.0,0.0,3329.978,0
2021-11-26,458.9700012207031,0.0,122000.0,141912.06305251736,19912.063052517362,141912.06305251736,0,0.17970717539757342,0.0,140738.2244077774,18738.224407777394,140738.2244077774,0,0.16815493767683654,0.0,172788.12000073242,50788.12000073242,3428.189550292978,369,0.4427640610379937,-0.022462524714814913,0.0,0.0,CASH,10049.063052517318,9300.0,0.0,563.0,0.0,0.0,0.0,CASH,8875.22440777737,9300.0,0.0,563.0,0.0,3329.978,0
2021-11-29,464.6000061035156,0.0,122000.0,141912.06305251736,19912.063052517362,141912.06305251736,0,0.17970717539757342,0.0,140738.2244077774,18738.224407777394,140738.2244077774,0,0.16815493767683654,0.0,174865.59180249023,52865.591802490235,3428.189550292978,369,0.4601107493021135,-0.010709364022645218,0.0,0.0,CASH,10049.063052517318,9300.0,0.0,563.0,0.0,0.0,0.0,CASH,8875.22440777737,9300.0,0.0,563.0,0.0,3329.978,0
2021-11-30,455.55999755859375,0.0,122000.0,141830.7292083089,19830.729208308912,142667.4095724978,0,0.17903105162379762,-0.0005731284744859844,140656.89056356894,18656.890563568944,141493.57092775783,0,0.16747985077622984,-0.0005779086992939719,171529.82864941406,49529.82864941406,3428.189550292978,369,0.4322574501668912,-0.029581225645965215,836.6803641888964,44700.0,SHORT_PUT,10804.409572497749,9300.0,0.0,563.0,0.0,836.6803641888964,44700.0,SHORT_PUT,9630.5709277578,9300.0,0.0,563.0,0.0,3329.978,0
2021-12-01,450.5,1000.0,123000.0,142412.15670347092,19412.156703470915,143667.4095724978,0,0.17555148141137122,-0.003522648732556588,141238.31805873095,18238.318058730947,142493.57092775783,0,0.1640056166770021,-0.0035520296717542754,170662.66955029298,47662.66955029298,3527.1695502929783,371,0.4166668525931658,-0.04014455599357747,1255.2528690268823,44700.0,SHORT_PUT,10804.409572497749,9300.0,0.0,563.0,0.0,1255.2528690268823,44700.0,SHORT_PUT,9630.5709277578,9300.0,0.0,563.0,0.0,3329.978,2
2021-12-02,457.3999938964844,0.0,123000.0,142523.43575831168,19523.43575831168,143667.4095724978,0,0.17647004244433484,-0.002744013955961244,141349.5971135717,18349.59711357171,142493.57092775783,0,0.16492271514315138,-0.002766946771729839,173222.56728588868,50222.56728588868,3527.1695502929783,371,0.437916504187172,-0.025746962283799246,1143.9738141861067,44700.0,SHORT_PUT,10804.409572497749,9300.0,0.0,563.0,0.0,1143.9738141861067,44700.0,SHORT_PUT,9630.5709277578,9300.0,0.0,563.0,0.0,3329.978,0
2021-12-03,453.4200134277344,0.0,123000.0,142549.10212352086,19549.10212352086,143667.4095724978,0,0.17668190731839117,-0.0025644228858425766,141375.2634787809,18375.263478780893,142493.57092775783,0,0.16513424267812793,-0.002585868450563633,171745.99453198243,48745.99453198243,3527.1695502929783,371,0.42565950808243946,-0.03405162785620086,1118.3074489769344,44700.0,SHORT_PUT,10804.409572497749,9300.0,0.0,563.0,0.0,1118.3074489769344,44700.0,SHORT_PUT,9630.5709277578,9300.0,0.0,563.0,0.0,3329.978,0
2021-12-06,458.7900085449219,0.0,123000.0,142707.19069589925,19707.190695899248,143667.4095724978,0,0.1779868609105244,-0.0014582555085920212,141533.35205115928,18533.35205115928,142493.57092775783,0,0.16643711847493825,-0.001470540547741539,173738.262720459,50738.262720458995,3527.1695502929783,371,0.4421972800013234,-0.022846544332844165,960.2188765985458,44700.0,SHORT_PUT,10804.409572497749,9300.0,0.0,563.0,0.0,960.2188765985458,44700.0,SHORT_PUT,9630.5709277578,9300.0,0.0,563.0,0.0,3329.978,0
2021-12-07,468.2799987792969,0.0,123000.0,143176.74482829488,20176.744828294875,143667.4095724978,0,0.18186282956880295,0.0,142002.9061835549,19002.906183554907,142493.57092775783,0,0.17030691567271528,0.0,177259.04909741212,54259.04909741212,3527.1695502929783,371,0.47142324586974804,-0.003044639323346976,490.66474420290893,44700.0,SHORT_PUT,10804.409572497749,9300.0,0.0,563.0,0.0,490.66474420290893,44700.0,SHORT_PUT,9630.5709277578,9300.0,0.0,563.0,0.0,3329.978,0
2021-12-08,469.5199890136719,0.0,123000.0,143409.58685612647,20409.586856126465,143667.4095724978,0,0.18378484098333536,0.0,142235.7482113865,19235.748211386497,142493.57092775783,0,0.17222586678966167,0.0,177719.08547436525,54719.085474365245,3527.1695502929783,371,0.47524199714050863,-0.0004572637594757456,257.8227163713286,44700.0,SHORT_PUT,10804.409572497749,9300.0,0.0,563.0,0.0,257.8227163713286,44700.0,SHORT_PUT,9630.5709277578,9300.0,0.0,563.0,0.0,3329.978,0
2021-12-09,466.3500061035156,0.0,123000.0,143427.9859333483,20427.985933348304,143667.4095724978,0,0.18393671750136154,0.0,142254.14728860834,19254.147288608336,142493.57092775783,0,0.17237750148428455,0.0,176543.02181469728,53543.02181469728,3527.1695502929783,371,0.4654795200412034,-0.007071780626023094,239.42363914949283,44700.0,SHORT_PUT,10804.409572497749,9300.0,0.0,563.0,0.0,239.42363914949283,44700.0,SHORT_PUT,9630.5709277578,9300.0,0.0,563.0,0.0,3329.978,0
2021-12-10,470.739990234375,0.0,123000.0,143467.5984803974,20467.5984803974,143667.4095724978,0,0.18426370214539722,0.0,142293.75983565743,19293.75983565743,142493.57092775783,0,0.17270396549128897,0.0,178171.7059272461,55171.705927246105,3527.1695502929783,371,0.4789991889979408,0.0,199.81109210040137,44700.0,SHORT_PUT,10804.409572497749,9300.0,0.0,563.0,0.0,199.81109210040137,44700.0,SHORT_PUT,9630.5709277578,9300.0,0.0,563.0,0.0,3329.978,0
2021-12-13,466.5700073242188,0.0,123000.0,143518.05824128215,20518.058241282153,143667.4095724978,0,0.18468022590314948,0.0,142344.21959654219,19344.219596542185,142493.57092775783,0,0.17311982604452503,0.0,176624.64226757817,53624.642267578165,3527.1695502929783,371,0.4661570495231615,-0.008682992911902887,149.35133121563496,44700.0,SHORT_PUT,10804.409572497749,9300.0,0.0,563.0,0.0,149.35133121563496,44700.0,SHORT_PUT,9630.5709277578,9300.0,0.0,563.0,0.0,3329.978,0
2021-12-14,463.3599853515625,0.0,123000.0,143432.77148992856,20432.771489928564,143667.4095724978,0,0.18397622022540916,-0.000594257979788293,142258.9328451886,19258.932845188596,142493.57092775783,0,0.17241694131063556,-0.0005991585158520163,175433.72411572267,52433.72411572267,3527.1695502929783,371,0.4562712656295256,-0.015367096572793892,234.63808256922718,44700.0,SHORT_PUT,10804.409572497749,9300.0,0.0,563.0,0.0,234.63808256922718,44700.0,SHORT_PUT,9630.5709277578,9300.0,0.0,563.0,0.0,3329.978,0
2021-12-15,470.6000061035156,0.0,123000.0,143527.5989235159,20527.598923515907,143667.4095724978,0,0.18475898015695158,0.0,142353.76027877594,19353.76027877594,142493.57092775783,0,0.17319845490289487,0.0,178119.77181469728,55119.77181469728,3527.1695502929783,371,0.4785680851369696,-0.00029148350058483263,139.81064898189075,44700.0,SHORT_PUT,10804.409572497749,9300.0,0.0,563.0,0.0,139.81064898189075,44700.0,SHORT_PUT,9630.5709277578,9300.0,0.0,563.0,0.0,3329.978,0
2021-12-16,466.4500122070313,0.0,123000.0,143540.9178947721,20540.91789477211,143667.4095724978,0,0.18486892257165488,0.0,142367.07925003214,19367.07925003214,142493.57092775783,0,0.17330822226322362,0.0,176580.1240791016,53580.1240791016,3527.1695502929783,371,0.46578750507551847,-0.008932854068279483,126.49167772568023,44700.0,SHORT_PUT,10804.409572497749,9300.0,0.0,563.0,0.0,126.49167772568023,44700.0,SHORT_PUT,9630.5709277578,9300.0,0.0,563.0,0.0,3329.978,0
2021-12-17,459.8699951171875,0.0,123000.0,143403.51930168667,20403.51930168667,143667.4095724978,0,0.1837347559149296,-0.0009572085444385925,142229.6806569467,19229.6806569467,142493.57092775783,0,0.17217586146855268,-0.0009651008773182701,174744.78073876954,51744.780738769536,4133.012550292979,371,0.4505523626730974,-0.019233834971956187,263.89027081111465,44700.0,SHORT_PUT,10804.409572497749,9300.0,0.0,563.0,0.0,263.89027081111465,44700.0,SHORT_PUT,9630.5709277578,9300.0,0.0,563.0,0.0,3935.821,0
2021-12-20,454.9800109863281,0.0,123000.0,143308.09825672588,20308.098256725876,143667.4095724978,0,0.1829470959752304,-0.0016219740089505885,142134.2596119859,19134.259611985908,142493.57092775783,0,0.17138945567011077,-0.0016353474361678888,172930.5966262207,49930.59662622071,4133.012550292979,371,0.4354928625286225,-0.02941605836768235,359.3113157719216,44700.0,SHORT_PUT,10804.409572497749,9300.0,0.0,563.0,0.0,359.3113157719216,44700.0,SHORT_PUT,9630.5709277578,9300.0,0.0,563.0,0.0,3935.821,0
2021-12-21,463.05999755859375,0.0,123000.0,143500.43457021686,20500.434570216865,143667.4095724978,0,0.1845347500315082,-0.00028203334038112704,142326.5959254769,19326.595925476897,142493.57092775783,0,0.17297458180494174,-0.00028435874900656355,175928.27164453125,52928.271644531254,4133.012550292979,371,0.4603764931695675,-0.012591417200837451,166.97500228093375,44700.0,SHORT_PUT,10804.409572497749,9300.0,0.0,563.0,0.0,166.97500228093375,44700.0,SHORT_PUT,9630.5709277578,9300.0,0.0,563.0,0.0,3935.821,0
2021-12-22,467.6900024414063,0.0,123000.0,143607.3808764057,20607.38087640569,143667.4095724978,0,0.18541754607632566,0.0,142433.54223166572,19433.54223166572,142493.57092775783,0,0.1738559722292803,0.0,177646.00345605472,54646.00345605472,4133.012550292979,371,0.47463534500542837,-0.002950538462072494,60.0286960921163,44700.0,SHORT_PUT,10804.409572497749,9300.0,0.0,563.0,0.0,60.0286960921163,44700.0,SHORT_PUT,9630.5709277578,9300.0,0.0,563.0,0.0,3935.821,0
2021-12-23,470.6000061035156,0.0,123000.0,143651.67264200668,20651.672642006684,143667.4095724978,0,0.18578315566943782,0.0,142477.83399726672,19477.833997266716,142493.57092775783,0,0.17422099968529015,0.0,178725.61481469727,55725.61481469727,4133.012550292979,371,0.4835971737961191,0.0,15.736930491124767,44700.0,SHORT_PUT,10804.409572497749,9300.0,0.0,563.0,0.0,15.736930491124767,44700.0,SHORT_PUT,9630.5709277578,9300.0,0.0,563.0,0.0,3935.821,0
2021-12-27,477.260009765625,0.0,123000.0,143666.35764683093,20666.357646830933,143667.4095724978,0,0.18590437410735272,0.0,142492.51900209096,19492.519002090965,142493.57092775783,0,0.1743420251147294,0.0,181196.47617333985,58196.47617333985,4133.012550292979,371,0.5041077364948394,0.0,1.0519256668700008,44700.0,SHORT_PUT,10804.409572497749,9300.0,0.0,563.0,0.0,1.0519256668700008,44700.0,SHORT_PUT,9630.5709277578,9300.0,0.0,563.0,0.0,3935.821,0
2021-12-28,476.8699951171875,0.0,123000.0,143666.40524300688,20666.405243006884,143667.4095724978,0,0.18590476699344083,0.0,142492.56659826692,19492.566598266916,142493.57092775783,0,0.17434241737524991,0.0,181051.78073876954,58051.780738769536,4133.012550292979,371,0.5029066230561625,-0.0007985554555260954,1.0043294908991502,44700.0,SHORT_PUT,10804.409572497749,9300.0,0.0,563.0,0.0,1.0043294908991502,44700.0,SHORT_PUT,9630.5709277578,9300.0,0.0,563.0,0.0,3935.821,0
2021-12-29,477.4800109863281,0.0,123000.0,143666.40955257916,20666.409552579164,143667.4095724978,0,0.18590480256711794,0.0,142492.5709078392,19492.570907839196,142493.57092775783,0,0.17434245289228523,0.0,181278.0966262207,58278.09662622071,4133.012550292979,371,0.5047852659767973,0.0,1.0000199186189729,44700.0,SHORT_PUT,10804.409572497749,9300.0,0.0,563.0,0.0,1.0000199186189729,44700.0,SHORT_PUT,9630.5709277578,9300.0,0.0,563.0,0.0,3935.821,0
2021-12-30,476.1600036621094,0.0,123000.0,143666.40957249777,20666.409572497767,143667.4095724978,0,0.18590480273153753,0.0,142492.5709277578,19492.5709277578,142493.57092775783,0,0.17434245305644303,0.0,180788.37390893555,57788.37390893555,4133.012550292979,371,0.5007200890850501,-0.002701499664876428,1.0000000000280713,44700.0,SHORT_PUT,10804.409572497749,9300.0,0.0,563.0,0.0,1.0000000000280713,44700.0,SHORT_PUT,9630.5709277578,9300.0,0.0,563.0,0.0,3935.821,0
2021-12-31,474.9599914550781,0.0,123000.0,143667.4095724978,20667.409572497796,143667.4095724978,0,0.18591305730410101,0.0,142493.57092775783,19493.570927757828,142493.57092775783,0,0.17435069448577112,0.0,180343.16938012696,57343.16938012696,4133.012550292979,371,0.49702445664094586,-0.005157419806881003,0.0,0.0,CASH,10804.409572497749,9300.0,0.0,563.0,0.0,0.0,0.0,CASH,9630.5709277578,9300.0,0.0,563.0,0.0,3935.821,0
