date,spot,deposit,contributed,wheel_equity,wheel_net_pnl,wheel_cash,wheel_shares,wheel_twr,wheel_drawdown,floor_equity,floor_net_pnl,floor_cash,floor_shares,floor_twr,floor_drawdown,dca_equity,dca_net_pnl,dca_cash,dca_shares,dca_twr,dca_drawdown,wheel_option_liability,wheel_collateral,wheel_state,wheel_premiums,wheel_stock_realized,wheel_stock_unrealized,wheel_dividends,wheel_interest,floor_option_liability,floor_collateral,floor_state,floor_premiums,floor_stock_realized,floor_stock_unrealized,floor_dividends,floor_interest,dca_dividends,dca_bought
2023-01-03,380.8200073242188,0.0,100000,100000.0,0.0,100000.0,0,0.0,0.0,100000.0,0.0,100000.0,0,0.0,0.0,99999.79,-0.21000000000640284,92002.5698461914,21,-2.100000000115898e-06,-2.100000000115898e-06,0.0,0.0,CASH,0.0,0.0,0.0,0.0,0.0,0.0,0.0,CASH,0.0,0.0,0.0,0.0,0.0,0.0,21
2023-01-04,383.760009765625,0.0,100000,99954.85314843751,-45.14685156248743,100411.57008984362,0,-0.00045146851562483103,-0.00045146851562483103,99954.85314843751,-45.14685156248743,100411.57008984362,0,-0.00045146851562483103,-0.00045146851562483103,100061.53005126952,61.53005126952485,92002.5698461914,21,0.0006153005126952049,0.0,456.71694140610714,37000.0,SHORT_PUT,411.57008984362085,0.0,0.0,0.0,0.0,456.71694140610714,37000.0,SHORT_PUT,411.57008984362085,0.0,0.0,0.0,0.0,0.0,0
2023-01-05,379.3800048828125,0.0,100000,99867.64024017767,-132.35975982232776,100411.57008984362,0,-0.001323597598223314,-0.001323597598223314,99867.64024017767,-132.35975982232776,100411.57008984362,0,-0.001323597598223314,-0.001323597598223314,99969.54994873046,-30.450051269537653,92002.5698461914,21,-0.0003045005126953715,-0.0009192354193657826,543.9298496659435,37000.0,SHORT_PUT,411.57008984362085,0.0,0.0,0.0,0.0,543.9298496659435,37000.0,SHORT_PUT,411.57008984362085,0.0,0.0,0.0,0.0,0.0,0
2023-01-06,388.0799865722656,0.0,100000,100105.86352335858,105.863523358581,100411.57008984362,0,0.0010586352335857363,0.0,100105.86352335858,105.863523358581,100411.57008984362,0,0.0010586352335857363,0.0,100152.24956420898,152.24956420897797,92002.5698461914,21,0.0015224956420898383,0.0,305.70656648503075,37000.0,SHORT_PUT,411.57008984362085,0.0,0.0,0.0,0.0,305.70656648503075,37000.0,SHORT_PUT,411.57008984362085,0.0,0.0,0.0,0.0,0.0,0
2023-01-09,387.8599853515625,0.0,100000,100178.4410395994,178.44103959940549,100411.57008984362,0,0.001784410395994085,0.0,100178.4410395994,178.44103959940549,100411.57008984362,0,0.001784410395994085,0.0,100147.62953857421,147.62953857421235,92002.5698461914,21,0.0014762953857421213,-4.613002358788698e-05,233.12905024421218,37000.0,SHORT_PUT,411.57008984362085,0.0,0.0,0.0,0.0,233.12905024421218,37000.0,SHORT_PUT,411.57008984362085,0.0,0.0,0.0,0.0,0.0,0
2023-01-10,390.5799865722656,0.0,100000,100216.1493798281,216.1493798281008,100411.57008984362,0,0.0021614937982812332,0.0,100216.1493798281,216.1493798281008,100411.57008984362,0,0.0021614937982812332,0.0,100204.74956420898,204.74956420897797,92002.5698461914,21,0.002047495642089725,0.0,195.42071001551793,37000.0,SHORT_PUT,411.57008984362085,0.0,0.0,0.0,0.0,195.42071001551793,37000.0,SHORT_PUT,411.57008984362085,0.0,0.0,0.0,0.0,0.0,0
2023-01-11,395.5199890136719,0.0,100000,100318.834132939,318.834132938995,100411.57008984362,0,0.003188341329390054,0.0,100318.834132939,318.834132938995,100411.57008984362,0,0.003188341329390054,0.0,100308.48961547851,308.4896154785092,92002.5698461914,21,0.003084896154785133,0.0,92.73595690462443,37000.0,SHORT_PUT,411.57008984362085,0.0,0.0,0.0,0.0,92.73595690462443,37000.0,SHORT_PUT,411.57008984362085,0.0,0.0,0.0,0.0,0.0,0
2023-01-12,396.9599914550781,0.0,100000,100330.93940215949,330.9394021594926,100411.57008984362,0,0.0033093940215949136,0.0,100330.93940215949,330.9394021594926,100411.57008984362,0,0.0033093940215949136,0.0,100338.72966674804,338.7296667480405,92002.5698461914,21,0.0033872966674803884,0.0,80.63068768412757,37000.0,SHORT_PUT,411.57008984362085,0.0,0.0,0.0,0.0,80.63068768412757,37000.0,SHORT_PUT,411.57008984362085,0.0,0.0,0.0,0.0,0.0,0
2023-01-13,398.5,0.0,100000,100375.01174563798,375.0117456379812,100411.57008984362,0,0.0037501174563798756,0.0,100375.01174563798,375.0117456379812,100411.57008984362,0,0.0037501174563798756,0.0,100371.0698461914,371.06984619139985,92002.5698461914,21,0.003710698461913964,0.0,36.55834420563899,37000.0,SHORT_PUT,411.57008984362085,0.0,0.0,0.0,0.0,36.55834420563899,37000.0,SHORT_PUT,411.57008984362085,0.0,0.0,0.0,0.0,0.0,0
2023-01-17,397.7699890136719,0.0,100000,100383.25324170556,383.2532417055627,100411.57008984362,0,0.003832532417055612,0.0,100383.25324170556,383.2532417055627,100411.57008984362,0,0.003832532417055612,0.0,100355.73961547851,355.7396154785092,92002.5698461914,21,0.0035573961547850086,-0.00015273555155270735,28.316848138061033,37000.0,SHORT_PUT,411.57008984362085,0.0,0.0,0.0,0.0,28.316848138061033,37000.0,SHORT_PUT,411.57008984362085,0.0,0.0,0.0,0.0,0.0,0
2023-01-18,391.489990234375,0.0,100000,100353.29168442743,353.2916844274296,100411.57008984362,0,0.0035329168442743697,-0.0002984716704287349,100353.29168442743,353.2916844274296,100411.57008984362,0,0.0035329168442743697,-0.0002984716704287349,100223.85964111327,223.85964111327485,92002.5698461914,21,0.002238596411132665,-0.0014666597188185415,58.27840541618438,37000.0,SHORT_PUT,411.57008984362085,0.0,0.0,0.0,0.0,58.27840541618438,37000.0,SHORT_PUT,411.57008984362085,0.0,0.0,0.0,0.0,0.0,0
2023-01-19,388.6400146484375,0.0,100000,100320.6547772004,320.6547772003978,100411.57008984362,0,0.0032065477720040203,-0.0006235946981557605,100320.6547772004,320.6547772003978,100411.57008984362,0,0.0032065477720040203,-0.0006235946981557605,100164.01015380859,164.01015380858735,92002.5698461914,21,0.001640101538085803,-0.00206294196823964,90.91531264322064,37000.0,SHORT_PUT,411.57008984362085,0.0,0.0,0.0,0.0,90.91531264322064,37000.0,SHORT_PUT,411.57008984362085,0.0,0.0,0.0,0.0,0.0,0
2023-01-20,395.8800048828125,0.0,100000,100381.73505752762,381.7350575276214,100411.57008984362,0,0.0038173505752763237,-1.5123879022693743e-05,100381.73505752762,381.7350575276214,100411.57008984362,0,0.0038173505752763237,-1.5123879022693743e-05,100316.04994873046,316.04994873046235,92002.5698461914,21,0.00316049948730468,-0.0005481648999581257,29.835032316000127,37000.0,SHORT_PUT,411.57008984362085,0.0,0.0,0.0,0.0,29.835032316000127,37000.0,SHORT_PUT,411.57008984362085,0.0,0.0,0.0,0.0,0.0,0
2023-01-23,400.6300048828125,0.0,100000,100405.99772703838,405.99772703838244,100411.57008984362,0,0.004059977270383985,0.0,100405.99772703838,405.99772703838244,100411.57008984362,0,0.004059977270383985,0.0,100415.79994873046,415.79994873046235,92002.5698461914,21,0.0041579994873048864,0.0,5.572362805238628,37000.0,SHORT_PUT,411.57008984362085,0.0,0.0,0.0,0.0,5.572362805238628,37000.0,SHORT_PUT,411.57008984362085,0.0,0.0,0.0,0.0,0.0,0
2023-01-24,400.2000122070313,0.0,100000,100407.18885483482,407.18885483482154,100411.57008984362,0,0.00407188854834839,0.0,100407.18885483482,407.18885483482154,100411.57008984362,0,0.00407188854834839,0.0,100406.77010253906,406.7701025390561,92002.5698461914,21,0.004067701025390891,-8.992455565770552e-05,4.3812350087925935,37000.0,SHORT_PUT,411.57008984362085,0.0,0.0,0.0,0.0,4.3812350087925935,37000.0,SHORT_PUT,411.57008984362085,0.0,0.0,0.0,0.0,0.0,0
2023-01-25,400.3500061035156,0.0,100000,100409.01032859123,409.0103285912337,100411.57008984362,0,0.0040901032859126385,0.0,100409.01032859123,409.0103285912337,100411.57008984362,0,0.0040901032859126385,0.0,100409.91997436523,409.919974365228,92002.5698461914,21,0.004099199743652582,-5.855626672524039e-05,2.559761252384795,37000.0,SHORT_PUT,411.57008984362085,0.0,0.0,0.0,0.0,2.559761252384795,37000.0,SHORT_PUT,411.57008984362085,0.0,0.0,0.0,0.0,0.0,0
2023-01-26,404.75,0.0,100000,100410.35922410182,410.35922410181956,100411.57008984362,0,0.004103592241018639,0.0,100410.35922410182,410.35922410181956,100411.57008984362,0,0.004103592241018639,0.0,100502.3198461914,502.31984619139985,92002.5698461914,21,0.005023198461914236,0.0,1.2108657417961457,37000.0,SHORT_PUT,411.57008984362085,0.0,0.0,0.0,0.0,1.2108657417961457,37000.0,SHORT_PUT,411.57008984362085,0.0,0.0,0.0,0.0,0.0,0
2023-01-27,405.6799926757813,0.0,100000,100410.5238794549,410.5238794548932,100411.57008984362,0,0.004105238794549493,0.0,100410.5238794549,410.5238794548932,100411.57008984362,0,0.004105238794549493,0.0,100521.8496923828,521.8496923828061,92002.5698461914,21,0.005218496923828253,0.0,1.0462103887188177,37000.0,SHORT_PUT,411.57008984362085,0.0,0.0,0.0,0.0,1.0462103887188177,37000.0,SHORT_PUT,411.57008984362085,0.0,0.0,0.0,0.0,0.0,0
2023-01-30,400.5899963378906,0.0,100000,100410.56679977723,410.56679977722524,100411.57008984362,0,0.004105667997772677,0.0,100410.56679977723,410.56679977722524,100411.57008984362,0,0.004105667997772677,0.0,100414.9597692871,414.959769287103,92002.5698461914,21,0.004149597692871154,-0.0010633501415147073,1.0032900663977036,37000.0,SHORT_PUT,411.57008984362085,0.0,0.0,0.0,0.0,1.0032900663977036,37000.0,SHORT_PUT,411.57008984362085,0.0,0.0,0.0,0.0,0.0,0
2023-01-31,406.4800109863281,0.0,100000,100410.57007780985,410.5700778098544,100411.57008984362,0,0.0041057007780989085,0.0,100410.57007780985,410.5700778098544,100411.57008984362,0,0.0041057007780989085,0.0,100538.65007690429,538.6500769042905,92002.5698461914,21,0.005386500769043012,0.0,1.0000120337623062,37000.0,SHORT_PUT,411.57008984362085,0.0,0.0,0.0,0.0,1.0000120337623062,37000.0,SHORT_PUT,411.57008984362085,0.0,0.0,0.0,0.0,0.0,0
2023-02-01,410.7999877929688,0.0,100000,100410.5700898436,410.57008984360436,100411.57008984362,0,0.004105700898436426,0.0,100410.5700898436,410.57008984360436,100411.57008984362,0,0.004105700898436426,0.0,100629.15958984374,629.1595898437372,83375.56010253905,42,0.00629159589843753,0.0,1.0000000000115237,37000.0,SHORT_PUT,411.57008984362085,0.0,0.0,0.0,0.0,1.0000000000115237,37000.0,SHORT_PUT,411.57008984362085,0.0,0.0,0.0,0.0,0.0,21
2023-02-02,416.7799987792969,0.0,100000,100410.57008984362,410.5700898436189,100411.57008984362,0,0.004105700898436648,0.0,100410.57008984362,410.5700898436189,100411.57008984362,0,0.004105700898436648,0.0,100880.32005126952,880.3200512695184,83375.56010253905,42,0.00880320051269523,0.0,1.0,37000.0,SHORT_PUT,411.57008984362085,0.0,0.0,0.0,0.0,1.0,37000.0,SHORT_PUT,411.57008984362085,0.0,0.0,0.0,0.0,0.0,0
2023-02-03,412.3500061035156,0.0,100000,100411.57008984362,411.5700898436189,100411.57008984362,0,0.004115700898436714,0.0,100411.57008984362,411.5700898436189,100411.57008984362,0,0.004115700898436714,0.0,100694.2603588867,694.260358886706,83375.56010253905,42,0.006942603588867113,-0.0018443606472328122,0.0,0.0,CASH,411.57008984362085,0.0,0.0,0.0,0.0,0.0,0.0,CASH,411.57008984362085,0.0,0.0,0.0,0.0,0.0,0
2023-02-06,409.8299865722656,0.0,100000,100411.57008984362,411.5700898436189,100411.57008984362,0,0.004115700898436714,0.0,100411.57008984362,411.5700898436189,100411.57008984362,0,0.004115700898436714,0.0,100588.4195385742,588.419538574206,83375.56010253905,42,0.00588419538574203,-0.002893532777720864,0.0,0.0,CASH,411.57008984362085,0.0,0.0,0.0,0.0,0.0,0.0,CASH,411.57008984362085,0.0,0.0,0.0,0.0,0.0,0
2023-02-07,415.1900024414063,0.0,100000,100378.39223246073,378.3922324607265,100709.43473498101,0,0.0037839223246078912,-0.00033041866941430076,100378.39223246073,378.3922324607265,100709.43473498101,0,0.0037839223246078912,-0.00033041866941430076,100813.54020507811,813.5402050781122,83375.56010253905,42,0.008135402050781115,-0.0006619709984808653,331.0425025202821,39900.0,SHORT_PUT,709.434734981019,0.0,0.0,0.0,0.0,331.0425025202821,39900.0,SHORT_PUT,709.434734981019,0.0,0.0,0.0,0.0,0.0,0
2023-02-08,410.6499938964844,0.0,100000,100301.64642098772,301.6464209877158,100709.43473498101,0,0.0030164642098777783,-0.0010947311027756923,100301.64642098772,301.6464209877158,100709.43473498101,0,0.0030164642098777783,-0.0010947311027756923,100622.8598461914,622.8598461913934,83375.56010253905,42,0.006228598461913926,-0.002552135093814911,407.78831399329476,39900.0,SHORT_PUT,709.434734981019,0.0,0.0,0.0,0.0,407.78831399329476,39900.0,SHORT_PUT,709.434734981019,0.0,0.0,0.0,0.0,0.0,0
2023-02-09,407.0899963378906,0.0,100000,100157.73588725906,157.73588725905574,100709.43473498101,0,0.0015773588725911392,-0.002527937790012036,100157.73588725906,157.73588725905574,100709.43473498101,0,0.0015773588725911392,-0.002527937790012036,100473.33994873046,473.33994873045594,83375.56010253905,42,0.004733399487304668,-0.004034286393344355,551.6988477219553,39900.0,SHORT_PUT,709.434734981019,0.0,0.0,0.0,0.0,551.6988477219553,39900.0,SHORT_PUT,709.434734981019,0.0,0.0,0.0,0.0,0.0,0
2023-02-10,408.0400085449219,0.0,100000,100158.77485547343,158.77485547342803,100709.43473498101,0,0.001587748554734869,-0.002517590693423055,100158.77485547343,158.77485547342803,100709.43473498101,0,0.001587748554734869,-0.002517590693423055,100513.24046142577,513.2404614257684,83375.56010253905,42,0.005132404614257791,-0.003638763136924905,550.659879507589,39900.0,SHORT_PUT,709.434734981019,0.0,0.0,0.0,0.0,550.659879507589,39900.0,SHORT_PUT,709.434734981019,0.0,0.0,0.0,0.0,0.0,0
2023-02-13,412.8299865722656,0.0,100000,100355.88619526324,355.8861952632433,100709.43473498101,0,0.0035588619526329968,-0.0005545565568843003,100355.88619526324,355.8861952632433,100709.43473498101,0,0.0035588619526329968,-0.0005545565568843003,100714.4195385742,714.419538574206,83375.56010253905,42,0.007144195385742291,-0.001644528017069935,353.5485397177662,39900.0,SHORT_PUT,709.434734981019,0.0,0.0,0.0,0.0,353.5485397177662,39900.0,SHORT_PUT,709.434734981019,0.0,0.0,0.0,0.0,0.0,0
2023-02-14,412.6400146484375,0.0,100000,100372.13292953785,372.13292953785276,100709.43473498101,0,0.003721329295379272,-0.00039275514037329096,100372.13292953785,372.13292953785276,100709.43473498101,0,0.003721329295379272,-0.00039275514037329096,100706.44071777342,706.4407177734247,83375.56010253905,42,0.0070644071777346,-0.001723619962820222,337.3018054431592,39900.0,SHORT_PUT,709.434734981019,0.0,0.0,0.0,0.0,337.3018054431592,39900.0,SHORT_PUT,709.434734981019,0.0,0.0,0.0,0.0,0.0,0
2023-02-15,413.9800109863281,0.0,100000,100464.56722760701,464.56722760701086,100709.43473498101,0,0.0046456722760708224,0.0,100464.56722760701,464.56722760701086,100709.43473498101,0,0.0046456722760708224,0.0,100762.72056396483,762.720563964831,83375.56010253905,42,0.007627205639648471,-0.0011657326943937951,244.8675073740065,39900.0,SHORT_PUT,709.434734981019,0.0,0.0,0.0,0.0,244.8675073740065,39900.0,SHORT_PUT,709.434734981019,0.0,0.0,0.0,0.0,0.0,0
2023-02-16,408.2799987792969,0.0,100000,100354.06229669403,354.0622966940282,100709.43473498101,0,0.0035406229669410205,-0.0010999393513797528,100354.06229669403,354.0622966940282,100709.43473498101,0,0.0035406229669410205,-0.0010999393513797528,100523.32005126952,523.3200512695184,83375.56010253905,42,0.0052332005126953796,-0.0035388468218434666,355.37243828697905,39900.0,SHORT_PUT,709.434734981019,0.0,0.0,0.0,0.0,355.37243828697905,39900.0,SHORT_PUT,709.434734981019,0.0,0.0,0.0,0.0,0.0,0
2023-02-17,407.260009765625,0.0,100000,100266.35512805566,266.3551280556567,100709.43473498101,0,0.002663551280557286,-0.001972955291812406,100266.35512805566,266.3551280556567,100709.43473498101,0,0.002663551280557286,-0.001972955291812406,100480.4805126953,480.4805126952997,83375.56010253905,42,0.004804805126953138,-0.003963503866472706,443.0796069253516,39900.0,SHORT_PUT,709.434734981019,0.0,0.0,0.0,0.0,443.0796069253516,39900.0,SHORT_PUT,709.434734981019,0.0,0.0,0.0,0.0,0.0,0
2023-02-21,399.0899963378906,0.0,100000,99963.14089778482,-36.85910221518134,100709.43473498101,0,-0.00036859102215103245,-0.00499107639299512,99963.14089778482,-36.85910221518134,100709.43473498101,0,-0.00036859102215103245,-0.00499107639299512,100137.33994873046,137.33994873045594,83375.56010253905,42,0.0013733994873046385,-0.0073649657550795,746.2938371961975,39900.0,SHORT_PUT,709.434734981019,0.0,0.0,0.0,0.0,746.2938371961975,39900.0,SHORT_PUT,709.434734981019,0.0,0.0,0.0,0.0,0.0,0
2023-02-22,398.5400085449219,0.0,100000,99899.28789590627,-100.71210409373452,100709.43473498101,0,-0.0010071210409364761,-0.005626653727777153,99899.28789590627,-100.71210409373452,100709.43473498101,0,-0.0010071210409364761,-0.005626653727777153,100114.24046142577,114.24046142576844,83375.56010253905,42,0.0011424046142578526,-0.007593944878985348,810.1468390747517,39900.0,SHORT_PUT,709.434734981019,0.0,0.0,0.0,0.0,810.1468390747517,39900.0,SHORT_PUT,709.434734981019,0.0,0.0,0.0,0.0,0.0,0
2023-02-23,400.6600036621094,0.0,100000,100048.51990293672,48.51990293672134,100709.43473498101,0,0.00048519902936794423,-0.004141234428728602,100048.51990293672,48.51990293672134,100709.43473498101,0,0.00048519902936794423,-0.004141234428728602,100203.28025634764,203.28025634764344,83375.56010253905,42,0.002032802563476599,-0.006711316881010898,660.9148320442874,39900.0,SHORT_PUT,709.434734981019,0.0,0.0,0.0,0.0,660.9148320442874,39900.0,SHORT_PUT,709.434734981019,0.0,0.0,0.0,0.0,0.0,0
2023-02-24,396.3800048828125,0.0,100000,99887.0088883881,-112.99111161190376,100709.43473498101,0,-0.0011299111161182651,-0.00574887599834506,99887.0088883881,-112.99111161190376,100709.43473498101,0,-0.0011299111161182651,-0.00574887599834506,100023.52030761717,23.520307617174694,83375.56010253905,42,0.00023520307617186376,-0.008493229831317839,822.4258465929115,39900.0,SHORT_PUT,709.434734981019,0.0,0.0,0.0,0.0,822.4258465929115,39900.0,SHORT_PUT,709.434734981019,0.0,0.0,0.0,0.0,0.0,0
2023-02-27,397.7300109863281,0.0,100000,100022.68462970677,22.684629706767737,100709.43473498101,0,0.00022684629706826165,-0.004398392488957348,100022.68462970677,22.684629706767737,100709.43473498101,0,0.00022684629706826165,-0.004398392488957348,100080.22056396483,80.22056396483094,83375.56010253905,42,0.0008022056396486121,-0.00793117514791819,686.7501052742409,39900.0,SHORT_PUT,709.434734981019,0.0,0.0,0.0,0.0,686.7501052742409,39900.0,SHORT_PUT,709.434734981019,0.0,0.0,0.0,0.0,0.0,0
2023-02-28,396.260009765625,0.0,100000,99986.42477197842,-13.575228021582006,100709.43473498101,0,-0.0001357522802152289,-0.004759314341596155,99986.42477197842,-13.575228021582006,100709.43473498101,0,-0.0001357522802152289,-0.004759314341596155,100018.4805126953,18.480512695299694,83375.56010253905,42,0.00018480512695329132,-0.008543187988858336,723.0099630025968,39900.0,SHORT_PUT,709.434734981019,0.0,0.0,0.0,0.0,723.0099630025968,39900.0,SHORT_PUT,709.434734981019,0.0,0.0,0.0,0.0,0.0,0
2023-03-01,394.739990234375,0.0,100000,99925.74219075202,-74.25780924798164,100709.43473498101,0,-0.0007425780924792402,-0.005363334076125326,99925.74219075202,-74.25780924798164,100709.43473498101,0,-0.0007425780924792402,-0.005363334076125326,99954.42969238281,-45.57030761719216,75085.81030761718,63,-0.00045570307617159855,-0.00917810687373044,783.6925442289906,39900.0,SHORT_PUT,709.434734981019,0.0,0.0,0.0,0.0,783.6925442289906,39900.0,SHORT_PUT,709.434734981019,0.0,0.0,0.0,0.0,0.0,21
2023-03-02,397.80999755859375,0.0,100000,100143.23903239158,143.23903239157517,100709.43473498101,0,0.0014323903239163993,-0.0031984231265084206,100143.23903239158,143.23903239157517,100709.43473498101,0,0.0014323903239163993,-0.0031984231265084206,100147.84015380859,147.8401538085891,75085.81030761718,63,0.0014784015380862048,-0.007260879992139646,566.1957025894374,39900.0,SHORT_PUT,709.434734981019,0.0,0.0,0.0,0.0,566.1957025894374,39900.0,SHORT_PUT,709.434734981019,0.0,0.0,0.0,0.0,0.0,0
2023-03-03,404.1900024414063,0.0,100000,100478.42354189823,478.423541898228,100709.43473498101,0,0.004784235418983096,0.0,100478.42354189823,478.423541898228,100709.43473498101,0,0.004784235418983096,0.0,100549.78046142578,549.7804614257766,75085.81030761718,63,0.005497804614257973,-0.0032765517563360103,231.0111930827822,39900.0,SHORT_PUT,709.434734981019,0.0,0.0,0.0,0.0,231.0111930827822,39900.0,SHORT_PUT,709.434734981019,0.0,0.0,0.0,0.0,0.0,0
2023-03-06,404.4700012207031,0.0,100000,100595.08122233253,595.0812223325338,100709.43473498101,0,0.005950812223326274,0.0,100595.08122233253,595.0812223325338,100709.43473498101,0,0.005950812223326274,0.0,100567.42038452148,567.4203845214797,75085.81030761718,63,0.005674203845214887,-0.003101691852177013,114.35351264847931,39900.0,SHORT_PUT,709.434734981019,0.0,0.0,0.0,0.0,114.35351264847931,39900.0,SHORT_PUT,709.434734981019,0.0,0.0,0.0,0.0,0.0,0
2023-03-07,398.2699890136719,0.0,100000,100390.46246401677,390.4624640167749,100709.43473498101,0,0.003904624640168608,-0.002034083136366549,100390.46246401677,390.4624640167749,100709.43473498101,0,0.003904624640168608,-0.002034083136366549,100176.81961547851,176.81961547851097,75085.81030761718,63,0.0017681961547850733,-0.006973614233514391,318.9722709642372,39900.0,SHORT_PUT,709.434734981019,0.0,0.0,0.0,0.0,318.9722709642372,39900.0,SHORT_PUT,709.434734981019,0.0,0.0,0.0,0.0,0.0,0
2023-03-08,398.9200134277344,0.0,100000,100464.53776653072,464.5377665307169,100709.43473498101,0,0.004645377665308148,-0.0012977121168905592,100464.53776653072,464.5377665307169,100709.43473498101,0,0.004645377665308148,-0.0012977121168905592,100217.77115356445,217.77115356444847,75085.81030761718,63,0.0021777115356445,-0.0065676724396627195,244.89696845029627,39900.0,SHORT_PUT,709.434734981019,0.0,0.0,0.0,0.0,244.89696845029627,39900.0,SHORT_PUT,709.434734981019,0.0,0.0,0.0,0.0,0.0,0
2023-03-09,391.55999755859375,0.0,100000,99925.0342806596,-74.96571934039821,100709.43473498101,0,-0.0007496571934030305,-0.0066608320559135015,99925.0342806596,-74.96571934039821,100709.43473498101,0,-0.0007496571934030305,-0.0066608320559135015,99754.09015380859,-245.9098461914109,75085.81030761718,63,-0.0024590984619140555,-0.011164019869173258,784.400454321414,39900.0,SHORT_PUT,709.434734981019,0.0,0.0,0.0,0.0,784.400454321414,39900.0,SHORT_PUT,709.434734981019,0.0,0.0,0.0,0.0,0.0,0
2023-03-10,385.9100036621094,0.0,100000,99400.43510119195,-599.5648988080502,60809.43473498101,100,-0.005995648988079583,-0.01187579061147348,99400.43510119195,-599.5648988080502,60809.43473498101,100,-0.005995648988079583,-0.01187579061147348,99398.14053833007,-601.8594616699265,75085.81030761718,63,-0.006018594616699291,-0.014692454506351482,0.0,0.0,STOCK,709.434734981019,0.0,-1308.9996337890625,0.0,0.0,0.0,0.0,STOCK,709.434734981019,0.0,-1308.9996337890625,0.0,0.0,0.0,0
2023-03-13,385.3599853515625,0.0,100000,99345.43327013726,-654.5667298627377,60809.43473498101,100,-0.00654566729862649,-0.012422555228454368,99345.43327013726,-654.5667298627377,60809.43473498101,100,-0.00654566729862649,-0.012422555228454368,99363.48938476562,-636.5106152343797,75085.81030761718,63,-0.006365106152343869,-0.015035942250510526,0.0,0.0,STOCK,709.434734981019,0.0,-1364.00146484375,0.0,0.0,0.0,0.0,STOCK,709.434734981019,0.0,-1364.00146484375,0.0,0.0,0.0,0
2023-03-14,391.7300109863281,0.0,100000,99901.46229134504,-98.53770865495608,61561.35838653449,100,-0.0009853770865486666,-0.006895157522210038,99901.46229134504,-98.53770865495608,61561.35838653449,100,-0.0009853770865486666,-0.006895157522210038,99764.80099975585,-235.19900024414528,75085.81030761718,63,-0.002351990002441573,-0.011057846078866063,832.8971938222651,0.0,COVERED_CALL,1461.358386534497,0.0,-726.9989013671875,0.0,0.0,832.8971938222651,0.0,COVERED_CALL,1461.358386534497,0.0,-726.9989013671875,0.0,0.0,0.0,0
2023-03-15,389.2799987792969,0.0,100000,99892.2712640028,-107.72873599719605,61561.35838653449,100,-0.0010772873599711463,-0.006986524090342061,99892.2712640028,-107.72873599719605,61561.35838653449,100,-0.0010772873599711463,-0.006986524090342061,99610.45023071289,-389.54976928711403,75085.81030761718,63,-0.0038954976928713414,-0.012587884533983296,597.0870004613871,0.0,COVERED_CALL,1461.358386534497,0.0,-972.0001220703125,0.0,0.0,597.0870004613871,0.0,COVERED_CALL,1461.358386534497,0.0,-972.0001220703125,0.0,0.0,0.0,0
2023-03-16,396.1099853515625,0.0,100000,100207.95710409874,207.95710409873573,61561.35838653449,100,0.002079571040988215,-0.0038483404310614144,100207.95710409874,207.95710409873573,61561.35838653449,100,0.002079571040988215,-0.0038483404310614144,100040.73938476562,40.73938476562034,75085.81030761718,63,0.00040739384765586806,-0.008322541662013405,964.3998175920094,0.0,COVERED_CALL,1461.358386534497,0.0,-289.00146484375,0.0,0.0,964.3998175920094,0.0,COVERED_CALL,1461.358386534497,0.0,-289.00146484375,0.0,0.0,0.0,0
2023-03-17,389.989990234375,0.0,100000,100154.53636943533,154.5363694353291,61711.95838653449,100,0.001545363694354096,-0.004379387615618513,100154.53636943533,154.5363694353291,61711.95838653449,100,0.001545363694354096,-0.004379387615618513,99750.0576923828,-249.94230761719518,75180.68830761718,63,-0.002499423076172236,-0.011203992595506418,556.4210405366636,0.0,COVERED_CALL,1461.358386534497,0.0,-901.0009765625,150.6,0.0,556.4210405366636,0.0,COVERED_CALL,1461.358386534497,0.0,-901.0009765625,150.6,0.0,94.878,0
2023-03-20,393.739990234375,0.0,100000,100344.26322086374,344.26322086373693,61711.95838653449,100,0.0034426322086380523,-0.0024933426010609328,100344.26322086374,344.26322086373693,61711.95838653449,100,0.0034426322086380523,-0.0024933426010609328,99986.3076923828,-13.692307617195183,75180.68830761718,63,-0.00013692307617219068,-0.008862108669286384,741.6941891082598,0.0,COVERED_CALL,1461.358386534497,0.0,-526.0009765625,150.6,0.0,741.6941891082598,0.0,COVERED_CALL,1461.358386534497,0.0,-526.0009765625,150.6,0.0,94.878,0
2023-03-21,398.9100036621094,0.0,100000,100702.8457060068,702.8457060068031,61711.95838653449,100,0.007028457060068716,0.0,100702.8457060068,702.8457060068031,61711.95838653449,100,0.007028457060068716,0.0,100312.01853833007,312.01853833007044,75180.68830761718,63,0.003120185383300278,-0.005633422977352476,900.1130467386206,0.0,COVERED_CALL,1461.358386534497,0.0,-8.9996337890625,150.6,0.0,900.1130467386206,0.0,COVERED_CALL,1461.358386534497,0.0,-8.9996337890625,150.6,0.0,94.878,0
2023-03-22,392.1099853515625,0.0,100000,100444.17701432064,444.1770143206377,61711.95838653449,100,0.004441770143207124,-0.002568633387395214,100444.17701432064,444.1770143206377,61711.95838653449,100,0.004441770143207124,-0.002568633387395214,99883.61738476562,-116.38261523438268,75180.68830761718,63,-0.0011638261523442273,-0.00988005059854491,478.77990737009793,0.0,COVERED_CALL,1461.358386534497,0.0,-689.00146484375,150.6,0.0,478.77990737009793,0.0,COVERED_CALL,1461.358386534497,0.0,-689.00146484375,150.6,0.0,94.878,0
2023-03-23,393.1700134277344,0.0,100000,100497.37673857379,497.3767385737883,61711.95838653449,100,0.0049737673857386255,-0.002040349167816591,100497.37673857379,497.3767385737883,61711.95838653449,100,0.0049737673857386255,-0.002040349167816591,99950.39915356445,-49.60084643555456,75180.68830761718,63,-0.0004960084643559348,-0.009218060541763884,531.5829907341351,0.0,COVERED_CALL,1461.358386534497,0.0,-582.9986572265625,150.6,0.0,531.5829907341351,0.0,COVERED_CALL,1461.358386534497,0.0,-582.9986572265625,150.6,0.0,94.878,0
2023-03-24,395.75,0.0,100000,100659.6161916152,659.616191615205,61711.95838653449,100,0.006596161916152754,-0.0004292779820522785,100659.6161916152,659.616191615205,61711.95838653449,100,0.006596161916152754,-0.0004292779820522785,100112.93830761718,112.93830761717982,75180.68830761718,63,0.0011293830761713863,-0.007606852786176566,627.3421949192846,0.0,COVERED_CALL,1461.358386534497,0.0,-325.0,150.6,0.0,627.3421949192846,0.0,COVERED_CALL,1461.358386534497,0.0,-325.0,150.6,0.0,94.878,0
2023-03-27,396.489990234375,0.0,100000,100799.76483889155,799.764838891555,61711.95838653449,100,0.007997648388916145,0.0,100799.76483889155,799.764838891555,61711.95838653449,100,0.007997648388916145,0.0,100159.5576923828,159.55769238280482,75180.68830761718,63,0.001595576923827835,-0.007144727123391648,561.1925710804302,0.0,COVERED_CALL,1461.358386534497,0.0,-251.0009765625,150.6,0.0,561.1925710804302,0.0,COVERED_CALL,1461.358386534497,0.0,-251.0009765625,150.6,0.0,94.878,0
2023-03-28,395.6000061035156,0.0,100000,100808.31655925793,808.3165592579317,61711.95838653449,100,0.00808316559257971,0.0,100808.31655925793,808.3165592579317,61711.95838653449,100,0.00808316559257971,0.0,100103.48869213866,103.48869213866419,75180.68830761718,63,0.0010348869213865353,-0.007700524331565095,463.6424376281154,0.0,COVERED_CALL,1461.358386534497,0.0,-339.9993896484375,150.6,0.0,463.6424376281154,0.0,COVERED_CALL,1461.358386534497,0.0,-339.9993896484375,150.6,0.0,94.878,0
2023-03-29,401.3500061035156,0.0,100000,101165.47888196903,1165.4788819690293,61711.95838653449,100,0.011654788819690731,0.0,101165.47888196903,1165.4788819690293,61711.95838653449,100,0.011654788819690731,0.0,100465.73869213866,465.7386921386642,75180.68830761718,63,0.004657386921386619,-0.004109635644694243,681.480114917025,0.0,COVERED_CALL,1461.358386534497,0.0,235.0006103515625,150.6,0.0,681.480114917025,0.0,COVERED_CALL,1461.358386534497,0.0,235.0006103515625,150.6,0.0,94.878,0
2023-03-30,403.7000122070313,0.0,100000,101322.31566054322,1322.315660543216,61711.95838653449,100,0.013223156605432607,0.0,101322.31566054322,1322.315660543216,61711.95838653449,100,0.013223156605432607,0.0,100613.78907666015,613.7890766601486,75180.68830761718,63,0.00613789076660165,-0.0026420512392695272,759.6439466944151,0.0,COVERED_CALL,1461.358386534497,0.0,470.0012207031323,150.6,0.0,759.6439466944151,0.0,COVERED_CALL,1461.358386534497,0.0,470.0012207031323,150.6,0.0,94.878,0
2023-03-31,409.3900146484375,0.0,100000,101540.97679203001,1540.9767920300073,61711.95838653449,100,0.015409767920300466,0.0,101540.97679203001,1540.9767920300073,61711.95838653449,100,0.015409767920300466,0.0,100972.25923046874,972.2592304687423,75180.68830761718,63,0.00972259230468775,0.0,1109.9830593482386,0.0,COVERED_CALL,1461.358386534497,0.0,1039.00146484375,150.6,0.0,1109.9830593482386,0.0,COVERED_CALL,1461.358386534497,0.0,1039.00146484375,150.6,0.0,94.878,0
2023-04-03,410.9500122070313,0.0,100000,101648.9125389865,1648.912538986493,61711.95838653449,100,0.016489125389865356,0.0,101648.9125389865,1648.912538986493,61711.95838653449,100,0.016489125389865356,0.0,101070.33907666017,1070.339076660166,66961.48806347656,83,0.010703390766601872,0.0,1158.04706825114,0.0,COVERED_CALL,1461.358386534497,0.0,1195.0012207031323,150.6,0.0,1158.04706825114,0.0,COVERED_CALL,1461.358386534497,0.0,1195.0012207031323,150.6,0.0,94.878,20
2023-04-04,408.6700134277344,0.0,100000,101623.19462673918,1623.1946267391759,61711.95838653449,100,0.016231946267392106,-0.00025300725413524017,101623.19462673918,1623.1946267391759,61711.95838653449,100,0.016231946267392106,-0.00025300725413524017,100881.09917797851,881.0991779785109,66961.48806347656,83,0.008810991779785393,-0.0018723584031722362,955.7651025687543,0.0,COVERED_CALL,1461.358386534497,0.0,967.0013427734375,150.6,0.0,955.7651025687543,0.0,COVERED_CALL,1461.358386534497,0.0,967.0013427734375,150.6,0.0,94.878,0
2023-04-05,407.6000061035156,0.0,100000,101609.01031402602,1609.010314026018,61711.95838653449,100,0.016090103140260492,-0.000392549452461477,101609.01031402602,1609.010314026018,61711.95838653449,100,0.016090103140260492,-0.000392549452461477,100792.28857006835,792.2885700683546,66961.48806347656,83,0.00792288570068389,-0.0027510594021150636,862.9486828600374,0.0,COVERED_CALL,1461.358386534497,0.0,860.0006103515625,150.6,0.0,862.9486828600374,0.0,COVERED_CALL,1461.358386534497,0.0,860.0006103515625,150.6,0.0,94.878,0
2023-04-06,409.1900024414063,0.0,100000,101672.81565436546,1672.8156543654623,61711.95838653449,100,0.016728156543655004,0.0,101672.81565436546,1672.8156543654623,61711.95838653449,100,0.016728156543655004,0.0,100924.25826611329,924.258266113291,66961.48806347656,83,0.009242582661133314,-0.0014453380871320975,958.1429763096739,0.0,COVERED_CALL,1461.358386534497,0.0,1019.0002441406323,150.6,0.0,958.1429763096739,0.0,COVERED_CALL,1461.358386534497,0.0,1019.0002441406323,150.6,0.0,94.878,0
2023-04-10,409.6099853515625,0.0,100000,101796.69701700263,1796.6970170026325,61711.95838653449,100,0.017966970170026908,0.0,101796.69701700263,1796.6970170026325,61711.95838653449,100,0.017966970170026908,0.0,100959.11684765625,959.1168476562452,66961.48806347656,83,0.009591168476562828,-0.0011004438099246894,876.2599046881036,0.0,COVERED_CALL,1461.358386534497,0.0,1060.99853515625,150.6,0.0,876.2599046881036,0.0,COVERED_CALL,1461.358386534497,0.0,1060.99853515625,150.6,0.0,94.878,0
2023-04-11,409.7200012207031,0.0,100000,101819.51309843764,1819.5130984376447,61711.95838653449,100,0.018195130984377084,0.0,101819.51309843764,1819.5130984376447,61711.95838653449,100,0.018195130984377084,0.0,100968.24816479492,968.2481647949171,66961.48806347656,83,0.009682481647949492,-0.0010100976488047753,864.445410167156,0.0,COVERED_CALL,1461.358386534497,0.0,1072.0001220703125,150.6,0.0,864.445410167156,0.0,COVERED_CALL,1461.358386534497,0.0,1072.0001220703125,150.6,0.0,94.878,0
2023-04-12,408.0499877929688,0.0,100000,101834.02784576635,1834.0278457663517,61711.95838653449,100,0.01834027845766406,0.0,101834.02784576635,1834.0278457663517,61711.95838653449,100,0.01834027845766406,0.0,100829.63705029298,829.6370502929785,66961.48806347656,83,0.008296370502929973,-0.002381529819392658,682.9293200650341,0.0,COVERED_CALL,1461.358386534497,0.0,904.9987792968823,150.6,0.0,682.9293200650341,0.0,COVERED_CALL,1461.358386534497,0.0,904.9987792968823,150.6,0.0,94.878,0
2023-04-13,413.4700012207031,0.0,100000,101852.71723514897,1852.7172351489717,61711.95838653449,100,0.018527172351490373,0.0,101852.71723514897,1852.7172351489717,61711.95838653449,100,0.018527172351490373,0.0,101279.49816479492,1279.498164794917,66961.48806347656,83,0.012794981647949344,0.0,1206.2412734558266,0.0,COVERED_CALL,1461.358386534497,0.0,1447.0001220703125,150.6,0.0,1206.2412734558266,0.0,COVERED_CALL,1461.358386534497,0.0,1447.0001220703125,150.6,0.0,94.878,0
2023-04-14,412.4599914550781,0.0,100000,101911.95838653449,1911.9583865344903,101911.95838653449,0,0.019119583865345513,0.0,101911.95838653449,1911.9583865344903,101911.95838653449,0,0.019119583865345513,0.0,101195.66735424804,1195.667354248042,66961.48806347656,83,0.011956673542480534,-0.0008277174755593197,0.0,0.0,CASH,1461.358386534497,300.0,0.0,150.6,0.0,0.0,0.0,CASH,1461.358386534497,300.0,0.0,150.6,0.0,94.878,0
2023-04-17,413.9400024414063,0.0,100000,101911.95838653449,1911.9583865344903,101911.95838653449,0,0.019119583865345513,0.0,101911.95838653449,1911.9583865344903,101911.95838653449,0,0.019119583865345513,0.0,101318.50826611329,1318.508266113291,66961.48806347656,83,0.013185082661133052,0.0,0.0,0.0,CASH,1461.358386534497,300.0,0.0,150.6,0.0,0.0,0.0,CASH,1461.358386534497,300.0,0.0,150.6,0.0,94.878,0
2023-04-18,414.2099914550781,0.0,100000,101872.2577580108,1872.2577580108045,102271.7893575095,0,0.018722577580108757,-0.0003895580965395107,101872.2577580108,1872.2577580108045,102271.7893575095,0,0.018722577580108757,-0.0003895580965395107,101340.91735424804,1340.917354248042,66961.48806347656,83,0.013409173542480612,0.0,399.5315994986903,40400.0,SHORT_PUT,1821.1893575095025,300.0,0.0,150.6,0.0,399.5315994986903,40400.0,SHORT_PUT,1821.1893575095025,300.0,0.0,150.6,0.0,94.878,0
2023-04-19,414.1400146484375,0.0,100000,101886.63505360189,1886.6350536018872,102271.7893575095,0,0.018866350536019594,-0.0002484824483163228,101886.63505360189,1886.6350536018872,102271.7893575095,0,0.018866350536019594,-0.0002484824483163228,101335.10927929687,1335.1092792968702,66961.48806347656,83,0.013351092792968977,-5.731223974281274e-05,385.15430390761105,40400.0,SHORT_PUT,1821.1893575095025,300.0,0.0,150.6,0.0,385.15430390761105,40400.0,SHORT_PUT,1821.1893575095025,300.0,0.0,150.6,0.0,94.878,0
2023-04-20,411.8800048828125,0.0,100000,101842.16362582265,1842.16362582265,102271.7893575095,0,0.018421636258227236,-0.0006848534933173722,101842.16362582265,1842.16362582265,102271.7893575095,0,0.018421636258227236,-0.0006848534933173722,101147.52846875,1147.5284687499952,66961.48806347656,83,0.011475284687500142,-0.0019083001274010636,429.62573168683934,40400.0,SHORT_PUT,1821.1893575095025,300.0,0.0,150.6,0.0,429.62573168683934,40400.0,SHORT_PUT,1821.1893575095025,300.0,0.0,150.6,0.0,94.878,0
2023-04-21,412.2000122070313,0.0,100000,101834.31517641837,1834.3151764183713,102271.7893575095,0,0.01834315176418433,-0.0007618655489047832,101834.31517641837,1834.3151764183713,102271.7893575095,0,0.01834315176418433,-0.0007618655489047832,101174.08907666017,1174.089076660166,66961.48806347656,83,0.011740890766601897,-0.001646208480674205,437.474181091127,40400.0,SHORT_PUT,1821.1893575095025,300.0,0.0,150.6,0.0,437.474181091127,40400.0,SHORT_PUT,1821.1893575095025,300.0,0.0,150.6,0.0,94.878,0
2023-04-24,412.6300048828125,0.0,100000,101902.53432633232,1902.5343263323157,102271.7893575095,0,0.019025343263323835,-9.247256505884316e-05,101902.53432633232,1902.5343263323157,102271.7893575095,0,0.019025343263323835,-9.247256505884316e-05,101209.77846875,1209.7784687499952,66961.48806347656,83,0.012097784687500335,-0.0012940368897551568,369.2550311771767,40400.0,SHORT_PUT,1821.1893575095025,300.0,0.0,150.6,0.0,369.2550311771767,40400.0,SHORT_PUT,1821.1893575095025,300.0,0.0,150.6,0.0,94.878,0
2023-04-25,406.0799865722656,0.0,100000,101659.96843579039,1659.9684357903898,102271.7893575095,0,0.0165996843579046,-0.002472623966152554,101659.96843579039,1659.9684357903898,102271.7893575095,0,0.0165996843579046,-0.002472623966152554,100666.1269489746,666.1269489746046,66961.48806347656,83,0.006661269489746324,-0.006658617495188257,611.8209217191044,40400.0,SHORT_PUT,1821.1893575095025,300.0,0.0,150.6,0.0,611.8209217191044,40400.0,SHORT_PUT,1821.1893575095025,300.0,0.0,150.6,0.0,94.878,0
2023-04-26,404.3599853515625,0.0,100000,101512.8295013148,1512.8295013148017,102271.7893575095,0,0.015128295013148607,-0.003916408746713174,101512.8295013148,1512.8295013148017,102271.7893575095,0,0.015128295013148607,-0.003916408746713174,100523.36684765625,523.3668476562452,66961.48806347656,83,0.005233668476562814,-0.008067328853299638,758.9598561946934,40400.0,SHORT_PUT,1821.1893575095025,300.0,0.0,150.6,0.0,758.9598561946934,40400.0,SHORT_PUT,1821.1893575095025,300.0,0.0,150.6,0.0,94.878,0
2023-04-27,412.4100036621094,0.0,100000,101857.6510783695,1857.6510783694976,102271.7893575095,0,0.018576510783695488,-0.000532884550790591,101857.6510783695,1857.6510783694976,102271.7893575095,0,0.018576510783695488,-0.000532884550790591,101191.51836743164,1191.5183674316359,66961.48806347656,83,0.011915183674316765,-0.0014742217725752793,414.138279139989,40400.0,SHORT_PUT,1821.1893575095025,300.0,0.0,150.6,0.0,414.138279139989,40400.0,SHORT_PUT,1821.1893575095025,300.0,0.0,150.6,0.0,94.878,0
2023-04-28,415.9299926757813,0.0,100000,102034.51010723165,2034.5101072316465,102271.7893575095,0,0.020345101072317018,0.0,102034.51010723165,2034.5101072316465,102271.7893575095,0,0.020345101072317018,0.0,101483.67745556642,1483.677455566416,66961.48806347656,83,0.014836774555664567,0.0,237.27925027784522,40400.0,SHORT_PUT,1821.1893575095025,300.0,0.0,150.6,0.0,237.27925027784522,40400.0,SHORT_PUT,1821.1893575095025,300.0,0.0,150.6,0.0,94.878,0
2023-05-01,415.510009765625,0.0,100000,102097.7080412983,2097.708041298305,102271.7893575095,0,0.020977080412983407,0.0,102097.7080412983,2097.708041298305,102271.7893575095,0,0.020977080412983407,0.0,101448.61887402344,1448.6188740234356,58651.08786816406,103,0.014486188740234773,-0.000345460298857736,174.08131621118378,40400.0,SHORT_PUT,1821.1893575095025,300.0,0.0,150.6,0.0,174.08131621118378,40400.0,SHORT_PUT,1821.1893575095025,300.0,0.0,150.6,0.0,94.878,20
2023-05-02,410.8399963378906,0.0,100000,101979.9511034978,1979.951103497806,102271.7893575095,0,0.019799511034978456,-0.0011533749391599013,101979.9511034978,1979.951103497806,102271.7893575095,0,0.019799511034978456,-0.0011533749391599013,100967.6074909668,967.607490966795,58651.08786816406,103,0.009676074909668486,-0.005085250924470763,291.8382540116829,40400.0,SHORT_PUT,1821.1893575095025,300.0,0.0,150.6,0.0,291.8382540116829,40400.0,SHORT_PUT,1821.1893575095025,300.0,0.0,150.6,0.0,94.878,0
2023-05-03,408.0199890136719,0.0,100000,101838.39193654059,1838.391936540589,102271.7893575095,0,0.018383919365406287,-0.002539881743993888,101838.39193654059,1838.391936540589,102271.7893575095,0,0.018383919365406287,-0.002539881743993888,100677.14673657226,677.1467365722638,58651.08786816406,103,0.006771467365723094,-0.00794739350421425,433.3974209688991,40400.0,SHORT_PUT,1821.1893575095025,300.0,0.0,150.6,0.0,433.3974209688991,40400.0,SHORT_PUT,1821.1893575095025,300.0,0.0,150.6,0.0,94.878,0
2023-05-04,405.1300048828125,0.0,100000,101711.38430618704,1711.384306187043,102271.7893575095,0,0.017113843061870693,-0.003783862953662065,101711.38430618704,1711.384306187043,102271.7893575095,0,0.017113843061870693,-0.003783862953662065,100379.47837109375,379.47837109374814,58651.08786816406,103,0.003794783710937999,-0.010880558451935474,560.4050513224533,40400.0,SHORT_PUT,1821.1893575095025,300.0,0.0,150.6,0.0,560.4050513224533,40400.0,SHORT_PUT,1821.1893575095025,300.0,0.0,150.6,0.0,94.878,0
2023-05-05,412.6300048828125,0.0,100000,101964.17989618625,1964.1798961862514,102271.7893575095,0,0.01964179896186291,-0.0013078466468418037,101964.17989618625,1964.1798961862514,102271.7893575095,0,0.01964179896186291,-0.0013078466468418037,101151.97837109375,1151.9783710937481,58651.08786816406,103,0.01151978371093798,-0.0032684968931865344,307.6094613232403,40400.0,SHORT_PUT,1821.1893575095025,300.0,0.0,150.6,0.0,307.6094613232403,40400.0,SHORT_PUT,1821.1893575095025,300.0,0.0,150.6,0.0,94.878,0
2023-05-08,412.739990234375,0.0,100000,102098.71833307315,2098.7183330731496,102271.7893575095,0,0.020987183330731796,0.0,102098.71833307315,2098.7183330731496,102271.7893575095,0,0.020987183330731796,0.0,101163.30686230469,1163.3068623046856,58651.08786816406,103,0.011633068623047249,-0.0031568681909660556,173.07102443634648,40400.0,SHORT_PUT,1821.1893575095025,300.0,0.0,150.6,0.0,173.07102443634648,40400.0,SHORT_PUT,1821.1893575095025,300.0,0.0,150.6,0.0,94.878,0
2023-05-09,410.9299926757813,0.0,100000,102075.34484411895,2075.344844118954,102271.7893575095,0,0.02075344844118976,-0.0002289302876257171,102075.34484411895,2075.344844118954,102271.7893575095,0,0.02075344844118976,-0.0002289302876257171,100976.87711376953,976.8771137695294,58651.08786816406,103,0.009768771137695698,-0.004993909902592852,196.44451339053285,40400.0,SHORT_PUT,1821.1893575095025,300.0,0.0,150.6,0.0,196.44451339053285,40400.0,SHORT_PUT,1821.1893575095025,300.0,0.0,150.6,0.0,94.878,0
2023-05-10,412.8500061035156,0.0,100000,102126.4637619209,2126.463761920895,102271.7893575095,0,0.02126463761920916,0.0,102126.4637619209,2126.463761920895,102271.7893575095,0,0.02126463761920916,0.0,101174.63849682617,1174.63849682617,58651.08786816406,103,0.011746384968262191,-0.0030452085151875252,145.32559558859262,40400.0,SHORT_PUT,1821.1893575095025,300.0,0.0,150.6,0.0,145.32559558859262,40400.0,SHORT_PUT,1821.1893575095025,300.0,0.0,150.6,0.0,94.878,0
2023-05-11,412.1300048828125,0.0,100000,102144.27891229659,2144.2789122965914,102271.7893575095,0,0.021442789122966044,0.0,102144.27891229659,2144.2789122965914,102271.7893575095,0,0.021442789122966044,0.0,101100.47837109375,1100.4783710937481,58651.08786816406,103,0.011004783710937938,-0.0037759676637697526,127.51044521289579,40400.0,SHORT_PUT,1821.1893575095025,300.0,0.0,150.6,0.0,127.51044521289579,40400.0,SHORT_PUT,1821.1893575095025,300.0,0.0,150.6,0.0,94.878,0
2023-05-12,411.5899963378906,0.0,100000,102152.36076054655,2152.3607605465513,102271.7893575095,0,0.021523607605465456,0.0,102152.36076054655,2152.3607605465513,102271.7893575095,0,0.021523607605465456,0.0,101044.8574909668,1044.857490966795,58651.08786816406,103,0.010448574909668329,-0.004324044768595936,119.42859696293667,40400.0,SHORT_PUT,1821.1893575095025,300.0,0.0,150.6,0.0,119.42859696293667,40400.0,SHORT_PUT,1821.1893575095025,300.0,0.0,150.6,0.0,94.878,0
2023-05-15,413.010009765625,0.0,100000,102232.79620660815,2232.7962066081527,102271.7893575095,0,0.022327962066081453,0.0,102232.79620660815,2232.7962066081527,102271.7893575095,0,0.022327962066081453,0.0,101191.11887402344,1191.1188740234356,58651.08786816406,103,0.01191118874023478,-0.002882814151774049,38.993150901335376,40400.0,SHORT_PUT,1821.1893575095025,300.0,0.0,150.6,0.0,38.993150901335376,40400.0,SHORT_PUT,1821.1893575095025,300.0,0.0,150.6,0.0,94.878,0
2023-05-16,410.25,0.0,100000,102216.17619791723,2216.1761979172297,102271.7893575095,0,0.0221617619791723,-0.00016257022509025276,102216.17619791723,2216.1761979172297,102271.7893575095,0,0.0221617619791723,-0.00016257022509025276,100906.83786816406,906.8378681640606,58651.08786816406,103,0.00906837868164101,-0.0056840627169322255,55.61315959226789,40400.0,SHORT_PUT,1821.1893575095025,300.0,0.0,150.6,0.0,55.61315959226789,40400.0,SHORT_PUT,1821.1893575095025,300.0,0.0,150.6,0.0,94.878,0
2023-05-17,415.2300109863281,0.0,100000,102266.90317693302,2266.9031769330177,102271.7893575095,0,0.022669031769330106,0.0,102266.90317693302,2266.9031769330177,102271.7893575095,0,0.022669031769330106,0.0,101419.77899975586,1419.7789997558575,58651.08786816406,103,0.01419778999755894,-0.0006296426914420561,4.886180576481468,40400.0,SHORT_PUT,1821.1893575095025,300.0,0.0,150.6,0.0,4.886180576481468,40400.0,SHORT_PUT,1821.1893575095025,300.0,0.0,150.6,0.0,94.878,0
2023-05-18,419.2300109863281,0.0,100000,102270.78828356205,2270.788283562055,102271.7893575095,0,0.02270788283562042,0.0,102270.78828356205,2270.788283562055,102271.7893575095,0,0.02270788283562042,0.0,101831.77899975586,1831.7789997558575,58651.08786816406,103,0.018317789997559064,0.0,1.0010739474359571,40400.0,SHORT_PUT,1821.1893575095025,300.0,0.0,150.6,0.0,1.0010739474359571,40400.0,SHORT_PUT,1821.1893575095025,300.0,0.0,150.6,0.0,94.878,0
2023-05-19,418.6199951171875,0.0,100000,102271.7893575095,2271.789357509493,102271.7893575095,0,0.022717893575094905,0.0,102271.7893575095,2271.789357509493,102271.7893575095,0,0.022717893575094905,0.0,101768.94736523437,1768.9473652343731,58651.08786816406,103,0.0176894736523443,-0.0006170140121153356,0.0,0.0,CASH,1821.1893575095025,300.0,0.0,150.6,0.0,0.0,0.0,CASH,1821.1893575095025,300.0,0.0,150.6,0.0,94.878,0
2023-05-22,418.7900085449219,0.0,100000,102271.7893575095,2271.789357509493,102271.7893575095,0,0.022717893575094905,0.0,102271.7893575095,2271.789357509493,102271.7893575095,0,0.022717893575094905,0.0,101786.45874829101,1786.4587482910138,58651.08786816406,103,0.017864587482910865,-0.00044505017893214927,0.0,0.0,CASH,1821.1893575095025,300.0,0.0,150.6,0.0,0.0,0.0,CASH,1821.1893575095025,300.0,0.0,150.6,0.0,94.878,0
2023-05-23,414.0899963378906,0.0,100000,102212.8987047922,2212.8987047921983,102813.92555832371,0,0.02212898704792199,-0.0005758249961915762,102212.8987047922,2212.8987047921983,102813.92555832371,0,0.02212898704792199,-0.0005758249961915762,101302.3574909668,1302.357490966795,58651.08786816406,103,0.013023574909668767,-0.005198981241310685,601.0268535315051,40900.0,SHORT_PUT,2363.3255583237215,300.0,0.0,150.6,0.0,601.0268535315051,40900.0,SHORT_PUT,2363.3255583237215,300.0,0.0,150.6,0.0,94.878,0
2023-05-24,411.0899963378906,0.0,100000,102031.86009001195,2031.860090011949,102813.92555832371,0,0.0203186009001195,-0.0023459965744691003,102031.86009001195,2031.860090011949,102813.92555832371,0,0.0203186009001195,-0.0023459965744691003,100993.3574909668,993.357490966795,58651.08786816406,103,0.00993357490966873,-0.0082333974425709,782.0654683117671,40900.0,SHORT_PUT,2363.3255583237215,300.0,0.0,150.6,0.0,782.0654683117671,40900.0,SHORT_PUT,2363.3255583237215,300.0,0.0,150.6,0.0,94.878,0
2023-05-25,414.6499938964844,0.0,100000,102128.98687675201,2128.9868767520093,102813.92555832371,0,0.02128986876752026,-0.0013963037280815271,102128.98687675201,2128.9868767520093,102813.92555832371,0,0.02128986876752026,-0.0013963037280815271,101360.03723950195,1360.0372395019513,58651.08786816406,103,0.01360037239502021,-0.00463255935315654,684.9386815716966,40900.0,SHORT_PUT,2363.3255583237215,300.0,0.0,150.6,0.0,684.9386815716966,40900.0,SHORT_PUT,2363.3255583237215,300.0,0.0,150.6,0.0,94.878,0
2023-05-26,420.0199890136719,0.0,100000,102374.18510049979,2374.185100499788,102813.92555832371,0,0.023741851004998038,0.0,102374.18510049979,2374.185100499788,102813.92555832371,0,0.023741851004998038,0.0,101913.14673657226,1913.1467365722638,58651.08786816406,103,0.019131467365723243,0.0,439.74045782391835,40900.0,SHORT_PUT,2363.3255583237215,300.0,0.0,150.6,0.0,439.74045782391835,40900.0,SHORT_PUT,2363.3255583237215,300.0,0.0,150.6,0.0,94.878,0
2023-05-30,420.1799926757813,0.0,100000,102498.27292603512,2498.272926035119,102813.92555832371,0,0.0249827292603515,0.0,102498.27292603512,2498.272926035119,102813.92555832371,0,0.0249827292603515,0.0,101929.62711376953,1929.6271137695294,58651.08786816406,103,0.01929627113769583,0.0,315.6526322885879,40900.0,SHORT_PUT,2363.3255583237215,300.0,0.0,150.6,0.0,315.6526322885879,40900.0,SHORT_PUT,2363.3255583237215,300.0,0.0,150.6,0.0,94.878,0
2023-05-31,417.8500061035156,0.0,100000,102443.71557865707,2443.7155786570656,102813.92555832371,0,0.02443715578657102,-0.0005322757722699967,102443.71557865707,2443.7155786570656,102813.92555832371,0,0.02443715578657102,-0.0005322757722699967,101689.63849682617,1689.63849682617,58651.08786816406,103,0.01689638496826218,-0.0023544539869208014,370.20997966663754,40900.0,SHORT_PUT,2363.3255583237215,300.0,0.0,150.6,0.0,370.20997966663754,40900.0,SHORT_PUT,2363.3255583237215,300.0,0.0,150.6,0.0,94.878,0
2023-06-01,421.8200073242188,0.0,100000,102549.33589530652,2549.335895306518,102813.92555832371,0,0.02549335895306548,0.0,102549.33589530652,2549.335895306518,102813.92555832371,0,0.02549335895306548,0.0,102098.34862255861,2098.3486225586093,50214.48772167969,123,0.020983486225586656,0.0,264.58966301718556,40900.0,SHORT_PUT,2363.3255583237215,300.0,0.0,150.6,0.0,264.58966301718556,40900.0,SHORT_PUT,2363.3255583237215,300.0,0.0,150.6,0.0,94.878,20
2023-06-02,427.9200134277344,0.0,100000,102726.5771263378,2726.5771263377974,102813.92555832371,0,0.027265771263378147,0.0,102726.5771263378,2726.5771263377974,102813.92555832371,0,0.027265771263378147,0.0,102848.64937329102,2848.6493732910167,50214.48772167969,123,0.028486493732910567,0.0,87.34843198591925,40900.0,SHORT_PUT,2363.3255583237215,300.0,0.0,150.6,0.0,87.34843198591925,40900.0,SHORT_PUT,2363.3255583237215,300.0,0.0,150.6,0.0,94.878,0
2023-06-05,427.1000061035156,0.0,100000,102756.83665379928,2756.8366537992842,102813.92555832371,0,0.027568366537993105,0.0,102756.83665379928,2756.8366537992842,102813.92555832371,0,0.027568366537993105,0.0,102747.78847241211,2747.7884724121104,50214.48772167969,123,0.027477884724121493,-0.000980673071484195,57.08890452442912,40900.0,SHORT_PUT,2363.3255583237215,300.0,0.0,150.6,0.0,57.08890452442912,40900.0,SHORT_PUT,2363.3255583237215,300.0,0.0,150.6,0.0,94.878,0
2023-06-06,428.0299987792969,0.0,100000,102768.39748132265,2768.3974813226523,102813.92555832371,0,0.02768397481322693,0.0,102768.39748132265,2768.3974813226523,102813.92555832371,0,0.02768397481322693,0.0,102862.1775715332,2862.177571533204,50214.48772167969,123,0.02862177571533242,0.0,45.528077001057795,40900.0,SHORT_PUT,2363.3255583237215,300.0,0.0,150.6,0.0,45.528077001057795,40900.0,SHORT_PUT,2363.3255583237215,300.0,0.0,150.6,0.0,94.878,0
2023-06-07,426.5499877929688,0.0,100000,102772.82593989912,2772.8259398991213,102813.92555832371,0,0.027728259398991817,0.0,102772.82593989912,2772.8259398991213,102813.92555832371,0,0.027728259398991817,0.0,102680.13622021486,2680.1362202148593,50214.48772167969,123,0.026801362202149015,-0.0017697598438624063,41.099618424582744,40900.0,SHORT_PUT,2363.3255583237215,300.0,0.0,150.6,0.0,41.099618424582744,40900.0,SHORT_PUT,2363.3255583237215,300.0,0.0,150.6,0.0,94.878,0
2023-06-08,429.1300048828125,0.0,100000,102792.39067141201,2792.3906714120094,102813.92555832371,0,0.027923906714120594,0.0,102792.39067141201,2792.3906714120094,102813.92555832371,0,0.027923906714120594,0.0,102997.47832226563,2997.478322265626,50214.48772167969,123,0.029974783222656676,0.0,21.534886911705478,40900.0,SHORT_PUT,2363.3255583237215,300.0,0.0,150.6,0.0,21.534886911705478,40900.0,SHORT_PUT,2363.3255583237215,300.0,0.0,150.6,0.0,94.878,0
2023-06-09,429.8999938964844,0.0,100000,102800.0780252821,2800.0780252820987,102813.92555832371,0,0.02800078025282149,0.0,102800.0780252821,2800.0780252820987,102813.92555832371,0,0.02800078025282149,0.0,103092.18697094727,3092.1869709472667,50214.48772167969,123,0.030921869709473082,0.0,13.847533041611214,40900.0,SHORT_PUT,2363.3255583237215,300.0,0.0,150.6,0.0,13.847533041611214,40900.0,SHORT_PUT,2363.3255583237215,300.0,0.0,150.6,0.0,94.878,0
2023-06-12,433.7999877929688,0.0,100000,102810.70887713868,2810.708877138677,102813.92555832371,0,0.028107088771387234,0.0,102810.70887713868,2810.708877138677,102813.92555832371,0,0.028107088771387234,0.0,103571.88622021486,3571.8862202148593,50214.48772167969,123,0.03571886220214893,0.0,3.2166811850286017,40900.0,SHORT_PUT,2363.3255583237215,300.0,0.0,150.6,0.0,3.2166811850286017,40900.0,SHORT_PUT,2363.3255583237215,300.0,0.0,150.6,0.0,94.878,0
2023-06-13,436.6600036621094,0.0,100000,102811.61964122558,2811.6196412255813,102813.92555832371,0,0.028116196412256267,0.0,102811.61964122558,2811.6196412255813,102813.92555832371,0,0.028116196412256267,0.0,103923.66817211914,3923.6681721191417,50214.48772167969,123,0.03923668172119177,0.0,2.305917098135856,40900.0,SHORT_PUT,2363.3255583237215,300.0,0.0,150.6,0.0,2.305917098135856,40900.0,SHORT_PUT,2363.3255583237215,300.0,0.0,150.6,0.0,94.878,0
2023-06-14,437.1799926757813,0.0,100000,102812.43656183698,2812.4365618369775,102813.92555832371,0,0.028124365618370284,0.0,102812.43656183698,2812.4365618369775,102813.92555832371,0,0.028124365618370284,0.0,103987.6268208008,3987.626820800797,50214.48772167969,123,0.03987626820800827,0.0,1.488996486739146,40900.0,SHORT_PUT,2363.3255583237215,300.0,0.0,150.6,0.0,1.488996486739146,40900.0,SHORT_PUT,2363.3255583237215,300.0,0.0,150.6,0.0,94.878,0
2023-06-15,442.6000061035156,0.0,100000,102812.91396765657,2812.9139676565683,102813.92555832371,0,0.02812913967656616,0.0,102812.91396765657,2812.9139676565683,102813.92555832371,0,0.02812913967656616,0.0,104654.28847241211,4654.28847241211,50214.48772167969,123,0.04654288472412138,0.0,1.0115906671479178,40900.0,SHORT_PUT,2363.3255583237215,300.0,0.0,150.6,0.0,1.0115906671479178,40900.0,SHORT_PUT,2363.3255583237215,300.0,0.0,150.6,0.0,94.878,0
2023-06-16,439.4599914550781,0.0,100000,102812.8911674404,2812.8911674403935,102813.92555832371,0,0.028128911674404344,-2.2176412772800802e-07,102812.8911674404,2812.8911674403935,102813.92555832371,0,0.028128911674404344,-2.2176412772800802e-07,104469.5406706543,4469.5406706543,50415.96172167969,123,0.04469540670654326,-0.0017653151576919601,1.0343908833153246,40900.0,SHORT_PUT,2363.3255583237215,300.0,0.0,150.6,0.0,1.0343908833153246,40900.0,SHORT_PUT,2363.3255583237215,300.0,0.0,150.6,0.0,296.352,0
2023-06-20,437.1799926757813,0.0,100000,102812.92554781269,2812.925547812687,102813.92555832371,0,0.02812925547812739,0.0,102812.92554781269,2812.925547812687,102813.92555832371,0,0.02812925547812739,0.0,104189.10082080078,4189.100820800784,50415.96172167969,123,0.041891008208008174,-0.00444499368732465,1.00001051102401,40900.0,SHORT_PUT,2363.3255583237215,300.0,0.0,150.6,0.0,1.00001051102401,40900.0,SHORT_PUT,2363.3255583237215,300.0,0.0,150.6,0.0,296.352,0
2023-06-21,434.9400024414063,0.0,100000,102812.92555825294,2812.925558252944,102813.92555832371,0,0.028129255582529877,0.0,102812.92555825294,2812.925558252944,102813.92555832371,0,0.028129255582529877,0.0,103913.58202197266,3913.5820219726593,50415.96172167969,123,0.03913582021972695,-0.007077650244927125,1.0000000707664534,40900.0,SHORT_PUT,2363.3255583237215,300.0,0.0,150.6,0.0,1.0000000707664534,40900.0,SHORT_PUT,2363.3255583237215,300.0,0.0,150.6,0.0,296.352,0
2023-06-22,436.510009765625,0.0,100000,102812.92555832371,2812.92555832371,102813.92555832371,0,0.028129255583237534,0.0,102812.92555832371,2812.92555832371,102813.92555832371,0,0.028129255583237534,0.0,104106.69292285157,4106.6929228515655,50415.96172167969,123,0.04106692922851596,-0.005232423415738929,1.0,40900.0,SHORT_PUT,2363.3255583237215,300.0,0.0,150.6,0.0,1.0,40900.0,SHORT_PUT,2363.3255583237215,300.0,0.0,150.6,0.0,296.352,0
2023-06-23,433.2099914550781,0.0,100000,102813.92555832371,2813.92555832371,102813.92555832371,0,0.028139255583237377,0.0,102813.92555832371,2813.92555832371,102813.92555832371,0,0.028139255583237377,0.0,103700.7906706543,3700.7906706543,50415.96172167969,123,0.037007906706543414,-0.00911092909498068,0.0,0.0,CASH,2363.3255583237215,300.0,0.0,150.6,0.0,0.0,0.0,CASH,2363.3255583237215,300.0,0.0,150.6,0.0,296.352,0
2023-06-26,431.4400024414063,0.0,100000,102813.92555832371,2813.92555832371,102813.92555832371,0,0.028139255583237377,0.0,102813.92555832371,2813.92555832371,102813.92555832371,0,0.028139255583237377,0.0,103483.08202197266,3483.0820219726593,50415.96172167969,123,0.03483082021972694,-0.01119119404980895,0.0,0.0,CASH,2363.3255583237215,300.0,0.0,150.6,0.0,0.0,0.0,CASH,2363.3255583237215,300.0,0.0,150.6,0.0,296.352,0
2023-06-27,436.1700134277344,0.0,100000,102789.67168880595,2789.6716888059455,103027.0123187426,0,0.027896716888059725,-0.00023590062713840787,102789.67168880595,2789.6716888059455,103027.0123187426,0,0.027896716888059725,-0.00023590062713840787,104064.87337329102,4064.8733732910187,50415.96172167969,123,0.04064873373291067,-0.005632020509856561,237.3406299366679,42300.0,SHORT_PUT,2576.4123187426117,300.0,0.0,150.6,0.0,237.3406299366679,42300.0,SHORT_PUT,2576.4123187426117,300.0,0.0,150.6,0.0,296.352,0
2023-06-28,436.3900146484375,0.0,100000,102822.1587477593,2822.1587477592984,103027.0123187426,0,0.02822158747759329,0.0,102822.1587477593,2822.1587477592984,103027.0123187426,0,0.02822158747759329,0.0,104091.9335234375,4091.933523437503,50415.96172167969,123,0.0409193352343753,-0.005373453464573963,204.85357098330277,42300.0,SHORT_PUT,2576.4123187426117,300.0,0.0,150.6,0.0,204.85357098330277,42300.0,SHORT_PUT,2576.4123187426117,300.0,0.0,150.6,0.0,296.352,0
2023-06-29,438.1099853515625,0.0,100000,102873.18785930138,2873.1878593013826,103027.0123187426,0,0.028731878593014182,0.0,102873.18785930138,2873.1878593013826,103027.0123187426,0,0.028731878593014182,0.0,104303.48991992188,4303.489919921878,50415.96172167969,123,0.0430348991992191,-0.0033519749415973354,153.8244594412248,42300.0,SHORT_PUT,2576.4123187426117,300.0,0.0,150.6,0.0,153.8244594412248,42300.0,SHORT_PUT,2576.4123187426117,300.0,0.0,150.6,0.0,296.352,0
2023-06-30,443.2799987792969,0.0,100000,102946.11150803373,2946.111508033733,103027.0123187426,0,0.029461115080337663,0.0,102946.11150803373,2946.111508033733,103027.0123187426,0,0.029461115080337663,0.0,104939.4015715332,4939.401571533206,50415.96172167969,123,0.04939401571533231,0.0,80.90081070887216,42300.0,SHORT_PUT,2576.4123187426117,300.0,0.0,150.6,0.0,80.90081070887216,42300.0,SHORT_PUT,2576.4123187426117,300.0,0.0,150.6,0.0,296.352,0
2023-07-03,443.7900085449219,0.0,100000,102964.90962128589,2964.909621285886,103027.0123187426,0,0.02964909621285927,0.0,102964.90962128589,2964.909621285886,103027.0123187426,0,0.02964909621285927,0.0,105001.94277270508,5001.942772705079,41983.76155932617,142,0.05001942772705115,0.0,62.102697456722325,42300.0,SHORT_PUT,2576.4123187426117,300.0,0.0,150.6,0.0,62.102697456722325,42300.0,SHORT_PUT,2576.4123187426117,300.0,0.0,150.6,0.0,296.352,19
2023-07-05,443.1300048828125,0.0,100000,102967.191787176,2967.1917871759942,103027.0123187426,0,0.029671917871760378,0.0,102967.191787176,2967.1917871759942,103027.0123187426,0,0.029671917871760378,0.0,104908.22225268555,4908.222252685548,41983.76155932617,142,0.0490822225268559,-0.0008925598664626389,59.820531566616744,42300.0,SHORT_PUT,2576.4123187426117,300.0,0.0,150.6,0.0,59.820531566616744,42300.0,SHORT_PUT,2576.4123187426117,300.0,0.0,150.6,0.0,296.352,0
2023-07-06,439.6600036621094,0.0,100000,102926.48609956601,2926.486099566013,103027.0123187426,0,0.029264860995660502,-0.00039532677257159143,102926.48609956601,2926.486099566013,103027.0123187426,0,0.029264860995660502,-0.00039532677257159143,104415.4820793457,4415.482079345704,41983.76155932617,142,0.04415482079345745,-0.005585236595372911,100.5262191766014,42300.0,SHORT_PUT,2576.4123187426117,300.0,0.0,150.6,0.0,100.5262191766014,42300.0,SHORT_PUT,2576.4123187426117,300.0,0.0,150.6,0.0,296.352,0
2023-07-07,438.5499877929688,0.0,100000,102887.23096653626,2887.2309665362554,103027.0123187426,0,0.028872309665362916,-0.0007765660037132305,102887.23096653626,2887.2309665362554,103027.0123187426,0,0.028872309665362916,-0.0007765660037132305,104257.85982592774,4257.859825927735,41983.76155932617,142,0.04257859825927768,-0.00708637313871463,139.78135220634678,42300.0,SHORT_PUT,2576.4123187426117,300.0,0.0,150.6,0.0,139.78135220634678,42300.0,SHORT_PUT,2576.4123187426117,300.0,0.0,150.6,0.0,296.352,0
2023-07-10,439.6600036621094,0.0,100000,102942.69843124224,2942.698431242243,103027.0123187426,0,0.029426984312422855,-0.00023787534173391744,102942.69843124224,2942.698431242243,103027.0123187426,0,0.029426984312422855,-0.00023787534173391744,104415.4820793457,4415.482079345704,41983.76155932617,142,0.04415482079345745,-0.005585236595372911,84.3138875003698,42300.0,SHORT_PUT,2576.4123187426117,300.0,0.0,150.6,0.0,84.3138875003698,42300.0,SHORT_PUT,2576.4123187426117,300.0,0.0,150.6,0.0,296.352,0
2023-07-11,442.4599914550781,0.0,100000,102973.45643815152,2973.456438151523,103027.0123187426,0,0.02973456438151567,0.0,102973.45643815152,2973.456438151523,103027.0123187426,0,0.02973456438151567,0.0,104813.08034594727,4813.080345947266,41983.76155932617,142,0.04813080345947296,-0.0017986564988291542,53.555880591088645,42300.0,SHORT_PUT,2576.4123187426117,300.0,0.0,150.6,0.0,53.555880591088645,42300.0,SHORT_PUT,2576.4123187426117,300.0,0.0,150.6,0.0,296.352,0
2023-07-12,446.0199890136719,0.0,100000,103002.78463395983,3002.7846339598327,103027.0123187426,0,0.030027846339598874,0.0,103002.78463395983,3002.7846339598327,103027.0123187426,0,0.030027846339598874,0.0,105318.59999926758,5318.599999267579,41983.76155932617,142,0.053185999992676036,0.0,24.22768478277847,42300.0,SHORT_PUT,2576.4123187426117,300.0,0.0,150.6,0.0,24.22768478277847,42300.0,SHORT_PUT,2576.4123187426117,300.0,0.0,150.6,0.0,296.352,0
2023-07-13,449.55999755859375,0.0,100000,103020.82495135303,3020.824951353032,103027.0123187426,0,0.03020824951353074,0.0,103020.82495135303,3020.824951353032,103027.0123187426,0,0.03020824951353074,0.0,105821.28121264649,5821.281212646485,41983.76155932617,142,0.05821281212646512,0.0,6.187367389569886,42300.0,SHORT_PUT,2576.4123187426117,300.0,0.0,150.6,0.0,6.187367389569886,42300.0,SHORT_PUT,2576.4123187426117,300.0,0.0,150.6,0.0,296.352,0
2023-07-14,449.2799987792969,0.0,100000,103021.55260971829,3021.5526097182883,103027.0123187426,0,0.030215526097183254,0.0,103021.55260971829,3021.5526097182883,103027.0123187426,0,0.030215526097183254,0.0,105781.52138598633,5781.521385986329,41983.76155932617,142,0.057815213859863546,-0.0003757261885750651,5.4597090243115645,42300.0,SHORT_PUT,2576.4123187426117,300.0,0.0,150.6,0.0,5.4597090243115645,42300.0,SHORT_PUT,2576.4123187426117,300.0,0.0,150.6,0.0,296.352,0
2023-07-17,450.8399963378906,0.0,100000,103025.16915883594,3025.169158835939,103027.0123187426,0,0.03025169158835972,0.0,103025.16915883594,3025.169158835939,103027.0123187426,0,0.03025169158835972,0.0,106003.04103930664,6003.041039306641,41983.76155932617,142,0.06003041039306667,0.0,1.8431599066661024,42300.0,SHORT_PUT,2576.4123187426117,300.0,0.0,150.6,0.0,1.8431599066661024,42300.0,SHORT_PUT,2576.4123187426117,300.0,0.0,150.6,0.0,296.352,0
2023-07-18,454.1900024414063,0.0,100000,103025.83631593818,3025.8363159381843,103027.0123187426,0,0.030258363159382018,0.0,103025.83631593818,3025.8363159381843,103027.0123187426,0,0.030258363159382018,0.0,106478.74190600586,6478.74190600586,41983.76155932617,142,0.0647874190600588,0.0,1.1760028044167417,42300.0,SHORT_PUT,2576.4123187426117,300.0,0.0,150.6,0.0,1.1760028044167417,42300.0,SHORT_PUT,2576.4123187426117,300.0,0.0,150.6,0.0,296.352,0
2023-07-19,455.2000122070313,0.0,100000,103025.96505381628,3025.9650538162823,103027.0123187426,0,0.03025965053816293,0.0,103025.96505381628,3025.9650538162823,103027.0123187426,0,0.03025965053816293,0.0,106622.16329272461,6622.16329272461,41983.76155932617,142,0.06622163292724625,0.0,1.0472649263223504,42300.0,SHORT_PUT,2576.4123187426117,300.0,0.0,150.6,0.0,1.0472649263223504,42300.0,SHORT_PUT,2576.4123187426117,300.0,0.0,150.6,0.0,296.352,0
2023-07-20,452.1799926757813,0.0,100000,103025.89527235812,3025.895272358117,103027.0123187426,0,0.030258952723581256,-6.773191411069135e-07,103025.89527235812,3025.895272358117,103027.0123187426,0,0.030258952723581256,-6.773191411069135e-07,106193.32051928711,6193.32051928711,41983.76155932617,142,0.061933205192871155,-0.004022079089317954,1.1170463844873655,42300.0,SHORT_PUT,2576.4123187426117,300.0,0.0,150.6,0.0,1.1170463844873655,42300.0,SHORT_PUT,2576.4123187426117,300.0,0.0,150.6,0.0,296.352,0
2023-07-21,452.1799926757813,0.0,100000,103025.95396645006,3025.9539664500626,103027.0123187426,0,0.03025953966450068,-1.076172032599132e-07,103025.95396645006,3025.9539664500626,103027.0123187426,0,0.03025953966450068,-1.076172032599132e-07,106193.32051928711,6193.32051928711,41983.76155932617,142,0.061933205192871155,-0.004022079089317954,1.0583522925504982,42300.0,SHORT_PUT,2576.4123187426117,300.0,0.0,150.6,0.0,1.0583522925504982,42300.0,SHORT_PUT,2576.4123187426117,300.0,0.0,150.6,0.0,296.352,0
2023-07-24,454.2000122070313,0.0,100000,103026.01228722915,3026.012287229154,103027.0123187426,0,0.030260122872291628,0.0,103026.01228722915,3026.012287229154,103027.0123187426,0,0.030260122872291628,0.0,106480.16329272461,6480.16329272461,41983.76155932617,142,0.06480163292724628,-0.0013318056547975132,1.0000315134540207,42300.0,SHORT_PUT,2576.4123187426117,300.0,0.0,150.6,0.0,1.0000315134540207,42300.0,SHORT_PUT,2576.4123187426117,300.0,0.0,150.6,0.0,296.352,0
2023-07-25,455.4400024414063,0.0,100000,103026.0123185472,3026.012318547204,103027.0123187426,0,0.03026012318547222,0.0,103026.0123185472,3026.012318547204,103027.0123187426,0,0.03026012318547222,0.0,106656.24190600586,6656.24190600586,41983.76155932617,142,0.06656241906005889,0.0,1.0000001953966906,42300.0,SHORT_PUT,2576.4123187426117,300.0,0.0,150.6,0.0,1.0000001953966906,42300.0,SHORT_PUT,2576.4123187426117,300.0,0.0,150.6,0.0,296.352,0
2023-07-26,455.510009765625,0.0,100000,103026.01231874259,3026.0123187425925,103027.0123187426,0,0.03026012318742599,0.0,103026.01231874259,3026.0123187425925,103027.0123187426,0,0.03026012318742599,0.0,106666.18294604492,6666.182946044923,41983.76155932617,142,0.06666182946044952,0.0,1.000000000015006,42300.0,SHORT_PUT,2576.4123187426117,300.0,0.0,150.6,0.0,1.000000000015006,42300.0,SHORT_PUT,2576.4123187426117,300.0,0.0,150.6,0.0,296.352,0
2023-07-27,452.489990234375,0.0,100000,103026.0123187426,3026.012318742607,103027.0123187426,0,0.030260123187426213,0.0,103026.0123187426,3026.012318742607,103027.0123187426,0,0.030260123187426213,0.0,106237.34017260742,6237.340172607423,41983.76155932617,142,0.06237340172607442,-0.004020419233098704,1.0,42300.0,SHORT_PUT,2576.4123187426117,300.0,0.0,150.6,0.0,1.0,42300.0,SHORT_PUT,2576.4123187426117,300.0,0.0,150.6,0.0,296.352,0
2023-07-28,456.9200134277344,0.0,100000,103027.0123187426,3027.012318742607,103027.0123187426,0,0.03027012318742628,0.0,103027.0123187426,3027.012318742607,103027.0123187426,0,0.03027012318742628,0.0,106866.40346606445,6866.403466064454,41983.76155932617,142,0.06866403466064464,0.0,0.0,0.0,CASH,2576.4123187426117,300.0,0.0,150.6,0.0,0.0,0.0,CASH,2576.4123187426117,300.0,0.0,150.6,0.0,296.352,0
2023-07-31,457.7900085449219,0.0,100000,103027.0123187426,3027.012318742607,103027.0123187426,0,0.03027012318742628,0.0,103027.0123187426,3027.012318742607,103027.0123187426,0,0.03027012318742628,0.0,106989.94277270508,6989.942772705079,41983.76155932617,142,0.06989942772705082,0.0,0.0,0.0,CASH,2576.4123187426117,300.0,0.0,150.6,0.0,0.0,0.0,CASH,2576.4123187426117,300.0,0.0,150.6,0.0,296.352,0
2023-08-01,456.4800109863281,0.0,100000,102986.99254925335,2986.992549253351,103389.87512889049,0,0.029869925492533644,-0.0003884395809270469,102986.99254925335,2986.992549253351,103389.87512889049,0,0.029869925492533644,-0.0003884395809270469,106803.74311938477,6803.743119384773,33766.941361572266,160,0.06803743119384786,-0.0017403472559647248,402.88257963713534,44900.0,SHORT_PUT,2939.275128890496,300.0,0.0,150.6,0.0,402.88257963713534,44900.0,SHORT_PUT,2939.275128890496,300.0,0.0,150.6,0.0,296.352,18
2023-08-02,450.1300048828125,0.0,100000,102725.46602297666,2725.4660229766596,103389.87512889049,0,0.027254660229766747,-0.0029268663526128558,102725.46602297666,2725.4660229766596,103389.87512889049,0,0.027254660229766747,-0.0029268663526128558,105787.74214282227,5787.742142822273,33766.941361572266,160,0.05787742142822294,-0.011236576062451098,664.4091059138242,44900.0,SHORT_PUT,2939.275128890496,300.0,0.0,150.6,0.0,664.4091059138242,44900.0,SHORT_PUT,2939.275128890496,300.0,0.0,150.6,0.0,296.352,0
2023-08-03,448.8399963378906,0.0,100000,102559.04908753451,2559.049087534513,103389.87512889049,0,0.025590490875345262,-0.004542141140231548,102559.04908753451,2559.049087534513,103389.87512889049,0,0.025590490875345262,-0.004542141140231548,105581.34077563477,5581.340775634773,33766.941361572266,160,0.05581340775634791,-0.013165742130200053,830.8260413559718,44900.0,SHORT_PUT,2939.275128890496,300.0,0.0,150.6,0.0,830.8260413559718,44900.0,SHORT_PUT,2939.275128890496,300.0,0.0,150.6,0.0,296.352,0
2023-08-04,446.80999755859375,0.0,100000,102474.23178161371,2474.2317816137074,103389.87512889049,0,0.024742317816137227,-0.00536539422708604,102474.23178161371,2474.2317816137074,103389.87512889049,0,0.024742317816137227,-0.00536539422708604,105256.54097094727,5256.540970947273,33766.941361572266,160,0.05256540970947299,-0.01620153966658633,915.6433472767826,44900.0,SHORT_PUT,2939.275128890496,300.0,0.0,150.6,0.0,915.6433472767826,44900.0,SHORT_PUT,2939.275128890496,300.0,0.0,150.6,0.0,296.352,0
2023-08-07,450.7099914550781,0.0,100000,102657.4811103798,2657.4811103797983,103389.87512889049,0,0.026574811103798224,-0.0035867409919599913,102657.4811103798,2657.4811103797983,103389.87512889049,0,0.026574811103798224,-0.0035867409919599913,105880.53999438477,5880.539994384773,33766.941361572266,160,0.058805399943847814,-0.01036922489693426,732.3940185106859,44900.0,SHORT_PUT,2939.275128890496,300.0,0.0,150.6,0.0,732.3940185106859,44900.0,SHORT_PUT,2939.275128890496,300.0,0.0,150.6,0.0,296.352,0
2023-08-08,448.75,0.0,100000,102641.55997486533,2641.559974865333,103389.87512889049,0,0.026415599748653484,-0.003741274595877586,102641.55997486533,2641.559974865333,103389.87512889049,0,0.026415599748653484,-0.003741274595877586,105566.94136157227,5566.941361572273,33766.941361572266,160,0.05566941361572275,-0.013300328743570788,748.3151540251586,44900.0,SHORT_PUT,2939.275128890496,300.0,0.0,150.6,0.0,748.3151540251586,44900.0,SHORT_PUT,2939.275128890496,300.0,0.0,150.6,0.0,296.352,0
2023-08-09,445.75,0.0,100000,102482.04890734628,2482.0489073462813,103389.87512889049,0,0.024820489073462904,-0.005289519701011436,102482.04890734628,2482.0489073462813,103389.87512889049,0,0.024820489073462904,-0.005289519701011436,105086.94136157227,5086.941361572273,33766.941361572266,160,0.050869413615722836,-0.017786731741465056,907.8262215442146,44900.0,SHORT_PUT,2939.275128890496,300.0,0.0,150.6,0.0,907.8262215442146,44900.0,SHORT_PUT,2939.275128890496,300.0,0.0,150.6,0.0,296.352,0
2023-08-10,445.9100036621094,0.0,100000,102507.69315392702,2507.6931539270154,103389.87512889049,0,0.025076931539270264,-0.0050406117107322235,102507.69315392702,2507.6931539270154,103389.87512889049,0,0.025076931539270264,-0.0050406117107322235,105112.54194750977,5112.541947509773,33766.941361572266,160,0.051125419475097855,-0.017547451438344464,882.1819749634774,44900.0,SHORT_PUT,2939.275128890496,300.0,0.0,150.6,0.0,882.1819749634774,44900.0,SHORT_PUT,2939.275128890496,300.0,0.0,150.6,0.0,296.352,0
2023-08-11,445.6499938964844,0.0,100000,102512.84056816301,2512.84056816301,103389.87512889049,0,0.025128405681630328,-0.004990649917993029,102512.84056816301,2512.84056816301,103389.87512889049,0,0.025128405681630328,-0.004990649917993029,105070.94038500977,5070.940385009773,33766.941361572266,160,0.05070940385009792,-0.017936287635671677,877.0345607274793,44900.0,SHORT_PUT,2939.275128890496,300.0,0.0,150.6,0.0,877.0345607274793,44900.0,SHORT_PUT,2939.275128890496,300.0,0.0,150.6,0.0,296.352,0
2023-08-14,448.1099853515625,0.0,100000,102742.09769578697,2742.0976957869716,103389.87512889049,0,0.027420976957869936,-0.0027654361370217373,102742.09769578697,2742.0976957869716,103389.87512889049,0,0.027420976957869936,-0.0027654361370217373,105464.53901782227,5464.539017822273,33766.941361572266,160,0.0546453901782229,-0.014257449956052826,647.7774331035158,44900.0,SHORT_PUT,2939.275128890496,300.0,0.0,150.6,0.0,647.7774331035158,44900.0,SHORT_PUT,2939.275128890496,300.0,0.0,150.6,0.0,296.352,0
2023-08-15,442.8900146484375,0.0,100000,102440.95635091857,2440.956350918568,103389.87512889049,0,0.024409563509185883,-0.005688371958325944,102440.95635091857,2440.956350918568,103389.87512889049,0,0.024409563509185883,-0.005688371958325944,104629.34370532227,4629.343705322273,33766.941361572266,160,0.04629343705322286,-0.022063747359859498,948.9187779719265,44900.0,SHORT_PUT,2939.275128890496,300.0,0.0,150.6,0.0,948.9187779719265,44900.0,SHORT_PUT,2939.275128890496,300.0,0.0,150.6,0.0,296.352,0
2023-08-16,439.6400146484375,0.0,100000,102164.76202671572,2164.762026715718,103389.87512889049,0,0.021647620267157386,-0.008369167198203131,102164.76202671572,2164.762026715718,103389.87512889049,0,0.021647620267157386,-0.008369167198203131,104109.34370532227,4109.343705322273,33766.941361572266,160,0.04109343705322277,-0.026924017274245093,1225.1131021747701,44900.0,SHORT_PUT,2939.275128890496,300.0,0.0,150.6,0.0,1225.1131021747701,44900.0,SHORT_PUT,2939.275128890496,300.0,0.0,150.6,0.0,296.352,0
2023-08-17,436.2900085449219,0.0,100000,101904.15475329237,1904.1547532923723,103389.87512889049,0,0.019041547532923975,-0.010898671524865344,101904.15475329237,1904.1547532923723,103389.87512889049,0,0.019041547532923975,-0.010898671524865344,103573.34272875977,3573.3427287597733,33766.941361572266,160,0.03573342728759776,-0.03193384308283731,1485.7203755981127,44900.0,SHORT_PUT,2939.275128890496,300.0,0.0,150.6,0.0,1485.7203755981127,44900.0,SHORT_PUT,2939.275128890496,300.0,0.0,150.6,0.0,296.352,0
2023-08-18,436.5,0.0,100000,101906.04181143573,1906.0418114357308,103389.87512889049,0,0.019060418114357436,-0.010880355375528561,101906.04181143573,1906.0418114357308,103389.87512889049,0,0.019060418114357436,-0.010880355375528561,103606.94136157227,3606.9413615722733,33766.941361572266,160,0.03606941361572269,-0.03161980765163919,1483.8333174547538,44900.0,SHORT_PUT,2939.275128890496,300.0,0.0,150.6,0.0,1483.8333174547538,44900.0,SHORT_PUT,2939.275128890496,300.0,0.0,150.6,0.0,296.352,0
2023-08-21,439.3399963378906,0.0,100000,102200.50304294222,2200.5030429422186,103389.87512889049,0,0.022005030429422368,-0.008022258019511952,102200.50304294222,2200.5030429422186,103389.87512889049,0,0.022005030429422368,-0.008022258019511952,104061.34077563477,4061.3407756347733,33766.941361572266,160,0.040613407756347586,-0.02737268495686551,1189.372085948265,44900.0,SHORT_PUT,2939.275128890496,300.0,0.0,150.6,0.0,1189.372085948265,44900.0,SHORT_PUT,2939.275128890496,300.0,0.0,150.6,0.0,296.352,0
2023-08-22,438.1499938964844,0.0,100000,102125.03387324927,2125.0338732492673,103389.87512889049,0,0.021250338732492935,-0.008754776297916989,102125.03387324927,2125.0338732492673,103389.87512889049,0,0.021250338732492935,-0.008754776297916989,103870.94038500977,3870.9403850097733,33766.941361572266,160,0.03870940385009769,-0.029152295130407513,1264.8412556412234,44900.0,SHORT_PUT,2939.275128890496,300.0,0.0,150.6,0.0,1264.8412556412234,44900.0,SHORT_PUT,2939.275128890496,300.0,0.0,150.6,0.0,296.352,0
2023-08-23,443.0299987792969,0.0,100000,102529.6100203801,2529.6100203801034,103389.87512889049,0,0.02529610020380124,-0.004827882388976357,102529.6100203801,2529.6100203801034,103389.87512889049,0,0.02529610020380124,-0.004827882388976357,104651.74116625977,4651.741166259773,33766.941361572266,160,0.04651741166259771,-0.021854405618411343,860.2651085103821,44900.0,SHORT_PUT,2939.275128890496,300.0,0.0,150.6,0.0,860.2651085103821,44900.0,SHORT_PUT,2939.275128890496,300.0,0.0,150.6,0.0,296.352,0
2023-08-24,436.8900146484375,0.0,100000,102065.05797606478,2065.0579760647815,103389.87512889049,0,0.02065057976064799,-0.009336913893045362,102065.05797606478,2065.0579760647815,103389.87512889049,0,0.02065057976064799,-0.009336913893045362,103669.34370532227,3669.3437053222733,33766.941361572266,160,0.03669343705322259,-0.031036553355648366,1324.8171528257017,44900.0,SHORT_PUT,2939.275128890496,300.0,0.0,150.6,0.0,1324.8171528257017,44900.0,SHORT_PUT,2939.275128890496,300.0,0.0,150.6,0.0,296.352,0
2023-08-25,439.9700012207031,0.0,100000,102331.39676487014,2331.3967648701364,103389.87512889049,0,0.023313967648701528,-0.0067517783755622895,102331.39676487014,2331.3967648701364,103389.87512889049,0,0.023313967648701528,-0.0067517783755622895,104162.14155688477,4162.141556884773,33766.941361572266,160,0.041621415568847686,-0.02643053302521936,1058.47836402036,44900.0,SHORT_PUT,2939.275128890496,300.0,0.0,150.6,0.0,1058.47836402036,44900.0,SHORT_PUT,2939.275128890496,300.0,0.0,150.6,0.0,296.352,0
2023-08-28,442.760009765625,0.0,100000,102656.98465396787,2656.9846539678692,103389.87512889049,0,0.026569846539678865,-0.00359155969339342,102656.98465396787,2656.9846539678692,103389.87512889049,0,0.026569846539678865,-0.00359155969339342,104608.54292407227,4608.542924072273,33766.941361572266,160,0.046085429240722675,-0.022258165458523327,732.8904749226266,44900.0,SHORT_PUT,2939.275128890496,300.0,0.0,150.6,0.0,732.8904749226266,44900.0,SHORT_PUT,2939.275128890496,300.0,0.0,150.6,0.0,296.352,0
2023-08-29,449.1600036621094,0.0,100000,103143.94140650204,3143.941406502039,103389.87512889049,0,0.03143941406502071,0.0,103143.94140650204,3143.941406502039,103389.87512889049,0,0.03143941406502071,0.0,105632.54194750977,5632.541947509773,33766.941361572266,160,0.05632541947509773,-0.01268718152395909,245.9337223884501,44900.0,SHORT_PUT,2939.275128890496,300.0,0.0,150.6,0.0,245.9337223884501,44900.0,SHORT_PUT,2939.275128890496,300.0,0.0,150.6,0.0,296.352,0
2023-08-30,451.010009765625,0.0,100000,103277.80730098975,3277.807300989749,103389.87512889049,0,0.03277807300989766,0.0,103277.80730098975,3277.807300989749,103389.87512889049,0,0.03277807300989766,0.0,105928.54292407227,5928.542924072273,33766.941361572266,160,0.059285429240722776,-0.009920557214314063,112.06782790074583,44900.0,SHORT_PUT,2939.275128890496,300.0,0.0,150.6,0.0,112.06782790074583,44900.0,SHORT_PUT,2939.275128890496,300.0,0.0,150.6,0.0,296.352,0
2023-08-31,450.3500061035156,0.0,100000,103313.06673189784,3313.0667318978376,103389.87512889049,0,0.033130667318978624,0.0,103313.06673189784,3313.0667318978376,103389.87512889049,0,0.033130667318978624,0.0,105822.94233813477,5822.942338134773,33766.941361572266,160,0.058229423381347845,-0.010907571350416867,76.80839699264666,44900.0,SHORT_PUT,2939.275128890496,300.0,0.0,150.6,0.0,76.80839699264666,44900.0,SHORT_PUT,2939.275128890496,300.0,0.0,150.6,0.0,296.352,0
2023-09-01,451.1900024414063,0.0,100000,103389.87512889049,3389.8751288904896,103389.87512889049,0,0.03389875128890507,0.0,103389.87512889049,3389.8751288904896,103389.87512889049,0,0.03389875128890507,0.0,105957.16175219728,5957.16175219728,25645.341317626953,178,0.05957161752197293,-0.009653066388696785,0.0,0.0,CASH,2939.275128890496,300.0,0.0,150.6,0.0,0.0,0.0,CASH,2939.275128890496,300.0,0.0,150.6,0.0,296.352,18
2023-09-05,449.239990234375,0.0,100000,103389.87512889049,3389.8751288904896,103389.87512889049,0,0.03389875128890507,0.0,103389.87512889049,3389.8751288904896,103389.87512889049,0,0.03389875128890507,0.0,105610.0595793457,5610.059579345703,25645.341317626953,178,0.05610059579345705,-0.012897316865482122,0.0,0.0,CASH,2939.275128890496,300.0,0.0,150.6,0.0,0.0,0.0,CASH,2939.275128890496,300.0,0.0,150.6,0.0,296.352,0
2023-09-06,446.2200012207031,0.0,100000,103342.44095381604,3342.44095381604,103823.17479209777,0,0.033424409538160615,-0.0004587893641936347,103342.44095381604,3342.44095381604,103823.17479209777,0,0.033424409538160615,-0.0004587893641936347,105072.50153491211,5072.5015349121095,25645.341317626953,178,0.050725015349120994,-0.017921696078167737,480.7338382817231,44100.0,SHORT_PUT,3372.574792097769,300.0,0.0,150.6,0.0,480.7338382817231,44100.0,SHORT_PUT,3372.574792097769,300.0,0.0,150.6,0.0,296.352,0
2023-09-07,444.8500061035156,0.0,100000,103276.7703899562,3276.770389956204,103823.17479209777,0,0.032767703899562184,-0.0010939633962541162,103276.7703899562,3276.770389956204,103823.17479209777,0,0.032767703899562184,-0.0010939633962541162,104828.64240405273,4828.6424040527345,25645.341317626953,178,0.04828642404052719,-0.020200967610983223,546.4044021415575,44100.0,SHORT_PUT,3372.574792097769,300.0,0.0,150.6,0.0,546.4044021415575,44100.0,SHORT_PUT,3372.574792097769,300.0,0.0,150.6,0.0,296.352,0
2023-09-08,445.5199890136719,0.0,100000,103318.32049846141,3318.320498461413,103823.17479209777,0,0.033183204984614356,-0.0006920854710373847,103318.32049846141,3318.320498461413,103823.17479209777,0,0.033183204984614356,-0.0006920854710373847,104947.89936206055,4947.899362060547,25645.341317626953,178,0.04947899362060526,-0.019086311831970737,504.8542936363567,44100.0,SHORT_PUT,3372.574792097769,300.0,0.0,150.6,0.0,504.8542936363567,44100.0,SHORT_PUT,3372.574792097769,300.0,0.0,150.6,0.0,296.352,0
2023-09-11,448.4500122070313,0.0,100000,103484.75618024738,3484.7561802473792,103823.17479209777,0,0.03484756180247395,0.0,103484.75618024738,3484.7561802473792,103823.17479209777,0,0.03484756180247395,0.0,105469.44349047853,5469.44349047853,25645.341317626953,178,0.054694434904785094,-0.014211609454327867,338.418611850382,44100.0,SHORT_PUT,3372.574792097769,300.0,0.0,150.6,0.0,338.418611850382,44100.0,SHORT_PUT,3372.574792097769,300.0,0.0,150.6,0.0,296.352,0
2023-09-12,445.989990234375,0.0,100000,103412.94538313299,3412.9453831329884,103823.17479209777,0,0.034129453831329926,-0.000693926330457062,103412.94538313299,3412.9453831329884,103823.17479209777,0,0.034129453831329926,-0.000693926330457062,105031.5595793457,5031.559579345703,25645.341317626953,178,0.0503155957934569,-0.01830436714523609,410.22940896476996,44100.0,SHORT_PUT,3372.574792097769,300.0,0.0,150.6,0.0,410.22940896476996,44100.0,SHORT_PUT,3372.574792097769,300.0,0.0,150.6,0.0,296.352,0
2023-09-13,446.510009765625,0.0,100000,103425.54798214934,3425.5479821493354,103823.17479209777,0,0.03425547982149335,-0.0005721441522742454,103425.54798214934,3425.5479821493354,103823.17479209777,0,0.03425547982149335,-0.0005721441522742454,105124.1230559082,5124.123055908203,25645.341317626953,178,0.05124123055908192,-0.017439206606182922,397.6268099484261,44100.0,SHORT_PUT,3372.574792097769,300.0,0.0,150.6,0.0,397.6268099484261,44100.0,SHORT_PUT,3372.574792097769,300.0,0.0,150.6,0.0,296.352,0
2023-09-14,450.3599853515625,0.0,100000,103587.91200554211,3587.912005542108,103823.17479209777,0,0.03587912005542093,0.0,103587.91200554211,3587.912005542108,103823.17479209777,0,0.03587912005542093,0.0,105809.41871020508,5809.418710205078,25645.341317626953,178,0.05809418710205061,-0.011033972277263326,235.26278655566156,44100.0,SHORT_PUT,3372.574792097769,300.0,0.0,150.6,0.0,235.26278655566156,44100.0,SHORT_PUT,3372.574792097769,300.0,0.0,150.6,0.0,296.352,0
2023-09-15,443.3699951171875,0.0,100000,103387.59578093185,3387.5957809318497,103823.17479209777,0,0.0338759578093184,-0.0019337799240468634,103387.59578093185,3387.5957809318497,103823.17479209777,0,0.0338759578093184,-0.0019337799240468634,104846.97444848633,4846.974448486333,25927.115317626954,178,0.048469744484863186,-0.02002962398784902,435.5790111659213,44100.0,SHORT_PUT,3372.574792097769,300.0,0.0,150.6,0.0,435.5790111659213,44100.0,SHORT_PUT,3372.574792097769,300.0,0.0,150.6,0.0,578.126,0
2023-09-18,443.6300048828125,0.0,100000,103394.98462943517,3394.9846294351737,103823.17479209777,0,0.033949846294351715,-0.0018624506698869947,103394.98462943517,3394.9846294351737,103823.17479209777,0,0.033949846294351715,-0.0018624506698869947,104893.25618676758,4893.256186767583,25927.115317626954,178,0.048932561867675695,-0.019597043718322382,428.1901626625945,44100.0,SHORT_PUT,3372.574792097769,300.0,0.0,150.6,0.0,428.1901626625945,44100.0,SHORT_PUT,3372.574792097769,300.0,0.0,150.6,0.0,578.126,0
2023-09-19,442.7099914550781,0.0,100000,103364.3642754478,3364.364275447806,103823.17479209777,0,0.033643642754477954,-0.0021580484225064422,103364.3642754478,3364.364275447806,103823.17479209777,0,0.033643642754477954,-0.0021580484225064422,104729.49379663086,4729.493796630864,25927.115317626954,178,0.04729493796630857,-0.02112767721426334,458.81051664995994,44100.0,SHORT_PUT,3372.574792097769,300.0,0.0,150.6,0.0,458.81051664995994,44100.0,SHORT_PUT,3372.574792097769,300.0,0.0,150.6,0.0,578.126,0
2023-09-20,438.6400146484375,0.0,100000,103164.29843406967,3164.298434069671,103823.17479209777,0,0.03164298434069668,-0.004089411237961471,103164.29843406967,3164.298434069671,103823.17479209777,0,0.03164298434069668,-0.004089411237961471,104005.03792504883,4005.037925048833,25927.115317626954,178,0.040050379250488266,-0.027898929285321117,658.8763580280965,44100.0,SHORT_PUT,3372.574792097769,300.0,0.0,150.6,0.0,658.8763580280965,44100.0,SHORT_PUT,3372.574792097769,300.0,0.0,150.6,0.0,578.126,0
2023-09-21,431.3900146484375,0.0,100000,102642.09903071022,2642.0990307102184,103823.17479209777,0,0.02642099030710221,-0.009130534215046948,102642.09903071022,2642.0990307102184,103823.17479209777,0,0.02642099030710221,-0.009130534215046948,102714.53792504883,2714.537925048833,25927.115317626954,178,0.027145379250488322,-0.03996081067861812,1181.0757613875528,44100.0,SHORT_PUT,3372.574792097769,300.0,0.0,150.6,0.0,1181.0757613875528,44100.0,SHORT_PUT,3372.574792097769,300.0,0.0,150.6,0.0,578.126,0
2023-09-22,430.4200134277344,0.0,100000,102511.34263430486,2511.342634304863,103823.17479209777,0,0.025113426343048584,-0.010392808875032022,102511.34263430486,2511.342634304863,103823.17479209777,0,0.025113426343048584,-0.010392808875032022,102541.87770776368,2541.877707763677,25927.115317626954,178,0.025418777077636845,-0.04157460925454548,1311.8321577929023,44100.0,SHORT_PUT,3372.574792097769,300.0,0.0,150.6,0.0,1311.8321577929023,44100.0,SHORT_PUT,3372.574792097769,300.0,0.0,150.6,0.0,578.126,0
2023-09-25,432.2300109863281,0.0,100000,102713.68231727502,2713.6823172750155,103823.17479209777,0,0.027136823172750013,-0.008439495220449289,102713.68231727502,2713.6823172750155,103823.17479209777,0,0.027136823172750013,-0.008439495220449289,102864.05727319336,2864.0572731933644,25927.115317626954,178,0.028640572731933656,-0.038563302237453856,1109.4924748227465,44100.0,SHORT_PUT,3372.574792097769,300.0,0.0,150.6,0.0,1109.4924748227465,44100.0,SHORT_PUT,3372.574792097769,300.0,0.0,150.6,0.0,578.126,0
2023-09-26,425.8800048828125,0.0,100000,102188.44545616528,2188.445456165282,103823.17479209777,0,0.021884454561652777,-0.013509940709123924,102188.44545616528,2188.445456165282,103823.17479209777,0,0.021884454561652777,-0.013509940709123924,101733.75618676758,1733.7561867675831,25927.115317626954,178,0.017337561867675877,-0.04912785678467002,1634.729335932477,44100.0,SHORT_PUT,3372.574792097769,300.0,0.0,150.6,0.0,1634.729335932477,44100.0,SHORT_PUT,3372.574792097769,300.0,0.0,150.6,0.0,578.126,0
2023-09-27,426.0499877929688,0.0,100000,102186.36195349823,2186.361953498228,103823.17479209777,0,0.02186361953498217,-0.013530054085547083,102186.36195349823,2186.361953498228,103823.17479209777,0,0.02186361953498217,-0.013530054085547083,101764.01314477541,1764.0131447754102,25927.115317626954,178,0.017640131447754115,-0.04884505489485025,1636.8128385995342,44100.0,SHORT_PUT,3372.574792097769,300.0,0.0,150.6,0.0,1636.8128385995342,44100.0,SHORT_PUT,3372.574792097769,300.0,0.0,150.6,0.0,578.126,0
2023-09-28,428.5199890136719,0.0,100000,102435.4350754256,2435.435075425601,103823.17479209777,0,0.02435435075425607,-0.011125592820664498,102435.4350754256,2435.435075425601,103823.17479209777,0,0.02435435075425607,-0.011125592820664498,102203.67336206055,2203.673362060552,25927.115317626954,178,0.022036733620605542,-0.04473569465134419,1387.7397166721619,44100.0,SHORT_PUT,3372.574792097769,300.0,0.0,150.6,0.0,1387.7397166721619,44100.0,SHORT_PUT,3372.574792097769,300.0,0.0,150.6,0.0,578.126,0
2023-09-29,427.4800109863281,0.0,100000,102365.69269066997,2365.6926906699664,103823.17479209777,0,0.023656926906699738,-0.011798860419222734,102365.69269066997,2365.6926906699664,103823.17479209777,0,0.023656926906699738,-0.011798860419222734,102018.55727319336,2018.5572731933644,25927.115317626954,178,0.020185572731933776,-0.04646591418478618,1457.4821014277954,44100.0,SHORT_PUT,3372.574792097769,300.0,0.0,150.6,0.0,1457.4821014277954,44100.0,SHORT_PUT,3372.574792097769,300.0,0.0,150.6,0.0,578.126,0
2023-10-02,427.30999755859375,0.0,100000,102378.56589893934,2378.5658989393414,103823.17479209777,0,0.023785658989393443,-0.011674587152003313,102378.56589893934,2378.5658989393414,103823.17479209777,0,0.023785658989393443,-0.011674587152003313,101988.09488305665,1988.0948830566485,17380.71536645508,198,0.01988094883056668,-0.04675063618152031,1444.608893158418,44100.0,SHORT_PUT,3372.574792097769,300.0,0.0,150.6,0.0,1444.608893158418,44100.0,SHORT_PUT,3372.574792097769,300.0,0.0,150.6,0.0,578.126,20
2023-10-03,421.5899963378906,0.0,100000,101785.12440757628,1785.1244075762806,103823.17479209777,0,0.017851244075762773,-0.017403455316961747,101785.12440757628,1785.1244075762806,103823.17479209777,0,0.017851244075762773,-0.017403455316961747,100855.53464135743,855.5346413574298,17380.71536645508,198,0.008555346413574583,-0.05733630631413533,2038.0503845214844,44100.0,SHORT_PUT,3372.574792097769,300.0,0.0,150.6,0.0,2038.0503845214844,44100.0,SHORT_PUT,3372.574792097769,300.0,0.0,150.6,0.0,578.126,0
2023-10-04,424.6600036621094,0.0,100000,102107.47517661925,2107.4751766192494,103823.17479209777,0,0.021074751766192446,-0.014291598317414111,102107.47517661925,2107.4751766192494,103823.17479209777,0,0.021074751766192446,-0.014291598317414111,101463.39609155274,1463.3960915527423,17380.71536645508,198,0.01463396091552771,-0.05165482416317568,1715.6996154785154,44100.0,SHORT_PUT,3372.574792097769,300.0,0.0,150.6,0.0,1715.6996154785154,44100.0,SHORT_PUT,3372.574792097769,300.0,0.0,150.6,0.0,578.126,0
2023-10-05,424.5,0.0,100000,102090.67479209777,2090.674792097765,103823.17479209777,0,0.020906747920977686,-0.014453783114811936,102090.67479209777,2090.674792097765,103823.17479209777,0,0.020906747920977686,-0.014453783114811936,101431.71536645509,1431.715366455086,17380.71536645508,198,0.014317153664551219,-0.05195093353828728,1732.5,44100.0,SHORT_PUT,3372.574792097769,300.0,0.0,150.6,0.0,1732.5,44100.0,SHORT_PUT,3372.574792097769,300.0,0.0,150.6,0.0,578.126,0
2023-10-06,429.5400085449219,0.0,100000,102677.17564658995,2677.1756465899525,59723.174792097765,100,0.026771756465899577,-0.008791917332047539,102677.17564658995,2677.1756465899525,59723.174792097765,100,0.026771756465899577,-0.008791917332047539,102429.63705834962,2429.6370583496173,17380.71536645508,198,0.02429637058349643,-0.04262368589208043,0.0,0.0,STOCK,3372.574792097769,300.0,-1145.9991455078125,150.6,0.0,0.0,0.0,STOCK,3372.574792097769,300.0,-1145.9991455078125,150.6,0.0,578.126,0
2023-10-09,432.2900085449219,0.0,100000,102952.17564658995,2952.1756465899525,59723.174792097765,100,0.029521756465899607,-0.006137167422759937,102952.17564658995,2952.1756465899525,59723.174792097765,100,0.029521756465899607,-0.006137167422759937,102974.13705834962,2974.1370583496173,17380.71536645508,198,0.02974137058349635,-0.0375344224913442,0.0,0.0,STOCK,3372.574792097769,300.0,-870.9991455078125,150.6,0.0,0.0,0.0,STOCK,3372.574792097769,300.0,-870.9991455078125,150.6,0.0,578.126,0
2023-10-10,434.5400085449219,0.0,100000,103126.15639898583,3126.156398985826,60190.53264433694,100,0.031261563989858354,-0.004457620562248188,103126.15639898583,3126.156398985826,60190.53264433694,100,0.031261563989858354,-0.004457620562248188,103419.63705834962,3419.6370583496173,17380.71536645508,198,0.03419637058349623,-0.033370479708923706,518.3770998432971,0.0,COVERED_CALL,3839.9326443369428,300.0,-645.9991455078125,150.6,0.0,518.3770998432971,0.0,COVERED_CALL,3839.9326443369428,300.0,-645.9991455078125,150.6,0.0,578.126,0
2023-10-11,436.3200073242188,0.0,100000,103285.8681519685,3285.868151968505,60190.53264433694,100,0.03285868151968496,-0.002915821428637666,103285.8681519685,3285.868151968505,60190.53264433694,100,0.03285868151968496,-0.002915821428637666,103772.0768166504,3772.0768166503985,17380.71536645508,198,0.03772076816650394,-0.030076340566803417,536.6652247903296,0.0,COVERED_CALL,3839.9326443369428,300.0,-467.9992675781177,150.6,0.0,536.6652247903296,0.0,COVERED_CALL,3839.9326443369428,300.0,-467.9992675781177,150.6,0.0,578.126,0
2023-10-12,433.6600036621094,0.0,100000,103170.41058662676,3170.4105866267637,60190.53264433694,100,0.031704105866267485,-0.004030406741792447,103170.41058662676,3170.4105866267637,60190.53264433694,100,0.031704105866267485,-0.004030406741792447,103245.39609155274,3245.3960915527423,17380.71536645508,198,0.032453960915527436,-0.03499905303349349,386.1224239211143,0.0,COVERED_CALL,3839.9326443369428,300.0,-733.9996337890625,150.6,0.0,386.1224239211143,0.0,COVERED_CALL,3839.9326443369428,300.0,-733.9996337890625,150.6,0.0,578.126,0
2023-10-13,431.5,0.0,100000,103006.0404013491,3006.040401349106,60190.53264433694,100,0.03006040401349086,-0.005617176685266845,103006.0404013491,3006.040401349106,60190.53264433694,100,0.03006040401349086,-0.005617176685266845,102817.71536645509,2817.715366455086,17380.71536645508,198,0.028177153664550758,-0.03899644488186804,334.492242987832,0.0,COVERED_CALL,3839.9326443369428,300.0,-950.0,150.6,0.0,334.492242987832,0.0,COVERED_CALL,3839.9326443369428,300.0,-950.0,150.6,0.0,578.126,0
2023-10-16,436.0400085449219,0.0,100000,103241.9703890884,3241.9703890883975,60190.53264433694,100,0.03241970389088378,-0.0033395944541791955,103241.9703890884,3241.9703890883975,60190.53264433694,100,0.03241970389088378,-0.0033395944541791955,103716.63705834962,3716.6370583496173,17380.71536645508,198,0.037166370583496144,-0.03059451785397671,552.5631097407295,0.0,COVERED_CALL,3839.9326443369428,300.0,-495.9991455078125,150.6,0.0,552.5631097407295,0.0,COVERED_CALL,3839.9326443369428,300.0,-495.9991455078125,150.6,0.0,578.126,0
2023-10-17,436.0199890136719,0.0,100000,103350.08284111915,3350.082841119147,60190.53264433694,100,0.033500828411191286,-0.002295916191555669,103350.08284111915,3350.082841119147,60190.53264433694,100,0.033500828411191286,-0.002295916191555669,103712.67319116212,3712.6731911621173,17380.71536645508,198,0.03712673191162108,-0.030631566824045997,442.4487045849847,0.0,COVERED_CALL,3839.9326443369428,300.0,-498.0010986328125,150.6,0.0,442.4487045849847,0.0,COVERED_CALL,3839.9326443369428,300.0,-498.0010986328125,150.6,0.0,578.126,0
2023-10-18,430.2099914550781,0.0,100000,102932.945506083,2932.9455060829932,60190.53264433694,100,0.029329455060829623,-0.006322808200092789,102932.945506083,2932.9455060829932,60190.53264433694,100,0.029329455060829623,-0.006322808200092789,102562.29367456055,2562.293674560555,17380.71536645508,198,0.02562293674560534,-0.0413837878907074,278.5862837617535,0.0,COVERED_CALL,3839.9326443369428,300.0,-1079.0008544921875,150.6,0.0,278.5862837617535,0.0,COVERED_CALL,3839.9326443369428,300.0,-1079.0008544921875,150.6,0.0,578.126,0
2023-10-19,426.4299926757813,0.0,100000,102610.8266205681,2610.8266205680993,60190.53264433694,100,0.02610826620568063,-0.009432426680458184,102610.8266205681,2610.8266205680993,60190.53264433694,100,0.02610826620568063,-0.009432426680458184,101813.85391625977,1813.8539162597735,17380.71536645508,198,0.018138539162597445,-0.04837920950609054,222.70529134697546,0.0,COVERED_CALL,3839.9326443369428,300.0,-1457.0007324218677,150.6,0.0,222.70529134697546,0.0,COVERED_CALL,3839.9326443369428,300.0,-1457.0007324218677,150.6,0.0,578.126,0
2023-10-20,421.1900024414063,0.0,100000,102134.83719378822,2134.8371937882184,60190.53264433694,100,0.02134837193788175,-0.014027455362515484,102134.83719378822,2134.8371937882184,60190.53264433694,100,0.02134837193788175,-0.014027455362515484,100776.33584985352,776.3358498535235,17380.71536645508,198,0.0077633584985350446,-0.058076551513370545,174.6956946893685,0.0,COVERED_CALL,3839.9326443369428,300.0,-1980.9997558593677,150.6,0.0,174.6956946893685,0.0,COVERED_CALL,3839.9326443369428,300.0,-1980.9997558593677,150.6,0.0,578.126,0
2023-10-23,420.4599914550781,0.0,100000,102103.89447098767,2103.894470987667,60190.53264433694,100,0.021038944709876217,-0.014326165146325898,102103.89447098767,2103.894470987667,60190.53264433694,100,0.021038944709876217,-0.014326165146325898,100631.79367456055,631.7936745605548,17380.71536645508,198,0.006317936745605435,-0.05942753994786332,132.63731885708398,0.0,COVERED_CALL,3839.9326443369428,300.0,-2054.0008544921875,150.6,0.0,132.63731885708398,0.0,COVERED_CALL,3839.9326443369428,300.0,-2054.0008544921875,150.6,0.0,578.126,0
2023-10-24,423.6300048828125,0.0,100000,102417.28581671916,2417.285816719159,60190.53264433694,100,0.02417285816719117,-0.011300799158499797,102417.28581671916,2417.285816719159,60190.53264433694,100,0.02417285816719117,-0.011300799158499797,101259.45633325196,1259.456333251961,17380.71536645508,198,0.012594563332519515,-0.05356098237782281,136.2473158990271,0.0,COVERED_CALL,3839.9326443369428,300.0,-1736.99951171875,150.6,0.0,136.2473158990271,0.0,COVERED_CALL,3839.9326443369428,300.0,-1736.99951171875,150.6,0.0,578.126,0
2023-10-25,417.5499877929688,0.0,100000,101902.4939962012,1902.4939962011995,60190.53264433694,100,0.01902493996201149,-0.01627041202694357,101902.4939962012,1902.4939962011995,60190.53264433694,100,0.01902493996201149,-0.01627041202694357,100055.6129494629,55.61294946289854,17380.71536645508,198,0.0005561294946287987,-0.06481291272371126,43.037427432626,0.0,COVERED_CALL,3839.9326443369428,300.0,-2345.0012207031177,150.6,0.0,43.037427432626,0.0,COVERED_CALL,3839.9326443369428,300.0,-2345.0012207031177,150.6,0.0,578.126,0
2023-10-26,412.5499877929688,0.0,100000,101421.52800483335,1421.5280048333516,60190.53264433694,100,0.014215280048333057,-0.020913482652231474,101421.52800483335,1421.5280048333516,60190.53264433694,100,0.014215280048333057,-0.020913482652231474,99065.6129494629,-934.3870505371015,17380.71536645508,198,-0.009343870505371221,-0.0740661189068682,24.003418800485534,0.0,COVERED_CALL,3839.9326443369428,300.0,-2845.0012207031177,150.6,0.0,24.003418800485534,0.0,COVERED_CALL,3839.9326443369428,300.0,-2845.0012207031177,150.6,0.0,578.126,0
2023-10-27,410.6799926757813,0.0,100000,101241.54661025164,1241.5466102516366,60190.53264433694,100,0.012415466102515982,-0.022650957528374205,101241.54661025164,1241.5466102516366,60190.53264433694,100,0.012415466102515982,-0.022650957528374205,98695.35391625977,-1304.6460837402265,17380.71536645508,198,-0.013046460837402463,-0.07752680898303477,16.985301663441476,0.0,COVERED_CALL,3839.9326443369428,300.0,-3032.0007324218677,150.6,0.0,16.985301663441476,0.0,COVERED_CALL,3839.9326443369428,300.0,-3032.0007324218677,150.6,0.0,578.126,0
2023-10-30,415.5899963378906,0.0,100000,101728.0519000005,1728.0519000005006,60190.53264433694,100,0.017280519000004713,-0.0179544125326333,101728.0519000005,1728.0519000005006,60190.53264433694,100,0.017280519000004713,-0.0179544125326333,99667.53464135743,-332.4653586425702,17380.71536645508,198,-0.003324653586425974,-0.06844015373392409,21.480378125496173,0.0,COVERED_CALL,3839.9326443369428,300.0,-2541.0003662109375,150.6,0.0,21.480378125496173,0.0,COVERED_CALL,3839.9326443369428,300.0,-2541.0003662109375,150.6,0.0,578.126,0
2023-10-31,418.2000122070313,0.0,100000,101993.46622565141,1993.466225651413,60190.53264433694,100,0.01993466225651397,-0.015392199234649961,101993.46622565141,1993.466225651413,60190.53264433694,100,0.01993466225651397,-0.015392199234649961,100184.31778344727,184.31778344727354,17380.71536645508,198,0.0018431778344725203,-0.06360995073823017,17.06763938867033,0.0,COVERED_CALL,3839.9326443369428,300.0,-2279.9987792968677,150.6,0.0,17.06763938867033,0.0,COVERED_CALL,3839.9326443369428,300.0,-2279.9987792968677,150.6,0.0,578.126,0
2023-11-01,422.6600036621094,0.0,100000,102437.7176444995,2437.7176444994984,60190.53264433694,100,0.02437717644499493,-0.011103557729603253,102437.7176444995,2437.7176444994984,60190.53264433694,100,0.02437717644499493,-0.011103557729603253,101067.19609155273,1067.1960915527306,8927.31529321289,218,0.010671960915527023,-0.055357975971021545,18.815366048373704,0.0,COVERED_CALL,3839.9326443369428,300.0,-1833.9996337890625,150.6,0.0,18.815366048373704,0.0,COVERED_CALL,3839.9326443369428,300.0,-1833.9996337890625,150.6,0.0,578.126,20
2023-11-02,430.760009765625,0.0,100000,103213.09957091177,3213.0995709117706,60190.53264433694,100,0.032130995709117594,-0.0036183028248535365,103213.09957091177,3213.0995709117706,60190.53264433694,100,0.032130995709117594,-0.0036183028248535365,102832.99742211914,2832.997422119137,8927.31529321289,218,0.0283299742211911,-0.03885360850614905,53.434049987677135,0.0,COVERED_CALL,3839.9326443369428,300.0,-1023.9990234375,150.6,0.0,53.434049987677135,0.0,COVERED_CALL,3839.9326443369428,300.0,-1023.9990234375,150.6,0.0,578.126,0
2023-11-03,434.6900024414063,0.0,100000,103586.34475765415,3586.344757654151,60190.53264433694,100,0.03586344757654136,-1.5129640685063173e-05,103586.34475765415,3586.344757654151,60190.53264433694,100,0.03586344757654136,-1.5129640685063173e-05,103689.73582543946,3689.735825439464,8927.31529321289,218,0.03689735825439433,-0.030845954878925164,73.18813082343534,0.0,COVERED_CALL,3839.9326443369428,300.0,-630.9997558593677,150.6,0.0,73.18813082343534,0.0,COVERED_CALL,3839.9326443369428,300.0,-630.9997558593677,150.6,0.0,578.126,0
2023-11-06,435.6900024414063,0.0,100000,103729.64556852591,3729.6455685259134,60190.53264433694,100,0.037296455685258856,0.0,103729.64556852591,3729.6455685259134,60190.53264433694,100,0.037296455685258856,0.0,103907.73582543946,3907.735825439464,8927.31529321289,218,0.0390773582543944,-0.028808380184048188,29.887319951662583,0.0,COVERED_CALL,3839.9326443369428,300.0,-530.9997558593677,150.6,0.0,29.887319951662583,0.0,COVERED_CALL,3839.9326443369428,300.0,-530.9997558593677,150.6,0.0,578.126,0
2023-11-07,436.9299926757813,0.0,100000,103857.784892057,3857.784892056996,60190.53264433694,100,0.0385778489205697,0.0,103857.784892057,3857.784892056996,60190.53264433694,100,0.0385778489205697,0.0,104178.05369653321,4178.053696533214,8927.31529321289,218,0.041780536965331905,-0.026281807460591056,25.747019858085558,0.0,COVERED_CALL,3839.9326443369428,300.0,-407.0007324218677,150.6,0.0,25.747019858085558,0.0,COVERED_CALL,3839.9326443369428,300.0,-407.0007324218677,150.6,0.0,578.126,0
2023-11-08,437.25,0.0,100000,103903.16322399507,3903.1632239950704,60190.53264433694,100,0.03903163223995043,0.0,103903.16322399507,3903.1632239950704,60190.53264433694,100,0.03903163223995043,0.0,104247.81529321289,4247.815293212887,8927.31529321289,218,0.04247815293212853,-0.02562976863458788,12.369420341875625,0.0,COVERED_CALL,3839.9326443369428,300.0,-375.0,150.6,0.0,12.369420341875625,0.0,COVERED_CALL,3839.9326443369428,300.0,-375.0,150.6,0.0,578.126,0
2023-11-09,433.8399963378906,0.0,100000,103573.49768387535,3573.49768387535,60190.53264433694,100,0.03573497683875315,-0.0031728152434495893,103573.49768387535,3573.49768387535,60190.53264433694,100,0.03573497683875315,-0.0031728152434495893,103504.43449487304,3504.434494873043,8927.31529321289,218,0.0350443449487301,-0.03257790580593978,1.034594250657577,0.0,COVERED_CALL,3839.9326443369428,300.0,-716.0003662109375,150.6,0.0,1.034594250657577,0.0,COVERED_CALL,3839.9326443369428,300.0,-716.0003662109375,150.6,0.0,578.126,0
2023-11-10,440.6099853515625,0.0,100000,104251.53117949319,4251.531179493191,60190.53264433694,100,0.04251531179493173,0.0,104251.53117949319,4251.531179493191,60190.53264433694,100,0.04251531179493173,0.0,104980.29209985351,4980.292099853512,8927.31529321289,218,0.04980292099853467,-0.018783547507086884,0.0,0.0,STOCK,3839.9326443369428,300.0,-39.00146484375,150.6,0.0,0.0,0.0,STOCK,3839.9326443369428,300.0,-39.00146484375,150.6,0.0,578.126,0
2023-11-13,440.1900024414063,0.0,100000,104209.53288847758,4209.532888477581,60190.53264433694,100,0.04209532888477563,-0.00040285538773809915,104209.53288847758,4209.532888477581,60190.53264433694,100,0.04209532888477563,-0.00040285538773809915,104888.73582543946,4888.735825439464,8927.31529321289,218,0.048887358254394275,-0.019639294057101853,0.0,0.0,STOCK,3839.9326443369428,300.0,-80.99975585936772,150.6,0.0,0.0,0.0,STOCK,3839.9326443369428,300.0,-80.99975585936772,150.6,0.0,578.126,0
2023-11-14,448.7300109863281,0.0,100000,104992.9712657983,4992.971265798304,60843.551177465684,100,0.04992971265798296,0.0,104992.9712657983,4992.971265798304,60843.551177465684,100,0.04992971265798296,0.0,106750.45768823242,6750.457688232418,8927.31529321289,218,0.06750457688232392,-0.002238388751935938,723.5810103001869,0.0,COVERED_CALL,4492.951177465683,300.0,773.0010986328125,150.6,0.0,723.5810103001869,0.0,COVERED_CALL,4492.951177465683,300.0,773.0010986328125,150.6,0.0,578.126,0
2023-11-15,449.6799926757813,0.0,100000,105085.67701095079,5085.6770109507925,60843.551177465684,100,0.050856770109507954,0.0,105085.67701095079,5085.6770109507925,60843.551177465684,100,0.050856770109507954,0.0,106957.55369653321,6957.553696533214,8927.31529321289,218,0.06957553696533192,-0.0003027301009095318,725.8734340930305,0.0,COVERED_CALL,4492.951177465683,300.0,867.9992675781323,150.6,0.0,725.8734340930305,0.0,COVERED_CALL,4492.951177465683,300.0,867.9992675781323,150.6,0.0,578.126,0
2023-11-16,450.2300109863281,0.0,100000,105124.64420418047,5124.644204180469,60843.551177465684,100,0.05124644204180462,0.0,105124.64420418047,5124.644204180469,60843.551177465684,100,0.05124644204180462,0.0,107077.45768823242,7077.457688232418,8927.31529321289,218,0.0707745768823238,0.0,741.9080719180167,0.0,COVERED_CALL,4492.951177465683,300.0,923.0010986328125,150.6,0.0,741.9080719180167,0.0,COVERED_CALL,4492.951177465683,300.0,923.0010986328125,150.6,0.0,578.126,0
2023-11-17,450.7900085449219,0.0,100000,105157.45834061597,5157.458340615965,60843.551177465684,100,0.05157458340615961,0.0,105157.45834061597,5157.458340615965,60843.551177465684,100,0.05157458340615961,0.0,107199.53715600586,7199.537156005856,8927.31529321289,218,0.07199537156005831,0.0,765.0936913418924,0.0,COVERED_CALL,4492.951177465683,300.0,979.0008544921875,150.6,0.0,765.0936913418924,0.0,COVERED_CALL,4492.951177465683,300.0,979.0008544921875,150.6,0.0,578.126,0
2023-11-20,454.260009765625,0.0,100000,105371.83864927565,5371.8386492756545,60843.551177465684,100,0.05371838649275662,0.0,105371.83864927565,5371.8386492756545,60843.551177465684,100,0.05371838649275662,0.0,107955.99742211914,7955.997422119137,8927.31529321289,218,0.07955997422119121,0.0,897.7135047525277,0.0,COVERED_CALL,4492.951177465683,300.0,1326.0009765625,150.6,0.0,897.7135047525277,0.0,COVERED_CALL,4492.951177465683,300.0,1326.0009765625,150.6,0.0,578.126,0
2023-11-21,453.2699890136719,0.0,100000,105366.79792005463,5366.797920054625,60843.551177465684,100,0.053667979200546334,-4.783753691350867e-05,105366.79792005463,5366.797920054625,60843.551177465684,100,0.053667979200546334,-4.783753691350867e-05,107740.17289819336,7740.172898193356,8927.31529321289,218,0.07740172898193354,-0.001999189753968622,803.7521587782434,0.0,COVERED_CALL,4492.951177465683,300.0,1226.9989013671875,150.6,0.0,803.7521587782434,0.0,COVERED_CALL,4492.951177465683,300.0,1226.9989013671875,150.6,0.0,578.126,0
2023-11-22,455.0199890136719,0.0,100000,105449.092883424,5449.092883424004,60843.551177465684,100,0.054490928834240115,0.0,105449.092883424,5449.092883424004,60843.551177465684,100,0.054490928834240115,0.0,108121.67289819336,8121.672898193356,8927.31529321289,218,0.08121672898193344,0.0,896.4571954088664,0.0,COVERED_CALL,4492.951177465683,300.0,1401.9989013671875,150.6,0.0,896.4571954088664,0.0,COVERED_CALL,4492.951177465683,300.0,1401.9989013671875,150.6,0.0,578.126,0
2023-11-24,455.2999877929688,0.0,100000,105511.57572845255,5511.575728452546,60843.551177465684,100,0.05511575728452556,0.0,105511.57572845255,5511.575728452546,60843.551177465684,100,0.05511575728452556,0.0,108182.71263208009,8182.712632080089,8927.31529321289,218,0.0818271263208008,0.0,861.9742283100177,0.0,COVERED_CALL,4492.951177465683,300.0,1429.9987792968823,150.6,0.0,861.9742283100177,0.0,COVERED_CALL,4492.951177465683,300.0,1429.9987792968823,150.6,0.0,578.126,0
2023-11-27,454.4800109863281,0.0,100000,105542.17983065198,5542.179830651978,60843.551177465684,100,0.05542179830651994,0.0,105542.17983065198,5542.179830651978,60843.551177465684,100,0.05542179830651994,0.0,108003.95768823242,8003.957688232418,8927.31529321289,218,0.0800395768823241,-0.0016523429621847496,749.3724454465081,0.0,COVERED_CALL,4492.951177465683,300.0,1348.0010986328125,150.6,0.0,749.3724454465081,0.0,COVERED_CALL,4492.951177465683,300.0,1348.0010986328125,150.6,0.0,578.126,0
2023-11-28,454.9299926757813,0.0,100000,105563.67990209091,5563.679902090909,60843.551177465684,100,0.05563679902090923,0.0,105563.67990209091,5563.679902090909,60843.551177465684,100,0.05563679902090923,0.0,108102.05369653321,8102.053696533214,8927.31529321289,218,0.08102053696533207,-0.000745580634691545,772.8705429529086,0.0,COVERED_CALL,4492.951177465683,300.0,1392.9992675781323,150.6,0.0,772.8705429529086,0.0,COVERED_CALL,4492.951177465683,300.0,1392.9992675781323,150.6,0.0,578.126,0
2023-11-29,454.6099853515625,0.0,100000,105568.91577845279,5568.915778452792,60843.551177465684,100,0.05568915778452799,0.0,105568.91577845279,5568.915778452792,60843.551177465684,100,0.05568915778452799,0.0,108032.29209985351,8032.292099853512,8927.31529321289,218,0.080322920998535,-0.0013904303984144661,735.6339341691372,0.0,COVERED_CALL,4492.951177465683,300.0,1360.99853515625,150.6,0.0,735.6339341691372,0.0,COVERED_CALL,4492.951177465683,300.0,1360.99853515625,150.6,0.0,578.126,0
2023-11-30,456.3999938964844,0.0,100000,105629.6147779981,5629.6147779980965,60843.551177465684,100,0.05629614777998104,0.0,105629.6147779981,5629.6147779980965,60843.551177465684,100,0.05629614777998104,0.0,108422.51396264648,8422.51396264648,8927.31529321289,218,0.0842251396264646,0.0,853.9357891160241,0.0,COVERED_CALL,4492.951177465683,300.0,1539.9993896484375,150.6,0.0,853.9357891160241,0.0,COVERED_CALL,4492.951177465683,300.0,1539.9993896484375,150.6,0.0,578.126,0
2023-12-01,459.1000061035156,0.0,100000,105710.22234903877,5710.22234903877,60843.551177465684,100,0.05710222349038774,0.0,105710.22234903877,5710.22234903877,60843.551177465684,100,0.05710222349038774,0.0,109010.9366237793,9010.9366237793,663.335183349609,236,0.09010936623779275,0.0,1043.3294387784636,0.0,COVERED_CALL,4492.951177465683,300.0,1810.0006103515625,150.6,0.0,1043.3294387784636,0.0,COVERED_CALL,4492.951177465683,300.0,1810.0006103515625,150.6,0.0,578.126,18
2023-12-04,456.6900024414063,0.0,100000,105714.82905472924,5714.829054729242,60843.551177465684,100,0.057148290547292424,0.0,105714.82905472924,5714.829054729242,60843.551177465684,100,0.057148290547292424,0.0,108442.1757595215,8442.175759521502,663.335183349609,236,0.08442175759521486,-0.005217466080680633,797.7223668770775,0.0,COVERED_CALL,4492.951177465683,300.0,1569.0002441406323,150.6,0.0,797.7223668770775,0.0,COVERED_CALL,4492.951177465683,300.0,1569.0002441406323,150.6,0.0,578.126,0
2023-12-05,456.6000061035156,0.0,100000,105718.60244469657,5718.602444696575,60843.551177465684,100,0.057186024446965744,0.0,105718.60244469657,5718.602444696575,60843.551177465684,100,0.057186024446965744,0.0,108420.9366237793,8420.9366237793,663.335183349609,236,0.08420936623779274,-0.005412300988076324,784.9493431206668,0.0,COVERED_CALL,4492.951177465683,300.0,1560.0006103515625,150.6,0.0,784.9493431206668,0.0,COVERED_CALL,4492.951177465683,300.0,1560.0006103515625,150.6,0.0,578.126,0
2023-12-06,454.760009765625,0.0,100000,105695.51248798327,5695.512487983273,60843.551177465684,100,0.056955124879832786,-0.00021840959092678247,105695.51248798327,5695.512487983273,60843.551177465684,100,0.056955124879832786,-0.00021840959092678247,107986.69748803711,7986.697488037113,663.335183349609,236,0.07986697488037087,-0.009395746587125164,624.0396660449011,0.0,COVERED_CALL,4492.951177465683,300.0,1376.0009765625,150.6,0.0,624.0396660449011,0.0,COVERED_CALL,4492.951177465683,300.0,1376.0009765625,150.6,0.0,578.126,0
2023-12-07,458.2300109863281,0.0,100000,105789.92382207997,5789.923822079974,60843.551177465684,100,0.057899238220799676,0.0,105789.92382207997,5789.923822079974,60843.551177465684,100,0.057899238220799676,0.0,108805.61777612305,8805.61777612305,663.335183349609,236,0.08805617776123031,-0.0018834701729500969,876.6284540185214,0.0,COVERED_CALL,4492.951177465683,300.0,1723.0010986328125,150.6,0.0,876.6284540185214,0.0,COVERED_CALL,4492.951177465683,300.0,1723.0010986328125,150.6,0.0,578.126,0
2023-12-08,460.2000122070313,0.0,100000,105827.93562168413,5827.935621684126,60843.551177465684,100,0.05827935621684133,0.0,105827.93562168413,5827.935621684126,60843.551177465684,100,0.05827935621684133,0.0,109270.538064209,9270.538064209002,663.335183349609,236,0.09270538064208989,0.0,1035.6167764846882,0.0,COVERED_CALL,4492.951177465683,300.0,1920.0012207031323,150.6,0.0,1035.6167764846882,0.0,COVERED_CALL,4492.951177465683,300.0,1920.0012207031323,150.6,0.0,578.126,0
2023-12-11,461.989990234375,0.0,100000,105873.25907107237,5873.259071072374,60843.551177465684,100,0.058732590710723676,0.0,105873.25907107237,5873.259071072374,60843.551177465684,100,0.058732590710723676,0.0,109692.97287866211,9692.972878662113,663.335183349609,236,0.0969297287866211,0.0,1169.2911298308077,0.0,COVERED_CALL,4492.951177465683,300.0,2098.9990234375,150.6,0.0,1169.2911298308077,0.0,COVERED_CALL,4492.951177465683,300.0,2098.9990234375,150.6,0.0,578.126,0
2023-12-12,464.1000061035156,0.0,100000,105870.95605451468,5870.9560545146815,60843.551177465684,100,0.058709560545146644,-2.1752580187994752e-05,105870.95605451468,5870.9560545146815,60843.551177465684,100,0.058709560545146644,-2.1752580187994752e-05,110190.9366237793,10190.9366237793,663.335183349609,236,0.10190936623779301,0.0,1382.595733302551,0.0,COVERED_CALL,4492.951177465683,300.0,2310.0006103515625,150.6,0.0,1382.595733302551,0.0,COVERED_CALL,4492.951177465683,300.0,2310.0006103515625,150.6,0.0,578.126,0
2023-12-13,470.5,0.0,100000,105842.06316449003,5842.063164490028,60843.551177465684,100,0.05842063164490008,-0.0002946533133679763,105842.06316449003,5842.063164490028,60843.551177465684,100,0.05842063164490008,-0.0002946533133679763,111701.33518334961,11701.335183349613,663.335183349609,236,0.11701335183349615,0.0,2051.4880129756543,0.0,COVERED_CALL,4492.951177465683,300.0,2950.0,150.6,0.0,2051.4880129756543,0.0,COVERED_CALL,4492.951177465683,300.0,2950.0,150.6,0.0,578.126,0
2023-12-14,472.010009765625,0.0,100000,105836.48723407458,5836.487234074579,60843.551177465684,100,0.0583648723407455,-0.00034731940171151,105836.48723407458,5836.487234074579,60843.551177465684,100,0.0583648723407455,-0.00034731940171151,112057.69748803711,12057.697488037113,663.335183349609,236,0.12057697488037111,0.0,2208.064919953603,0.0,COVERED_CALL,4492.951177465683,300.0,3101.0009765625,150.6,0.0,2208.064919953603,0.0,COVERED_CALL,4492.951177465683,300.0,3101.0009765625,150.6,0.0,578.126,0
2023-12-15,469.3299865722656,0.0,100000,106134.15117746568,6134.151177465683,106134.15117746568,0,0.06134151177465652,0.0,106134.15117746568,6134.151177465683,106134.15117746568,0,0.06134151177465652,0.0,111875.02801440429,11875.028014404292,1113.151183349609,236,0.11875028014404276,-0.0016301376677165802,0.0,0.0,CASH,4492.951177465683,1300.0,0.0,341.2,0.0,0.0,0.0,CASH,4492.951177465683,1300.0,0.0,341.2,0.0,1027.942,0
2023-12-18,471.9700012207031,0.0,100000,106134.15117746568,6134.151177465683,106134.15117746568,0,0.06134151177465652,0.0,106134.15117746568,6134.151177465683,106134.15117746568,0,0.06134151177465652,0.0,112498.07147143554,12498.071471435542,1113.151183349609,236,0.12498071471435535,0.0,0.0,0.0,CASH,4492.951177465683,1300.0,0.0,341.2,0.0,0.0,0.0,CASH,4492.951177465683,1300.0,0.0,341.2,0.0,1027.942,0
2023-12-19,474.8399963378906,0.0,100000,106106.64125692005,6106.641256920047,106378.17042264916,0,0.0610664125692002,-0.00025919951533448504,106106.64125692005,6106.641256920047,106378.17042264916,0,0.0610664125692002,-0.00025919951533448504,113175.39031909179,13175.390319091792,1113.151183349609,236,0.13175390319091784,0.0,271.52916572910533,46400.0,SHORT_PUT,4736.970422649159,1300.0,0.0,341.2,0.0,271.52916572910533,46400.0,SHORT_PUT,4736.970422649159,1300.0,0.0,341.2,0.0,1027.942,0
2023-12-20,468.260009765625,0.0,100000,105904.044877073,5904.044877073,106378.17042264916,0,0.05904044877072967,-0.002168070294432667,105904.044877073,5904.044877073,106378.17042264916,0,0.05904044877072967,-0.002168070294432667,111622.5134880371,11622.513488037104,1113.151183349609,236,0.1162251348803709,-0.013720976147521546,474.1255455761613,46400.0,SHORT_PUT,4736.970422649159,1300.0,0.0,341.2,0.0,474.1255455761613,46400.0,SHORT_PUT,4736.970422649159,1300.0,0.0,341.2,0.0,1027.942,0
2023-12-21,472.7000122070313,0.0,100000,106012.61698775885,6012.6169877588545,106378.17042264916,0,0.06012616987758812,-0.0011450997474283797,106012.61698775885,6012.6169877588545,106378.17042264916,0,0.06012616987758812,-0.0011450997474283797,112670.354064209,12670.354064208994,1113.151183349609,236,0.12670354064208977,-0.004462421145258522,365.55343489029826,46400.0,SHORT_PUT,4736.970422649159,1300.0,0.0,341.2,0.0,365.55343489029826,46400.0,SHORT_PUT,4736.970422649159,1300.0,0.0,341.2,0.0,1027.942,0
2023-12-22,473.6499938964844,0.0,100000,106052.87757028251,6052.877570282508,106378.17042264916,0,0.060528775702824555,-0.000765763011071674,106052.87757028251,6052.877570282508,106378.17042264916,0,0.060528775702824555,-0.000765763011071674,112894.54974291992,12894.549742919917,1113.151183349609,236,0.12894549742919903,-0.002481463287911545,325.2928523666506,46400.0,SHORT_PUT,4736.970422649159,1300.0,0.0,341.2,0.0,325.2928523666506,46400.0,SHORT_PUT,4736.970422649159,1300.0,0.0,341.2,0.0,1027.942,0
2023-12-26,475.6499938964844,0.0,100000,106171.00344116535,6171.003441165347,106378.17042264916,0,0.061710034411653014,0.0,106171.00344116535,6171.003441165347,106378.17042264916,0,0.061710034411653014,0.0,113366.54974291992,13366.549742919917,1113.151183349609,236,0.1336654974291991,0.0,207.16698148381406,46400.0,SHORT_PUT,4736.970422649159,1300.0,0.0,341.2,0.0,207.16698148381406,46400.0,SHORT_PUT,4736.970422649159,1300.0,0.0,341.2,0.0,1027.942,0
2023-12-27,476.510009765625,0.0,100000,106200.39374205435,6200.393742054352,106378.17042264916,0,0.06200393742054322,0.0,106200.39374205435,6200.393742054352,106378.17042264916,0,0.06200393742054322,0.0,113569.5134880371,13569.513488037104,1113.151183349609,236,0.13569513488037077,0.0,177.776680594812,46400.0,SHORT_PUT,4736.970422649159,1300.0,0.0,341.2,0.0,177.776680594812,46400.0,SHORT_PUT,4736.970422649159,1300.0,0.0,341.2,0.0,1027.942,0
2023-12-28,476.6900024414063,0.0,100000,106231.39719317805,6231.397193178054,106378.17042264916,0,0.06231397193178023,0.0,106231.39719317805,6231.397193178054,106378.17042264916,0,0.06231397193178023,0.0,113611.9917595215,13611.991759521494,1113.151183349609,236,0.1361199175952148,0.0,146.7732294711091,46400.0,SHORT_PUT,4736.970422649159,1300.0,0.0,341.2,0.0,146.7732294711091,46400.0,SHORT_PUT,4736.970422649159,1300.0,0.0,341.2,0.0,1027.942,0
2023-12-29,475.30999755859375,0.0,100000,106212.09673704187,6212.096737041866,106378.17042264916,0,0.06212096737041839,-0.00018168316191014,106212.09673704187,6212.096737041866,106378.17042264916,0,0.06212096737041839,-0.00018168316191014,113286.31060717773,13286.31060717773,1113.151183349609,236,0.1328631060717771,-0.0028666089494595592,166.07368560728636,46400.0,SHORT_PUT,4736.970422649159,1300.0,0.0,341.2,0.0,166.07368560728636,46400.0,SHORT_PUT,4736.970422649159,1300.0,0.0,341.2,0.0,1027.942,0
2024-01-02,472.6499938964844,0.0,100000,106194.42468692246,6194.424686922459,106378.17042264916,0,0.061944246869224395,-0.00034803746568778937,106194.42468692246,6194.424686922459,106378.17042264916,0,0.061944246869224395,-0.00034803746568778937,112658.54974291992,12658.549742919917,1113.151183349609,236,0.1265854974291991,-0.00839208961867055,183.74573572670437,46400.0,SHORT_PUT,4736.970422649159,1300.0,0.0,341.2,0.0,183.74573572670437,46400.0,SHORT_PUT,4736.970422649159,1300.0,0.0,341.2,0.0,1027.942,0
2024-01-03,468.7900085449219,0.0,100000,106065.18462360317,6065.184623603171,106378.17042264916,0,0.06065184623603148,-0.0015646275391880682,106065.18462360317,6065.184623603171,106378.17042264916,0,0.06065184623603148,-0.0015646275391880682,111747.59319995117,11747.593199951167,1113.151183349609,236,0.11747593199951156,-0.01641022686686655,312.98579904598313,46400.0,SHORT_PUT,4736.970422649159,1300.0,0.0,341.2,0.0,312.98579904598313,46400.0,SHORT_PUT,4736.970422649159,1300.0,0.0,341.2,0.0,1027.942,0
2024-01-04,467.2799987792969,0.0,100000,105991.33939385861,5991.339393858609,106378.17042264916,0,0.05991339393858586,-0.002259763174185747,105991.33939385861,5991.339393858609,106378.17042264916,0,0.05991339393858586,-0.002259763174185747,111391.23089526367,11391.230895263667,1113.151183349609,236,0.1139123089526366,-0.019546887875695584,386.83102879054104,46400.0,SHORT_PUT,4736.970422649159,1300.0,0.0,341.2,0.0,386.83102879054104,46400.0,SHORT_PUT,4736.970422649159,1300.0,0.0,341.2,0.0,1027.942,0
2024-01-05,467.9200134277344,0.0,100000,106030.5382126285,6030.538212628497,106378.17042264916,0,0.06030538212628467,-0.001890768509655416,106030.5382126285,6030.538212628497,106378.17042264916,0,0.06030538212628467,-0.001890768509655416,111542.27435229492,11542.274352294917,1113.151183349609,236,0.11542274352294912,-0.018217420319568634,347.6322100206656,46400.0,SHORT_PUT,4736.970422649159,1300.0,0.0,341.2,0.0,347.6322100206656,46400.0,SHORT_PUT,4736.970422649159,1300.0,0.0,341.2,0.0,1027.942,0
2024-01-08,474.6000061035156,0.0,100000,106282.22696699582,6282.226966995819,106378.17042264916,0,0.06282226966995808,0.0,106282.22696699582,6282.226966995819,106378.17042264916,0,0.06282226966995808,0.0,113118.75262377929,13118.752623779292,1113.151183349609,236,0.13118752623779284,-0.004341435513129821,95.94345565333597,46400.0,SHORT_PUT,4736.970422649159,1300.0,0.0,341.2,0.0,95.94345565333597,46400.0,SHORT_PUT,4736.970422649159,1300.0,0.0,341.2,0.0,1027.942,0
2024-01-09,473.8800048828125,0.0,100000,106288.30493541289,6288.304935412889,106378.17042264916,0,0.0628830493541288,0.0,106288.30493541289,6288.304935412889,106378.17042264916,0,0.0628830493541288,0.0,112948.83233569335,12948.832335693354,1113.151183349609,236,0.1294883233569335,-0.005837054817521503,89.86548723626541,46400.0,SHORT_PUT,4736.970422649159,1300.0,0.0,341.2,0.0,89.86548723626541,46400.0,SHORT_PUT,4736.970422649159,1300.0,0.0,341.2,0.0,1027.942,0
2024-01-10,476.55999755859375,0.0,100000,106337.96940810257,6337.969408102566,106378.17042264916,0,0.06337969408102562,0.0,106337.96940810257,6337.969408102566,106378.17042264916,0,0.06337969408102562,0.0,113581.31060717773,13581.31060717773,1113.151183349609,236,0.1358131060717771,-0.0002700520593698075,40.20101454659489,46400.0,SHORT_PUT,4736.970422649159,1300.0,0.0,341.2,0.0,40.20101454659489,46400.0,SHORT_PUT,4736.970422649159,1300.0,0.0,341.2,0.0,1027.942,0
2024-01-11,476.3500061035156,0.0,100000,106345.43204878601,6345.43204878601,106378.17042264916,0,0.06345432048785993,0.0,106345.43204878601,6345.43204878601,106378.17042264916,0,0.06345432048785993,0.0,113531.75262377929,13531.752623779292,1113.151183349609,236,0.1353175262377928,-0.0007062558670042351,32.73837386315417,46400.0,SHORT_PUT,4736.970422649159,1300.0,0.0,341.2,0.0,32.73837386315417,46400.0,SHORT_PUT,4736.970422649159,1300.0,0.0,341.2,0.0,1027.942,0
2024-01-12,476.6799926757813,0.0,100000,106357.5750981837,6357.5750981837045,106378.17042264916,0,0.06357575098183688,0.0,106357.5750981837,6357.5750981837045,106378.17042264916,0,0.06357575098183688,0.0,113609.629454834,13609.629454833994,1113.151183349609,236,0.13609629454833994,-2.0792740721309322e-05,20.595324465454667,46400.0,SHORT_PUT,4736.970422649159,1300.0,0.0,341.2,0.0,20.595324465454667,46400.0,SHORT_PUT,4736.970422649159,1300.0,0.0,341.2,0.0,1027.942,0
2024-01-16,474.9299926757813,0.0,100000,106371.69178975951,6371.691789759512,106378.17042264916,0,0.06371691789759493,0.0,106371.69178975951,6371.691789759512,106378.17042264916,0,0.06371691789759493,0.0,113196.629454834,13196.629454833994,1113.151183349609,236,0.13196629454833997,-0.003655972386846895,6.478632889642831,46400.0,SHORT_PUT,4736.970422649159,1300.0,0.0,341.2,0.0,6.478632889642831,46400.0,SHORT_PUT,4736.970422649159,1300.0,0.0,341.2,0.0,1027.942,0
2024-01-17,472.2900085449219,0.0,100000,106369.16386597365,6369.163865973649,106378.17042264916,0,0.06369163865973637,-2.3765004987019722e-05,106369.16386597365,6369.163865973649,106378.17042264916,0,0.06369163865973637,-2.3765004987019722e-05,112573.59319995117,12573.593199951167,1113.151183349609,236,0.12573593199951172,-0.009139867574615268,9.006556675508847,46400.0,SHORT_PUT,4736.970422649159,1300.0,0.0,341.2,0.0,9.006556675508847,46400.0,SHORT_PUT,4736.970422649159,1300.0,0.0,341.2,0.0,1027.942,0
2024-01-18,476.489990234375,0.0,100000,106377.14310315871,6377.143103158713,106378.17042264916,0,0.06377143103158711,0.0,106377.14310315871,6377.143103158713,106378.17042264916,0,0.06377143103158711,0.0,113564.7888786621,13564.788878662104,1113.151183349609,236,0.13564788878662104,-0.00041547445941525485,1.0273194904490766,46400.0,SHORT_PUT,4736.970422649159,1300.0,0.0,341.2,0.0,1.0273194904490766,46400.0,SHORT_PUT,4736.970422649159,1300.0,0.0,341.2,0.0,1027.942,0
2024-01-19,482.4299926757813,0.0,100000,106378.17042264916,6378.1704226491565,106378.17042264916,0,0.06378170422649165,0.0,106378.17042264916,6378.1704226491565,106378.17042264916,0,0.06378170422649165,0.0,114966.629454834,14966.629454833994,1113.151183349609,236,0.14966629454834002,0.0,0.0,0.0,CASH,4736.970422649159,1300.0,0.0,341.2,0.0,0.0,0.0,CASH,4736.970422649159,1300.0,0.0,341.2,0.0,1027.942,0
2024-01-22,483.4500122070313,0.0,100000,106378.17042264916,6378.1704226491565,106378.17042264916,0,0.06378170422649165,0.0,106378.17042264916,6378.1704226491565,106378.17042264916,0,0.06378170422649165,0.0,115207.354064209,15207.354064208994,1113.151183349609,236,0.1520735406420899,0.0,0.0,0.0,CASH,4736.970422649159,1300.0,0.0,341.2,0.0,0.0,0.0,CASH,4736.970422649159,1300.0,0.0,341.2,0.0,1027.942,0
2024-01-23,484.8599853515625,0.0,100000,106343.94667808841,6343.94667808841,106685.97099597615,0,0.06343946678088419,-0.00032171773987810237,106343.94667808841,6343.94667808841,106685.97099597615,0,0.06343946678088419,-0.00032171773987810237,115540.10772631835,15540.107726318354,1113.151183349609,236,0.15540107726318353,0.0,342.0243178877361,47500.0,SHORT_PUT,5044.770995976159,1300.0,0.0,341.2,0.0,342.0243178877361,47500.0,SHORT_PUT,5044.770995976159,1300.0,0.0,341.2,0.0,1027.942,0
2024-01-24,485.3900146484375,0.0,100000,106399.32868947179,6399.328689471789,106685.97099597615,0,0.06399328689471795,0.0,106399.32868947179,6399.328689471789,106685.97099597615,0,0.06399328689471795,0.0,115665.19464038085,15665.194640380854,1113.151183349609,236,0.15665194640380853,0.0,286.64230650436446,47500.0,SHORT_PUT,5044.770995976159,1300.0,0.0,341.2,0.0,286.64230650436446,47500.0,SHORT_PUT,5044.770995976159,1300.0,0.0,341.2,0.0,1027.942,0
2024-01-25,488.0299987792969,0.0,100000,106447.3988019623,6447.398801962307,106685.97099597615,0,0.06447398801962323,0.0,106447.3988019623,6447.398801962307,106685.97099597615,0,0.06447398801962323,0.0,116288.23089526367,16288.230895263667,1113.151183349609,236,0.16288230895263656,0.0,238.57219401384492,47500.0,SHORT_PUT,5044.770995976159,1300.0,0.0,341.2,0.0,238.57219401384492,47500.0,SHORT_PUT,5044.770995976159,1300.0,0.0,341.2,0.0,1027.942,0
2024-01-26,487.4100036621094,0.0,100000,106429.209635263,6429.209635263003,106685.97099597615,0,0.06429209635263011,-0.00017087469401810829,106429.209635263,6429.209635263003,106685.97099597615,0,0.06429209635263011,-0.00017087469401810829,116141.91204760742,16141.912047607417,1113.151183349609,236,0.16141912047607399,-0.001258242958292466,256.76136071315113,47500.0,SHORT_PUT,5044.770995976159,1300.0,0.0,341.2,0.0,256.76136071315113,47500.0,SHORT_PUT,5044.770995976159,1300.0,0.0,341.2,0.0,1027.942,0
2024-01-29,491.2699890136719,0.0,100000,106540.34310587433,6540.34310587433,106685.97099597615,0,0.06540343105874347,0.0,106540.34310587433,6540.34310587433,106685.97099597615,0,0.06540343105874347,0.0,117052.86859057617,17052.868590576167,1113.151183349609,236,0.1705286859057613,0.0,145.62789010182306,47500.0,SHORT_PUT,5044.770995976159,1300.0,0.0,341.2,0.0,145.62789010182306,47500.0,SHORT_PUT,5044.770995976159,1300.0,0.0,341.2,0.0,1027.942,0
2024-01-30,490.8900146484375,0.0,100000,106531.64368789089,6531.643687890886,106685.97099597615,0,0.06531643687890898,-8.165374476787335e-05,106531.64368789089,6531.643687890886,106685.97099597615,0,0.06531643687890898,-8.165374476787335e-05,116963.19464038085,16963.194640380854,1113.151183349609,236,0.1696319464038083,-0.0007660978434365084,154.3273080852616,47500.0,SHORT_PUT,5044.770995976159,1300.0,0.0,341.2,0.0,154.3273080852616,47500.0,SHORT_PUT,5044.770995976159,1300.0,0.0,341.2,0.0,1027.942,0
2024-01-31,482.8800048828125,0.0,100000,106366.14376753008,6366.143767530084,106685.97099597615,0,0.06366143767530108,-0.001635055165639221,106366.14376753008,6366.143767530084,106685.97099597615,0,0.06366143767530108,-0.001635055165639221,115072.83233569335,15072.832335693354,1113.151183349609,236,0.15072832335693342,-0.0169157431058653,319.8272284460748,47500.0,SHORT_PUT,5044.770995976159,1300.0,0.0,341.2,0.0,319.8272284460748,47500.0,SHORT_PUT,5044.770995976159,1300.0,0.0,341.2,0.0,1027.942,0
2024-02-01,489.2000122070313,0.0,100000,106495.00646944979,6495.006469449785,106685.97099597615,0,0.06495006469449827,-0.0004255349204147496,106495.00646944979,6495.006469449785,106685.97099597615,0,0.06495006469449827,-0.0004255349204147496,116564.354064209,16564.354064208994,1113.151183349609,236,0.16564354064208997,-0.00417345198156438,190.96452652636884,47500.0,SHORT_PUT,5044.770995976159,1300.0,0.0,341.2,0.0,190.96452652636884,47500.0,SHORT_PUT,5044.770995976159,1300.0,0.0,341.2,0.0,1027.942,0
2024-02-02,494.3500061035156,0.0,100000,106596.33670312217,6596.3367031221715,106685.97099597615,0,0.0659633670312223,0.0,106596.33670312217,6596.3367031221715,106685.97099597615,0,0.0659633670312223,0.0,117779.75262377929,17779.75262377929,1113.151183349609,236,0.1777975262377931,0.0,89.63429285397989,47500.0,SHORT_PUT,5044.770995976159,1300.0,0.0,341.2,0.0,89.63429285397989,47500.0,SHORT_PUT,5044.770995976159,1300.0,0.0,341.2,0.0,1027.942,0
2024-02-05,492.5499877929688,0.0,100000,106599.54417100133,6599.544171001326,106685.97099597615,0,0.06599544171001392,0.0,106599.54417100133,6599.544171001326,106685.97099597615,0,0.06599544171001392,0.0,117354.94830249024,17354.948302490244,1113.151183349609,236,0.1735494830249027,-0.003606768666308713,86.42682497483072,47500.0,SHORT_PUT,5044.770995976159,1300.0,0.0,341.2,0.0,86.42682497483072,47500.0,SHORT_PUT,5044.770995976159,1300.0,0.0,341.2,0.0,1027.942,0
2024-02-06,493.9800109863281,0.0,100000,106625.22202937504,6625.222029375043,106685.97099597615,0,0.066252220293751,0.0,106625.22202937504,6625.222029375043,106685.97099597615,0,0.066252220293751,0.0,117692.43377612304,17692.43377612304,1113.151183349609,236,0.17692433776123084,-0.0007413740113306755,60.74896660111456,47500.0,SHORT_PUT,5044.770995976159,1300.0,0.0,341.2,0.0,60.74896660111456,47500.0,SHORT_PUT,5044.770995976159,1300.0,0.0,341.2,0.0,1027.942,0
2024-02-07,498.1000061035156,0.0,100000,106664.13450003549,6664.134500035492,106685.97099597615,0,0.06664134500035557,0.0,106664.13450003549,6664.134500035492,106685.97099597615,0,0.06664134500035557,0.0,118664.75262377929,18664.75262377929,1113.151183349609,236,0.18664752623779335,0.0,21.836495940657787,47500.0,SHORT_PUT,5044.770995976159,1300.0,0.0,341.2,0.0,21.836495940657787,47500.0,SHORT_PUT,5044.770995976159,1300.0,0.0,341.2,0.0,1027.942,0
2024-02-08,498.3200073242188,0.0,100000,106669.83346259172,6669.83346259172,106685.97099597615,0,0.06669833462591779,0.0,106669.83346259172,6669.83346259172,106685.97099597615,0,0.06669833462591779,0.0,118716.67291186524,18716.672911865244,1113.151183349609,236,0.18716672911865273,0.0,16.1375333844344,47500.0,SHORT_PUT,5044.770995976159,1300.0,0.0,341.2,0.0,16.1375333844344,47500.0,SHORT_PUT,5044.770995976159,1300.0,0.0,341.2,0.0,1027.942,0
2024-02-09,501.2000122070313,0.0,100000,106678.45555006019,6678.4555500601855,106685.97099597615,0,0.06678455550060258,0.0,106678.45555006019,6678.4555500601855,106685.97099597615,0,0.06678455550060258,0.0,119396.354064209,19396.354064208994,1113.151183349609,236,0.19396354064209032,0.0,7.5154459159710845,47500.0,SHORT_PUT,5044.770995976159,1300.0,0.0,341.2,0.0,7.5154459159710845,47500.0,SHORT_PUT,5044.770995976159,1300.0,0.0,341.2,0.0,1027.942,0
2024-02-12,500.9800109863281,0.0,100000,106681.94802304891,6681.9480230489135,106685.97099597615,0,0.06681948023048978,0.0,106681.94802304891,6681.9480230489135,106685.97099597615,0,0.06681948023048978,0.0,119344.43377612304,19344.43377612304,1113.151183349609,236,0.19344433776123093,-0.00043485656235375814,4.022972927234591,47500.0,SHORT_PUT,5044.770995976159,1300.0,0.0,341.2,0.0,4.022972927234591,47500.0,SHORT_PUT,5044.770995976159,1300.0,0.0,341.2,0.0,1027.942,0
2024-02-13,494.0799865722656,0.0,100000,106665.9074344116,6665.907434411594,106685.97099597615,0,0.06665907434411666,-0.00015035897763926442,106665.9074344116,6665.907434411594,106685.97099597615,0,0.06665907434411666,-0.00015035897763926442,117716.02801440429,17716.02801440429,1113.151183349609,236,0.1771602801440435,-0.014073512235566521,20.06356156455189,47500.0,SHORT_PUT,5044.770995976159,1300.0,0.0,341.2,0.0,20.06356156455189,47500.0,SHORT_PUT,5044.770995976159,1300.0,0.0,341.2,0.0,1027.942,0
2024-02-14,498.5700073242188,0.0,100000,106673.60571434586,6673.60571434586,106685.97099597615,0,0.0667360571434592,-7.819794124175328e-05,106673.60571434586,6673.60571434586,106685.97099597615,0,0.0667360571434592,-7.819794124175328e-05,118775.67291186524,18775.672911865244,1113.151183349609,236,0.18775672911865304,-0.005198493347710942,12.365281630289914,47500.0,SHORT_PUT,5044.770995976159,1300.0,0.0,341.2,0.0,12.365281630289914,47500.0,SHORT_PUT,5044.770995976159,1300.0,0.0,341.2,0.0,1027.942,0
2024-02-15,502.010009765625,0.0,100000,106683.52108013966,6683.521080139661,106685.97099597615,0,0.0668352108013972,0.0,106683.52108013966,6683.521080139661,106685.97099597615,0,0.0668352108013972,0.0,119587.5134880371,19587.513488037104,1113.151183349609,236,0.19587513488037156,0.0,2.449915836491611,47500.0,SHORT_PUT,5044.770995976159,1300.0,0.0,341.2,0.0,2.449915836491611,47500.0,SHORT_PUT,5044.770995976159,1300.0,0.0,341.2,0.0,1027.942,0
2024-02-16,499.510009765625,0.0,100000,106683.63073245667,6683.630732456673,106685.97099597615,0,0.06683630732456725,0.0,106683.63073245667,6683.630732456673,106685.97099597615,0,0.06683630732456725,0.0,118997.5134880371,18997.513488037104,1113.151183349609,236,0.18997513488037154,-0.004933625449608736,2.34026351947929,47500.0,SHORT_PUT,5044.770995976159,1300.0,0.0,341.2,0.0,2.34026351947929,47500.0,SHORT_PUT,5044.770995976159,1300.0,0.0,341.2,0.0,1027.942,0
2024-02-20,496.760009765625,0.0,100000,106684.90771592964,6684.907715929643,106685.97099597615,0,0.06684907715929689,0.0,106684.90771592964,6684.907715929643,106685.97099597615,0,0.06684907715929689,0.0,118348.5134880371,18348.513488037104,1113.151183349609,236,0.18348513488037144,-0.010360613444178268,1.0632800465140888,47500.0,SHORT_PUT,5044.770995976159,1300.0,0.0,341.2,0.0,1.0632800465140888,47500.0,SHORT_PUT,5044.770995976159,1300.0,0.0,341.2,0.0,1027.942,0
2024-02-21,497.2099914550781,0.0,100000,106684.967230132,6684.967230131995,106685.97099597615,0,0.06684967230132033,0.0,106684.967230132,6684.967230131995,106685.97099597615,0,0.06684967230132033,0.0,118454.70916674804,18454.70916674804,1113.151183349609,236,0.18454709166748096,-0.009472596998200689,1.0037658441613382,47500.0,SHORT_PUT,5044.770995976159,1300.0,0.0,341.2,0.0,1.0037658441613382,47500.0,SHORT_PUT,5044.770995976159,1300.0,0.0,341.2,0.0,1027.942,0
2024-02-22,507.5,0.0,100000,106684.97099597615,6684.970995976153,106685.97099597615,0,0.0668497099597618,0.0,106684.97099597615,6684.970995976153,106685.97099597615,0,0.0668497099597618,0.0,120883.1511833496,20883.151183349604,1113.151183349609,236,0.20883151183349646,0.0,1.0000000000000038,47500.0,SHORT_PUT,5044.770995976159,1300.0,0.0,341.2,0.0,1.0000000000000038,47500.0,SHORT_PUT,5044.770995976159,1300.0,0.0,341.2,0.0,1027.942,0
2024-02-23,507.8500061035156,0.0,100000,106685.97099597615,6685.970995976153,106685.97099597615,0,0.06685970995976165,0.0,106685.97099597615,6685.970995976153,106685.97099597615,0,0.06685970995976165,0.0,120965.75262377929,20965.75262377929,1113.151183349609,236,0.20965752623779332,0.0,0.0,0.0,CASH,5044.770995976159,1300.0,0.0,341.2,0.0,0.0,0.0,CASH,5044.770995976159,1300.0,0.0,341.2,0.0,1027.942,0
2024-02-26,505.989990234375,0.0,100000,106685.97099597615,6685.970995976153,106685.97099597615,0,0.06685970995976165,0.0,106685.97099597615,6685.970995976153,106685.97099597615,0,0.06685970995976165,0.0,120526.7888786621,20526.788878662104,1113.151183349609,236,0.2052678887866215,-0.0036288266356050425,0.0,0.0,CASH,5044.770995976159,1300.0,0.0,341.2,0.0,0.0,0.0,CASH,5044.770995976159,1300.0,0.0,341.2,0.0,1027.942,0
2024-02-27,506.9299926757813,0.0,100000,106647.51798219807,6647.517982198071,107033.94962686798,0,0.0664751798219807,-0.0003604317739166474,106647.51798219807,6647.517982198071,107033.94962686798,0,0.0664751798219807,-0.0003604317739166474,120748.629454834,20748.629454833994,1113.151183349609,236,0.20748629454834044,-0.001794914380606305,386.4316446699124,49700.0,SHORT_PUT,5392.749626867984,1300.0,0.0,341.2,0.0,386.4316446699124,49700.0,SHORT_PUT,5392.749626867984,1300.0,0.0,341.2,0.0,1027.942,0
2024-02-28,506.260009765625,0.0,100000,106654.32464069131,6654.3246406913095,107033.94962686798,0,0.06654324640691311,-0.00029663089710307844,106654.32464069131,6654.3246406913095,107033.94962686798,0,0.06654324640691311,-0.00029663089710307844,120590.5134880371,20590.513488037104,1113.151183349609,236,0.20590513488037154,-0.003102027868244872,379.6249861766738,49700.0,SHORT_PUT,5392.749626867984,1300.0,0.0,341.2,0.0,379.6249861766738,49700.0,SHORT_PUT,5392.749626867984,1300.0,0.0,341.2,0.0,1027.942,0
2024-02-29,508.0799865722656,0.0,100000,106698.36019418592,6698.360194185923,107033.94962686798,0,0.06698360194185926,0.0,106698.36019418592,6698.360194185923,107033.94962686798,0,0.06698360194185926,0.0,121020.02801440429,21020.02801440429,1113.151183349609,236,0.21020028014404324,0.0,335.5894326820588,49700.0,SHORT_PUT,5392.749626867984,1300.0,0.0,341.2,0.0,335.5894326820588,49700.0,SHORT_PUT,5392.749626867984,1300.0,0.0,341.2,0.0,1027.942,0
2024-03-01,512.8499755859375,0.0,100000,106838.74352458178,6838.743524581776,107033.94962686798,0,0.06838743524581758,0.0,106838.74352458178,6838.743524581776,107033.94962686798,0,0.06838743524581758,0.0,122145.74542163085,22145.745421630854,1113.151183349609,236,0.2214574542163088,0.0,195.20610228620768,49700.0,SHORT_PUT,5392.749626867984,1300.0,0.0,341.2,0.0,195.20610228620768,49700.0,SHORT_PUT,5392.749626867984,1300.0,0.0,341.2,0.0,1027.942,0
2024-03-04,512.2999877929688,0.0,100000,106866.60478173317,6866.604781733171,107033.94962686798,0,0.06866604781733154,0.0,106866.60478173317,6866.604781733171,107033.94962686798,0,0.06866604781733154,0.0,122015.94830249023,22015.94830249023,1113.151183349609,236,0.2201594830249025,-0.0010626413445068428,167.34484513481482,49700.0,SHORT_PUT,5392.749626867984,1300.0,0.0,341.2,0.0,167.34484513481482,49700.0,SHORT_PUT,5392.749626867984,1300.0,0.0,341.2,0.0,1027.942,0
2024-03-05,507.1799926757813,0.0,100000,106747.90358034917,6747.9035803491715,107033.94962686798,0,0.06747903580349157,-0.001110741766583101,106747.90358034917,6747.9035803491715,107033.94962686798,0,0.06747903580349157,-0.001110741766583101,120807.629454834,20807.629454833994,1113.151183349609,236,0.2080762945483401,-0.010955076348978632,286.0460465188022,49700.0,SHORT_PUT,5392.749626867984,1300.0,0.0,341.2,0.0,286.0460465188022,49700.0,SHORT_PUT,5392.749626867984,1300.0,0.0,341.2,0.0,1027.942,0
2024-03-06,509.75,0.0,100000,106784.88995814451,6784.889958144515,107033.94962686798,0,0.06784889958144502,-0.0007646432087512478,106784.88995814451,6784.889958144515,107033.94962686798,0,0.06784889958144502,-0.0007646432087512478,121414.1511833496,21414.151183349604,1113.151183349609,236,0.21414151183349617,-0.005989518797858251,249.05966872346292,49700.0,SHORT_PUT,5392.749626867984,1300.0,0.0,341.2,0.0,249.05966872346292,49700.0,SHORT_PUT,5392.749626867984,1300.0,0.0,341.2,0.0,1027.942,0
2024-03-07,514.8099975585938,0.0,100000,106891.71660183261,6891.71660183261,107033.94962686798,0,0.06891716601832587,0.0,106891.71660183261,6891.71660183261,107033.94962686798,0,0.06891716601832587,0.0,122608.31060717773,22608.31060717773,1113.151183349609,236,0.2260831060717774,0.0,142.23302503536289,49700.0,SHORT_PUT,5392.749626867984,1300.0,0.0,341.2,0.0,142.23302503536289,49700.0,SHORT_PUT,5392.749626867984,1300.0,0.0,341.2,0.0,1027.942,0
2024-03-08,511.7200012207031,0.0,100000,106851.51979941237,6851.519799412374,107033.94962686798,0,0.06851519799412342,-0.00037605161277343147,106851.51979941237,6851.519799412374,107033.94962686798,0,0.06851519799412342,-0.00037605161277343147,121879.07147143554,21879.07147143554,1113.151183349609,236,0.21879071471435552,-0.005947713757174067,182.42982745560084,49700.0,SHORT_PUT,5392.749626867984,1300.0,0.0,341.2,0.0,182.42982745560084,49700.0,SHORT_PUT,5392.749626867984,1300.0,0.0,341.2,0.0,1027.942,0
2024-03-11,511.2799987792969,0.0,100000,106869.75932642136,6869.759326421365,107033.94962686798,0,0.06869759326421332,-0.0002054160613123024,106869.75932642136,6869.759326421365,107033.94962686798,0,0.06869759326421332,-0.0002054160613123024,121775.23089526367,21775.230895263667,1113.151183349609,236,0.21775230895263675,-0.006794643101992959,164.1903004466124,49700.0,SHORT_PUT,5392.749626867984,1300.0,0.0,341.2,0.0,164.1903004466124,49700.0,SHORT_PUT,5392.749626867984,1300.0,0.0,341.2,0.0,1027.942,0
2024-03-12,516.780029296875,0.0,100000,106947.92640346898,6947.926403468984,107033.94962686798,0,0.06947926403468951,0.0,106947.92640346898,6947.926403468984,107033.94962686798,0,0.06947926403468951,0.0,123073.2380974121,23073.238097412104,1113.151183349609,236,0.23073238097412108,0.0,86.02322339899779,49700.0,SHORT_PUT,5392.749626867984,1300.0,0.0,341.2,0.0,86.02322339899779,49700.0,SHORT_PUT,5392.749626867984,1300.0,0.0,341.2,0.0,1027.942,0
2024-03-13,515.969970703125,0.0,100000,106974.33522568659,6974.335225686591,107033.94962686798,0,0.06974335225686579,0.0,106974.33522568659,6974.335225686591,107033.94962686798,0,0.06974335225686579,0.0,122882.0642692871,22882.064269287104,1113.151183349609,236,0.22882064269287117,-0.0015533338610436154,59.61440118138132,49700.0,SHORT_PUT,5392.749626867984,1300.0,0.0,341.2,0.0,59.61440118138132,49700.0,SHORT_PUT,5392.749626867984,1300.0,0.0,341.2,0.0,1027.942,0
2024-03-14,514.9500122070312,0.0,100000,106974.4742441723,6974.4742441723065,107033.94962686798,0,0.0697447424417228,0.0,106974.4742441723,6974.4742441723065,107033.94962686798,0,0.0697447424417228,0.0,122641.35406420898,22641.35406420898,1113.151183349609,236,0.22641354064208996,-0.0035091628357196702,59.47538269567894,49700.0,SHORT_PUT,5392.749626867984,1300.0,0.0,341.2,0.0,59.47538269567894,49700.0,SHORT_PUT,5392.749626867984,1300.0,0.0,341.2,0.0,1027.942,0
2024-03-15,509.8299865722656,0.0,100000,106905.05645988115,6905.056459881147,107033.94962686798,0,0.06905056459881109,-0.0006489191443251885,106905.05645988115,6905.056459881147,107033.94962686798,0,0.06905056459881109,-0.0006489191443251885,121809.44801440429,21809.44801440429,1489.571183349609,236,0.21809448014404298,-0.010268601871086913,128.89316698683396,49700.0,SHORT_PUT,5392.749626867984,1300.0,0.0,341.2,0.0,128.89316698683396,49700.0,SHORT_PUT,5392.749626867984,1300.0,0.0,341.2,0.0,1404.362,0
2024-03-18,512.8599853515625,0.0,100000,106980.33572880583,6980.335728805832,107033.94962686798,0,0.06980335728805787,0.0,106980.33572880583,6980.335728805832,107033.94962686798,0,0.06980335728805787,0.0,122524.52772631835,22524.527726318353,1489.571183349609,236,0.22524527726318344,-0.004458405251834385,53.613898062145246,49700.0,SHORT_PUT,5392.749626867984,1300.0,0.0,341.2,0.0,53.613898062145246,49700.0,SHORT_PUT,5392.749626867984,1300.0,0.0,341.2,0.0,1404.362,0
2024-03-19,515.7100219726562,0.0,100000,107009.90986486958,7009.90986486958,107033.94962686798,0,0.07009909864869535,0.0,107009.90986486958,7009.90986486958,107033.94962686798,0,0.07009909864869535,0.0,123197.13636889648,23197.136368896478,1489.571183349609,236,0.23197136368896465,0.0,24.039761998403613,49700.0,SHORT_PUT,5392.749626867984,1300.0,0.0,341.2,0.0,24.039761998403613,49700.0,SHORT_PUT,5392.749626867984,1300.0,0.0,341.2,0.0,1404.362,0
2024-03-20,520.47998046875,0.0,100000,107028.84529882511,7028.845298825108,107033.94962686798,0,0.0702884529882506,0.0,107028.84529882511,7028.845298825108,107033.94962686798,0,0.0702884529882506,0.0,124322.8465739746,24322.846573974603,1489.571183349609,236,0.24322846573974566,0.0,5.104328042867511,49700.0,SHORT_PUT,5392.749626867984,1300.0,0.0,341.2,0.0,5.104328042867511,49700.0,SHORT_PUT,5392.749626867984,1300.0,0.0,341.2,0.0,1404.362,0
2024-03-21,522.2000122070312,0.0,100000,107032.14189531743,7032.141895317429,107033.94962686798,0,0.07032141895317379,0.0,107032.14189531743,7032.141895317429,107033.94962686798,0,0.07032141895317379,0.0,124728.77406420898,24728.774064208978,1489.571183349609,236,0.24728774064208947,0.0,1.8077315505496954,49700.0,SHORT_PUT,5392.749626867984,1300.0,0.0,341.2,0.0,1.8077315505496954,49700.0,SHORT_PUT,5392.749626867984,1300.0,0.0,341.2,0.0,1404.362,0
2024-03-22,521.2100219726562,0.0,100000,107032.47436184347,7032.474361843473,107033.94962686798,0,0.07032474361843422,0.0,107032.47436184347,7032.474361843473,107033.94962686798,0,0.07032474361843422,0.0,124495.13636889648,24495.136368896478,1489.571183349609,236,0.24495136368896442,-0.0018731659720493399,1.4752650245102963,49700.0,SHORT_PUT,5392.749626867984,1300.0,0.0,341.2,0.0,1.4752650245102963,49700.0,SHORT_PUT,5392.749626867984,1300.0,0.0,341.2,0.0,1404.362,0
2024-03-25,519.77001953125,0.0,100000,107032.93917749115,7032.939177491149,107033.94962686798,0,0.07032939177491104,0.0,107032.93917749115,7032.939177491149,107033.94962686798,0,0.07032939177491104,0.0,124155.2957927246,24155.295792724603,1489.571183349609,236,0.24155295792724574,-0.004597802518199634,1.0104493768317337,49700.0,SHORT_PUT,5392.749626867984,1300.0,0.0,341.2,0.0,1.0104493768317337,49700.0,SHORT_PUT,5392.749626867984,1300.0,0.0,341.2,0.0,1404.362,0
2024-03-26,518.8099975585938,0.0,100000,107032.94908989937,7032.949089899368,107033.94962686798,0,0.07032949089899332,0.0,107032.94908989937,7032.949089899368,107033.94962686798,0,0.07032949089899332,0.0,123928.73060717773,23928.730607177728,1489.571183349609,236,0.23928730607177684,-0.006414265377285067,1.0005369686148746,49700.0,SHORT_PUT,5392.749626867984,1300.0,0.0,341.2,0.0,1.0005369686148746,49700.0,SHORT_PUT,5392.749626867984,1300.0,0.0,341.2,0.0,1404.362,0
2024-03-27,523.1699829101562,0.0,100000,107032.94962686798,7032.9496268679795,107033.94962686798,0,0.07032949626867935,0.0,107032.94962686798,7032.9496268679795,107033.94962686798,0,0.07032949626867935,0.0,124957.68715014648,24957.687150146478,1489.571183349609,236,0.24957687150146413,0.0,1.000000000002876,49700.0,SHORT_PUT,5392.749626867984,1300.0,0.0,341.2,0.0,1.000000000002876,49700.0,SHORT_PUT,5392.749626867984,1300.0,0.0,341.2,0.0,1404.362,0
2024-03-28,523.0700073242188,0.0,100000,107033.94962686798,7033.9496268679795,107033.94962686798,0,0.07033949626867941,0.0,107033.94962686798,7033.9496268679795,107033.94962686798,0,0.07033949626867941,0.0,124934.09291186523,24934.092911865228,1489.571183349609,236,0.2493409291186517,-0.00018881782161106475,0.0,0.0,CASH,5392.749626867984,1300.0,0.0,341.2,0.0,0.0,0.0,CASH,5392.749626867984,1300.0,0.0,341.2,0.0,1404.362,0
2024-04-01,522.1599731445312,0.0,100000,107033.94962686798,7033.9496268679795,107033.94962686798,0,0.07033949626867941,0.0,107033.94962686798,7033.9496268679795,107033.94962686798,0,0.07033949626867941,0.0,124719.32484545898,24719.324845458978,1489.571183349609,236,0.24719324845458912,-0.0019075441465324916,0.0,0.0,CASH,5392.749626867984,1300.0,0.0,341.2,0.0,0.0,0.0,CASH,5392.749626867984,1300.0,0.0,341.2,0.0,1404.362,0
2024-04-02,518.8400268554688,0.0,100000,106979.29233704641,6979.292337046412,107535.86888017281,0,0.06979292337046372,-0.000510653769314362,106979.29233704641,6979.292337046412,107535.86888017281,0,0.06979292337046372,-0.000510653769314362,123935.81752124023,23935.817521240228,1489.571183349609,236,0.23935817521240166,-0.008177725214122966,556.5765431263967,51300.0,SHORT_PUT,5894.66888017282,1300.0,0.0,341.2,0.0,556.5765431263967,51300.0,SHORT_PUT,5894.66888017282,1300.0,0.0,341.2,0.0,1404.362,0
2024-04-03,519.4099731445312,0.0,100000,106956.90391270143,6956.903912701426,107535.86888017281,0,0.06956903912701384,-0.0007198250128593875,106956.90391270143,6956.903912701426,107535.86888017281,0,0.06956903912701384,-0.0007198250128593875,124070.32484545898,24070.324845458978,1489.571183349609,236,0.24070324845458924,-0.007101302248186281,578.9649674713902,51300.0,SHORT_PUT,5894.66888017282,1300.0,0.0,341.2,0.0,578.9649674713902,51300.0,SHORT_PUT,5894.66888017282,1300.0,0.0,341.2,0.0,1404.362,0
2024-04-04,513.0700073242188,0.0,100000,106708.87719183328,6708.877191833279,107535.86888017281,0,0.0670887719183324,-0.003037096511601556,106708.87719183328,6708.877191833279,107535.86888017281,0,0.0670887719183324,-0.003037096511601556,122574.09291186523,22574.092911865228,1489.571183349609,236,0.22574092911865185,-0.019075210918534036,826.9916883395388,51300.0,SHORT_PUT,5894.66888017282,1300.0,0.0,341.2,0.0,826.9916883395388,51300.0,SHORT_PUT,5894.66888017282,1300.0,0.0,341.2,0.0,1404.362,0
2024-04-05,518.4299926757812,0.0,100000,106845.8333535424,6845.833353542403,107535.86888017281,0,0.06845833353542385,-0.0017575383696607494,106845.8333535424,6845.833353542403,107535.86888017281,0,0.06845833353542385,-0.0017575383696607494,123839.04945483398,23839.049454833978,1489.571183349609,236,0.2383904945483395,-0.008952131884197967,690.0355266304085,51300.0,SHORT_PUT,5894.66888017282,1300.0,0.0,341.2,0.0,690.0355266304085,51300.0,SHORT_PUT,5894.66888017282,1300.0,0.0,341.2,0.0,1404.362,0
2024-04-08,518.719970703125,0.0,100000,106923.78959702526,6923.7895970252575,107535.86888017281,0,0.06923789597025243,-0.001029206436151564,106923.78959702526,6923.7895970252575,107535.86888017281,0,0.06923789597025243,-0.001029206436151564,123907.4842692871,23907.484269287103,1489.571183349609,236,0.23907484269287083,-0.008404467982809471,612.0792831475536,51300.0,SHORT_PUT,5894.66888017282,1300.0,0.0,341.2,0.0,612.0792831475536,51300.0,SHORT_PUT,5894.66888017282,1300.0,0.0,341.2,0.0,1404.362,0
2024-04-09,519.3200073242188,0.0,100000,107007.57341220364,7007.573412203637,107535.86888017281,0,0.07007573412203616,-0.0002464284907384151,107007.57341220364,7007.573412203637,107535.86888017281,0,0.07007573412203616,-0.0002464284907384151,124049.09291186523,24049.092911865228,1489.571183349609,236,0.2404909291186521,-0.007271215232956818,528.2954679691721,51300.0,SHORT_PUT,5894.66888017282,1300.0,0.0,341.2,0.0,528.2954679691721,51300.0,SHORT_PUT,5894.66888017282,1300.0,0.0,341.2,0.0,1404.362,0
2024-04-10,514.1199951171875,0.0,100000,106812.69675569513,6812.696755695128,107535.86888017281,0,0.06812696755695091,-0.0020671279714908897,106812.69675569513,6812.696755695128,107535.86888017281,0,0.06812696755695091,-0.0020671279714908897,122821.89003100585,22821.890031005853,1489.571183349609,236,0.22821890031005831,-0.01709216269803593,723.172124477686,51300.0,SHORT_PUT,5894.66888017282,1300.0,0.0,341.2,0.0,723.172124477686,51300.0,SHORT_PUT,5894.66888017282,1300.0,0.0,341.2,0.0,1404.362,0
2024-04-11,518.0,0.0,100000,106957.37859108503,6957.378591085027,107535.86888017281,0,0.06957378591085006,-0.0007153901733970569,106957.37859108503,6957.378591085027,107535.86888017281,0,0.06957378591085006,-0.0007153901733970569,123737.5711833496,23737.571183349603,1489.571183349609,236,0.23737571183349582,-0.009764232954558194,578.4902890877869,51300.0,SHORT_PUT,5894.66888017282,1300.0,0.0,341.2,0.0,578.4902890877869,51300.0,SHORT_PUT,5894.66888017282,1300.0,0.0,341.2,0.0,1404.362,0
2024-04-12,510.8500061035156,0.0,100000,106680.3963785859,6680.396378585894,107535.86888017281,0,0.06680396378585862,-0.003303187909206473,106680.3963785859,6680.396378585894,107535.86888017281,0,0.06680396378585862,-0.003303187909206473,122050.17262377929,22050.17262377929,1489.571183349609,236,0.22050172623779263,-0.023267992491518674,855.4725015869177,51300.0,SHORT_PUT,5894.66888017282,1300.0,0.0,341.2,0.0,855.4725015869177,51300.0,SHORT_PUT,5894.66888017282,1300.0,0.0,341.2,0.0,1404.362,0
2024-04-15,504.4500122070313,0.0,100000,106221.73319493028,6221.733194930275,107535.86888017281,0,0.06221733194930246,-0.007588400080247193,106221.73319493028,6221.733194930275,107535.86888017281,0,0.06221733194930246,-0.007588400080247193,120539.77406420899,20539.774064208992,1489.571183349609,236,0.2053977406420897,-0.03535527254620974,1314.1356852425338,51300.0,SHORT_PUT,5894.66888017282,1300.0,0.0,341.2,0.0,1314.1356852425338,51300.0,SHORT_PUT,5894.66888017282,1300.0,0.0,341.2,0.0,1404.362,0
2024-04-16,503.5299987792969,0.0,100000,106096.82949443777,6096.82949443777,107535.86888017281,0,0.0609682949443775,-0.00875535412546291,106096.82949443777,6096.82949443777,107535.86888017281,0,0.0609682949443775,-0.00875535412546291,120322.65089526367,20322.650895263665,1489.571183349609,236,0.2032265089526366,-0.03709284607127361,1439.0393857350498,51300.0,SHORT_PUT,5894.66888017282,1300.0,0.0,341.2,0.0,1439.0393857350498,51300.0,SHORT_PUT,5894.66888017282,1300.0,0.0,341.2,0.0,1404.362,0
2024-04-17,500.5499877929688,0.0,100000,105933.71931029642,5933.719310296423,107535.86888017281,0,0.059337193102964036,-0.010279264853881087,105933.71931029642,5933.719310296423,107535.86888017281,0,0.059337193102964036,-0.010279264853881087,119619.36830249024,19619.368302490242,1489.571183349609,236,0.19619368302490248,-0.04272101196336775,1602.149569876388,51300.0,SHORT_PUT,5894.66888017282,1300.0,0.0,341.2,0.0,1602.149569876388,51300.0,SHORT_PUT,5894.66888017282,1300.0,0.0,341.2,0.0,1404.362,0
2024-04-18,499.5199890136719,0.0,100000,105879.1869991919,5879.186999191894,107535.86888017281,0,0.058791869991918766,-0.010788750968283356,105879.1869991919,5879.186999191894,107535.86888017281,0,0.058791869991918766,-0.010788750968283356,119376.28859057617,19376.288590576165,1489.571183349609,236,0.19376288590576185,-0.04466630814688288,1656.6818809809195,51300.0,SHORT_PUT,5894.66888017282,1300.0,0.0,341.2,0.0,1656.6818809809195,51300.0,SHORT_PUT,5894.66888017282,1300.0,0.0,341.2,0.0,1404.362,0
2024-04-19,495.1600036621094,0.0,100000,105538.32804607671,5538.328046076713,107535.86888017281,0,0.055383280460767015,-0.013973338235252819,105538.32804607671,5538.328046076713,107535.86888017281,0,0.055383280460767015,-0.013973338235252819,118347.33204760742,18347.332047607415,1489.571183349609,236,0.18347332047607434,-0.05290074787152643,1997.5408340960971,51300.0,SHORT_PUT,5894.66888017282,1300.0,0.0,341.2,0.0,1997.5408340960971,51300.0,SHORT_PUT,5894.66888017282,1300.0,0.0,341.2,0.0,1404.362,0
2024-04-22,499.7200012207031,0.0,100000,105958.42012627477,5958.4201262747665,107535.86888017281,0,0.05958420126274744,-0.010048489328316923,105958.42012627477,5958.4201262747665,107535.86888017281,0,0.05958420126274744,-0.010048489328316923,119423.49147143554,19423.49147143554,1489.571183349609,236,0.1942349147143556,-0.04428855723026537,1577.4487538980413,51300.0,SHORT_PUT,5894.66888017282,1300.0,0.0,341.2,0.0,1577.4487538980413,51300.0,SHORT_PUT,5894.66888017282,1300.0,0.0,341.2,0.0,1404.362,0
2024-04-23,505.6499938964844,0.0,100000,106491.7178870196,6491.717887019593,107535.86888017281,0,0.06491717887019566,-0.005065978988336495,106491.7178870196,6491.717887019593,107535.86888017281,0,0.06491717887019566,-0.005065978988336495,120822.96974291992,20822.969742919915,1489.571183349609,236,0.2082296974291995,-0.03308893995659723,1044.1509931532182,51300.0,SHORT_PUT,5894.66888017282,1300.0,0.0,341.2,0.0,1044.1509931532182,51300.0,SHORT_PUT,5894.66888017282,1300.0,0.0,341.2,0.0,1404.362,0
2024-04-24,505.4100036621094,0.0,100000,106535.04145112702,6535.041451127021,107535.86888017281,0,0.06535041451127,-0.0046612142921025335,106535.04145112702,6535.041451127021,107535.86888017281,0,0.06535041451127,-0.0046612142921025335,120766.33204760742,20766.332047607415,1489.571183349609,236,0.2076633204760745,-0.03354219494718014,1000.8274290457948,51300.0,SHORT_PUT,5894.66888017282,1300.0,0.0,341.2,0.0,1000.8274290457948,51300.0,SHORT_PUT,5894.66888017282,1300.0,0.0,341.2,0.0,1404.362,0
2024-04-25,503.489990234375,0.0,100000,106399.20192363845,6399.201923638451,107535.86888017281,0,0.06399201923638431,-0.00593033991030234,106399.20192363845,6399.201923638451,107535.86888017281,0,0.06399201923638431,-0.00593033991030234,120313.2088786621,20313.208878662103,1489.571183349609,236,0.20313208878662148,-0.03716840778193631,1136.6669565343634,51300.0,SHORT_PUT,5894.66888017282,1300.0,0.0,341.2,0.0,1136.6669565343634,51300.0,SHORT_PUT,5894.66888017282,1300.0,0.0,341.2,0.0,1404.362,0
2024-04-26,508.260009765625,0.0,100000,106800.83005404685,6800.830054046848,107535.86888017281,0,0.06800830054046836,-0.002177996548139993,106800.83005404685,6800.830054046848,107535.86888017281,0,0.06800830054046836,-0.002177996548139993,121438.9334880371,21438.933488037103,1489.571183349609,236,0.2143893348803716,-0.028159561387217424,735.0388261259584,51300.0,SHORT_PUT,5894.66888017282,1300.0,0.0,341.2,0.0,735.0388261259584,51300.0,SHORT_PUT,5894.66888017282,1300.0,0.0,341.2,0.0,1404.362,0
2024-04-29,510.05999755859375,0.0,100000,107028.57734213116,7028.577342131161,107535.86888017281,0,0.07028577342131137,-5.019234322878319e-05,107028.57734213116,7028.577342131161,107535.86888017281,0,0.07028577342131137,-5.019234322878319e-05,121863.73060717773,21863.730607177728,1489.571183349609,236,0.2186373060717779,-0.024760033684450233,507.29153804164923,51300.0,SHORT_PUT,5894.66888017282,1300.0,0.0,341.2,0.0,507.29153804164923,51300.0,SHORT_PUT,5894.66888017282,1300.0,0.0,341.2,0.0,1404.362,0
2024-04-30,501.9800109863281,0.0,100000,106370.72332015674,6370.723320156743,107535.86888017281,0,0.06370723320156713,-0.006196410662442253,106370.72332015674,6370.723320156743,107535.86888017281,0,0.06370723320156713,-0.006196410662442253,119956.85377612304,19956.85377612304,1489.571183349609,236,0.19956853776123107,-0.040020213946617145,1165.1455600160743,51300.0,SHORT_PUT,5894.66888017282,1300.0,0.0,341.2,0.0,1165.1455600160743,51300.0,SHORT_PUT,5894.66888017282,1300.0,0.0,341.2,0.0,1404.362,0
2024-05-01,500.3500061035156,0.0,100000,106207.61952104195,6207.619521041954,107535.86888017281,0,0.06207619521041918,-0.00772026173664242,106207.61952104195,6207.619521041954,107535.86888017281,0,0.06207619521041918,-0.00772026173664242,119572.17262377929,19572.17262377929,1489.571183349609,236,0.1957217262377935,-0.043098705243287294,1328.2493591308594,51300.0,SHORT_PUT,5894.66888017282,1300.0,0.0,341.2,0.0,1328.2493591308594,51300.0,SHORT_PUT,5894.66888017282,1300.0,0.0,341.2,0.0,1404.362,0
2024-05-02,505.0299987792969,0.0,100000,106697.18656944882,6697.186569448822,107535.86888017281,0,0.06697186569448799,-0.0031463200096150112,106697.18656944882,6697.186569448822,107535.86888017281,0,0.06697186569448799,-0.0031463200096150112,120676.65089526367,20676.650895263665,1489.571183349609,236,0.20676650895263715,-0.03425988710673478,838.6823107239902,51300.0,SHORT_PUT,5894.66888017282,1300.0,0.0,341.2,0.0,838.6823107239902,51300.0,SHORT_PUT,5894.66888017282,1300.0,0.0,341.2,0.0,1404.362,0
2024-05-03,511.2900085449219,0.0,100000,107364.869734665,7364.869734665001,56235.86888017281,100,0.0736486973466497,0.0,107364.869734665,7364.869734665001,56235.86888017281,100,0.0736486973466497,0.0,122154.01319995117,22154.013199951165,1489.571183349609,236,0.22154013199951228,-0.022436986584317586,0.0,0.0,STOCK,5894.66888017282,1300.0,-170.9991455078125,341.2,0.0,0.0,0.0,STOCK,5894.66888017282,1300.0,-170.9991455078125,341.2,0.0,1404.362,0
2024-05-06,516.5700073242188,0.0,100000,107892.86961259469,7892.869612594688,56235.86888017281,100,0.07892869612594655,0.0,107892.86961259469,7892.869612594688,56235.86888017281,100,0.07892869612594655,0.0,123400.09291186523,23400.092911865228,1489.571183349609,236,0.2340009291186529,-0.012464973334610052,0.0,0.0,STOCK,5894.66888017282,1300.0,357.000732421875,341.2,0.0,0.0,0.0,STOCK,5894.66888017282,1300.0,357.000732421875,341.2,0.0,1404.362,0
2024-05-07,517.1400146484375,0.0,100000,107910.10580646075,7910.10580646075,56596.306996453044,100,0.07910105806460721,0.0,107910.10580646075,7910.10580646075,56596.306996453044,100,0.07910105806460721,0.0,123534.61464038085,23534.614640380853,1489.571183349609,236,0.23534614640380935,-0.011388435095277871,400.20265483604305,0.0,COVERED_CALL,6255.106996453049,1300.0,414.00146484375,341.2,0.0,400.20265483604305,0.0,COVERED_CALL,6255.106996453049,1300.0,414.00146484375,341.2,0.0,1404.362,0
2024-05-08,517.1900024414062,0.0,100000,107940.28364317806,7940.28364317806,56596.306996453044,100,0.07940283643178025,0.0,107940.28364317806,7940.28364317806,56596.306996453044,100,0.07940283643178025,0.0,123546.41175952148,23546.411759521478,1489.571183349609,236,0.23546411759521568,-0.011294026184472283,375.02359741561065,0.0,COVERED_CALL,6255.106996453049,1300.0,419.000244140625,341.2,0.0,375.02359741561065,0.0,COVERED_CALL,6255.106996453049,1300.0,419.000244140625,341.2,0.0,1404.362,0
2024-05-09,520.1699829101562,0.0,100000,108164.47551785327,8164.475517853265,56596.306996453044,100,0.0816447551785322,0.0,108164.47551785327,8164.475517853265,56596.306996453044,100,0.0816447551785322,0.0,124249.68715014648,24249.687150146478,1489.571183349609,236,0.2424968715014657,-0.00566591792907567,448.82976961540703,0.0,COVERED_CALL,6255.106996453049,1300.0,716.998291015625,341.2,0.0,448.82976961540703,0.0,COVERED_CALL,6255.106996453049,1300.0,716.998291015625,341.2,0.0,1404.362,0
2024-05-10,520.8400268554688,0.0,100000,108238.01863832788,8238.018638327878,56596.306996453044,100,0.08238018638327826,0.0,108238.01863832788,8238.018638327878,56596.306996453044,100,0.08238018638327826,0.0,124407.81752124023,24407.817521240228,1489.571183349609,236,0.24407817521240327,-0.004400446594737151,442.29104367204445,0.0,COVERED_CALL,6255.106996453049,1300.0,784.002685546875,341.2,0.0,442.29104367204445,0.0,COVERED_CALL,6255.106996453049,1300.0,784.002685546875,341.2,0.0,1404.362,0
2024-05-13,520.9099731445312,0.0,100000,108291.29929736175,8291.299297361751,56596.306996453044,100,0.08291299297361698,0.0,108291.29929736175,8291.299297361751,56596.306996453044,100,0.08291299297361698,0.0,124424.32484545898,24424.324845458978,1489.571183349609,236,0.24424324845459067,-0.0042683432836466695,396.0050135444243,0.0,COVERED_CALL,6255.106996453049,1300.0,790.997314453125,341.2,0.0,396.0050135444243,0.0,COVERED_CALL,6255.106996453049,1300.0,790.997314453125,341.2,0.0,1404.362,0
2024-05-14,523.2999877929688,0.0,100000,108397.08794505816,8397.087945058156,56596.306996453044,100,0.0839708794505809,0.0,108397.08794505816,8397.087945058156,56596.306996453044,100,0.0839708794505809,0.0,124988.36830249023,24988.368302490228,1489.571183349609,236,0.24988368302490316,0.0,529.2178306917643,0.0,COVERED_CALL,6255.106996453049,1300.0,1029.998779296875,341.2,0.0,529.2178306917643,0.0,COVERED_CALL,6255.106996453049,1300.0,1029.998779296875,341.2,0.0,1404.362,0
2024-05-15,529.780029296875,0.0,100000,108755.26772544182,8755.267725441823,56596.306996453044,100,0.08755267725441751,0.0,108755.26772544182,8755.267725441823,56596.306996453044,100,0.08755267725441751,0.0,126517.6580974121,26517.658097412103,1489.571183349609,236,0.2651765809741218,0.0,819.0422006987192,0.0,COVERED_CALL,6255.106996453049,1300.0,1678.0029296875,341.2,0.0,819.0422006987192,0.0,COVERED_CALL,6255.106996453049,1300.0,1678.0029296875,341.2,0.0,1404.362,0
2024-05-16,528.6900024414062,0.0,100000,108776.33467776877,8776.33467776877,56596.306996453044,100,0.08776334677768705,0.0,108776.33467776877,8776.33467776877,56596.306996453044,100,0.08776334677768705,0.0,126260.41175952148,26260.411759521478,1489.571183349609,236,0.2626041175952156,-0.0020332840629452287,688.9725628248996,0.0,COVERED_CALL,6255.106996453049,1300.0,1569.000244140625,341.2,0.0,688.9725628248996,0.0,COVERED_CALL,6255.106996453049,1300.0,1569.000244140625,341.2,0.0,1404.362,0
2024-05-17,529.4500122070312,0.0,100000,108829.2581150253,8829.258115025295,56596.306996453044,100,0.08829258115025218,0.0,108829.2581150253,8829.258115025295,56596.306996453044,100,0.08829258115025218,0.0,126439.77406420898,26439.774064208978,1489.571183349609,236,0.26439774064209054,-0.0006155981257822685,712.0501021308678,0.0,COVERED_CALL,6255.106996453049,1300.0,1645.001220703125,341.2,0.0,712.0501021308678,0.0,COVERED_CALL,6255.106996453049,1300.0,1645.001220703125,341.2,0.0,1404.362,0
2024-05-20,530.0599975585938,0.0,100000,108929.6600901734,8929.660090173405,56596.306996453044,100,0.08929660090173308,0.0,108929.6600901734,8929.660090173405,56596.306996453044,100,0.08929660090173308,0.0,126583.73060717773,26583.730607177728,1489.571183349609,236,0.265837306071778,0.0,672.6466621390065,0.0,COVERED_CALL,6255.106996453049,1300.0,1705.999755859375,341.2,0.0,672.6466621390065,0.0,COVERED_CALL,6255.106996453049,1300.0,1705.999755859375,341.2,0.0,1404.362,0
2024-05-21,531.3599853515625,0.0,100000,108992.69839526936,8992.698395269355,56596.306996453044,100,0.08992698395269261,0.0,108992.69839526936,8992.698395269355,56596.306996453044,100,0.08992698395269261,0.0,126890.52772631835,26890.527726318353,1489.571183349609,236,0.26890527726318414,0.0,739.6071363399338,0.0,COVERED_CALL,6255.106996453049,1300.0,1835.99853515625,341.2,0.0,739.6071363399338,0.0,COVERED_CALL,6255.106996453049,1300.0,1835.99853515625,341.2,0.0,1404.362,0
2024-05-22,529.8300170898438,0.0,100000,108962.09386919223,8962.093869192235,56596.306996453044,100,0.08962093869192134,-0.0002807942782198092,108962.09386919223,8962.093869192235,56596.306996453044,100,0.08962093869192134,-0.0002807942782198092,126529.45521655273,26529.455216552728,1489.571183349609,236,0.2652945521655279,-0.0028455434478481534,617.2148362451827,0.0,COVERED_CALL,6255.106996453049,1300.0,1683.001708984375,341.2,0.0,617.2148362451827,0.0,COVERED_CALL,6255.106996453049,1300.0,1683.001708984375,341.2,0.0,1404.362,0
2024-05-23,525.9600219726562,0.0,100000,108770.81392088384,8770.81392088384,56596.306996453044,100,0.08770813920883747,-0.002035773750465708,108770.81392088384,8770.81392088384,56596.306996453044,100,0.08770813920883747,-0.002035773750465708,125616.13636889648,25616.136368896478,1489.571183349609,236,0.25616136368896525,-0.010043234749330887,421.4952728348237,0.0,COVERED_CALL,6255.106996453049,1300.0,1296.002197265625,341.2,0.0,421.4952728348237,0.0,COVERED_CALL,6255.106996453049,1300.0,1296.002197265625,341.2,0.0,1404.362,0
2024-05-24,529.4400024414062,0.0,100000,108943.94750450246,8943.94750450246,56596.306996453044,100,0.08943947504502359,-0.0004472858410212721,108943.94750450246,8943.94750450246,56596.306996453044,100,0.08943947504502359,-0.0004472858410212721,126437.41175952148,26437.411759521478,1489.571183349609,236,0.26437411759521523,-0.0035709203430391856,596.3597360912172,0.0,COVERED_CALL,6255.106996453049,1300.0,1644.000244140625,341.2,0.0,596.3597360912172,0.0,COVERED_CALL,6255.106996453049,1300.0,1644.000244140625,341.2,0.0,1404.362,0
2024-05-28,529.8099975585938,0.0,100000,109066.04742474775,9066.047424747754,56596.306996453044,100,0.09066047424747659,0.0,109066.04742474775,9066.047424747754,56596.306996453044,100,0.09066047424747659,0.0,126524.73060717773,26524.730607177728,1489.571183349609,236,0.2652473060717777,-0.0028827771914512468,511.2593275646669,0.0,COVERED_CALL,6255.106996453049,1300.0,1680.999755859375,341.2,0.0,511.2593275646669,0.0,COVERED_CALL,6255.106996453049,1300.0,1680.999755859375,341.2,0.0,1404.362,0
2024-05-29,526.0999755859375,0.0,100000,108884.64955351193,8884.649553511932,56596.306996453044,100,0.08884649553511847,-0.0016631928589965206,108884.64955351193,8884.649553511932,56596.306996453044,100,0.08884649553511847,-0.0016631928589965206,125649.16542163085,25649.165421630853,1489.571183349609,236,0.25649165421630893,-0.009782939096643406,321.6550015348568,0.0,COVERED_CALL,6255.106996453049,1300.0,1309.99755859375,341.2,0.0,321.6550015348568,0.0,COVERED_CALL,6255.106996453049,1300.0,1309.99755859375,341.2,0.0,1404.362,0
2024-05-30,522.6099853515625,0.0,100000,108646.41320266355,8646.413202663549,56596.306996453044,100,0.08646413202663461,-0.0038475238811027657,108646.41320266355,8646.413202663549,56596.306996453044,100,0.08646413202663461,-0.0038475238811027657,124825.52772631835,24825.527726318353,1489.571183349609,236,0.24825527726318408,-0.016273870374736488,210.8923289457489,0.0,COVERED_CALL,6255.106996453049,1300.0,960.99853515625,341.2,0.0,210.8923289457489,0.0,COVERED_CALL,6255.106996453049,1300.0,960.99853515625,341.2,0.0,1404.362,0
2024-05-31,527.3699951171875,0.0,100000,108962.37733597177,8962.377335971774,56596.306996453044,100,0.08962377335971694,-0.0009505257706114989,108962.37733597177,8962.377335971774,56596.306996453044,100,0.08962377335971694,-0.0009505257706114989,125948.89003100585,25948.890031005853,1489.571183349609,236,0.2594889003100589,-0.007420866728078179,370.92917220001465,0.0,COVERED_CALL,6255.106996453049,1300.0,1436.99951171875,341.2,0.0,370.92917220001465,0.0,COVERED_CALL,6255.106996453049,1300.0,1436.99951171875,341.2,0.0,1404.362,0
2024-06-03,527.7999877929688,0.0,100000,109131.21119722538,9131.211197225377,56596.306996453044,100,0.09131211197225308,0.0,109131.21119722538,9131.211197225377,56596.306996453044,100,0.09131211197225308,0.0,126050.36830249023,26050.368302490228,1489.571183349609,236,0.26050368302490257,-0.006621135863192573,245.0945785245446,0.0,COVERED_CALL,6255.106996453049,1300.0,1479.998779296875,341.2,0.0,245.0945785245446,0.0,COVERED_CALL,6255.106996453049,1300.0,1479.998779296875,341.2,0.0,1404.362,0
2024-06-04,528.3900146484375,0.0,100000,109199.26229467304,9199.26229467304,56596.306996453044,100,0.09199262294672961,0.0,109199.26229467304,9199.26229467304,56596.306996453044,100,0.09199262294672961,0.0,126189.61464038085,26189.614640380853,1489.571183349609,236,0.26189614640380876,-0.005523762084505557,236.0461666237589,0.0,COVERED_CALL,6255.106996453049,1300.0,1539.00146484375,341.2,0.0,236.0461666237589,0.0,COVERED_CALL,6255.106996453049,1300.0,1539.00146484375,341.2,0.0,1404.362,0
2024-06-05,534.6699829101562,0.0,100000,109425.72179556206,9425.721795562058,56596.306996453044,100,0.09425721795561981,0.0,109425.72179556206,9425.721795562058,56596.306996453044,100,0.09425721795561981,0.0,127671.68715014648,27671.687150146478,1489.571183349609,236,0.2767168715014652,0.0,637.5834919066082,0.0,COVERED_CALL,6255.106996453049,1300.0,2166.998291015625,341.2,0.0,637.5834919066082,0.0,COVERED_CALL,6255.106996453049,1300.0,2166.998291015625,341.2,0.0,1404.362,0
2024-06-06,534.6599731445312,0.0,100000,109457.13587453072,9457.135874530723,56596.306996453044,100,0.09457135874530653,0.0,109457.13587453072,9457.135874530723,56596.306996453044,100,0.09457135874530653,0.0,127669.32484545898,27669.324845458978,1489.571183349609,236,0.2766932484545903,-1.850296444116939e-05,605.1684363754441,0.0,COVERED_CALL,6255.106996453049,1300.0,2165.997314453125,341.2,0.0,605.1684363754441,0.0,COVERED_CALL,6255.106996453049,1300.0,2165.997314453125,341.2,0.0,1404.362,0
2024-06-07,534.010009765625,0.0,100000,109496.30699645304,9496.306996453044,109496.30699645304,0,0.09496306996452963,0.0,109496.30699645304,9496.306996453044,109496.30699645304,0,0.09496306996452963,0.0,127515.9334880371,27515.933488037103,1489.571183349609,236,0.2751593348803716,-0.0012199546006327333,0.0,0.0,CASH,6255.106996453049,2900.0,0.0,341.2,0.0,0.0,0.0,CASH,6255.106996453049,2900.0,0.0,341.2,0.0,1404.362,0
2024-06-10,535.6599731445312,0.0,100000,109496.30699645304,9496.306996453044,109496.30699645304,0,0.09496306996452963,0.0,109496.30699645304,9496.306996453044,109496.30699645304,0,0.09496306996452963,0.0,127905.32484545898,27905.324845458978,1489.571183349609,236,0.27905324845459045,0.0,0.0,0.0,CASH,6255.106996453049,2900.0,0.0,341.2,0.0,0.0,0.0,CASH,6255.106996453049,2900.0,0.0,341.2,0.0,1404.362,0
2024-06-11,536.9500122070312,0.0,100000,109458.25753457789,9458.25753457789,109840.45188426711,0,0.09458257534577807,-0.0003474953897429911,109458.25753457789,9458.25753457789,109840.45188426711,0,0.09458257534577807,-0.0003474953897429911,128209.77406420898,28209.774064208978,1489.571183349609,236,0.28209774064209037,0.0,382.19434968922656,52700.0,SHORT_PUT,6599.251884267111,2900.0,0.0,341.2,0.0,382.19434968922656,52700.0,SHORT_PUT,6599.251884267111,2900.0,0.0,341.2,0.0,1404.362,0
2024-06-12,541.3599853515625,0.0,100000,109578.601629425,9578.601629425,109840.45188426711,0,0.09578601629424921,0.0,109578.601629425,9578.601629425,109840.45188426711,0,0.09578601629424921,0.0,129250.52772631835,29250.527726318353,1489.571183349609,236,0.2925052772631842,0.0,261.85025484211513,52700.0,SHORT_PUT,6599.251884267111,2900.0,0.0,341.2,0.0,261.85025484211513,52700.0,SHORT_PUT,6599.251884267111,2900.0,0.0,341.2,0.0,1404.362,0
2024-06-13,542.4500122070312,0.0,100000,109646.83782505077,9646.837825050767,109840.45188426711,0,0.09646837825050691,0.0,109646.83782505077,9646.837825050767,109840.45188426711,0,0.09646837825050691,0.0,129507.77406420898,29507.774064208978,1489.571183349609,236,0.29507774064209036,0.0,193.61405921634235,52700.0,SHORT_PUT,6599.251884267111,2900.0,0.0,341.2,0.0,193.61405921634235,52700.0,SHORT_PUT,6599.251884267111,2900.0,0.0,341.2,0.0,1404.362,0
2024-06-14,542.780029296875,0.0,100000,109665.24994411625,9665.24994411625,109840.45188426711,0,0.09665249944116172,0.0,109665.24994411625,9665.24994411625,109840.45188426711,0,0.09665249944116172,0.0,129585.6580974121,29585.658097412103,1489.571183349609,236,0.2958565809741216,0.0,175.20194015086398,52700.0,SHORT_PUT,6599.251884267111,2900.0,0.0,341.2,0.0,175.20194015086398,52700.0,SHORT_PUT,6599.251884267111,2900.0,0.0,341.2,0.0,1404.362,0
2024-06-17,547.0999755859375,0.0,100000,109728.33553796592,9728.335537965919,109840.45188426711,0,0.09728335537965838,0.0,109728.33553796592,9728.335537965919,109840.45188426711,0,0.09728335537965838,0.0,130605.16542163085,30605.165421630853,1489.571183349609,236,0.3060516542163092,0.0,112.1163463011881,52700.0,SHORT_PUT,6599.251884267111,2900.0,0.0,341.2,0.0,112.1163463011881,52700.0,SHORT_PUT,6599.251884267111,2900.0,0.0,341.2,0.0,1404.362,0
2024-06-18,548.489990234375,0.0,100000,109749.93627202387,9749.936272023871,109840.45188426711,0,0.09749936272023785,0.0,109749.93627202387,9749.936272023871,109840.45188426711,0,0.09749936272023785,0.0,130933.2088786621,30933.208878662103,1489.571183349609,236,0.30933208878662155,0.0,90.51561224323888,52700.0,SHORT_PUT,6599.251884267111,2900.0,0.0,341.2,0.0,90.51561224323888,52700.0,SHORT_PUT,6599.251884267111,2900.0,0.0,341.2,0.0,1404.362,0
2024-06-20,547.0,0.0,100000,109754.35834544936,9754.358345449364,109840.45188426711,0,0.09754358345449288,0.0,109754.35834544936,9754.358345449364,109840.45188426711,0,0.09754358345449288,0.0,130581.5711833496,30581.571183349603,1489.571183349609,236,0.30581571183349654,-0.0026856264986094835,86.09353881774669,52700.0,SHORT_PUT,6599.251884267111,2900.0,0.0,341.2,0.0,86.09353881774669,52700.0,SHORT_PUT,6599.251884267111,2900.0,0.0,341.2,0.0,1404.362,0
2024-06-21,544.510009765625,0.0,100000,109708.5370585491,9708.537058549104,109840.45188426711,0,0.09708537058549016,-0.00041748945181796504,109708.5370585491,9708.537058549104,109840.45188426711,0,0.09708537058549016,-0.00041748945181796504,130409.05748803711,30409.057488037113,1904.6951833496091,236,0.3040905748803717,-0.004003196707038081,131.9148257179999,52700.0,SHORT_PUT,6599.251884267111,2900.0,0.0,341.2,0.0,131.9148257179999,52700.0,SHORT_PUT,6599.251884267111,2900.0,0.0,341.2,0.0,1819.486,0
2024-06-24,542.739990234375,0.0,100000,109711.93027265019,9711.930272650192,109840.45188426711,0,0.09711930272650093,-0.0003865730112115884,109711.93027265019,9711.930272650192,109840.45188426711,0,0.09711930272650093,-0.0003865730112115884,129991.33287866211,29991.332878662113,1904.6951833496091,236,0.2999133287866218,-0.007193560809105604,128.52161161692072,52700.0,SHORT_PUT,6599.251884267111,2900.0,0.0,341.2,0.0,128.52161161692072,52700.0,SHORT_PUT,6599.251884267111,2900.0,0.0,341.2,0.0,1819.486,0
2024-06-25,544.8300170898438,0.0,100000,109746.87180246324,9746.87180246324,109840.45188426711,0,0.09746871802463142,-6.821180588179043e-05,109746.87180246324,9746.87180246324,109840.45188426711,0,0.09746871802463142,-6.821180588179043e-05,130484.57921655274,30484.57921655274,1904.6951833496091,236,0.3048457921655279,-0.0034264008798953194,93.58008180386811,52700.0,SHORT_PUT,6599.251884267111,2900.0,0.0,341.2,0.0,93.58008180386811,52700.0,SHORT_PUT,6599.251884267111,2900.0,0.0,341.2,0.0,1819.486,0
2024-06-26,545.510009765625,0.0,100000,109773.43032404722,9773.430324047222,109840.45188426711,0,0.09773430324047117,0.0,109773.43032404722,9773.430324047222,109840.45188426711,0,0.09773430324047117,0.0,130645.05748803711,30645.057488037113,1904.6951833496091,236,0.30645057488037164,-0.002200751001925183,67.02156021988561,52700.0,SHORT_PUT,6599.251884267111,2900.0,0.0,341.2,0.0,67.02156021988561,52700.0,SHORT_PUT,6599.251884267111,2900.0,0.0,341.2,0.0,1819.486,0
2024-06-27,546.3699951171875,0.0,100000,109793.14031497798,9793.14031497798,109840.45188426711,0,0.09793140314977866,0.0,109793.14031497798,9793.14031497798,109840.45188426711,0,0.09793140314977866,0.0,130848.01403100586,30848.014031005863,1904.6951833496091,236,0.308480140310059,-0.0006506740985413595,47.3115692891356,52700.0,SHORT_PUT,6599.251884267111,2900.0,0.0,341.2,0.0,47.3115692891356,52700.0,SHORT_PUT,6599.251884267111,2900.0,0.0,341.2,0.0,1819.486,0
2024-06-28,544.219970703125,0.0,100000,109787.62587983663,9787.625879836633,109840.45188426711,0,0.09787625879836526,-5.02256800881673e-05,109787.62587983663,9787.625879836633,109840.45188426711,0,0.09787625879836526,-5.02256800881673e-05,130340.60826928711,30340.608269287113,1904.6951833496091,236,0.3034060826928715,-0.004525976369556317,52.82600443047365,52700.0,SHORT_PUT,6599.251884267111,2900.0,0.0,341.2,0.0,52.82600443047365,52700.0,SHORT_PUT,6599.251884267111,2900.0,0.0,341.2,0.0,1819.486,0
2024-07-01,545.3400268554688,0.0,100000,109812.77027716725,9812.770277167248,109840.45188426711,0,0.09812770277167138,0.0,109812.77027716725,9812.770277167248,109840.45188426711,0,0.09812770277167138,0.0,130604.94152124024,30604.94152124024,1904.6951833496091,236,0.3060494152124029,-0.002507135968278895,27.681607099860166,52700.0,SHORT_PUT,6599.251884267111,2900.0,0.0,341.2,0.0,27.681607099860166,52700.0,SHORT_PUT,6599.251884267111,2900.0,0.0,341.2,0.0,1819.486,0
2024-07-02,549.010009765625,0.0,100000,109831.3090159435,9831.309015943494,109840.45188426711,0,0.09831309015943379,0.0,109831.3090159435,9831.309015943494,109840.45188426711,0,0.09831309015943379,0.0,131471.0574880371,31471.0574880371,1904.6951833496091,236,0.3147105748803716,0.0,9.142868323614039,52700.0,SHORT_PUT,6599.251884267111,2900.0,0.0,341.2,0.0,9.142868323614039,52700.0,SHORT_PUT,6599.251884267111,2900.0,0.0,341.2,0.0,1819.486,0
2024-07-03,551.4600219726562,0.0,100000,109836.88135398545,9836.881353985445,109840.45188426711,0,0.0983688135398535,0.0,109836.88135398545,9836.881353985445,109840.45188426711,0,0.0983688135398535,0.0,132049.26036889647,32049.260368896474,1904.6951833496091,236,0.32049260368896526,0.0,3.5705302816711573,52700.0,SHORT_PUT,6599.251884267111,2900.0,0.0,341.2,0.0,3.5705302816711573,52700.0,SHORT_PUT,6599.251884267111,2900.0,0.0,341.2,0.0,1819.486,0
2024-07-05,554.6400146484375,0.0,100000,109839.13742295363,9839.13742295363,109840.45188426711,0,0.09839137422953526,0.0,109839.13742295363,9839.13742295363,109840.45188426711,0,0.09839137422953526,0.0,132799.73864038085,32799.73864038085,1904.6951833496091,236,0.32799738640380904,0.0,1.3144613134853258,52700.0,SHORT_PUT,6599.251884267111,2900.0,0.0,341.2,0.0,1.3144613134853258,52700.0,SHORT_PUT,6599.251884267111,2900.0,0.0,341.2,0.0,1819.486,0
2024-07-08,555.280029296875,0.0,100000,109839.44717849068,9839.447178490678,109840.45188426711,0,0.0983944717849059,0.0,109839.44717849068,9839.447178490678,109840.45188426711,0,0.0983944717849059,0.0,132950.7820974121,32950.7820974121,1904.6951833496091,236,0.32950782097412157,0.0,1.0047057764303755,52700.0,SHORT_PUT,6599.251884267111,2900.0,0.0,341.2,0.0,1.0047057764303755,52700.0,SHORT_PUT,6599.251884267111,2900.0,0.0,341.2,0.0,1819.486,0
2024-07-09,555.8200073242188,0.0,100000,109839.45177031984,9839.451770319836,109840.45188426711,0,0.09839451770319751,0.0,109839.45177031984,9839.451770319836,109840.45188426711,0,0.09839451770319751,0.0,133078.21691186522,33078.216911865224,1904.6951833496091,236,0.33078216911865277,0.0,1.0001139472803975,52700.0,SHORT_PUT,6599.251884267111,2900.0,0.0,341.2,0.0,1.0001139472803975,52700.0,SHORT_PUT,6599.251884267111,2900.0,0.0,341.2,0.0,1819.486,0
2024-07-10,561.3200073242188,0.0,100000,109839.45188426679,9839.45188426679,109840.45188426711,0,0.09839451884266714,0.0,109839.45188426679,9839.45188426679,109840.45188426711,0,0.09839451884266714,0.0,134376.21691186522,34376.216911865224,1904.6951833496091,236,0.34376216911865276,0.0,1.0000000003151508,52700.0,SHORT_PUT,6599.251884267111,2900.0,0.0,341.2,0.0,1.0000000003151508,52700.0,SHORT_PUT,6599.251884267111,2900.0,0.0,341.2,0.0,1819.486,0
2024-07-11,556.47998046875,0.0,100000,109839.45188426711,9839.45188426711,109840.45188426711,0,0.09839451884267025,0.0,109839.45188426711,9839.45188426711,109840.45188426711,0,0.09839451884267025,0.0,133233.9705739746,33233.9705739746,1904.6951833496091,236,0.3323397057397466,-0.008500360883353264,1.000000000000012,52700.0,SHORT_PUT,6599.251884267111,2900.0,0.0,341.2,0.0,1.000000000000012,52700.0,SHORT_PUT,6599.251884267111,2900.0,0.0,341.2,0.0,1819.486,0
2024-07-12,559.989990234375,0.0,100000,109840.45188426711,9840.45188426711,109840.45188426711,0,0.0984045188426701,0.0,109840.45188426711,9840.45188426711,109840.45188426711,0,0.0984045188426701,0.0,134062.3328786621,34062.3328786621,1904.6951833496091,236,0.3406233287866216,-0.0023358600235708904,0.0,0.0,CASH,6599.251884267111,2900.0,0.0,341.2,0.0,0.0,0.0,CASH,6599.251884267111,2900.0,0.0,341.2,0.0,1819.486,0
2024-07-15,561.530029296875,0.0,100000,109840.45188426711,9840.45188426711,109840.45188426711,0,0.0984045188426701,0.0,109840.45188426711,9840.45188426711,109840.45188426711,0,0.0984045188426701,0.0,134425.7820974121,34425.7820974121,1904.6951833496091,236,0.3442578209741216,0.0,0.0,0.0,CASH,6599.251884267111,2900.0,0.0,341.2,0.0,0.0,0.0,CASH,6599.251884267111,2900.0,0.0,341.2,0.0,1819.486,0
2024-07-16,564.8599853515625,0.0,100000,109805.24348595098,9805.243485950981,110157.6066682703,0,0.09805243485950887,-0.00032054127338454474,109805.24348595098,9805.243485950981,110157.6066682703,0,0.09805243485950887,-0.00032054127338454474,135211.65172631835,35211.65172631835,1904.6951833496091,236,0.35211651726318416,0.0,352.36318231931693,55200.0,SHORT_PUT,6916.406668270302,2900.0,0.0,341.2,0.0,352.36318231931693,55200.0,SHORT_PUT,6916.406668270302,2900.0,0.0,341.2,0.0,1819.486,0
2024-07-17,556.9400024414062,0.0,100000,109549.6910748511,9549.6910748511,110157.6066682703,0,0.09549691074850997,-0.0026471195668639202,109549.6910748511,9549.6910748511,110157.6066682703,0,0.09549691074850997,-0.0026471195668639202,133342.53575952147,33342.535759521474,1904.6951833496091,236,0.3334253575952155,-0.013823630899651551,607.9155934191879,55200.0,SHORT_PUT,6916.406668270302,2900.0,0.0,341.2,0.0,607.9155934191879,55200.0,SHORT_PUT,6916.406668270302,2900.0,0.0,341.2,0.0,1819.486,0
2024-07-18,552.6599731445312,0.0,100000,109288.35299832922,9288.352998329225,110157.6066682703,0,0.0928835299832913,-0.005026371218133652,109288.35299832922,9288.352998329225,110157.6066682703,0,0.0928835299832913,-0.005026371218133652,132332.44884545897,32332.448845458974,1904.6951833496091,236,0.3233244884545905,-0.021294044145597435,869.2536699410681,55200.0,SHORT_PUT,6916.406668270302,2900.0,0.0,341.2,0.0,869.2536699410681,55200.0,SHORT_PUT,6916.406668270302,2900.0,0.0,341.2,0.0,1819.486,0
2024-07-19,548.989990234375,0.0,100000,109018.73302276977,9018.733022769768,110157.6066682703,0,0.09018733022769676,-0.00748102222269742,109018.73302276977,9018.733022769768,110157.6066682703,0,0.09018733022769676,-0.00748102222269742,131466.3328786621,31466.3328786621,1904.6951833496091,236,0.31466332878662184,-0.027699675285655978,1138.8736455005328,55200.0,SHORT_PUT,6916.406668270302,2900.0,0.0,341.2,0.0,1138.8736455005328,55200.0,SHORT_PUT,6916.406668270302,2900.0,0.0,341.2,0.0,1819.486,0
2024-07-22,554.6500244140625,0.0,100000,109321.21030859182,9321.21030859182,110157.6066682703,0,0.09321210308591721,-0.004727234518503098,109321.21030859182,9321.21030859182,110157.6066682703,0,0.09321210308591721,-0.004727234518503098,132802.10094506835,32802.10094506835,1904.6951833496091,236,0.32802100945068435,-0.017820585359959562,836.3963596784797,55200.0,SHORT_PUT,6916.406668270302,2900.0,0.0,341.2,0.0,836.3963596784797,55200.0,SHORT_PUT,6916.406668270302,2900.0,0.0,341.2,0.0,1819.486,0
2024-07-23,553.780029296875,0.0,100000,109394.60699190033,9394.606991900335,110157.6066682703,0,0.09394606991900245,-0.00405902274361114,109394.60699190033,9394.606991900335,110157.6066682703,0,0.09394606991900245,-0.00405902274361114,132596.7820974121,32596.7820974121,1904.6951833496091,236,0.3259678209741219,-0.019339085023522773,762.9996763699643,55200.0,SHORT_PUT,6916.406668270302,2900.0,0.0,341.2,0.0,762.9996763699643,55200.0,SHORT_PUT,6916.406668270302,2900.0,0.0,341.2,0.0,1819.486,0
2024-07-24,541.22998046875,0.0,100000,108675.17609143202,8675.176091432018,110157.6066682703,0,0.08675176091431935,-0.010608803704329817,108675.17609143202,8675.176091432018,110157.6066682703,0,0.08675176091431935,-0.010608803704329817,129634.97057397461,29634.970573974613,1904.6951833496091,236,0.29634970573974706,-0.041244087185854816,1482.430576838271,55200.0,SHORT_PUT,6916.406668270302,2900.0,0.0,341.2,0.0,1482.430576838271,55200.0,SHORT_PUT,6916.406668270302,2900.0,0.0,341.2,0.0,1819.486,0
2024-07-25,538.4099731445312,0.0,100000,108321.4970451394,8321.497045139404,110157.6066682703,0,0.08321497045139314,-0.013828738074822766,108321.4970451394,8321.497045139404,110157.6066682703,0,0.08321497045139314,-0.013828738074822766,128969.44884545899,28969.44884545899,1904.6951833496091,236,0.2896944884545909,-0.046166160986585325,1836.1096231308927,55200.0,SHORT_PUT,6916.406668270302,2900.0,0.0,341.2,0.0,1836.1096231308927,55200.0,SHORT_PUT,6916.406668270302,2900.0,0.0,341.2,0.0,1819.486,0
2024-07-26,544.4400024414062,0.0,100000,108732.19286138812,8732.192861388117,110157.6066682703,0,0.08732192861388022,-0.01008971652853996,108732.19286138812,8732.192861388117,110157.6066682703,0,0.08732192861388022,-0.01008971652853996,130392.53575952149,30392.53575952149,1904.6951833496091,236,0.3039253575952161,-0.03564127725139521,1425.4138068821771,55200.0,SHORT_PUT,6916.406668270302,2900.0,0.0,341.2,0.0,1425.4138068821771,55200.0,SHORT_PUT,6916.406668270302,2900.0,0.0,341.2,0.0,1819.486,0
2024-07-29,544.760009765625,0.0,100000,108919.9082121028,8919.908212102804,110157.6066682703,0,0.08919908212102712,-0.00838073456884747,108919.9082121028,8919.908212102804,110157.6066682703,0,0.08919908212102712,-0.00838073456884747,130468.05748803711,30468.057488037113,1904.6951833496091,236,0.30468057488037226,-0.035082732721013477,1237.6984561674965,55200.0,SHORT_PUT,6916.406668270302,2900.0,0.0,341.2,0.0,1237.6984561674965,55200.0,SHORT_PUT,6916.406668270302,2900.0,0.0,341.2,0.0,1819.486,0
2024-07-30,542.0,0.0,100000,108740.82399081622,8740.823990816221,110157.6066682703,0,0.08740823990816127,-0.010011137741945064,108740.82399081622,8740.823990816221,110157.6066682703,0,0.08740823990816127,-0.010011137741945064,129816.69518334961,29816.695183349613,1904.6951833496091,236,0.2981669518334973,-0.03990008608051476,1416.7826774540772,55200.0,SHORT_PUT,6916.406668270302,2900.0,0.0,341.2,0.0,1416.7826774540772,55200.0,SHORT_PUT,6916.406668270302,2900.0,0.0,341.2,0.0,1819.486,0
2024-07-31,550.8099975585938,0.0,100000,109261.97484486064,9261.97484486064,110157.6066682703,0,0.09261974844860532,-0.005266520935438113,109261.97484486064,9261.97484486064,110157.6066682703,0,0.09261974844860532,-0.005266520935438113,131895.85460717772,31895.854607177724,1904.6951833496091,236,0.3189585460717783,-0.024523013193064713,895.6318234096566,55200.0,SHORT_PUT,6916.406668270302,2900.0,0.0,341.2,0.0,895.6318234096566,55200.0,SHORT_PUT,6916.406668270302,2900.0,0.0,341.2,0.0,1819.486,0
2024-08-01,543.010009765625,0.0,100000,108863.30179834754,8863.301798347544,110157.6066682703,0,0.08863301798347423,-0.008896085814988797,108863.30179834754,8863.301798347544,110157.6066682703,0,0.08863301798347423,-0.008896085814988797,130055.05748803711,30055.057488037113,1904.6951833496091,236,0.30055057488037207,-0.03813720321025782,1294.3048699227522,55200.0,SHORT_PUT,6916.406668270302,2900.0,0.0,341.2,0.0,1294.3048699227522,55200.0,SHORT_PUT,6916.406668270302,2900.0,0.0,341.2,0.0,1819.486,0
2024-08-02,532.9000244140625,0.0,100000,108001.67298907357,8001.672989073573,110157.6066682703,0,0.0800167298907346,-0.01674045275351721,108001.67298907357,8001.672989073573,110157.6066682703,0,0.0800167298907346,-0.01674045275351721,127669.10094506836,27669.100945068363,1904.6951833496091,236,0.2766910094506845,-0.05578329001199411,2155.9336791967175,55200.0,SHORT_PUT,6916.406668270302,2900.0,0.0,341.2,0.0,2155.9336791967175,55200.0,SHORT_PUT,6916.406668270302,2900.0,0.0,341.2,0.0,1819.486,0
2024-08-05,517.3800048828125,0.0,100000,106498.71684283344,6498.716842833441,110157.6066682703,0,0.06498716842833341,-0.03042353690382371,106498.71684283344,6498.716842833441,110157.6066682703,0,0.06498716842833341,-0.03042353690382371,124006.37633569336,24006.376335693363,1904.6951833496091,236,0.24006376335693447,-0.08287211381239201,3658.8898254368596,55200.0,SHORT_PUT,6916.406668270302,2900.0,0.0,341.2,0.0,3658.8898254368596,55200.0,SHORT_PUT,6916.406668270302,2900.0,0.0,341.2,0.0,1819.486,0
2024-08-06,522.1500244140625,0.0,100000,106665.27655083043,6665.276550830429,110157.6066682703,0,0.06665276550830335,-0.028907158327991844,106665.27655083043,6665.276550830429,110157.6066682703,0,0.06665276550830335,-0.028907158327991844,125132.10094506836,25132.100945068363,1904.6951833496091,236,0.25132100945068436,-0.0745464658744941,3492.3301174398675,55200.0,SHORT_PUT,6916.406668270302,2900.0,0.0,341.2,0.0,3492.3301174398675,55200.0,SHORT_PUT,6916.406668270302,2900.0,0.0,341.2,0.0,1819.486,0
2024-08-07,518.6599731445312,0.0,100000,106596.879804351,6596.879804351003,110157.6066682703,0,0.06596879804350908,-0.029529850107806177,106596.879804351,6596.879804351003,110157.6066682703,0,0.06596879804350908,-0.029529850107806177,124308.44884545899,24308.44884545899,1904.6951833496091,236,0.24308448845459063,-0.08063804222234117,3560.7268639192866,55200.0,SHORT_PUT,6916.406668270302,2900.0,0.0,341.2,0.0,3560.7268639192866,55200.0,SHORT_PUT,6916.406668270302,2900.0,0.0,341.2,0.0,1819.486,0
2024-08-08,530.6500244140625,0.0,100000,107722.55528813918,7722.555288139178,110157.6066682703,0,0.07722555288139077,-0.01928157213300108,107722.55528813918,7722.555288139178,110157.6066682703,0,0.07722555288139077,-0.01928157213300108,127138.10094506836,27138.100945068363,1904.6951833496091,236,0.27138100945068433,-0.05971046635530819,2435.0513801311145,55200.0,SHORT_PUT,6916.406668270302,2900.0,0.0,341.2,0.0,2435.0513801311145,55200.0,SHORT_PUT,6916.406668270302,2900.0,0.0,341.2,0.0,1819.486,0
2024-08-09,532.989990234375,0.0,100000,108040.1599439709,8040.159943970895,110157.6066682703,0,0.08040159943970782,-0.016390063127135535,108040.1599439709,8040.159943970895,110157.6066682703,0,0.08040159943970782,-0.016390063127135535,127690.33287866211,27690.332878662113,1904.6951833496091,236,0.27690332878662205,-0.05562626261588832,2117.4467242993987,55200.0,SHORT_PUT,6916.406668270302,2900.0,0.0,341.2,0.0,2117.4467242993987,55200.0,SHORT_PUT,6916.406668270302,2900.0,0.0,341.2,0.0,1819.486,0
2024-08-12,533.27001953125,0.0,100000,108174.56527089463,8174.565270894629,110157.6066682703,0,0.0817456527089453,-0.015166421703433408,108174.56527089463,8174.565270894629,110157.6066682703,0,0.0817456527089453,-0.015166421703433408,127756.41979272461,27756.419792724613,1904.6951833496091,236,0.27756419792724696,-0.055137496202500635,1983.0413973756656,55200.0,SHORT_PUT,6916.406668270302,2900.0,0.0,341.2,0.0,1983.0413973756656,55200.0,SHORT_PUT,6916.406668270302,2900.0,0.0,341.2,0.0,1819.486,0
2024-08-13,542.0399780273438,0.0,100000,109023.62263624714,9023.622636247135,110157.6066682703,0,0.0902362263624703,-0.007436506623995198,109023.62263624714,9023.622636247135,110157.6066682703,0,0.0902362263624703,-0.007436506623995198,129826.12999780274,29826.12999780274,1904.6951833496091,236,0.2982612999780281,-0.03983030796352105,1133.9840320231579,55200.0,SHORT_PUT,6916.406668270302,2900.0,0.0,341.2,0.0,1133.9840320231579,55200.0,SHORT_PUT,6916.406668270302,2900.0,0.0,341.2,0.0,1819.486,0
2024-08-14,543.75,0.0,100000,109245.60523722811,9245.605237228112,110157.6066682703,0,0.09245605237228016,-0.005415551710090893,109245.60523722811,9245.605237228112,110157.6066682703,0,0.09245605237228016,-0.005415551710090893,130229.69518334961,30229.695183349613,1904.6951833496091,236,0.30229695183349703,-0.03684561559127075,912.001431042188,55200.0,SHORT_PUT,6916.406668270302,2900.0,0.0,341.2,0.0,912.001431042188,55200.0,SHORT_PUT,6916.406668270302,2900.0,0.0,341.2,0.0,1819.486,0
2024-08-15,553.0700073242188,0.0,100000,110013.68574713508,10013.685747135081,110157.6066682703,0,0.10013685747134993,0.0,110013.68574713508,10013.685747135081,110157.6066682703,0,0.10013685747134993,0.0,132429.21691186522,32429.216911865224,1904.6951833496091,236,0.3242921691186531,-0.020578365687633382,143.92092113521272,55200.0,SHORT_PUT,6916.406668270302,2900.0,0.0,341.2,0.0,143.92092113521272,55200.0,SHORT_PUT,6916.406668270302,2900.0,0.0,341.2,0.0,1819.486,0
2024-08-16,554.3099975585938,0.0,100000,110157.6066682703,10157.606668270295,110157.6066682703,0,0.10157606668270192,0.0,110157.6066682703,10157.606668270295,110157.6066682703,0,0.10157606668270192,0.0,132721.85460717772,32721.854607177724,1904.6951833496091,236,0.327218546071778,-0.018414072214576582,0.0,0.0,CASH,6916.406668270302,2900.0,0.0,341.2,0.0,0.0,0.0,CASH,6916.406668270302,2900.0,0.0,341.2,0.0,1819.486,0
2024-08-19,559.6099853515625,0.0,100000,110157.6066682703,10157.606668270295,110157.6066682703,0,0.10157606668270192,0.0,110157.6066682703,10157.606668270295,110157.6066682703,0,0.10157606668270192,0.0,133972.65172631835,33972.65172631835,1904.6951833496091,236,0.33972651726318426,-0.009163411467732474,0.0,0.0,CASH,6916.406668270302,2900.0,0.0,341.2,0.0,0.0,0.0,CASH,6916.406668270302,2900.0,0.0,341.2,0.0,1819.486,0
2024-08-20,558.7000122070312,0.0,100000,110108.45999969936,10108.459999699364,110607.17501969419,0,0.10108459999699249,-0.00044614865970127315,110108.45999969936,10108.459999699364,110607.17501969419,0,0.10108459999699249,-0.00044614865970127315,133757.89806420897,33757.898064208974,1904.6951833496091,236,0.3375789806420906,-0.01075168924828973,498.7150199948296,54800.0,SHORT_PUT,7365.975019694196,2900.0,0.0,341.2,0.0,498.7150199948296,54800.0,SHORT_PUT,7365.975019694196,2900.0,0.0,341.2,0.0,1819.486,0
2024-08-21,560.6199951171875,0.0,100000,110109.83198375184,10109.831983751836,110607.17501969419,0,0.10109831983751705,-0.0004336939224030001,110109.83198375184,10109.831983751836,110607.17501969419,0,0.10109831983751705,-0.0004336939224030001,134211.01403100585,34211.01403100585,1904.6951833496091,236,0.34211014031005926,-0.007400528597475309,497.3430359423558,54800.0,SHORT_PUT,7365.975019694196,2900.0,0.0,341.2,0.0,497.3430359423558,54800.0,SHORT_PUT,7365.975019694196,2900.0,0.0,341.2,0.0,1819.486,0
2024-08-22,556.219970703125,0.0,100000,109953.95645190902,9953.95645190902,110607.17501969419,0,0.09953956451908885,-0.0018487167842579089,109953.95645190902,9953.95645190902,110607.17501969419,0,0.09953956451908885,-0.0018487167842579089,133172.6082692871,33172.6082692871,1904.6951833496091,236,0.33172608269287185,-0.015080382725879637,653.2185677851669,54800.0,SHORT_PUT,7365.975019694196,2900.0,0.0,341.2,0.0,653.2185677851669,54800.0,SHORT_PUT,7365.975019694196,2900.0,0.0,341.2,0.0,1819.486,0
2024-08-23,562.1300048828125,0.0,100000,110091.6213098643,10091.621309864306,110607.17501969419,0,0.10091621309864185,-0.0005990086422693608,110091.6213098643,10091.621309864306,110607.17501969419,0,0.10091621309864185,-0.0005990086422693608,134567.37633569335,34567.37633569335,1904.6951833496091,236,0.34567376335693445,-0.0047649398731482995,515.5537098298834,54800.0,SHORT_PUT,7365.975019694196,2900.0,0.0,341.2,0.0,515.5537098298834,54800.0,SHORT_PUT,7365.975019694196,2900.0,0.0,341.2,0.0,1819.486,0
2024-08-26,560.7899780273438,0.0,100000,110190.44028017794,10190.440280177936,110607.17501969419,0,0.10190440280177815,0.0,110190.44028017794,10190.440280177936,110607.17501969419,0,0.10190440280177815,0.0,134251.12999780272,34251.129997802724,1904.6951833496091,236,0.3425112999780282,-0.007103838435904786,416.73473951624464,54800.0,SHORT_PUT,7365.975019694196,2900.0,0.0,341.2,0.0,416.73473951624464,54800.0,SHORT_PUT,7365.975019694196,2900.0,0.0,341.2,0.0,1819.486,0
2024-08-27,561.5599975585938,0.0,100000,110213.00025280612,10213.000252806116,110607.17501969419,0,0.10213000252805982,0.0,110213.00025280612,10213.000252806116,110607.17501969419,0,0.10213000252805982,0.0,134432.85460717772,34432.854607177724,1904.6951833496091,236,0.3443285460717782,-0.005759837330564954,394.17476688806516,54800.0,SHORT_PUT,7365.975019694196,2900.0,0.0,341.2,0.0,394.17476688806516,54800.0,SHORT_PUT,7365.975019694196,2900.0,0.0,341.2,0.0,1819.486,0
2024-08-28,558.2999877929688,0.0,100000,110169.56444517053,10169.56444517053,110607.17501969419,0,0.10169564445170387,-0.000394107841506508,110169.56444517053,10169.56444517053,110607.17501969419,0,0.10169564445170387,-0.000394107841506508,133663.49230249022,33663.492302490224,1904.6951833496091,236,0.3366349230249033,-0.011449896544135973,437.6105745236569,54800.0,SHORT_PUT,7365.975019694196,2900.0,0.0,341.2,0.0,437.6105745236569,54800.0,SHORT_PUT,7365.975019694196,2900.0,0.0,341.2,0.0,1819.486,0
2024-08-29,558.3499755859375,0.0,100000,110103.01345466179,10103.013454661792,110607.17501969419,0,0.10103013454661647,-0.000997947591409809,110103.01345466179,10103.013454661792,110607.17501969419,0,0.10103013454661647,-0.000997947591409809,133675.28942163085,33675.28942163085,1904.6951833496091,236,0.3367528942163096,-0.011362647265024228,504.1615650323986,54800.0,SHORT_PUT,7365.975019694196,2900.0,0.0,341.2,0.0,504.1615650323986,54800.0,SHORT_PUT,7365.975019694196,2900.0,0.0,341.2,0.0,1819.486,0
2024-08-30,563.6799926757812,0.0,100000,110334.1861086853,10334.186108685302,110607.17501969419,0,0.10334186108685173,0.0,110334.1861086853,10334.186108685302,110607.17501969419,0,0.10334186108685173,0.0,134933.17345483397,34933.173454833974,1904.6951833496091,236,0.3493317345483409,-0.0020595730318271332,272.9889110088831,54800.0,SHORT_PUT,7365.975019694196,2900.0,0.0,341.2,0.0,272.9889110088831,54800.0,SHORT_PUT,7365.975019694196,2900.0,0.0,341.2,0.0,1819.486,0
2024-09-03,552.0800170898438,0.0,100000,110049.5194929319,10049.519492931897,110607.17501969419,0,0.1004951949293178,-0.0025800400201708706,110049.5194929319,10049.519492931897,110607.17501969419,0,0.1004951949293178,-0.0025800400201708706,132195.57921655272,32195.579216552724,1904.6951833496091,236,0.3219557921655283,-0.02230630623365515,557.6555267622881,54800.0,SHORT_PUT,7365.975019694196,2900.0,0.0,341.2,0.0,557.6555267622881,54800.0,SHORT_PUT,7365.975019694196,2900.0,0.0,341.2,0.0,1819.486,0
2024-09-04,550.9500122070312,0.0,100000,109776.67262012199,9776.672620121986,110607.17501969419,0,0.09776672620121873,-0.005052953288784967,109776.67262012199,9776.672620121986,110607.17501969419,0,0.09776672620121873,-0.005052953288784967,131928.89806420897,31928.898064208974,1904.6951833496091,236,0.31928898064209066,-0.02427862998637098,830.502399572204,54800.0,SHORT_PUT,7365.975019694196,2900.0,0.0,341.2,0.0,830.502399572204,54800.0,SHORT_PUT,7365.975019694196,2900.0,0.0,341.2,0.0,1819.486,0
2024-09-05,549.6099853515625,0.0,100000,109716.23415441203,9716.234154412028,110607.17501969419,0,0.09716234154411918,-0.005600729710957708,109716.23415441203,9716.234154412028,110607.17501969419,0,0.09716234154411918,-0.005600729710957708,131612.65172631835,31612.65172631835,1904.6951833496091,236,0.3161265172631844,-0.026617528549127578,890.940865282165,54800.0,SHORT_PUT,7365.975019694196,2900.0,0.0,341.2,0.0,890.940865282165,54800.0,SHORT_PUT,7365.975019694196,2900.0,0.0,341.2,0.0,1819.486,0
2024-09-06,540.3599853515625,0.0,100000,109286.29829109105,9286.29829109105,110607.17501969419,0,0.09286298291090955,-0.009497399260841921,109286.29829109105,9286.29829109105,110607.17501969419,0,0.09286298291090955,-0.009497399260841921,129429.65172631836,29429.651726318363,1904.6951833496091,236,0.2942965172631846,-0.04276258684941803,1320.8767286031389,54800.0,SHORT_PUT,7365.975019694196,2900.0,0.0,341.2,0.0,1320.8767286031389,54800.0,SHORT_PUT,7365.975019694196,2900.0,0.0,341.2,0.0,1819.486,0
2024-09-09,546.4099731445312,0.0,100000,109647.15476406815,9647.154764068153,110607.17501969419,0,0.09647154764068055,-0.006226822065287685,109647.15476406815,9647.154764068153,110607.17501969419,0,0.09647154764068055,-0.006226822065287685,130857.44884545899,30857.44884545899,1904.6951833496091,236,0.3085744884545909,-0.03220286732146915,960.020255626037,54800.0,SHORT_PUT,7365.975019694196,2900.0,0.0,341.2,0.0,960.020255626037,54800.0,SHORT_PUT,7365.975019694196,2900.0,0.0,341.2,0.0,1819.486,0
2024-09-10,548.7899780273438,0.0,100000,109922.00395286942,9922.003952869418,110607.17501969419,0,0.0992200395286933,-0.0037357610578631073,109922.00395286942,9922.003952869418,110607.17501969419,0,0.0992200395286933,-0.0037357610578631073,131419.12999780272,31419.129997802724,1904.6951833496091,236,0.3141912999780283,-0.028048778933579044,685.1710668247674,54800.0,SHORT_PUT,7365.975019694196,2900.0,0.0,341.2,0.0,685.1710668247674,54800.0,SHORT_PUT,7365.975019694196,2900.0,0.0,341.2,0.0,1819.486,0
2024-09-11,554.4199829101562,0.0,100000,110209.71525609284,10209.715256092837,110607.17501969419,0,0.10209715256092733,-0.0011281258962642093,110209.71525609284,10209.715256092837,110607.17501969419,0,0.10209715256092733,-0.0011281258962642093,132747.81115014647,32747.811150146474,1904.6951833496091,236,0.3274781115014658,-0.018222102494235393,397.4597636013425,54800.0,SHORT_PUT,7365.975019694196,2900.0,0.0,341.2,0.0,397.4597636013425,54800.0,SHORT_PUT,7365.975019694196,2900.0,0.0,341.2,0.0,1819.486,0
2024-09-12,559.0900268554688,0.0,100000,110417.69541097841,10417.695410978413,110607.17501969419,0,0.104176954109783,0.0,110417.69541097841,10417.695410978413,110607.17501969419,0,0.104176954109783,0.0,133849.94152124022,33849.941521240224,1904.6951833496091,236,0.33849941521240345,-0.010070953114560743,189.4796087157671,54800.0,SHORT_PUT,7365.975019694196,2900.0,0.0,341.2,0.0,189.4796087157671,54800.0,SHORT_PUT,7365.975019694196,2900.0,0.0,341.2,0.0,1819.486,0
2024-09-13,562.010009765625,0.0,100000,110509.34219548338,10509.342195483376,110607.17501969419,0,0.10509342195483251,0.0,110509.34219548338,10509.342195483376,110607.17501969419,0,0.10509342195483251,0.0,134539.0574880371,34539.0574880371,1904.6951833496091,236,0.34539057488037206,-0.004974380755606855,97.83282421080557,54800.0,SHORT_PUT,7365.975019694196,2900.0,0.0,341.2,0.0,97.83282421080557,54800.0,SHORT_PUT,7365.975019694196,2900.0,0.0,341.2,0.0,1819.486,0
2024-09-16,562.8400268554688,0.0,100000,110580.93078431414,10580.930784314143,110607.17501969419,0,0.10580930784314035,0.0,110580.93078431414,10580.930784314143,110607.17501969419,0,0.10580930784314035,0.0,134734.94152124022,34734.941521240224,1904.6951833496091,236,0.34734941521240326,-0.0035256592090376904,26.24423538003846,54800.0,SHORT_PUT,7365.975019694196,2900.0,0.0,341.2,0.0,26.24423538003846,54800.0,SHORT_PUT,7365.975019694196,2900.0,0.0,341.2,0.0,1819.486,0
2024-09-17,563.0700073242188,0.0,100000,110592.44892694784,10592.448926947836,110607.17501969419,0,0.10592448926947728,0.0,110592.44892694784,10592.448926947836,110607.17501969419,0,0.10592448926947728,0.0,134789.21691186522,34789.216911865224,1904.6951833496091,236,0.34789216911865317,-0.003124248606238056,14.726092746353658,54800.0,SHORT_PUT,7365.975019694196,2900.0,0.0,341.2,0.0,14.726092746353658,54800.0,SHORT_PUT,7365.975019694196,2900.0,0.0,341.2,0.0,1819.486,0
2024-09-18,561.4000244140625,0.0,100000,110597.35858307268,10597.35858307268,110607.17501969419,0,0.1059735858307258,0.0,110597.35858307268,10597.35858307268,110607.17501969419,0,0.1059735858307258,0.0,134395.10094506835,34395.10094506835,1904.6951833496091,236,0.34395100945068435,-0.006039056330017778,9.816436621499335,54800.0,SHORT_PUT,7365.975019694196,2900.0,0.0,341.2,0.0,9.816436621499335,54800.0,SHORT_PUT,7365.975019694196,2900.0,0.0,341.2,0.0,1819.486,0
2024-09-19,570.97998046875,0.0,100000,110606.17410053458,10606.174100534583,110607.17501969419,0,0.10606174100534482,0.0,110606.17410053458,10606.174100534583,110607.17501969419,0,0.10606174100534482,0.0,136655.9705739746,36655.9705739746,1904.6951833496091,236,0.36655970573974694,0.0,1.000919159596663,54800.0,SHORT_PUT,7365.975019694196,2900.0,0.0,341.2,0.0,1.000919159596663,54800.0,SHORT_PUT,7365.975019694196,2900.0,0.0,341.2,0.0,1819.486,0
2024-09-20,568.25,0.0,100000,110607.17501969419,10607.175019694187,110607.17501969419,0,0.10607175019694082,0.0,110607.17501969419,10607.175019694187,110607.17501969419,0,0.10607175019694082,0.0,136423.7511833496,36423.75118334961,2316.751183349609,236,0.36423751183349706,-0.0016992992669814244,0.0,0.0,CASH,7365.975019694196,2900.0,0.0,341.2,0.0,0.0,0.0,CASH,7365.975019694196,2900.0,0.0,341.2,0.0,2231.542,0
2024-09-23,569.6699829101562,0.0,100000,110607.17501969419,10607.175019694187,110607.17501969419,0,0.10607175019694082,0.0,110607.17501969419,10607.175019694187,110607.17501969419,0,0.10607175019694082,0.0,136758.86715014649,36758.867150146485,2316.751183349609,236,0.3675886715014658,0.0,0.0,0.0,CASH,7365.975019694196,2900.0,0.0,341.2,0.0,0.0,0.0,CASH,7365.975019694196,2900.0,0.0,341.2,0.0,2231.542,0
2024-09-24,571.2999877929688,0.0,100000,110560.09126657911,10560.091266579111,111037.14567428739,0,0.10560091266578997,-0.00042568443780166554,110560.09126657911,10560.091266579111,111037.14567428739,0,0.10560091266578997,-0.00042568443780166554,137143.54830249024,37143.548302490235,2316.751183349609,236,0.37143548302490315,0.0,477.0544077082789,55700.0,SHORT_PUT,7795.945674287401,2900.0,0.0,341.2,0.0,477.0544077082789,55700.0,SHORT_PUT,7795.945674287401,2900.0,0.0,341.2,0.0,2231.542,0
2024-09-25,570.0399780273438,0.0,100000,110566.50624579353,10566.506245793527,111037.14567428739,0,0.10566506245793428,-0.00036768657994756815,110566.50624579353,10566.506245793527,111037.14567428739,0,0.10566506245793428,-0.00036768657994756815,136846.18599780274,36846.185997802735,2316.751183349609,236,0.36846185997802827,-0.0021682558776414673,470.6394284938531,55700.0,SHORT_PUT,7795.945674287401,2900.0,0.0,341.2,0.0,470.6394284938531,55700.0,SHORT_PUT,7795.945674287401,2900.0,0.0,341.2,0.0,2231.542,0
2024-09-26,572.2999877929688,0.0,100000,110641.90398963618,10641.90398963618,111037.14567428739,0,0.10641903989636092,0.0,110641.90398963618,10641.90398963618,111037.14567428739,0,0.10641903989636092,0.0,137379.54830249024,37379.548302490235,2316.751183349609,236,0.3737954830249033,0.0,395.24168465120596,55700.0,SHORT_PUT,7795.945674287401,2900.0,0.0,341.2,0.0,395.24168465120596,55700.0,SHORT_PUT,7795.945674287401,2900.0,0.0,341.2,0.0,2231.542,0
2024-09-27,571.469970703125,0.0,100000,110635.81357300481,10635.813573004809,111037.14567428739,0,0.10635813573004715,-5.5046202313557835e-05,110635.81357300481,10635.813573004809,111037.14567428739,0,0.10635813573004715,-5.5046202313557835e-05,137183.6642692871,37183.66426928711,2316.751183349609,236,0.3718366426928721,-0.0014258602217254168,401.33210128257326,55700.0,SHORT_PUT,7795.945674287401,2900.0,0.0,341.2,0.0,401.33210128257326,55700.0,SHORT_PUT,7795.945674287401,2900.0,0.0,341.2,0.0,2231.542,0
2024-09-30,573.760009765625,0.0,100000,110658.28611051239,10658.286110512388,111037.14567428739,0,0.10658286110512294,0.0,110658.28611051239,10658.286110512388,111037.14567428739,0,0.10658286110512294,0.0,137724.1134880371,37724.11348803711,2316.751183349609,236,0.37724113488037214,0.0,378.85956377499383,55700.0,SHORT_PUT,7795.945674287401,2900.0,0.0,341.2,0.0,378.85956377499383,55700.0,SHORT_PUT,7795.945674287401,2900.0,0.0,341.2,0.0,2231.542,0
2024-10-01,568.6199951171875,0.0,100000,110543.12732897475,10543.127328974748,111037.14567428739,0,0.10543127328974644,-0.0010406702072237595,110543.12732897475,10543.127328974748,111037.14567428739,0,0.10543127328974644,-0.0010406702072237595,136511.07003100586,36511.07003100586,2316.751183349609,236,0.36511070031005954,-0.008807778291755941,494.0183453126342,55700.0,SHORT_PUT,7795.945674287401,2900.0,0.0,341.2,0.0,494.0183453126342,55700.0,SHORT_PUT,7795.945674287401,2900.0,0.0,341.2,0.0,2231.542,0
2024-10-02,568.8599853515625,0.0,100000,110435.66344781699,10435.663447816987,111037.14567428739,0,0.10435663447816879,-0.002011802916169203,110435.66344781699,10435.663447816987,111037.14567428739,0,0.10435663447816879,-0.002011802916169203,136567.70772631836,36567.70772631836,2316.751183349609,236,0.36567707726318455,-0.008396538067527382,601.4822264704044,55700.0,SHORT_PUT,7795.945674287401,2900.0,0.0,341.2,0.0,601.4822264704044,55700.0,SHORT_PUT,7795.945674287401,2900.0,0.0,341.2,0.0,2231.542,0
2024-10-03,567.8200073242188,0.0,100000,110441.3764315787,10441.376431578698,111037.14567428739,0,0.10441376431578586,-0.0019601756593002895,110441.3764315787,10441.376431578698,111037.14567428739,0,0.10441376431578586,-0.0019601756593002895,136322.27291186524,36322.272911865235,2316.751183349609,236,0.3632227291186534,-0.010178613901868694,595.7692427086942,55700.0,SHORT_PUT,7795.945674287401,2900.0,0.0,341.2,0.0,595.7692427086942,55700.0,SHORT_PUT,7795.945674287401,2900.0,0.0,341.2,0.0,2231.542,0
2024-10-04,572.97998046875,0.0,100000,110543.03651665691,10543.03651665691,111037.14567428739,0,0.10543036516656801,-0.0010414908626037445,110543.03651665691,10543.03651665691,111037.14567428739,0,0.10543036516656801,-0.0010414908626037445,137540.0265739746,37540.02657397461,2316.751183349609,236,0.37540026573974705,-0.0013366353167958422,494.10915763047046,55700.0,SHORT_PUT,7795.945674287401,2900.0,0.0,341.2,0.0,494.10915763047046,55700.0,SHORT_PUT,7795.945674287401,2900.0,0.0,341.2,0.0,2231.542,0
2024-10-07,567.7999877929688,0.0,100000,110516.34955208651,10516.34955208651,111037.14567428739,0,0.10516349552086401,-0.0012826563957817338,110516.34955208651,10516.34955208651,111037.14567428739,0,0.10516349552086401,-0.0012826563957817338,136317.54830249024,36317.548302490235,2316.751183349609,236,0.36317548302490343,-0.010212918783238711,520.7961222008681,55700.0,SHORT_PUT,7795.945674287401,2900.0,0.0,341.2,0.0,520.7961222008681,55700.0,SHORT_PUT,7795.945674287401,2900.0,0.0,341.2,0.0,2231.542,0
2024-10-08,573.1699829101562,0.0,100000,110550.76902938346,10550.76902938346,111037.14567428739,0,0.10550769029383367,-0.0009716134679833566,110550.76902938346,10550.76902938346,111037.14567428739,0,0.10550769029383367,-0.0009716134679833566,137584.86715014649,37584.867150146485,2316.751183349609,236,0.37584867150146595,-0.0010110527079393306,486.376644903927,55700.0,SHORT_PUT,7795.945674287401,2900.0,0.0,341.2,0.0,486.376644903927,55700.0,SHORT_PUT,7795.945674287401,2900.0,0.0,341.2,0.0,2231.542,0
2024-10-09,577.1400146484375,0.0,100000,110721.82670860879,10721.826708608787,111037.14567428739,0,0.10721826708608706,0.0,110721.82670860879,10721.826708608787,111037.14567428739,0,0.10721826708608706,0.0,138521.79464038086,38521.79464038086,2316.751183349609,236,0.38521794640380946,0.0,315.318965678597,55700.0,SHORT_PUT,7795.945674287401,2900.0,0.0,341.2,0.0,315.318965678597,55700.0,SHORT_PUT,7795.945674287401,2900.0,0.0,341.2,0.0,2231.542,0
2024-10-10,576.1300048828125,0.0,100000,110743.45759538136,10743.457595381362,111037.14567428739,0,0.10743457595381267,0.0,110743.45759538136,10743.457595381362,111037.14567428739,0,0.10743457595381267,0.0,138283.43233569336,38283.43233569336,2316.751183349609,236,0.38283432335693446,-0.0017207566889118064,293.6880789060281,55700.0,SHORT_PUT,7795.945674287401,2900.0,0.0,341.2,0.0,293.6880789060281,55700.0,SHORT_PUT,7795.945674287401,2900.0,0.0,341.2,0.0,2231.542,0
2024-10-11,579.5800170898438,0.0,100000,110828.1637405933,10828.1637405933,111037.14567428739,0,0.10828163740593189,0.0,110828.1637405933,10828.1637405933,111037.14567428739,0,0.10828163740593189,0.0,139097.63521655274,39097.635216552735,2316.751183349609,236,0.3909763521655283,0.0,208.98193369408062,55700.0,SHORT_PUT,7795.945674287401,2900.0,0.0,341.2,0.0,208.98193369408062,55700.0,SHORT_PUT,7795.945674287401,2900.0,0.0,341.2,0.0,2231.542,0
2024-10-14,584.3200073242188,0.0,100000,110952.67260715918,10952.672607159184,111037.14567428739,0,0.10952672607159064,0.0,110952.67260715918,10952.672607159184,111037.14567428739,0,0.10952672607159064,0.0,140216.27291186524,40216.272911865235,2316.751183349609,236,0.40216272911865336,0.0,84.47306712820428,55700.0,SHORT_PUT,7795.945674287401,2900.0,0.0,341.2,0.0,84.47306712820428,55700.0,SHORT_PUT,7795.945674287401,2900.0,0.0,341.2,0.0,2231.542,0
2024-10-15,579.780029296875,0.0,100000,110937.62988710156,10937.62988710156,111037.14567428739,0,0.10937629887101452,-0.000135577807223064,110937.62988710156,10937.62988710156,111037.14567428739,0,0.10937629887101452,-0.000135577807223064,139144.8380974121,39144.83809741211,2316.751183349609,236,0.39144838097412205,-0.007641301485217689,99.5157871858175,55700.0,SHORT_PUT,7795.945674287401,2900.0,0.0,341.2,0.0,99.5157871858175,55700.0,SHORT_PUT,7795.945674287401,2900.0,0.0,341.2,0.0,2231.542,0
2024-10-16,582.2999877929688,0.0,100000,110963.61392494476,10963.613924944759,111037.14567428739,0,0.1096361392494467,0.0,110963.61392494476,10963.613924944759,111037.14567428739,0,0.1096361392494467,0.0,139739.54830249024,39739.548302490235,2316.751183349609,236,0.39739548302490313,-0.0033999235571942066,73.53174934263322,55700.0,SHORT_PUT,7795.945674287401,2900.0,0.0,341.2,0.0,73.53174934263322,55700.0,SHORT_PUT,7795.945674287401,2900.0,0.0,341.2,0.0,2231.542,0
2024-10-17,582.3499755859375,0.0,100000,110991.77337670665,10991.773376706653,111037.14567428739,0,0.10991773376706582,0.0,110991.77337670665,10991.773376706653,111037.14567428739,0,0.10991773376706582,0.0,139751.34542163086,39751.34542163086,2316.751183349609,236,0.39751345421630924,-0.003315788393025154,45.37229758072911,55700.0,SHORT_PUT,7795.945674287401,2900.0,0.0,341.2,0.0,45.37229758072911,55700.0,SHORT_PUT,7795.945674287401,2900.0,0.0,341.2,0.0,2231.542,0
2024-10-18,584.5900268554688,0.0,100000,111016.66563616336,11016.665636163365,111037.14567428739,0,0.11016665636163281,0.0,111016.66563616336,11016.665636163365,111037.14567428739,0,0.11016665636163281,0.0,140279.99752124024,40279.997521240235,2316.751183349609,236,0.40279997521240296,0.0,20.480038124015664,55700.0,SHORT_PUT,7795.945674287401,2900.0,0.0,341.2,0.0,20.480038124015664,55700.0,SHORT_PUT,7795.945674287401,2900.0,0.0,341.2,0.0,2231.542,0
2024-10-21,583.6300048828125,0.0,100000,111033.88559911595,11033.88559911595,111037.14567428739,0,0.11033885599115867,0.0,111033.88559911595,11033.88559911595,111037.14567428739,0,0.11033885599115867,0.0,140053.43233569336,40053.43233569336,2316.751183349609,236,0.4005343233569343,-0.0016150925973075214,3.2600751714383804,55700.0,SHORT_PUT,7795.945674287401,2900.0,0.0,341.2,0.0,3.2600751714383804,55700.0,SHORT_PUT,7795.945674287401,2900.0,0.0,341.2,0.0,2231.542,0
2024-10-22,583.3200073242188,0.0,100000,111035.37637442199,11035.37637442199,111037.14567428739,0,0.11035376374421912,0.0,111035.37637442199,11035.37637442199,111037.14567428739,0,0.11035376374421912,0.0,139980.27291186524,39980.272911865235,2316.751183349609,236,0.399802729118653,-0.002136616871051822,1.7692998653999752,55700.0,SHORT_PUT,7795.945674287401,2900.0,0.0,341.2,0.0,1.7692998653999752,55700.0,SHORT_PUT,7795.945674287401,2900.0,0.0,341.2,0.0,2231.542,0
2024-10-23,577.989990234375,0.0,100000,111035.46533083633,11035.465330836334,111037.14567428739,0,0.11035465330836258,0.0,111035.46533083633,11035.465330836334,111037.14567428739,0,0.11035465330836258,0.0,138722.3888786621,38722.38887866211,2316.751183349609,236,0.38722388878662173,-0.011103569076854836,1.68034345105652,55700.0,SHORT_PUT,7795.945674287401,2900.0,0.0,341.2,0.0,1.68034345105652,55700.0,SHORT_PUT,7795.945674287401,2900.0,0.0,341.2,0.0,2231.542,0
2024-10-24,579.239990234375,0.0,100000,111036.13912874018,11036.139128740178,111037.14567428739,0,0.11036139128740108,0.0,111036.13912874018,11036.139128740178,111037.14567428739,0,0.11036139128740108,0.0,139017.3888786621,39017.38887866211,2316.751183349609,236,0.39017388878662196,-0.009000632056519131,1.0065455472128328,55700.0,SHORT_PUT,7795.945674287401,2900.0,0.0,341.2,0.0,1.0065455472128328,55700.0,SHORT_PUT,7795.945674287401,2900.0,0.0,341.2,0.0,2231.542,0
2024-10-25,579.0399780273438,0.0,100000,111037.14567428739,11037.145674287385,111037.14567428739,0,0.11037145674287308,0.0,111037.14567428739,11037.145674287385,111037.14567428739,0,0.11037145674287308,0.0,138970.18599780274,38970.185997802735,2316.751183349609,236,0.3897018599780282,-0.009337122516267171,0.0,0.0,CASH,7795.945674287401,2900.0,0.0,341.2,0.0,0.0,0.0,CASH,7795.945674287401,2900.0,0.0,341.2,0.0,2231.542,0
2024-10-28,580.8300170898438,0.0,100000,111037.14567428739,11037.145674287385,111037.14567428739,0,0.11037145674287308,0.0,111037.14567428739,11037.145674287385,111037.14567428739,0,0.11037145674287308,0.0,139392.63521655274,39392.635216552735,2316.751183349609,236,0.39392635216552807,-0.006325650986364839,0.0,0.0,CASH,7795.945674287401,2900.0,0.0,341.2,0.0,0.0,0.0,CASH,7795.945674287401,2900.0,0.0,341.2,0.0,2231.542,0
2024-10-29,581.77001953125,0.0,100000,110973.51827798478,10973.518277984782,111624.28093916221,0,0.10973518277984695,-0.0005730280251372566,110973.51827798478,10973.518277984782,111624.28093916221,0,0.10973518277984695,-0.0005730280251372566,139614.4757927246,39614.47579272461,2316.751183349609,236,0.3961447579272468,-0.004744238239773657,650.7626611774375,56500.0,SHORT_PUT,8383.080939162226,2900.0,0.0,341.2,0.0,650.7626611774375,56500.0,SHORT_PUT,8383.080939162226,2900.0,0.0,341.2,0.0,2231.542,0
2024-10-30,580.010009765625,0.0,100000,110965.83444618489,10965.83444618489,111624.28093916221,0,0.10965834446184797,-0.0006422285773779457,110965.83444618489,10965.83444618489,111624.28093916221,0,0.10965834446184797,-0.0006422285773779457,139199.1134880371,39199.11348803711,2316.751183349609,236,0.39199113488037174,-0.007705189993601591,658.4464929773202,56500.0,SHORT_PUT,8383.080939162226,2900.0,0.0,341.2,0.0,658.4464929773202,56500.0,SHORT_PUT,8383.080939162226,2900.0,0.0,341.2,0.0,2231.542,0
2024-10-31,568.6400146484375,0.0,100000,110485.1760955053,10485.176095505303,111624.28093916221,0,0.10485176095505211,-0.004971035372263843,110485.1760955053,10485.176095505303,111624.28093916221,0,0.10485176095505211,-0.004971035372263843,136515.79464038086,36515.79464038086,2316.751183349609,236,0.3651579464038093,-0.026833496915976363,1139.1048436569047,56500.0,SHORT_PUT,8383.080939162226,2900.0,0.0,341.2,0.0,1139.1048436569047,56500.0,SHORT_PUT,8383.080939162226,2900.0,0.0,341.2,0.0,2231.542,0
2024-11-01,571.0399780273438,0.0,100000,110431.16846784782,10431.16846784782,111624.28093916221,0,0.10431168467847729,-0.005457427807241455,110431.16846784782,10431.16846784782,111624.28093916221,0,0.10431168467847729,-0.005457427807241455,137082.18599780274,37082.185997802735,2316.751183349609,236,0.37082185997802797,-0.022795919446415014,1193.112471314389,56500.0,SHORT_PUT,8383.080939162226,2900.0,0.0,341.2,0.0,1193.112471314389,56500.0,SHORT_PUT,8383.080939162226,2900.0,0.0,341.2,0.0,2231.542,0
2024-11-04,569.8099975585938,0.0,100000,110534.28871391968,10534.288713919683,111624.28093916221,0,0.10534288713919593,-0.004528727366991059,110534.28871391968,10534.288713919683,111624.28093916221,0,0.10534288713919593,-0.004528727366991059,136791.91060717774,36791.910607177735,2316.751183349609,236,0.3679191060717779,-0.02486517661603438,1089.9922252425288,56500.0,SHORT_PUT,8383.080939162226,2900.0,0.0,341.2,0.0,1089.9922252425288,56500.0,SHORT_PUT,8383.080939162226,2900.0,0.0,341.2,0.0,2231.542,0
2024-11-05,576.7000122070312,0.0,100000,110828.67319438104,10828.673194381045,111624.28093916221,0,0.10828673194380944,-0.0018775021515582413,110828.67319438104,10828.673194381045,111624.28093916221,0,0.10828673194380944,-0.0018775021515582413,138417.95406420899,38417.954064208985,2316.751183349609,236,0.3841795406420905,-0.01327376311615136,795.6077447811657,56500.0,SHORT_PUT,8383.080939162226,2900.0,0.0,341.2,0.0,795.6077447811657,56500.0,SHORT_PUT,8383.080939162226,2900.0,0.0,341.2,0.0,2231.542,0
2024-11-06,591.0399780273438,0.0,100000,111310.10909690405,11310.109096904052,111624.28093916221,0,0.11310109096903953,0.0,111310.10909690405,11310.109096904052,111624.28093916221,0,0.11310109096903953,0.0,141802.18599780274,41802.185997802735,2316.751183349609,236,0.4180218599780279,0.0,314.17184225816567,56500.0,SHORT_PUT,8383.080939162226,2900.0,0.0,341.2,0.0,314.17184225816567,56500.0,SHORT_PUT,8383.080939162226,2900.0,0.0,341.2,0.0,2231.542,0
2024-11-07,595.6099853515625,0.0,100000,111524.53565029775,11524.535650297752,111624.28093916221,0,0.11524535650297651,0.0,111524.53565029775,11524.535650297752,111624.28093916221,0,0.11524535650297651,0.0,142880.70772631836,42880.70772631836,2316.751183349609,236,0.428807077263184,0.0,99.7452888644622,56500.0,SHORT_PUT,8383.080939162226,2900.0,0.0,341.2,0.0,99.7452888644622,56500.0,SHORT_PUT,8383.080939162226,2900.0,0.0,341.2,0.0,2231.542,0
2024-11-08,598.1900024414062,0.0,100000,111571.94191070285,11571.941910702852,111624.28093916221,0,0.11571941910702743,0.0,111571.94191070285,11571.941910702852,111624.28093916221,0,0.11571941910702743,0.0,143489.59175952149,43489.591759521485,2316.751183349609,236,0.4348959175952154,0.0,52.33902845936414,56500.0,SHORT_PUT,8383.080939162226,2900.0,0.0,341.2,0.0,52.33902845936414,56500.0,SHORT_PUT,8383.080939162226,2900.0,0.0,341.2,0.0,2231.542,0
2024-11-11,598.760009765625,0.0,100000,111593.62949973503,11593.629499735034,111624.28093916221,0,0.11593629499734925,0.0,111593.62949973503,11593.629499735034,111624.28093916221,0,0.11593629499734925,0.0,143624.1134880371,43624.11348803711,2316.751183349609,236,0.43624113488037164,0.0,30.65143942718043,56500.0,SHORT_PUT,8383.080939162226,2900.0,0.0,341.2,0.0,30.65143942718043,56500.0,SHORT_PUT,8383.080939162226,2900.0,0.0,341.2,0.0,2231.542,0
2024-11-12,596.9000244140625,0.0,100000,111590.54692083124,11590.546920831242,111624.28093916221,0,0.11590546920831124,-2.762325159255674e-05,111590.54692083124,11590.546920831242,111624.28093916221,0,0.11590546920831124,-2.762325159255674e-05,143185.15694506836,43185.15694506836,2316.751183349609,236,0.43185156945068415,-0.003056287223003884,33.73401833097482,56500.0,SHORT_PUT,8383.080939162226,2900.0,0.0,341.2,0.0,33.73401833097482,56500.0,SHORT_PUT,8383.080939162226,2900.0,0.0,341.2,0.0,2231.542,0
2024-11-13,597.1900024414062,0.0,100000,111599.13903490656,11599.139034906562,111624.28093916221,0,0.11599139034906458,0.0,111599.13903490656,11599.139034906562,111624.28093916221,0,0.11599139034906458,0.0,143253.59175952149,43253.591759521485,2316.751183349609,236,0.4325359175952155,-0.002579801674782667,25.14190425564552,56500.0,SHORT_PUT,8383.080939162226,2900.0,0.0,341.2,0.0,25.14190425564552,56500.0,SHORT_PUT,8383.080939162226,2900.0,0.0,341.2,0.0,2231.542,0
2024-11-14,593.3499755859375,0.0,100000,111596.29174175637,11596.291741756373,111624.28093916221,0,0.1159629174175627,-2.5513576312641284e-05,111596.29174175637,11596.291741756373,111624.28093916221,0,0.1159629174175627,-2.5513576312641284e-05,142347.34542163086,42347.34542163086,2316.751183349609,236,0.4234734542163092,-0.008889649762834462,27.989197405846777,56500.0,SHORT_PUT,8383.080939162226,2900.0,0.0,341.2,0.0,27.989197405846777,56500.0,SHORT_PUT,8383.080939162226,2900.0,0.0,341.2,0.0,2231.542,0
2024-11-15,585.75,0.0,100000,111549.191886955,11549.191886954999,111624.28093916221,0,0.1154919188695489,-0.00044755854196998346,111549.191886955,11549.191886954999,111624.28093916221,0,0.1154919188695489,-0.00044755854196998346,140553.7511833496,40553.75118334961,2316.751183349609,236,0.40553751183349673,-0.021377763316486775,75.08905220721378,56500.0,SHORT_PUT,8383.080939162226,2900.0,0.0,341.2,0.0,75.08905220721378,56500.0,SHORT_PUT,8383.080939162226,2900.0,0.0,341.2,0.0,2231.542,0
2024-11-18,588.1500244140625,0.0,100000,111568.99182815154,11568.991828151542,111624.28093916221,0,0.11568991828151431,-0.00027013834529310277,111568.99182815154,11568.991828151542,111624.28093916221,0,0.11568991828151431,-0.00027013834529310277,141120.15694506836,41120.15694506836,2316.751183349609,236,0.4112015694506843,-0.01743409572500021,55.28911101066548,56500.0,SHORT_PUT,8383.080939162226,2900.0,0.0,341.2,0.0,55.28911101066548,56500.0,SHORT_PUT,8383.080939162226,2900.0,0.0,341.2,0.0,2231.542,0
2024-11-19,590.2999877929688,0.0,100000,111596.92249745595,11596.922497455947,111624.28093916221,0,0.11596922497455853,-1.986159991707037e-05,111596.92249745595,11596.922497455947,111624.28093916221,0,0.11596922497455853,-1.986159991707037e-05,141627.54830249024,41627.548302490235,2316.751183349609,236,0.41627548302490314,-0.013901322953775108,27.35844170626123,56500.0,SHORT_PUT,8383.080939162226,2900.0,0.0,341.2,0.0,27.35844170626123,56500.0,SHORT_PUT,8383.080939162226,2900.0,0.0,341.2,0.0,2231.542,0
2024-11-20,590.5,0.0,100000,111598.27782907407,11598.277829074068,111624.28093916221,0,0.11598277829073989,-7.716957674763769e-06,111598.27782907407,11598.277829074068,111624.28093916221,0,0.11598277829073989,-7.716957674763769e-06,141674.7511833496,41674.75118334961,2316.751183349609,236,0.4167475118334971,-0.01357266727254558,26.003110088145913,56500.0,SHORT_PUT,8383.080939162226,2900.0,0.0,341.2,0.0,26.003110088145913,56500.0,SHORT_PUT,8383.080939162226,2900.0,0.0,341.2,0.0,2231.542,0
2024-11-21,593.6699829101562,0.0,100000,111609.53809074406,11609.538090744056,111624.28093916221,0,0.11609538090743965,0.0,111609.53809074406,11609.538090744056,111624.28093916221,0,0.11609538090743965,0.0,142422.86715014649,42422.867150146485,2316.751183349609,236,0.42422867150146604,-0.008363820731193683,14.74284841816067,56500.0,SHORT_PUT,8383.080939162226,2900.0,0.0,341.2,0.0,14.74284841816067,56500.0,SHORT_PUT,8383.080939162226,2900.0,0.0,341.2,0.0,2231.542,0
2024-11-22,595.510009765625,0.0,100000,111617.80610046472,11617.806100464717,111624.28093916221,0,0.11617806100464634,0.0,111617.80610046472,11617.806100464717,111624.28093916221,0,0.11617806100464634,0.0,142857.1134880371,42857.11348803711,2316.751183349609,236,0.42857113488037224,-0.005340328872169731,6.474838697497385,56500.0,SHORT_PUT,8383.080939162226,2900.0,0.0,341.2,0.0,6.474838697497385,56500.0,SHORT_PUT,8383.080939162226,2900.0,0.0,341.2,0.0,2231.542,0
2024-11-25,597.530029296875,0.0,100000,111623.23115479258,11623.231154792578,111624.28093916221,0,0.1162323115479249,0.0,111623.23115479258,11623.231154792578,111624.28093916221,0,0.1162323115479249,0.0,143333.8380974121,43333.83809741211,2316.751183349609,236,0.43333838097412203,-0.002021076987529291,1.049784369628718,56500.0,SHORT_PUT,8383.080939162226,2900.0,0.0,341.2,0.0,1.049784369628718,56500.0,SHORT_PUT,8383.080939162226,2900.0,0.0,341.2,0.0,2231.542,0
2024-11-26,600.6500244140625,0.0,100000,111623.28066368683,11623.280663686834,111624.28093916221,0,0.11623280663686741,0.0,111623.28066368683,11623.280663686834,111624.28093916221,0,0.11623280663686741,0.0,144070.15694506836,44070.15694506836,2316.751183349609,236,0.4407015694506846,0.0,1.000275475384722,56500.0,SHORT_PUT,8383.080939162226,2900.0,0.0,341.2,0.0,1.000275475384722,56500.0,SHORT_PUT,8383.080939162226,2900.0,0.0,341.2,0.0,2231.542,0
2024-11-27,598.8300170898438,0.0,100000,111623.28093793566,11623.280937935662,111624.28093916221,0,0.11623280937935565,0.0,111623.28093793566,11623.280937935662,111624.28093916221,0,0.11623280937935565,0.0,143640.63521655274,43640.635216552735,2316.751183349609,236,0.43640635216552837,-0.0029813372708367147,1.0000012265561993,56500.0,SHORT_PUT,8383.080939162226,2900.0,0.0,341.2,0.0,1.0000012265561993,56500.0,SHORT_PUT,8383.080939162226,2900.0,0.0,341.2,0.0,2231.542,0
2024-11-29,602.5499877929688,0.0,100000,111624.28093916221,11624.280939162214,111624.28093916221,0,0.11624280939162124,0.0,111624.28093916221,11624.280939162214,111624.28093916221,0,0.11624280939162124,0.0,144518.54830249024,44518.548302490235,2316.751183349609,236,0.44518548302490313,0.0,0.0,0.0,CASH,8383.080939162226,2900.0,0.0,341.2,0.0,0.0,0.0,CASH,8383.080939162226,2900.0,0.0,341.2,0.0,2231.542,0
2024-12-02,603.6300048828125,0.0,100000,111624.28093916221,11624.280939162214,111624.28093916221,0,0.11624280939162124,0.0,111624.28093916221,11624.280939162214,111624.28093916221,0,0.11624280939162124,0.0,144773.43233569336,44773.43233569336,2316.751183349609,236,0.4477343233569344,0.0,0.0,0.0,CASH,8383.080939162226,2900.0,0.0,341.2,0.0,0.0,0.0,CASH,8383.080939162226,2900.0,0.0,341.2,0.0,2231.542,0
2024-12-03,603.9099731445312,0.0,100000,111577.34918996652,11577.349189966524,112052.80755652125,0,0.11577349189966424,-0.0004204439105975899,111577.34918996652,11577.349189966524,112052.80755652125,0,0.11577349189966424,-0.0004204439105975899,144839.50484545899,44839.504845458985,2316.751183349609,236,0.44839504845459066,0.0,475.45836655472823,59300.0,SHORT_PUT,8811.607556521267,2900.0,0.0,341.2,0.0,475.45836655472823,59300.0,SHORT_PUT,8811.607556521267,2900.0,0.0,341.2,0.0,2231.542,0
2024-12-04,607.6599731445312,0.0,100000,111698.36100631265,11698.361006312654,112052.80755652125,0,0.11698361006312563,0.0,111698.36100631265,11698.361006312654,112052.80755652125,0,0.11698361006312563,0.0,145724.50484545899,45724.504845458985,2316.751183349609,236,0.4572450484545907,0.0,354.4465502086008,59300.0,SHORT_PUT,8811.607556521267,2900.0,0.0,341.2,0.0,354.4465502086008,59300.0,SHORT_PUT,8811.607556521267,2900.0,0.0,341.2,0.0,2231.542,0
2024-12-05,606.6599731445312,0.0,100000,111675.9409188984,11675.9409188984,112052.80755652125,0,0.1167594091889832,-0.00020071993189740844,111675.9409188984,11675.9409188984,112052.80755652125,0,0.1167594091889832,-0.00020071993189740844,145488.50484545899,45488.504845458985,2316.751183349609,236,0.45488504845459055,-0.0016194942659114586,376.86663762284854,59300.0,SHORT_PUT,8811.607556521267,2900.0,0.0,341.2,0.0,376.86663762284854,59300.0,SHORT_PUT,8811.607556521267,2900.0,0.0,341.2,0.0,2231.542,0
2024-12-06,607.8099975585938,0.0,100000,111713.04585889868,11713.04585889868,112052.80755652125,0,0.11713045858898607,0.0,111713.04585889868,11713.04585889868,112052.80755652125,0,0.11713045858898607,0.0,145759.91060717774,45759.910607177735,2316.751183349609,236,0.4575991060717781,0.0,339.7616976225703,59300.0,SHORT_PUT,8811.607556521267,2900.0,0.0,341.2,0.0,339.7616976225703,59300.0,SHORT_PUT,8811.607556521267,2900.0,0.0,341.2,0.0,2231.542,0
2024-12-09,604.6799926757812,0.0,100000,111711.10166957276,11711.10166957276,112052.80755652125,0,0.11711101669572677,-1.7403422411299552e-05,111711.10166957276,11711.10166957276,112052.80755652125,0,0.11711101669572677,-1.7403422411299552e-05,145021.22945483399,45021.229454833985,2316.751183349609,236,0.45021229454834066,-0.005067793670198384,341.705886948489,59300.0,SHORT_PUT,8811.607556521267,2900.0,0.0,341.2,0.0,341.705886948489,59300.0,SHORT_PUT,8811.607556521267,2900.0,0.0,341.2,0.0,2231.542,0
2024-12-10,602.7999877929688,0.0,100000,111590.09803061727,11590.098030617271,112052.80755652125,0,0.11590098030617191,-0.0011005682222352542,111590.09803061727,11590.098030617271,112052.80755652125,0,0.11590098030617191,-0.0011005682222352542,144577.54830249024,44577.548302490235,2316.751183349609,236,0.4457754830249032,-0.008111711236390318,462.709525903973,59300.0,SHORT_PUT,8811.607556521267,2900.0,0.0,341.2,0.0,462.709525903973,59300.0,SHORT_PUT,8811.607556521267,2900.0,0.0,341.2,0.0,2231.542,0
2024-12-11,607.4600219726562,0.0,100000,111737.79205657537,11737.792056575374,112052.80755652125,0,0.1173779205657528,0.0,111737.79205657537,11737.792056575374,112052.80755652125,0,0.1173779205657528,0.0,145677.31636889649,45677.316368896485,2316.751183349609,236,0.4567731636889658,-0.0005666457802915303,315.01549994587464,59300.0,SHORT_PUT,8811.607556521267,2900.0,0.0,341.2,0.0,315.01549994587464,59300.0,SHORT_PUT,8811.607556521267,2900.0,0.0,341.2,0.0,2231.542,0
2024-12-12,604.3300170898438,0.0,100000,111700.4020204934,11700.402020493406,112052.80755652125,0,0.11700402020493317,-0.0003346230079706025,111700.4020204934,11700.402020493406,112052.80755652125,0,0.11700402020493317,-0.0003346230079706025,144938.63521655274,44938.635216552735,2316.751183349609,236,0.44938635216552836,-0.005634439450490025,352.40553602784274,59300.0,SHORT_PUT,8811.607556521267,2900.0,0.0,341.2,0.0,352.40553602784274,59300.0,SHORT_PUT,8811.607556521267,2900.0,0.0,341.2,0.0,2231.542,0
2024-12-13,604.2100219726562,0.0,100000,111695.02525067674,11695.025250676743,112052.80755652125,0,0.1169502525067665,-0.00038274253599868135,111695.02525067674,11695.025250676743,112052.80755652125,0,0.1169502525067665,-0.00038274253599868135,144910.31636889649,44910.316368896485,2316.751183349609,236,0.44910316368896597,-0.005828723650708523,357.78230584450995,59300.0,SHORT_PUT,8811.607556521267,2900.0,0.0,341.2,0.0,357.78230584450995,59300.0,SHORT_PUT,8811.607556521267,2900.0,0.0,341.2,0.0,2231.542,0
2024-12-16,606.7899780273438,0.0,100000,111812.23800998389,11812.238009983892,112052.80755652125,0,0.11812238009983789,0.0,111812.23800998389,11812.238009983892,112052.80755652125,0,0.11812238009983789,0.0,145519.18599780274,45519.185997802735,2316.751183349609,236,0.4551918599780287,-0.0016515145239330842,240.5695465373559,59300.0,SHORT_PUT,8811.607556521267,2900.0,0.0,341.2,0.0,240.5695465373559,59300.0,SHORT_PUT,8811.607556521267,2900.0,0.0,341.2,0.0,2231.542,0
2024-12-17,604.2899780273438,0.0,100000,111731.31693687678,11731.316936876785,112052.80755652125,0,0.11731316936876679,-0.0007237228638593551,111731.31693687678,11731.316936876785,112052.80755652125,0,0.11731316936876679,-0.0007237228638593551,144929.18599780274,44929.185997802735,2316.751183349609,236,0.4492918599780287,-0.0056992667319462065,321.4906196444626,59300.0,SHORT_PUT,8811.607556521267,2900.0,0.0,341.2,0.0,321.4906196444626,59300.0,SHORT_PUT,8811.607556521267,2900.0,0.0,341.2,0.0,2231.542,0
2024-12-18,586.280029296875,0.0,100000,110869.35376952359,10869.353769523586,112052.80755652125,0,0.10869353769523493,-0.008432746336551333,110869.35376952359,10869.353769523586,112052.80755652125,0,0.10869353769523493,-0.008432746336551333,140678.8380974121,40678.83809741211,2316.751183349609,236,0.4067883809741224,-0.034859190627929526,1183.4537869976618,59300.0,SHORT_PUT,8811.607556521267,2900.0,0.0,341.2,0.0,1183.4537869976618,59300.0,SHORT_PUT,8811.607556521267,2900.0,0.0,341.2,0.0,2231.542,0
2024-12-19,586.0999755859375,0.0,100000,110310.70469458836,10310.704694588363,112052.80755652125,0,0.1031070469458828,-0.013429060558303396,110310.70469458836,10310.704694588363,112052.80755652125,0,0.1031070469458828,-0.013429060558303396,140636.34542163086,40636.34542163086,2316.751183349609,236,0.4063634542163099,-0.035150715750332795,1742.1028619328908,59300.0,SHORT_PUT,8811.607556521267,2900.0,0.0,341.2,0.0,1742.1028619328908,59300.0,SHORT_PUT,8811.607556521267,2900.0,0.0,341.2,0.0,2231.542,0
2024-12-20,591.1500244140625,0.0,100000,110810.58937460191,10810.589374601914,112052.80755652125,0,0.1081058937460182,-0.00895830951252874,110810.58937460191,10810.589374601914,112052.80755652125,0,0.1081058937460182,-0.00895830951252874,142292.13294506836,42292.132945068355,2780.7271833496093,236,0.42292132945068484,-0.023791024896104407,1242.2181819193388,59300.0,SHORT_PUT,8811.607556521267,2900.0,0.0,341.2,0.0,1242.2181819193388,59300.0,SHORT_PUT,8811.607556521267,2900.0,0.0,341.2,0.0,2695.518,0
2024-12-23,594.6900024414062,0.0,100000,111361.62311157881,11361.62311157881,112052.80755652125,0,0.11361623111578711,-0.004030103559548137,111361.62311157881,11361.62311157881,112052.80755652125,0,0.11361623111578711,-0.004030103559548137,143127.56775952148,43127.56775952148,2780.7271833496093,236,0.431275677595216,-0.018059443345505022,691.1844449424356,59300.0,SHORT_PUT,8811.607556521267,2900.0,0.0,341.2,0.0,691.1844449424356,59300.0,SHORT_PUT,8811.607556521267,2900.0,0.0,341.2,0.0,2695.518,0
2024-12-24,601.2999877929688,0.0,100000,111718.3046185249,11718.304618524897,112052.80755652125,0,0.11718304618524811,-0.0008400993766942699,111718.3046185249,11718.304618524897,112052.80755652125,0,0.11718304618524811,-0.0008400993766942699,144687.52430249023,44687.52430249023,2780.7271833496093,236,0.44687524302490345,-0.007357210224816502,334.502937996353,59300.0,SHORT_PUT,8811.607556521267,2900.0,0.0,341.2,0.0,334.502937996353,59300.0,SHORT_PUT,8811.607556521267,2900.0,0.0,341.2,0.0,2695.518,0
2024-12-26,601.3400268554688,0.0,100000,111857.14955907356,11857.149559073558,112052.80755652125,0,0.11857149559073465,0.0,111857.14955907356,11857.149559073558,112052.80755652125,0,0.11857149559073465,0.0,144696.97352124023,44696.97352124023,2780.7271833496093,236,0.4469697352124036,-0.007292382943359987,195.65799744769038,59300.0,SHORT_PUT,8811.607556521267,2900.0,0.0,341.2,0.0,195.65799744769038,59300.0,SHORT_PUT,8811.607556521267,2900.0,0.0,341.2,0.0,2695.518,0
2024-12-27,595.010009765625,0.0,100000,111653.36890712159,11653.368907121592,112052.80755652125,0,0.11653368907121497,-0.0018217937141724594,111653.36890712159,11653.368907121592,112052.80755652125,0,0.11653368907121497,-0.0018217937141724594,143203.0894880371,43203.089488037105,2780.7271833496093,236,0.4320308948803724,-0.0175413192042303,399.4386493996632,59300.0,SHORT_PUT,8811.607556521267,2900.0,0.0,341.2,0.0,399.4386493996632,59300.0,SHORT_PUT,8811.607556521267,2900.0,0.0,341.2,0.0,2695.518,0
2024-12-30,588.219970703125,0.0,100000,111349.7595583253,11349.759558325299,112052.80755652125,0,0.11349759558325201,-0.004536053374758153,111349.7595583253,11349.759558325299,112052.80755652125,0,0.11349759558325201,-0.004536053374758153,141600.6402692871,41600.640269287105,2780.7271833496093,236,0.41600640269287226,-0.0285350774473222,703.0479981959511,59300.0,SHORT_PUT,8811.607556521267,2900.0,0.0,341.2,0.0,703.0479981959511,59300.0,SHORT_PUT,8811.607556521267,2900.0,0.0,341.2,0.0,2695.518,0
2024-12-31,586.0800170898438,0.0,100000,111204.01621156903,11204.016211569033,112052.80755652125,0,0.11204016211568923,-0.0058389950940025415,111204.01621156903,11204.016211569033,112052.80755652125,0,0.11204016211568923,-0.0058389950940025415,141095.61121655273,41095.61121655273,2780.7271833496093,236,0.4109561121655285,-0.031999878232604195,848.791344952221,59300.0,SHORT_PUT,8811.607556521267,2900.0,0.0,341.2,0.0,848.791344952221,59300.0,SHORT_PUT,8811.607556521267,2900.0,0.0,341.2,0.0,2695.518,0
2025-01-02,584.6400146484375,0.0,100000,111163.70256008723,11163.70256008723,112052.80755652125,0,0.11163702560087119,-0.006199398086933483,111163.70256008723,11163.70256008723,112052.80755652125,0,0.11163702560087119,-0.006199398086933483,140755.77064038086,40755.770640380855,2780.7271833496093,236,0.40755770640380984,-0.03433138745730269,889.1049964340135,59300.0,SHORT_PUT,8811.607556521267,2900.0,0.0,341.2,0.0,889.1049964340135,59300.0,SHORT_PUT,8811.607556521267,2900.0,0.0,341.2,0.0,2695.518,0
2025-01-03,591.9500122070312,0.0,100000,111947.80877722437,11947.808777224374,52752.80755652125,100,0.11947808777224278,0.0,111947.80877722437,11947.808777224374,52752.80755652125,100,0.11947808777224278,0.0,142480.93006420898,42480.93006420898,2780.7271833496093,236,0.424809300642091,-0.02249576395395536,0.0,0.0,STOCK,8811.607556521267,2900.0,-104.998779296875,341.2,0.0,0.0,0.0,STOCK,8811.607556521267,2900.0,-104.998779296875,341.2,0.0,2695.518,0
2025-01-06,595.3599853515625,0.0,100000,112288.8060916775,12288.8060916775,52752.80755652125,100,0.12288806091677396,0.0,112288.8060916775,12288.8060916775,52752.80755652125,100,0.12288806091677396,0.0,143285.68372631836,43285.683726318355,2780.7271833496093,236,0.4328568372631847,-0.016974673423938658,0.0,0.0,STOCK,8811.607556521267,2900.0,235.99853515625,341.2,0.0,0.0,0.0,STOCK,8811.607556521267,2900.0,235.99853515625,341.2,0.0,2695.518,0
2025-01-07,588.6300048828125,0.0,100000,111580.49500848692,11580.49500848692,53070.956401519135,100,0.11580495008486813,-0.0063079402822422415,111580.49500848692,11580.49500848692,53070.956401519135,100,0.11580495008486813,-0.0063079402822422415,141697.40833569336,41697.408335693355,2780.7271833496093,236,0.41697408335693464,-0.027871190744845897,353.46188131345394,0.0,COVERED_CALL,9129.756401519153,2900.0,-436.99951171875,341.2,0.0,353.46188131345394,0.0,COVERED_CALL,9129.756401519153,2900.0,-436.99951171875,341.2,0.0,2695.518,0
2025-01-08,589.489990234375,0.0,100000,111564.02459999647,11564.024599996468,53070.956401519135,100,0.1156402459999637,-0.006454619270680362,111564.02459999647,11564.024599996468,53070.956401519135,100,0.1156402459999637,-0.006454619270680362,141900.3648786621,41900.364878662105,2780.7271833496093,236,0.419003648786622,-0.026478787702587603,455.93082496016234,0.0,COVERED_CALL,9129.756401519153,2900.0,-351.0009765625,341.2,0.0,455.93082496016234,0.0,COVERED_CALL,9129.756401519153,2900.0,-351.0009765625,341.2,0.0,2695.518,0
2025-01-10,580.489990234375,0.0,100000,110873.3264504003,10873.326450400302,53070.956401519135,100,0.108733264504002,-0.012605705684692547,110873.3264504003,10873.326450400302,53070.956401519135,100,0.108733264504002,-0.012605705684692547,139776.3648786621,39776.364878662105,2780.7271833496093,236,0.39776364878662207,-0.04105069565143482,246.6289745563239,0.0,COVERED_CALL,9129.756401519153,2900.0,-1251.0009765625,341.2,0.0,246.6289745563239,0.0,COVERED_CALL,9129.756401519153,2900.0,-1251.0009765625,341.2,0.0,2695.518,0
2025-01-13,581.3900146484375,0.0,100000,110932.9728897228,10932.972889722805,53070.956401519135,100,0.10932972889722703,-0.012074517925212747,110932.9728897228,10932.972889722805,53070.956401519135,100,0.10932972889722703,-0.012074517925212747,139988.77064038086,39988.770640380855,2780.7271833496093,236,0.39988770640380955,-0.03959346532772001,276.98497664007664,0.0,COVERED_CALL,9129.756401519153,2900.0,-1160.99853515625,341.2,0.0,276.98497664007664,0.0,COVERED_CALL,9129.756401519153,2900.0,-1160.99853515625,341.2,0.0,2695.518,0
2025-01-14,582.1900024414062,0.0,100000,111028.9493452593,11028.949345259301,53070.956401519135,100,0.11028949345259198,-0.011219789311764483,111028.9493452593,11028.949345259301,53070.956401519135,100,0.11028949345259198,-0.011219789311764483,140177.56775952148,40177.56775952148,2780.7271833496093,236,0.4017756775952157,-0.038298204385570855,261.00730040045596,0.0,COVERED_CALL,9129.756401519153,2900.0,-1080.999755859375,341.2,0.0,261.00730040045596,0.0,COVERED_CALL,9129.756401519153,2900.0,-1080.999755859375,341.2,0.0,2695.518,0
2025-01-15,592.780029296875,0.0,100000,111892.2718367108,11892.271836710803,53070.956401519135,100,0.11892271836710688,-0.0035313783160447754,111892.2718367108,11892.271836710803,53070.956401519135,100,0.11892271836710688,-0.0035313783160447754,142676.8140974121,42676.814097412105,2780.7271833496093,236,0.42676814097412197,-0.021151882550714096,456.68749449582504,0.0,COVERED_CALL,9129.756401519153,2900.0,-21.9970703125,341.2,0.0,456.68749449582504,0.0,COVERED_CALL,9129.756401519153,2900.0,-21.9970703125,341.2,0.0,2695.518,0
2025-01-16,591.6400146484375,0.0,100000,111949.01056595868,11949.010565958684,53070.956401519135,100,0.11949010565958584,-0.003026085480340668,111949.01056595868,11949.010565958684,53070.956401519135,100,0.11949010565958584,-0.003026085480340668,142407.77064038086,42407.770640380855,2780.7271833496093,236,0.4240777064038095,-0.022997681274866233,285.9473004041921,0.0,COVERED_CALL,9129.756401519153,2900.0,-135.99853515625,341.2,0.0,285.9473004041921,0.0,COVERED_CALL,9129.756401519153,2900.0,-135.99853515625,341.2,0.0,2695.518,0
2025-01-17,597.5800170898438,0.0,100000,112383.86926961204,12383.869269612042,53070.956401519135,100,0.12383869269611925,0.0,112383.86926961204,12383.869269612042,53070.956401519135,100,0.12383869269611925,0.0,143809.61121655273,43809.61121655273,2780.7271833496093,236,0.43809611216552824,-0.013380218075743966,445.0888408914591,0.0,COVERED_CALL,9129.756401519153,2900.0,458.001708984375,341.2,0.0,445.0888408914591,0.0,COVERED_CALL,9129.756401519153,2900.0,458.001708984375,341.2,0.0,2695.518,0
2025-01-21,603.0499877929688,0.0,100000,112880.13483254098,12880.134832540978,53070.956401519135,100,0.12880134832540868,0.0,112880.13483254098,12880.134832540978,53070.956401519135,100,0.12880134832540868,0.0,145100.52430249023,45100.52430249023,2780.7271833496093,236,0.4510052430249032,-0.0045237836792074715,495.82034827503014,0.0,COVERED_CALL,9129.756401519153,2900.0,1004.998779296875,341.2,0.0,495.82034827503014,0.0,COVERED_CALL,9129.756401519153,2900.0,1004.998779296875,341.2,0.0,2695.518,0
2025-01-22,606.4400024414062,0.0,100000,113149.23516585387,13149.235165853868,53070.956401519135,100,0.13149235165853757,0.0,113149.23516585387,13149.235165853868,53070.956401519135,100,0.13149235165853757,0.0,145900.56775952148,45900.56775952148,2780.7271833496093,236,0.4590056775952158,0.0,565.721479805888,0.0,COVERED_CALL,9129.756401519153,2900.0,1344.000244140625,341.2,0.0,565.721479805888,0.0,COVERED_CALL,9129.756401519153,2900.0,1344.000244140625,341.2,0.0,2695.518,0
2025-01-23,609.75,0.0,100000,113353.639727593,13353.639727593007,53070.956401519135,100,0.13353639727592892,0.0,113353.639727593,13353.639727593007,53070.956401519135,100,0.13353639727592892,0.0,146681.7271833496,46681.727183349605,2780.7271833496093,236,0.4668172718334971,0.0,692.3166739261251,0.0,COVERED_CALL,9129.756401519153,2900.0,1675.0,341.2,0.0,692.3166739261251,0.0,COVERED_CALL,9129.756401519153,2900.0,1675.0,341.2,0.0,2695.518,0
2025-01-24,607.969970703125,0.0,100000,113290.70051106207,13290.700511062067,53070.956401519135,100,0.1329070051106196,-0.0005552465424328856,113290.70051106207,13290.700511062067,53070.956401519135,100,0.1329070051106196,-0.0005552465424328856,146261.6402692871,46261.640269287105,2780.7271833496093,236,0.4626164026928721,-0.002863934875387719,577.2529607695608,0.0,COVERED_CALL,9129.756401519153,2900.0,1496.9970703125,341.2,0.0,577.2529607695608,0.0,COVERED_CALL,9129.756401519153,2900.0,1496.9970703125,341.2,0.0,2695.518,0
2025-01-27,599.3699951171875,0.0,100000,112806.61495451511,12806.614954515113,53070.956401519135,100,0.12806614954515005,-0.004825824511612287,112806.61495451511,12806.614954515113,53070.956401519135,100,0.12806614954515005,-0.004825824511612287,144232.04603100586,44232.046031005855,2780.7271833496093,236,0.44232046031005967,-0.016700656580636575,201.34095872276419,0.0,COVERED_CALL,9129.756401519153,2900.0,636.99951171875,341.2,0.0,201.34095872276419,0.0,COVERED_CALL,9129.756401519153,2900.0,636.99951171875,341.2,0.0,2695.518,0
2025-01-28,604.52001953125,0.0,100000,113086.02320816243,13086.023208162427,53070.956401519135,100,0.13086023208162323,-0.002360899218355028,113086.02320816243,13086.023208162427,53070.956401519135,100,0.13086023208162323,-0.002360899218355028,145447.4517927246,45447.451792724605,2780.7271833496093,236,0.45447451792724713,-0.008414649965787335,436.93514648170367,0.0,COVERED_CALL,9129.756401519153,2900.0,1152.001953125,341.2,0.0,436.93514648170367,0.0,COVERED_CALL,9129.756401519153,2900.0,1152.001953125,341.2,0.0,2695.518,0
2025-01-29,601.8099975585938,0.0,100000,112990.16911650843,12990.169116508434,53070.956401519135,100,0.12990169116508343,-0.0032065191021481976,112990.16911650843,12990.169116508434,53070.956401519135,100,0.12990169116508343,-0.0032065191021481976,144807.88660717773,44807.88660717773,2780.7271833496093,236,0.4480788660717785,-0.012774873954337851,261.78704087006594,0.0,COVERED_CALL,9129.756401519153,2900.0,880.999755859375,341.2,0.0,261.78704087006594,0.0,COVERED_CALL,9129.756401519153,2900.0,880.999755859375,341.2,0.0,2695.518,0
2025-01-30,605.0399780273438,0.0,100000,113240.52801599388,13240.528015993885,53070.956401519135,100,0.1324052801599378,-0.0009978657224499754,113240.52801599388,13240.528015993885,53070.956401519135,100,0.1324052801599378,-0.0009978657224499754,145570.16199780273,45570.16199780273,2780.7271833496093,236,0.4557016199780286,-0.007578075380564653,334.42618825961915,0.0,COVERED_CALL,9129.756401519153,2900.0,1203.997802734375,341.2,0.0,334.42618825961915,0.0,COVERED_CALL,9129.756401519153,2900.0,1203.997802734375,341.2,0.0,2695.518,0
2025-01-31,601.8200073242188,0.0,100000,113069.26062663167,13069.260626631672,53070.956401519135,100,0.13069260626631563,-0.00250877785349235,113069.26062663167,13069.260626631672,53070.956401519135,100,0.13069260626631563,-0.00250877785349235,144810.24891186523,44810.24891186523,2780.7271833496093,236,0.4481024891186536,-0.012758768985212665,183.6965073093313,0.0,COVERED_CALL,9129.756401519153,2900.0,882.000732421875,341.2,0.0,183.6965073093313,0.0,COVERED_CALL,9129.756401519153,2900.0,882.000732421875,341.2,0.0,2695.518,0
2025-02-03,597.77001953125,0.0,100000,112803.89120564441,12803.89120564441,53070.956401519135,100,0.1280389120564429,-0.004849853284550343,112803.89120564441,12803.89120564441,53070.956401519135,100,0.1280389120564429,-0.004849853284550343,143854.4517927246,43854.451792724605,2780.7271833496093,236,0.43854451792724736,-0.01927489841383534,44.06714899971277,0.0,COVERED_CALL,9129.756401519153,2900.0,477.001953125,341.2,0.0,44.06714899971277,0.0,COVERED_CALL,9129.756401519153,2900.0,477.001953125,341.2,0.0,2695.518,0
2025-02-04,601.780029296875,0.0,100000,113157.42057533759,13157.420575337586,53070.956401519135,100,0.13157420575337464,-0.0017310353044417415,113157.42057533759,13157.420575337586,53070.956401519135,100,0.13157420575337464,-0.0017310353044417415,144800.8140974121,44800.814097412105,2780.7271833496093,236,0.44800814097412234,-0.012823090660681657,91.53875586903553,0.0,COVERED_CALL,9129.756401519153,2900.0,878.0029296875,341.2,0.0,91.53875586903553,0.0,COVERED_CALL,9129.756401519153,2900.0,878.0029296875,341.2,0.0,2695.518,0
2025-02-05,604.219970703125,0.0,100000,113424.72997590802,13424.72997590802,53070.956401519135,100,0.1342472997590789,0.0,113424.72997590802,13424.72997590802,53070.956401519135,100,0.1342472997590789,0.0,145376.6402692871,45376.640269287105,2780.7271833496093,236,0.4537664026928723,-0.008897406235414351,68.22349592360375,0.0,COVERED_CALL,9129.756401519153,2900.0,1121.9970703125,341.2,0.0,68.22349592360375,0.0,COVERED_CALL,9129.756401519153,2900.0,1121.9970703125,341.2,0.0,2695.518,0
2025-02-06,606.3200073242188,0.0,100000,113668.38604948133,13668.386049481327,53070.956401519135,100,0.13668386049481196,0.0,113668.38604948133,13668.386049481327,53070.956401519135,100,0.13668386049481196,0.0,145872.24891186523,45872.24891186523,2780.7271833496093,236,0.45872248911865365,-0.005518603353180551,34.57108445968316,0.0,COVERED_CALL,9129.756401519153,2900.0,1332.000732421875,341.2,0.0,34.57108445968316,0.0,COVERED_CALL,9129.756401519153,2900.0,1332.000732421875,341.2,0.0,2695.518,0
2025-02-07,600.77001953125,0.0,100000,113147.95835464413,13147.958354644128,53070.956401519135,100,0.13147958354643996,-0.004578473513388803,113147.95835464413,13147.958354644128,53070.956401519135,100,0.13147958354643996,-0.004578473513388803,144562.4517927246,44562.451792724605,2780.7271833496093,236,0.44562451792724733,-0.014448121325813967,0.0,0.0,STOCK,9129.756401519153,2900.0,777.001953125,341.2,0.0,0.0,0.0,STOCK,9129.756401519153,2900.0,777.001953125,341.2,0.0,2695.518,0
2025-02-10,604.8499755859375,0.0,100000,113555.95396011288,13555.953960112878,53070.956401519135,100,0.13555953960112754,-0.0009891236541310633,113555.95396011288,13555.953960112878,53070.956401519135,100,0.13555953960112754,-0.0009891236541310633,145525.32142163086,45525.321421630855,2780.7271833496093,236,0.45525321421630993,-0.007883775190847264,0.0,0.0,STOCK,9129.756401519153,2900.0,1184.99755859375,341.2,0.0,0.0,0.0,STOCK,9129.756401519153,2900.0,1184.99755859375,341.2,0.0,2695.518,0
2025-02-11,605.3099975585938,0.0,100000,113549.2595592793,13549.259559279293,53554.24908346176,100,0.1354925955927917,-0.001048017785263311,113549.2595592793,13549.259559279293,53554.24908346176,100,0.1354925955927917,-0.001048017785263311,145633.88660717773,45633.88660717773,2780.7271833496093,236,0.45633886607177865,-0.00714363401831275,535.9892800418426,0.0,COVERED_CALL,9613.049083461772,2900.0,1230.999755859375,341.2,0.0,535.9892800418426,0.0,COVERED_CALL,9613.049083461772,2900.0,1230.999755859375,341.2,0.0,2695.518,0
2025-02-12,603.3599853515625,0.0,100000,113416.43867478262,13416.438674782621,53554.24908346176,100,0.13416438674782505,-0.002216512290312722,113416.43867478262,13416.438674782621,53554.24908346176,100,0.13416438674782505,-0.002216512290312722,145173.68372631836,45173.683726318355,2780.7271833496093,236,0.4517368372631849,-0.010281058765732931,473.8089438353962,0.0,COVERED_CALL,9613.049083461772,2900.0,1035.99853515625,341.2,0.0,473.8089438353962,0.0,COVERED_CALL,9613.049083461772,2900.0,1035.99853515625,341.2,0.0,2695.518,0
2025-02-13,609.72998046875,0.0,100000,113873.29633860328,13873.296338603279,53554.24908346176,100,0.1387329633860317,0.0,113873.29633860328,13873.296338603279,53554.24908346176,100,0.1387329633860317,0.0,146677.0025739746,46677.002573974605,2780.7271833496093,236,0.46677002573974735,-3.220993824992746e-05,653.9507917334892,0.0,COVERED_CALL,9613.049083461772,2900.0,1672.998046875,341.2,0.0,653.9507917334892,0.0,COVERED_CALL,9613.049083461772,2900.0,1672.998046875,341.2,0.0,2695.518,0
2025-02-14,609.7000122070312,0.0,100000,113941.93298164503,13941.932981645034,53554.24908346176,100,0.13941932981644922,0.0,113941.93298164503,13941.932981645034,53554.24908346176,100,0.13941932981644922,0.0,146669.93006420898,46669.93006420898,2780.7271833496093,236,0.4666993006420912,-8.042664459384508e-05,582.3173225198511,0.0,COVERED_CALL,9613.049083461772,2900.0,1670.001220703125,341.2,0.0,582.3173225198511,0.0,COVERED_CALL,9613.049083461772,2900.0,1670.001220703125,341.2,0.0,2695.518,0
2025-02-18,611.489990234375,0.0,100000,114117.45244809879,14117.45244809879,53554.24908346176,100,0.14117452448098677,0.0,114117.45244809879,14117.45244809879,53554.24908346176,100,0.14117452448098677,0.0,147092.3648786621,47092.364878662105,2780.7271833496093,236,0.4709236487866224,0.0,585.7956588004688,0.0,COVERED_CALL,9613.049083461772,2900.0,1848.9990234375,341.2,0.0,585.7956588004688,0.0,COVERED_CALL,9613.049083461772,2900.0,1848.9990234375,341.2,0.0,2695.518,0
2025-02-19,612.9299926757812,0.0,100000,114229.20596408754,14229.205964087538,53554.24908346176,100,0.1422920596408741,0.0,114229.20596408754,14229.205964087538,53554.24908346176,100,0.1422920596408741,0.0,147432.20545483398,47432.20545483398,2780.7271833496093,236,0.4743220545483413,0.0,618.0423869523563,0.0,COVERED_CALL,9613.049083461772,2900.0,1992.999267578125,341.2,0.0,618.0423869523563,0.0,COVERED_CALL,9613.049083461772,2900.0,1992.999267578125,341.2,0.0,2695.518,0
2025-02-20,610.3800048828125,0.0,100000,114092.92114209765,14092.92114209765,53554.24908346176,100,0.14092921142097525,-0.001193082109252619,114092.92114209765,14092.92114209765,53554.24908346176,100,0.14092921142097525,-0.001193082109252619,146830.40833569336,46830.408335693355,2780.7271833496093,236,0.4683040833569352,-0.004081856588145305,499.3284296453586,0.0,COVERED_CALL,9613.049083461772,2900.0,1738.00048828125,341.2,0.0,499.3284296453586,0.0,COVERED_CALL,9613.049083461772,2900.0,1738.00048828125,341.2,0.0,2695.518,0
2025-02-21,599.9400024414062,0.0,100000,113320.91642936546,13320.916429365461,53554.24908346176,100,0.13320916429365326,-0.007951465013314007,113320.91642936546,13320.916429365461,53554.24908346176,100,0.13320916429365326,-0.007951465013314007,144366.56775952148,44366.56775952148,2780.7271833496093,236,0.44366567759521636,-0.020793541586486386,227.33289823693127,0.0,COVERED_CALL,9613.049083461772,2900.0,694.000244140625,341.2,0.0,227.33289823693127,0.0,COVERED_CALL,9613.049083461772,2900.0,694.000244140625,341.2,0.0,2695.518,0
2025-02-24,597.2100219726562,0.0,100000,113053.04598494248,13053.04598494248,53554.24908346176,100,0.13053045984942346,-0.01029649089493656,113053.04598494248,13053.04598494248,53554.24908346176,100,0.13053045984942346,-0.01029649089493656,143722.29236889648,43722.29236889648,2780.7271833496093,236,0.4372229236889662,-0.025163518883084435,222.20529578490775,0.0,COVERED_CALL,9613.049083461772,2900.0,421.002197265625,341.2,0.0,222.20529578490775,0.0,COVERED_CALL,9613.049083461772,2900.0,421.002197265625,341.2,0.0,2695.518,0
2025-02-25,594.239990234375,0.0,100000,112796.87483447164,12796.874834471644,53554.24908346176,100,0.12796874834471517,-0.012539097313398195,112796.87483447164,12796.874834471644,53554.24908346176,100,0.12796874834471517,-0.012539097313398195,143021.3648786621,43021.364878662105,2780.7271833496093,236,0.4302136487866224,-0.02991775482544179,181.37327242761407,0.0,COVERED_CALL,9613.049083461772,2900.0,123.9990234375,341.2,0.0,181.37327242761407,0.0,COVERED_CALL,9613.049083461772,2900.0,123.9990234375,341.2,0.0,2695.518,0
2025-02-26,594.5399780273438,0.0,100000,112826.78982013703,12826.789820137026,53554.24908346176,100,0.12826789820136897,-0.012277211700057022,112826.78982013703,12826.789820137026,53554.24908346176,100,0.12826789820136897,-0.012277211700057022,143092.16199780273,43092.16199780273,2780.7271833496093,236,0.4309216199780286,-0.029437553644687475,181.457066059111,0.0,COVERED_CALL,9613.049083461772,2900.0,153.997802734375,341.2,0.0,181.457066059111,0.0,COVERED_CALL,9613.049083461772,2900.0,153.997802734375,341.2,0.0,2695.518,0
2025-02-27,585.0499877929688,0.0,100000,111997.06864923344,11997.068649233435,53554.24908346176,100,0.11997068649233311,-0.019540863442190637,111997.06864923344,11997.068649233435,53554.24908346176,100,0.11997068649233311,-0.019540863442190637,140852.52430249023,40852.52430249023,2780.7271833496093,236,0.40852524302490356,-0.04462852015301,62.17921352520026,0.0,COVERED_CALL,9613.049083461772,2900.0,-795.001220703125,341.2,0.0,62.17921352520026,0.0,COVERED_CALL,9613.049083461772,2900.0,-795.001220703125,341.2,0.0,2695.518,0
2025-02-28,594.1799926757812,0.0,100000,112787.22615922026,12787.226159220256,53554.24908346176,100,0.12787226159220144,-0.012623564986704139,112787.22615922026,12787.226159220256,53554.24908346176,100,0.12787226159220144,-0.012623564986704139,143007.20545483398,43007.20545483398,2780.7271833496093,236,0.43007205454834097,-0.03001379506159274,185.02219181963497,0.0,COVERED_CALL,9613.049083461772,2900.0,117.999267578125,341.2,0.0,185.02219181963497,0.0,COVERED_CALL,9613.049083461772,2900.0,117.999267578125,341.2,0.0,2695.518,0
2025-03-03,583.77001953125,0.0,100000,111903.83838850044,11903.838388500444,53554.24908346176,100,0.11903838388500332,-0.02035703177625303,111903.83838850044,11903.838388500444,53554.24908346176,100,0.11903838388500332,-0.02035703177625303,140550.4517927246,40550.451792724605,2780.7271833496093,236,0.4055045179272472,-0.04667741109128043,27.412648086321774,0.0,COVERED_CALL,9613.049083461772,2900.0,-922.998046875,341.2,0.0,27.412648086321774,0.0,COVERED_CALL,9613.049083461772,2900.0,-922.998046875,341.2,0.0,2695.518,0
2025-03-04,576.8599853515625,0.0,100000,111219.30641820391,11219.306418203909,53554.24908346176,100,0.11219306418203812,-0.026349649553108923,111219.30641820391,11219.306418203909,53554.24908346176,100,0.11219306418203812,-0.026349649553108923,138919.68372631836,38919.683726318355,2780.7271833496093,236,0.38919683726318466,-0.05773854974395998,20.941200414102056,0.0,COVERED_CALL,9613.049083461772,2900.0,-1614.00146484375,341.2,0.0,20.941200414102056,0.0,COVERED_CALL,9613.049083461772,2900.0,-1614.00146484375,341.2,0.0,2695.518,0
2025-03-05,583.0599975585938,0.0,100000,111821.51255651074,11821.512556510745,53554.24908346176,100,0.1182151255651065,-0.021077739158352538,111821.51255651074,11821.512556510745,53554.24908346176,100,0.1182151255651065,-0.021077739158352538,140382.88660717773,40382.88660717773,2780.7271833496093,236,0.4038288660717786,-0.0478139686366954,38.73628281039531,0.0,COVERED_CALL,9613.049083461772,2900.0,-994.000244140625,341.2,0.0,38.73628281039531,0.0,COVERED_CALL,9613.049083461772,2900.0,-994.000244140625,341.2,0.0,2695.518,0
2025-03-06,572.7100219726562,0.0,100000,110820.72538696553,10820.725386965525,53554.24908346176,100,0.10820725386965435,-0.02983895885780352,110820.72538696553,10820.725386965525,53554.24908346176,100,0.10820725386965435,-0.02983895885780352,137940.29236889648,37940.29236889648,2780.7271833496093,236,0.379402923688966,-0.06438154443023225,4.5258937618706465,0.0,COVERED_CALL,9613.049083461772,2900.0,-2028.997802734375,341.2,0.0,4.5258937618706465,0.0,COVERED_CALL,9613.049083461772,2900.0,-2028.997802734375,341.2,0.0,2695.518,0
2025-03-07,575.9199829101562,0.0,100000,111135.8732063069,11135.873206306904,53554.24908346176,100,0.11135873206306823,-0.027080051302756147,111135.8732063069,11135.873206306904,53554.24908346176,100,0.11135873206306823,-0.027080051302756147,138697.84315014648,38697.84315014648,2780.7271833496093,236,0.38697843150146594,-0.05924324524442737,10.374168170480601,0.0,COVERED_CALL,9613.049083461772,2900.0,-1708.001708984375,341.2,0.0,10.374168170480601,0.0,COVERED_CALL,9613.049083461772,2900.0,-1708.001708984375,341.2,0.0,2695.518,0
2025-03-10,560.5800170898438,0.0,100000,109611.24735209916,9611.247352099163,53554.24908346176,100,0.09611247352099084,-0.040427126959458715,109611.24735209916,9611.247352099163,53554.24908346176,100,0.09611247352099084,-0.040427126959458715,135077.61121655273,35077.61121655273,2780.7271833496093,236,0.3507761121655284,-0.08379847673150442,1.0034403469752768,0.0,COVERED_CALL,9613.049083461772,2900.0,-3241.998291015625,341.2,0.0,1.0034403469752768,0.0,COVERED_CALL,9613.049083461772,2900.0,-3241.998291015625,341.2,0.0,2695.518,0
2025-03-11,555.9199829101562,0.0,100000,109145.24600156167,9145.246001561667,53554.24908346176,100,0.09145246001561591,-0.04450665589082503,109145.24600156167,9145.246001561667,53554.24908346176,100,0.09145246001561591,-0.04450665589082503,133977.84315014648,33977.84315014648,2780.7271833496093,236,0.3397784315014658,-0.09125795997679287,1.001372915716482,0.0,COVERED_CALL,9613.049083461772,2900.0,-3708.001708984375,341.2,0.0,1.001372915716482,0.0,COVERED_CALL,9613.049083461772,2900.0,-3708.001708984375,341.2,0.0,2695.518,0
2025-03-12,558.8699951171875,0.0,100000,109440.24858689503,9440.248586895032,53554.24908346176,100,0.09440248586894939,-0.04192410633317434,109440.24858689503,9440.248586895032,53554.24908346176,100,0.09440248586894939,-0.04192410633317434,134674.04603100586,34674.046031005855,2780.7271833496093,236,0.3467404603100597,-0.08653577001353774,1.0000082854816834,0.0,COVERED_CALL,9613.049083461772,2900.0,-3413.00048828125,341.2,0.0,1.0000082854816834,0.0,COVERED_CALL,9613.049083461772,2900.0,-3413.00048828125,341.2,0.0,2695.518,0
2025-03-13,551.4199829101562,0.0,100000,108695.24737447739,8695.247374477389,53554.24908346176,100,0.0869524737447731,-0.04844609172324921,108695.24737447739,8695.247374477389,53554.24908346176,100,0.0869524737447731,-0.04844609172324921,132915.84315014648,32915.84315014648,2780.7271833496093,236,0.32915843150146595,-0.09846127079157496,1.0,0.0,COVERED_CALL,9613.049083461772,2900.0,-4158.001708984375,341.2,0.0,1.0,0.0,COVERED_CALL,9613.049083461772,2900.0,-4158.001708984375,341.2,0.0,2695.518,0
2025-03-14,562.8099975585938,0.0,100000,109835.24883932114,9835.248839321139,53554.24908346176,100,0.09835248839321076,-0.03846614434269768,109835.24883932114,9835.248839321139,53554.24908346176,100,0.09835248839321076,-0.03846614434269768,135603.88660717773,35603.88660717773,2780.7271833496093,236,0.35603886607177837,-0.08022886730321555,0.0,0.0,STOCK,9613.049083461772,2900.0,-3019.000244140625,341.2,0.0,0.0,0.0,STOCK,9613.049083461772,2900.0,-3019.000244140625,341.2,0.0,2695.518,0
2025-03-17,567.1500244140625,0.0,100000,110269.25152486801,10269.251524868014,53554.24908346176,100,0.1026925152486795,-0.034666742238096515,110269.25152486801,10269.251524868014,53554.24908346176,100,0.1026925152486795,-0.034666742238096515,136628.13294506836,36628.132945068355,2780.7271833496093,236,0.3662813294506846,-0.07328163121778364,0.0,0.0,STOCK,9613.049083461772,2900.0,-2584.99755859375,341.2,0.0,0.0,0.0,STOCK,9613.049083461772,2900.0,-2584.99755859375,341.2,0.0,2695.518,0
2025-03-18,561.02001953125,0.0,100000,109611.92097525329,9611.920975253292,53958.05966612967,100,0.0961192097525323,-0.04042122984104268,109621.48968480734,9621.48968480734,53867.15692536619,100,0.09621489684807272,-0.040337462213724584,135181.4517927246,35181.451792724605,2780.7271833496093,236,0.35181451792724716,-0.08309414909934609,448.1406440013844,0.0,COVERED_CALL,10016.85966612969,2900.0,-3197.998046875,341.2,0.0,347.66919368384055,0.0,COVERED_CALL,9925.9569253662,2900.0,-3197.998046875,341.2,0.0,2695.518,0
2025-03-19,567.1300048828125,0.0,100000,110009.82689416359,10009.82689416359,53958.05966612967,100,0.1000982689416352,-0.03693783069148204,110051.63252405448,10051.632524054483,53867.15692536619,100,0.1005163252405441,-0.0365718504718171,136623.40833569336,36623.408335693355,2780.7271833496093,236,0.36623408335693464,-0.07331367719688586,661.2332602473322,0.0,COVERED_CALL,10016.85966612969,2900.0,-2586.99951171875,341.2,0.0,528.524889592961,0.0,COVERED_CALL,9925.9569253662,2900.0,-2586.99951171875,341.2,0.0,2695.518,0
2025-03-20,565.489990234375,0.0,100000,110014.64534350309,10014.645343503085,53958.05966612967,100,0.10014645343503004,-0.03689564840282111,110037.21721202708,10037.217212027084,53867.15692536619,100,0.10037217212027016,-0.03669804684957989,136236.3648786621,36236.364878662105,2780.7271833496093,236,0.3623636487866222,-0.07593890725321717,492.41334606409407,0.0,COVERED_CALL,10016.85966612969,2900.0,-2751.0009765625,341.2,0.0,378.9387367766076,0.0,COVERED_CALL,9925.9569253662,2900.0,-2751.0009765625,341.2,0.0,2695.518,0
2025-03-21,563.97998046875,0.0,100000,110096.74238424645,10096.742384246449,54127.65966612967,100,0.1009674238424636,-0.036176943934463246,110109.18490105342,10109.18490105342,54036.756925366186,100,0.10109184901053347,-0.03606801805423876,136280.2585739746,36280.2585739746,3180.983183349609,236,0.362802585739747,-0.0756411860383912,428.9153287582325,0.0,COVERED_CALL,10016.85966612969,2900.0,-2902.001953125,510.79999999999995,0.0,325.5700711877642,0.0,COVERED_CALL,9925.9569253662,2900.0,-2902.001953125,510.79999999999995,0.0,3095.774,0
2025-03-24,574.0800170898438,0.0,100000,110903.5775379377,10903.577537937701,54127.65966612967,100,0.10903577537937625,-0.029113643906404585,110961.41277345564,10961.412773455639,54036.756925366186,100,0.1096141277345557,-0.02860733525241521,138663.86721655272,38663.867216552724,3180.983183349609,236,0.38663867216552816,-0.05947369647785328,632.0838371763567,0.0,COVERED_CALL,10016.85966612969,2900.0,-1891.998291015625,510.79999999999995,0.0,483.34586089491313,0.0,COVERED_CALL,9925.9569253662,2900.0,-1891.998291015625,510.79999999999995,0.0,3095.774,0
2025-03-25,575.4600219726562,0.0,100000,111115.81917482319,11115.819174823191,54127.65966612967,100,0.11115819174823116,-0.027255610883289427,111171.47211189147,11171.472111891475,54036.756925366186,100,0.111714721118914,-0.02676840678694148,138989.54836889647,38989.548368896474,3180.983183349609,236,0.38989548368896565,-0.05726467334522767,557.8426885721158,0.0,COVERED_CALL,10016.85966612969,2900.0,-1753.997802734375,510.79999999999995,0.0,411.28701074032364,0.0,COVERED_CALL,9925.9569253662,2900.0,-1753.997802734375,510.79999999999995,0.0,3095.774,0
2025-03-26,568.5900268554688,0.0,100000,110664.4456149702,10664.445614970202,54127.65966612967,100,0.1066444561497013,-0.031207083328916863,110671.06847527862,10671.068475278618,54036.756925366186,100,0.10671068475278545,-0.03114910463377918,137368.22952124022,37368.229521240224,3180.983183349609,236,0.37368229521240304,-0.06826172003970277,322.21673670635624,0.0,COVERED_CALL,10016.85966612969,2900.0,-2440.997314453125,510.79999999999995,0.0,224.69113563442824,0.0,COVERED_CALL,9925.9569253662,2900.0,-2440.997314453125,510.79999999999995,0.0,3095.774,0
2025-03-27,567.0800170898438,0.0,100000,110516.32153105734,10516.321531057343,54127.65966612967,100,0.10516321531057282,-0.032503810226934604,110519.36900254665,10519.36900254665,54036.756925366186,100,0.10519369002546575,-0.03247713166024435,137011.86721655272,37011.867216552724,3180.983183349609,236,0.3701186721655281,-0.07067884663418122,319.33984405670583,0.0,COVERED_CALL,10016.85966612969,2900.0,-2591.998291015625,510.79999999999995,0.0,225.38963180390192,0.0,COVERED_CALL,9925.9569253662,2900.0,-2591.998291015625,510.79999999999995,0.0,3095.774,0
2025-03-28,555.6599731445312,0.0,100000,109566.79495700743,9566.794957007427,54127.65966612967,100,0.09566794957007363,-0.04081627783130937,109519.17659500604,9519.176595006036,54036.756925366186,100,0.09519176595005963,-0.041233144617692896,134316.73684545897,34316.736845458974,3180.983183349609,236,0.3431673684545906,-0.08895931909119403,126.86202357537806,0.0,COVERED_CALL,10016.85966612969,2900.0,-3734.002685546875,510.79999999999995,0.0,83.57764481327077,0.0,COVERED_CALL,9925.9569253662,2900.0,-3734.002685546875,510.79999999999995,0.0,3095.774,0
2025-03-31,559.3900146484375,0.0,100000,109854.18297648543,9854.182976485434,54127.65966612967,100,0.0985418297648537,-0.03830038868498753,109827.45620737741,9827.456207377414,54036.756925366186,100,0.09827456207377328,-0.03853436360306972,135197.02664038085,35197.02664038085,3180.983183349609,236,0.35197026640380935,-0.08298850835682192,212.47815448799338,0.0,COVERED_CALL,10016.85966612969,2900.0,-3360.99853515625,510.79999999999995,0.0,148.30218283251395,0.0,COVERED_CALL,9925.9569253662,2900.0,-3360.99853515625,510.79999999999995,0.0,3095.774,0
2025-04-01,560.969970703125,0.0,100000,109987.2657306848,9987.265730684798,54127.65966612967,100,0.09987265730684736,-0.037135338529240114,109966.8818700903,9966.881870090307,54036.756925366186,100,0.09966881870090227,-0.03731378554217757,135569.8962692871,35569.8962692871,3180.983183349609,236,0.3556989626928717,-0.0804594162377974,237.39100575738,0.0,COVERED_CALL,10016.85966612969,2900.0,-3203.0029296875,510.79999999999995,0.0,166.87212558837757,0.0,COVERED_CALL,9925.9569253662,2900.0,-3203.0029296875,510.79999999999995,0.0,3095.774,0
2025-04-02,564.52001953125,0.0,100000,110315.39432998362,10315.394329983625,54127.65966612967,100,0.10315394329983563,-0.034262792961498034,110304.68588323813,10304.685883238126,54036.756925366186,100,0.10304685883238052,-0.034356538222660715,136407.7077927246,36407.7077927246,3180.983183349609,236,0.36407707792724686,-0.07477672621187781,264.2672892710594,0.0,COVERED_CALL,10016.85966612969,2900.0,-2847.998046875,510.79999999999995,0.0,184.07299525305461,0.0,COVERED_CALL,9925.9569253662,2900.0,-2847.998046875,510.79999999999995,0.0,3095.774,0
2025-04-03,536.7000122070312,0.0,100000,107783.40031342783,7783.400313427832,54127.65966612967,100,0.07783400313427769,-0.05642870049088966,107698.30628102891,7698.306281028912,54036.756925366186,100,0.07698306281028833,-0.05717364160888794,129842.18606420899,29842.18606420899,3180.983183349609,236,0.29842186064209075,-0.11930920612873663,14.260573404977904,0.0,COVERED_CALL,10016.85966612969,2900.0,-5629.998779296875,510.79999999999995,0.0,8.451865040384842,0.0,COVERED_CALL,9925.9569253662,2900.0,-5629.998779296875,510.79999999999995,0.0,3095.774,0
2025-04-04,505.2799987792969,0.0,100000,104651.00250139058,4651.002501390583,54127.65966612967,100,0.04651002501390522,-0.08385074011376903,104561.51593598929,4561.515935989286,54036.756925366186,100,0.04561515935989213,-0.08463413490887461,122427.06289526368,22427.062895263676,3180.983183349609,236,0.2242706289526375,-0.16960434446753703,4.6570426687768,0.0,COVERED_CALL,10016.85966612969,2900.0,-8772.000122070312,510.79999999999995,0.0,3.240867306584504,0.0,COVERED_CALL,9925.9569253662,2900.0,-8772.000122070312,510.79999999999995,0.0,3095.774,0
2025-04-07,504.3800048828125,0.0,100000,104532.97072591781,4532.97072591781,54127.65966612967,100,0.04532970725917762,-0.08488402905661496,104450.71487416829,4450.71487416829,54036.756925366186,100,0.044507148741682157,-0.08560412380869964,122214.66433569336,22214.664335693364,3180.983183349609,236,0.22214664335693435,-0.17104499686037788,32.68942849312576,0.0,COVERED_CALL,10016.85966612969,2900.0,-8861.99951171875,510.79999999999995,0.0,24.04253947913542,0.0,COVERED_CALL,9925.9569253662,2900.0,-8861.99951171875,510.79999999999995,0.0,3095.774,0
2025-04-08,496.4800109863281,0.0,100000,103759.56475099717,3759.564750997175,54127.65966612967,100,0.03759564750997124,-0.0916546790702707,103672.97379017866,3672.9737901786575,54036.756925366186,100,0.03672973790178591,-0.09241272479148288,120350.26577612305,20350.26577612305,3180.983183349609,236,0.2035026577612311,-0.1836907994095468,16.096013765313288,0.0,COVERED_CALL,10016.85966612969,2900.0,-9651.998901367188,510.79999999999995,0.0,11.784233820331668,0.0,COVERED_CALL,9925.9569253662,2900.0,-9651.998901367188,510.79999999999995,0.0,3095.774,0
2025-04-09,548.6199951171875,0.0,100000,108517.848085497,8517.848085496997,54127.65966612967,100,0.08517848085496937,-0.04999910338504909,108512.31643149996,8512.31643149996,54036.756925366186,100,0.08512316431499878,-0.05004752930161194,132655.30203100585,32655.30203100585,3180.983183349609,236,0.3265530203100593,-0.1002284635045706,471.811092351429,0.0,COVERED_CALL,10016.85966612969,2900.0,-4438.00048828125,510.79999999999995,0.0,386.4400055849632,0.0,COVERED_CALL,9925.9569253662,2900.0,-4438.00048828125,510.79999999999995,0.0,3095.774,0
2025-04-10,524.5800170898438,0.0,100000,106578.5153082531,6578.515308253103,54127.65966612967,100,0.06578515308253041,-0.06697665970154498,106490.26463921824,6490.264639218236,54036.756925366186,100,0.06490264639218157,-0.06774923505379438,126981.86721655274,26981.86721655274,3180.983183349609,236,0.26981867216552824,-0.13871011544045764,7.146066860950538,0.0,COVERED_CALL,10016.85966612969,2900.0,-6841.998291015625,510.79999999999995,0.0,4.493995132314431,0.0,COVERED_CALL,9925.9569253662,2900.0,-6841.998291015625,510.79999999999995,0.0,3095.774,0
2025-04-11,533.9400024414062,0.0,100000,107482.27750297265,7482.277502972647,54127.65966612967,100,0.07482277502972567,-0.05906482851010986,107404.88564017264,7404.885640172637,54036.756925366186,100,0.07404885640172565,-0.05974234230482478,129190.82375952149,29190.82375952149,3180.983183349609,236,0.2919082375952158,-0.12372725239398796,39.382407297652264,0.0,COVERED_CALL,10016.85966612969,2900.0,-5905.999755859375,510.79999999999995,0.0,25.871529334161885,0.0,COVERED_CALL,9925.9569253662,2900.0,-5905.999755859375,510.79999999999995,0.0,3095.774,0
2025-04-14,539.1199951171875,0.0,100000,108035.31792627761,8035.31792627761,54127.65966612967,100,0.08035317926277541,-0.05422333093829934,107946.25869021629,7946.2586902162875,54036.756925366186,100,0.07946258690216212,-0.05500298475195997,130413.30203100586,30413.302031005864,3180.983183349609,236,0.3041330203100596,-0.11543545300244396,4.3412515708158175,0.0,COVERED_CALL,10016.85966612969,2900.0,-5388.00048828125,510.79999999999995,0.0,2.497746868642813,0.0,COVERED_CALL,9925.9569253662,2900.0,-5388.00048828125,510.79999999999995,0.0,3095.774,0
2025-04-15,537.6099853515625,0.0,100000,107887.64481404428,7887.644814044281,54127.65966612967,100,0.07887644814044203,-0.055516109882064124,107796.7529429844,7796.7529429844,54036.756925366186,100,0.0779675294298432,-0.056311807184630136,130056.93972631836,30056.939726318364,3180.983183349609,236,0.30056939726318466,-0.11785257959692241,1.013387241647281,0.0,COVERED_CALL,10016.85966612969,2900.0,-5539.00146484375,510.79999999999995,0.0,1.0025175380285998,0.0,COVERED_CALL,9925.9569253662,2900.0,-5539.00146484375,510.79999999999995,0.0,3095.774,0
2025-04-16,525.6599731445312,0.0,100000,106692.65698058273,6692.656980582731,54127.65966612967,100,0.06692656980582656,-0.06597742599974099,106601.7542398193,6601.754239819304,54036.756925366186,100,0.06601754239819213,-0.06677321845926332,127236.73684545899,27236.73684545899,3180.983183349609,236,0.27236736845459086,-0.13698139118974195,1.000000000071104,0.0,COVERED_CALL,10016.85966612969,2900.0,-6734.002685546875,510.79999999999995,0.0,1.0000000000011844,0.0,COVERED_CALL,9925.9569253662,2900.0,-6734.002685546875,510.79999999999995,0.0,3095.774,0
2025-04-17,526.4099731445312,0.0,100000,106768.6569805828,6768.656980582804,54127.65966612967,100,0.06768656980582732,-0.0653120970292852,106677.7542398193,6677.754239819304,54036.756925366186,100,0.066777542398192,-0.0661078894888083,127413.73684545899,27413.73684545899,3180.983183349609,236,0.2741373684545909,-0.13578083938727825,0.0,0.0,STOCK,10016.85966612969,2900.0,-6659.002685546875,510.79999999999995,0.0,0.0,0.0,STOCK,9925.9569253662,2900.0,-6659.002685546875,510.79999999999995,0.0,3095.774,0
2025-04-21,513.8800048828125,0.0,100000,105515.66015441093,5515.660154410929,54127.65966612967,100,0.05515660154410851,-0.07628124292850302,105424.75741364743,5424.757413647429,54036.756925366186,100,0.05424757413647319,-0.07707703538802613,124456.66433569336,24456.664335693364,3180.983183349609,236,0.24456664335693468,-0.15583800736250408,0.0,0.0,STOCK,10016.85966612969,2900.0,-7911.99951171875,510.79999999999995,0.0,0.0,0.0,STOCK,9925.9569253662,2900.0,-7911.99951171875,510.79999999999995,0.0,3095.774,0
2025-04-22,527.25,0.0,100000,106700.08212863712,6700.082128637121,55559.82127230883,100,0.06700082128637042,-0.06591242381407658,106727.88679181467,6727.886791814672,54341.19819410563,100,0.06727886791814552,-0.06566901265715885,127611.98318334961,27611.983183349614,3180.983183349609,236,0.276119831833497,-0.13443617838001043,1584.7391436717,0.0,COVERED_CALL,11449.021272308848,2900.0,-6575.0,510.79999999999995,0.0,338.31140229096457,0.0,COVERED_CALL,10230.398194105643,2900.0,-6575.0,510.79999999999995,0.0,3095.774,0
2025-04-23,535.4199829101562,0.0,100000,107374.0792072457,7374.079207245697,55559.82127230883,100,0.07374079207245621,-0.0600120319403864,107562.00248036937,7562.002480369367,54341.19819410563,100,0.07562002480369245,-0.058366889863650684,129540.09915014649,29540.09915014649,3180.983183349609,236,0.2954009915014657,-0.1213581947681629,1727.740356078747,0.0,COVERED_CALL,11449.021272308848,2900.0,-5758.001708984375,510.79999999999995,0.0,321.1940047518903,0.0,COVERED_CALL,10230.398194105643,2900.0,-5758.001708984375,510.79999999999995,0.0,3095.774,0
2025-04-24,546.6900024414062,0.0,100000,108050.10259034223,8050.102590342227,55559.82127230883,100,0.08050102590342156,-0.05409390113144885,108609.7542514003,8609.7542514003,54341.19819410563,100,0.08609754251400181,-0.04919452661216894,132199.82375952147,32199.823759521474,3180.983183349609,236,0.3219982375952155,-0.10331787175210527,2178.7189261072153,0.0,COVERED_CALL,11449.021272308848,2900.0,-4630.999755859375,510.79999999999995,0.0,400.4441868459477,0.0,COVERED_CALL,10230.398194105643,2900.0,-4630.999755859375,510.79999999999995,0.0,3095.774,0
2025-04-25,550.6400146484375,0.0,100000,108352.78911796476,8352.789117964756,55559.82127230883,100,0.08352789117964687,-0.051444083818373176,109034.72953391883,9034.729533918828,54341.19819410563,100,0.09034729533918706,-0.04547415335970906,133132.02664038085,33132.02664038085,3180.983183349609,236,0.3313202664038093,-0.09699494605223191,2271.033619187818,0.0,COVERED_CALL,11449.021272308848,2900.0,-4235.99853515625,510.79999999999995,0.0,370.4701250305539,0.0,COVERED_CALL,10230.398194105643,2900.0,-4235.99853515625,510.79999999999995,0.0,3095.774,0
2025-04-28,550.8499755859375,0.0,100000,108546.67650359136,8546.676503591356,55559.82127230883,100,0.08546676503591266,-0.04974672994122609,109167.46769590449,9167.467695904488,54341.19819410563,100,0.09167467695904374,-0.04431211987741912,133181.57742163085,33181.57742163085,3180.983183349609,236,0.33181577421630926,-0.09665885407628172,2098.1423273112187,0.0,COVERED_CALL,11449.021272308848,2900.0,-4215.00244140625,510.79999999999995,0.0,258.72805679489744,0.0,COVERED_CALL,10230.398194105643,2900.0,-4215.00244140625,510.79999999999995,0.0,3095.774,0
2025-04-29,554.3200073242188,0.0,100000,108670.8829069171,8670.882906917104,55559.82127230883,100,0.08670882906917021,-0.04865938627742783,109467.50987235061,9467.509872350609,54341.19819410563,100,0.09467509872350499,-0.04168545208336605,134000.50491186522,34000.504911865224,3180.983183349609,236,0.34000504911865304,-0.0911042502656153,2320.939097813597,0.0,COVERED_CALL,11449.021272308848,2900.0,-3867.999267578125,510.79999999999995,0.0,305.6890541768991,0.0,COVERED_CALL,10230.398194105643,2900.0,-3867.999267578125,510.79999999999995,0.0,3095.774,0
2025-04-30,554.5399780273438,0.0,100000,108759.22778059458,8759.227780594578,55559.82127230883,100,0.08759227780594503,-0.047885986226785304,109538.66406873486,9538.664068734855,54341.19819410563,100,0.09538664068734737,-0.04106254486989369,134052.41799780272,34052.417997802724,3180.983183349609,236,0.3405241799780281,-0.09075213530011406,2254.59129444862,0.0,COVERED_CALL,11449.021272308848,2900.0,-3846.002197265625,510.79999999999995,0.0,256.5319281051561,0.0,COVERED_CALL,10230.398194105643,2900.0,-3846.002197265625,510.79999999999995,0.0,3095.774,0
2025-05-01,558.469970703125,0.0,100000,108867.56469381899,8867.56469381899,55559.82127230883,100,0.08867564693818908,-0.04693756929339199,109867.01037161618,9867.010371616183,54341.19819410563,100,0.09867010371616058,-0.03818809345346219,134979.8962692871,34979.8962692871,3180.983183349609,236,0.3497989626928717,-0.08446125557934303,2539.2536488023266,0.0,COVERED_CALL,11449.021272308848,2900.0,-3453.0029296875,510.79999999999995,0.0,321.18489280194507,0.0,COVERED_CALL,10230.398194105643,2900.0,-3453.0029296875,510.79999999999995,0.0,3095.774,0
2025-05-02,566.760009765625,0.0,100000,109068.86630470748,9068.86630470748,55559.82127230883,100,0.09068866304707401,-0.04517530885229448,110546.99080104317,10546.990801043168,54341.19819410563,100,0.10546990801043044,-0.032235321360826186,136936.3454880371,36936.3454880371,3180.983183349609,236,0.3693634548803717,-0.07119109379403787,3166.9559441638403,0.0,COVERED_CALL,11449.021272308848,2900.0,-2623.9990234375,510.79999999999995,0.0,470.2083696249657,0.0,COVERED_CALL,10230.398194105643,2900.0,-2623.9990234375,510.79999999999995,0.0,3095.774,0
2025-05-05,563.510009765625,0.0,100000,109165.63336084457,9165.633360844571,55559.82127230883,100,0.09165633360844483,-0.044328178249219974,110435.77417775829,10435.774177758285,54341.19819410563,100,0.10435774177758161,-0.03320894822224252,136169.3454880371,36169.3454880371,3180.983183349609,236,0.36169345488037163,-0.07639348493804732,2745.1888880267447,0.0,COVERED_CALL,11449.021272308848,2900.0,-2948.9990234375,510.79999999999995,0.0,256.42499290985006,0.0,COVERED_CALL,10230.398194105643,2900.0,-2948.9990234375,510.79999999999995,0.0,3095.774,0
2025-05-06,558.7999877929688,0.0,100000,109069.38617926018,9069.386179260182,55559.82127230883,100,0.09069386179260097,-0.045170757699650954,110029.36839258231,10029.368392582313,54341.19819410563,100,0.10029368392582194,-0.03676675799379714,135057.78030249022,35057.780302490224,3180.983183349609,236,0.35057780302490293,-0.08393298542993544,2370.4338723455116,0.0,COVERED_CALL,11449.021272308848,2900.0,-3420.001220703125,510.79999999999995,0.0,191.82858082018512,0.0,COVERED_CALL,10230.398194105643,2900.0,-3420.001220703125,510.79999999999995,0.0,3095.774,0
2025-05-07,561.1500244140625,0.0,100000,109103.78061768149,9103.780617681492,55559.82127230883,100,0.091037806176814,-0.04486965748512162,110219.03421930806,10219.034219308058,54341.19819410563,100,0.10219034219307943,-0.03510636103029752,135612.38894506835,35612.38894506835,3180.983183349609,236,0.35612388945068396,-0.08017119782818916,2571.043096033576,0.0,COVERED_CALL,11449.021272308848,2900.0,-3184.99755859375,510.79999999999995,0.0,237.1664162038244,0.0,COVERED_CALL,10230.398194105643,2900.0,-3184.99755859375,510.79999999999995,0.0,3095.774,0
2025-05-08,565.0599975585938,0.0,100000,109235.73834993428,9235.738349934283,55559.82127230883,100,0.09235738349934186,-0.04371445614113012,110603.89602689899,10603.89602689899,54341.19819410563,100,0.10603896026898885,-0.03173715431698165,136535.14260717772,36535.142607177724,3180.983183349609,236,0.3653514260717776,-0.07391236408652035,2830.082678233909,0.0,COVERED_CALL,11449.021272308848,2900.0,-2794.000244140625,510.79999999999995,0.0,243.30192306601916,0.0,COVERED_CALL,10230.398194105643,2900.0,-2794.000244140625,510.79999999999995,0.0,3095.774,0
2025-05-09,564.3400268554688,0.0,100000,109283.46346406716,9283.463464067157,55559.82127230883,100,0.09283463464067077,-0.043296654811513124,110595.50177457077,10595.501774570774,54341.19819410563,100,0.1059550177457067,-0.031810640359866804,136365.22952124022,36365.229521240224,3180.983183349609,236,0.3636522952124026,-0.07506484692033066,2710.3604937885343,0.0,COVERED_CALL,11449.021272308848,2900.0,-2865.997314453125,510.79999999999995,0.0,179.69910508172853,0.0,COVERED_CALL,10230.398194105643,2900.0,-2865.997314453125,510.79999999999995,0.0,3095.774,0
2025-05-12,582.989990234375,0.0,100000,109401.89063102797,9401.89063102797,55559.82127230883,100,0.09401890631027876,-0.04225990448167172,112126.76109855647,12126.761098556468,54341.19819410563,100,0.12126761098556371,-0.01840549312924422,140766.6208786621,40766.6208786621,3180.983183349609,236,0.4076662087866214,-0.045211184053093434,4456.929664718355,0.0,COVERED_CALL,11449.021272308848,2900.0,-1001.0009765625,510.79999999999995,0.0,513.4361189866622,0.0,COVERED_CALL,10230.398194105643,2900.0,-1001.0009765625,510.79999999999995,0.0,3095.774,0
2025-05-13,586.8400268554688,0.0,100000,109402.71666748356,9402.71666748356,55559.82127230883,100,0.09402716667483468,-0.04225267308713798,112541.81236871226,12541.812368712257,54341.19819410563,100,0.12541812368712146,-0.014771997941627646,141675.22952124022,41675.229521240224,3180.983183349609,236,0.41675229521240276,-0.03904829284641953,4841.10729037213,0.0,COVERED_CALL,11449.021272308848,2900.0,-615.997314453125,510.79999999999995,0.0,483.38851094024966,0.0,COVERED_CALL,10230.398194105643,2900.0,-615.997314453125,510.79999999999995,0.0,3095.774,0
2025-05-14,587.5900268554688,0.0,100000,109402.53487015053,9402.534870150528,55559.82127230883,100,0.09402534870150436,-0.04225426460072246,112630.80830823365,12630.808308233652,54341.19819410563,100,0.12630808308233532,-0.013992898246674268,141852.22952124022,41852.229521240224,3180.983183349609,236,0.4185222952124028,-0.03784774104395583,4916.289087705174,0.0,COVERED_CALL,11449.021272308848,2900.0,-540.997314453125,510.79999999999995,0.0,469.39257141885895,0.0,COVERED_CALL,10230.398194105643,2900.0,-540.997314453125,510.79999999999995,0.0,3095.774,0
2025-05-15,590.4600219726562,0.0,100000,109391.43746208452,9391.43746208452,55559.82127230883,100,0.09391437462084418,-0.0423514149570815,112818.5943270042,12818.594327004204,54341.19819410563,100,0.12818594327004074,-0.01234895773964162,142529.54836889647,42529.548368896474,3180.983183349609,236,0.4252954836889653,-0.033253637295953875,5214.386007489932,0.0,COVERED_CALL,11449.021272308848,2900.0,-253.997802734375,510.79999999999995,0.0,568.6060643670501,0.0,COVERED_CALL,10230.398194105643,2900.0,-253.997802734375,510.79999999999995,0.0,3095.774,0
2025-05-16,594.2000122070312,0.0,100000,109375.64647260052,9375.646472600522,55559.82127230883,100,0.0937564647260043,-0.04248965446729003,113071.03576181865,13071.035761818654,54341.19819410563,100,0.13071035761818517,-0.010139002477466352,143412.18606420897,43412.186064208974,3180.983183349609,236,0.43412186064209024,-0.027266901273186428,5604.176020411433,0.0,COVERED_CALL,11449.021272308848,2900.0,120.001220703125,510.79999999999995,0.0,690.1636529901035,0.0,COVERED_CALL,10230.398194105643,2900.0,120.001220703125,510.79999999999995,0.0,3095.774,0
2025-05-19,594.8499755859375,0.0,100000,109380.15426860219,9380.154268602186,55559.82127230883,100,0.09380154268602103,-0.042450191740016185,113266.53511550705,13266.535115507053,54341.19819410563,100,0.13266535115506906,-0.008427536902280153,143565.57742163085,43565.57742163085,3180.983183349609,236,0.4356557742163092,-0.026226481665077905,5664.664562300391,0.0,COVERED_CALL,11449.021272308848,2900.0,184.99755859375,510.79999999999995,0.0,559.6606371923315,0.0,COVERED_CALL,10230.398194105643,2900.0,184.99755859375,510.79999999999995,0.0,3095.774,0
2025-05-20,592.8499755859375,0.0,100000,109392.73052476958,9392.730524769577,55559.82127230883,100,0.09392730524769477,-0.04234009506148961,113221.08431539952,13221.084315399523,54341.19819410563,100,0.13221084315399367,-0.008825428139673686,143093.57742163085,43093.57742163085,3180.983183349609,236,0.43093577421630913,-0.029427953138314478,5452.0883061330005,0.0,COVERED_CALL,11449.021272308848,2900.0,-15.00244140625,510.79999999999995,0.0,405.1114372998503,0.0,COVERED_CALL,10230.398194105643,2900.0,-15.00244140625,510.79999999999995,0.0,3095.774,0
2025-05-21,582.8599853515625,0.0,100000,109445.23816440465,9445.238164404655,55559.82127230883,100,0.09445238164404568,-0.04188042593228636,112587.99437024363,12587.994370243629,54341.19819410563,100,0.12587994370243472,-0.014367705526727725,140735.93972631835,40735.93972631835,3180.983183349609,236,0.40735939726318415,-0.04541928751494606,4400.5816430604145,0.0,COVERED_CALL,11449.021272308848,2900.0,-1014.00146484375,510.79999999999995,0.0,39.20235901824874,0.0,COVERED_CALL,10230.398194105643,2900.0,-1014.00146484375,510.79999999999995,0.0,3095.774,0
2025-05-22,583.0900268554688,0.0,100000,109446.76494449498,9446.764944494978,55559.82127230883,100,0.09446764944494879,-0.04186705999773899,112631.96107950556,12631.961079505563,54341.19819410563,100,0.12631961079505416,-0.013982806508207268,140790.22952124022,40790.229521240224,3180.983183349609,236,0.40790229521240295,-0.04505105185873792,4422.059013360716,0.0,COVERED_CALL,11449.021272308848,2900.0,-990.997314453125,510.79999999999995,0.0,18.23980014693396,0.0,COVERED_CALL,10230.398194105643,2900.0,-990.997314453125,510.79999999999995,0.0,3095.774,0
2025-05-23,579.1099853515625,0.0,100000,109659.82127230882,9659.821272308822,109659.82127230882,0,0.0965982127230871,-0.04000189490256345,112252.19672926188,12252.19672926188,54341.19819410563,100,0.12252196729261722,-0.017307388405091828,139850.93972631835,39850.93972631835,3180.983183349609,236,0.39850939726318435,-0.05142204652726445,0.0,0.0,CASH,11449.021272308848,-2300.0,0.0,510.79999999999995,0.0,0.0,0.0,STOCK,10230.398194105643,2900.0,-1389.00146484375,510.79999999999995,0.0,3095.774,0
2025-05-27,591.1500244140625,0.0,100000,109659.82127230882,9659.821272308822,109659.82127230882,0,0.0965982127230871,-0.04000189490256345,113456.20063551188,13456.20063551188,54341.19819410563,100,0.13456200635511717,-0.006767142623916311,142692.38894506835,42692.38894506835,3180.983183349609,236,0.42692388945068416,-0.032149125729640904,0.0,0.0,CASH,11449.021272308848,-2300.0,0.0,510.79999999999995,0.0,0.0,0.0,STOCK,10230.398194105643,2900.0,-184.99755859375,510.79999999999995,0.0,3095.774,0
2025-05-28,587.72998046875,0.0,100000,109588.6892828179,9588.689282817897,110318.2501724726,0,0.09588689282817797,-0.040624607709595306,113067.41239767829,13067.412397678287,54768.319705477996,100,0.13067412397678124,-0.010170722597638848,141885.2585739746,41885.2585739746,3180.983183349609,236,0.4188525857397467,-0.037623712293707534,729.5608896547035,57500.0,SHORT_PUT,12107.450172472627,-2300.0,0.0,510.79999999999995,0.0,473.9053546747226,0.0,COVERED_CALL,10657.519705478011,2900.0,-527.001953125,510.79999999999995,0.0,3095.774,0
2025-05-29,590.0499877929688,0.0,100000,109661.72863570978,9661.728635709776,110318.2501724726,0,0.09661728635709688,-0.0399851972166706,113236.33812786808,13236.338127868075,54768.319705477996,100,0.13236338127867908,-0.00869189125355252,142432.78030249022,42432.780302490224,3180.983183349609,236,0.4243278030249029,-0.033909993660614535,656.5215367628317,57500.0,SHORT_PUT,12107.450172472627,-2300.0,0.0,510.79999999999995,0.0,536.9803569068014,0.0,COVERED_CALL,10657.519705478011,2900.0,-295.001220703125,510.79999999999995,0.0,3095.774,0
2025-05-30,589.3900146484375,0.0,100000,109668.15827923118,9668.158279231182,110318.2501724726,0,0.09668158279231087,-0.0399289100047695,113215.50380269201,13215.503802692008,54768.319705477996,100,0.1321550380269183,-0.008874281781441118,142277.02664038085,42277.02664038085,3180.983183349609,236,0.4227702664038091,-0.034966436258274,650.0918932414226,57500.0,SHORT_PUT,12107.450172472627,-2300.0,0.0,510.79999999999995,0.0,491.81736762974026,0.0,COVERED_CALL,10657.519705478011,2900.0,-360.99853515625,510.79999999999995,0.0,3095.774,0
2025-06-02,592.7100219726562,0.0,100000,109855.61136896441,9855.611368964412,110318.2501724726,0,0.09855611368964312,-0.03828788406791617,113549.65674866016,13549.656748660156,54768.319705477996,100,0.13549656748659955,-0.005948997103604969,143060.54836889647,43060.548368896474,3180.983183349609,236,0.43060548368896545,-0.029651981888562662,462.6388035081904,57500.0,SHORT_PUT,12107.450172472627,-2300.0,0.0,510.79999999999995,0.0,489.66515408346794,0.0,COVERED_CALL,10657.519705478011,2900.0,-28.997802734375,510.79999999999995,0.0,3095.774,0
2025-06-03,596.0900268554688,0.0,100000,109964.81837464658,9964.81837464658,110318.2501724726,0,0.09964818374646489,-0.0373318500592712,113818.74864600407,13818.748646004067,54768.319705477996,100,0.13818748646003853,-0.003593278221793783,143858.22952124022,43858.229521240224,3180.983183349609,236,0.4385822952124028,-0.02424148728270048,353.43179782602135,57500.0,SHORT_PUT,12107.450172472627,-2300.0,0.0,510.79999999999995,0.0,558.5737450208161,0.0,COVERED_CALL,10657.519705478011,2900.0,309.002685546875,510.79999999999995,0.0,3095.774,0
2025-06-04,595.9299926757812,0.0,100000,110007.96599223797,10007.965992237965,110318.2501724726,0,0.10007965992237855,-0.03695412163835465,113866.45432923865,13866.454329238652,54768.319705477996,100,0.1386645432923843,-0.003175646996644854,143820.46145483397,43820.461454833974,3180.983183349609,236,0.43820461454834025,-0.02449765971320672,310.28418023463036,57500.0,SHORT_PUT,12107.450172472627,-2300.0,0.0,510.79999999999995,0.0,494.86464381747436,0.0,COVERED_CALL,10657.519705478011,2900.0,292.999267578125,510.79999999999995,0.0,3095.774,0
2025-06-05,593.0499877929688,0.0,100000,109964.9721467532,9964.972146753207,110318.2501724726,0,0.09964972146753093,-0.03733050388772685,113684.73558924535,13684.735589245349,54768.319705477996,100,0.13684735589245123,-0.004766472551804846,143140.78030249022,43140.780302490224,3180.983183349609,236,0.43140780302490267,-0.029107786450759843,353.27802571939145,57500.0,SHORT_PUT,12107.450172472627,-2300.0,0.0,510.79999999999995,0.0,388.5828955295264,0.0,COVERED_CALL,10657.519705478011,2900.0,4.998779296875,510.79999999999995,0.0,3095.774,0
2025-06-06,599.1400146484375,0.0,100000,110068.95735766907,10068.957357669075,110318.2501724726,0,0.10068957357668973,-0.036420183186131716,114086.28982424624,14086.28982424624,54768.319705477996,100,0.14086289824246,-0.0012511348445014558,144578.02664038085,44578.02664038085,3180.983183349609,236,0.4457802664038091,-0.019359262826245893,249.29281480353387,57500.0,SHORT_PUT,12107.450172472627,-2300.0,0.0,510.79999999999995,0.0,596.0313460755078,0.0,COVERED_CALL,10657.519705478011,2900.0,614.00146484375,510.79999999999995,0.0,3095.774,0
2025-06-09,599.6799926757812,0.0,100000,110176.49246350162,10176.492463501621,110318.2501724726,0,0.10176492463501519,-0.03547878553808759,114284.27311408485,14284.273114084848,54768.319705477996,100,0.14284273114084622,0.0,144705.46145483397,44705.461454833974,3180.983183349609,236,0.4470546145483405,-0.018494900700887995,141.75770897098522,57500.0,SHORT_PUT,12107.450172472627,-2300.0,0.0,510.79999999999995,0.0,452.04585897127885,0.0,COVERED_CALL,10657.519705478011,2900.0,667.999267578125,510.79999999999995,0.0,3095.774,0
2025-06-10,603.0800170898438,0.0,100000,110216.34531579049,10216.345315790488,110318.2501724726,0,0.10216345315790387,-0.03512990057515264,114510.8803391581,14510.880339158102,54768.319705477996,100,0.1451088033915786,0.0,145507.86721655272,45507.867216552724,3180.983183349609,236,0.455078672165528,-0.01305236011592359,101.9048566821219,57500.0,SHORT_PUT,12107.450172472627,-2300.0,0.0,510.79999999999995,0.0,565.4410753042728,0.0,COVERED_CALL,10657.519705478011,2900.0,1008.001708984375,510.79999999999995,0.0,3095.774,0
2025-06-11,601.3599853515625,0.0,100000,110215.4680893348,10215.468089334798,110318.2501724726,0,0.10215468089334712,-0.035137580103765886,114437.68942306095,14437.689423060947,54768.319705477996,100,0.14437689423060696,-0.0006391612384814005,145101.93972631835,45101.93972631835,3180.983183349609,236,0.4510193972631842,-0.015805676387508072,102.78208313781154,57500.0,SHORT_PUT,12107.450172472627,-2300.0,0.0,510.79999999999995,0.0,466.62881757331263,0.0,COVERED_CALL,10657.519705478011,2900.0,835.99853515625,510.79999999999995,0.0,3095.774,0
2025-06-12,603.75,0.0,100000,110241.64704319181,10241.647043191813,110318.2501724726,0,0.10241647043191726,-0.03490840094038061,114603.07833511315,14603.078335113154,54768.319705477996,100,0.14603078335112918,0.0,145665.9831833496,45665.9831833496,3180.983183349609,236,0.4566598318334967,-0.011979894528713064,76.60312928079335,57500.0,SHORT_PUT,12107.450172472627,-2300.0,0.0,510.79999999999995,0.0,540.2413703648523,0.0,COVERED_CALL,10657.519705478011,2900.0,1075.0,510.79999999999995,0.0,3095.774,0
2025-06-13,597.0,0.0,100000,110164.51708280318,10164.517082803184,110318.2501724726,0,0.10164517082803104,-0.03558362195533604,114139.50965266045,14139.509652660447,54768.319705477996,100,0.14139509652660198,-0.004044993286281495,144072.9831833496,44072.9831833496,3180.983183349609,236,0.4407298318334967,-0.02278486075088637,153.7330896694146,57500.0,SHORT_PUT,12107.450172472627,-2300.0,0.0,510.79999999999995,0.0,328.8100528175559,0.0,COVERED_CALL,10657.519705478011,2900.0,400.0,510.79999999999995,0.0,3095.774,0
2025-06-16,602.6799926757812,0.0,100000,110219.98586495436,10219.98586495436,110318.2501724726,0,0.10219985864954295,-0.035098030011638026,114513.13702886901,14513.137028869009,54768.319705477996,100,0.1451313702886874,-0.0007848070710734234,145413.46145483397,45413.461454833974,3180.983183349609,236,0.45413461454834025,-0.013692693491033414,98.26430751824212,57500.0,SHORT_PUT,12107.450172472627,-2300.0,0.0,510.79999999999995,0.0,523.181944187124,0.0,COVERED_CALL,10657.519705478011,2900.0,967.999267578125,510.79999999999995,0.0,3095.774,0
2025-06-17,597.530029296875,0.0,100000,110215.81467799984,10215.814677999835,110318.2501724726,0,0.10215814677999768,-0.035134545952717366,114253.8311811538,14253.8311811538,54768.319705477996,100,0.1425383118115353,-0.003047450025191689,144198.0700974121,44198.0700974121,3180.983183349609,236,0.44198070097412145,-0.02193642391392403,102.43549447276365,57500.0,SHORT_PUT,12107.450172472627,-2300.0,0.0,510.79999999999995,0.0,267.4914540117085,0.0,COVERED_CALL,10657.519705478011,2900.0,453.0029296875,510.79999999999995,0.0,3095.774,0
2025-06-18,597.4400024414062,0.0,100000,110186.54565227532,10186.545652275323,110318.2501724726,0,0.10186545652275258,-0.035390776620500386,114203.15378821337,14203.15378821337,54768.319705477996,100,0.14203153788213108,-0.0034896492547118463,144176.82375952147,44176.823759521474,3180.983183349609,236,0.4417682375952152,-0.022080533118728263,131.7045201972725,57500.0,SHORT_PUT,12107.450172472627,-2300.0,0.0,510.79999999999995,0.0,309.1661614052609,0.0,COVERED_CALL,10657.519705478011,2900.0,444.000244140625,510.79999999999995,0.0,3095.774,0
2025-06-20,594.280029296875,0.0,100000,110185.24197149866,10185.24197149866,110318.2501724726,0,0.10185241971498593,-0.035402189470354894,114193.09076235547,14193.090762355467,54944.419705477994,100,0.14193090762355198,-0.0035774568948214736,143846.66609741212,43846.66609741212,3596.579183349609,236,0.4384666609741217,-0.024319919425748515,133.00820097394634,57500.0,SHORT_PUT,12107.450172472627,-2300.0,0.0,510.79999999999995,0.0,179.33187281003006,0.0,COVERED_CALL,10657.519705478011,2900.0,128.0029296875,686.9,0.0,3511.37,0
2025-06-23,600.1500244140625,0.0,100000,110306.21891502722,10306.218915027217,110318.2501724726,0,0.10306218915027143,-0.03434311755868824,114821.05046199872,14821.050461998719,54944.419705477994,100,0.14821050461998442,0.0,145231.98494506837,45231.98494506837,3596.579183349609,236,0.45231984945068415,-0.014923608467891758,12.031257445382181,57500.0,SHORT_PUT,12107.450172472627,-2300.0,0.0,510.79999999999995,0.0,138.37168488553047,0.0,COVERED_CALL,10657.519705478011,2900.0,715.00244140625,686.9,0.0,3511.37,0
2025-06-24,606.780029296875,0.0,100000,110316.84533969592,10316.845339695923,110318.2501724726,0,0.10316845339695835,-0.03425009034573512,115383.45469117223,15383.454691172228,54944.419705477994,100,0.1538345469117195,0.0,146796.66609741212,46796.66609741212,3596.579183349609,236,0.46796666097412154,-0.004310722718020243,1.4048327766771664,57500.0,SHORT_PUT,12107.450172472627,-2300.0,0.0,510.79999999999995,0.0,238.96794399326947,0.0,COVERED_CALL,10657.519705478011,2900.0,1378.0029296875,686.9,0.0,3511.37,0
2025-06-25,607.1199951171875,0.0,100000,110317.24804859143,10317.248048591428,110318.2501724726,0,0.10317248048591332,-0.03424656489975042,115519.2357214815,15519.235721481498,54944.419705477994,100,0.1551923572148124,0.0,146876.89803100587,46876.89803100587,3596.579183349609,236,0.468768980310059,-0.0037665272802173133,1.0021238811741873,57500.0,SHORT_PUT,12107.450172472627,-2300.0,0.0,510.79999999999995,0.0,137.1834957152491,0.0,COVERED_CALL,10657.519705478011,2900.0,1411.99951171875,686.9,0.0,3511.37,0
2025-06-26,611.8699951171875,0.0,100000,110317.25017247256,10317.250172472559,110318.2501724726,0,0.1031725017247247,-0.03424654630659718,115911.74756903065,15911.747569030646,54944.419705477994,100,0.15911747569030377,0.0,147997.89803100587,47997.89803100587,3596.579183349609,236,0.4799789803100589,0.0,1.0000000000473428,57500.0,SHORT_PUT,12107.450172472627,-2300.0,0.0,510.79999999999995,0.0,219.6716481661002,0.0,COVERED_CALL,10657.519705478011,2900.0,1886.99951171875,686.9,0.0,3511.37,0
2025-06-27,614.9099731445312,0.0,100000,110318.2501724726,10318.250172472603,110318.2501724726,0,0.10318250172472498,-0.03423779197803822,116144.419705478,16144.419705477994,116144.419705478,0,0.1614441970547773,0.0,148715.332845459,48715.332845458994,3596.579183349609,236,0.48715332845459014,0.0,0.0,0.0,CASH,12107.450172472627,-2300.0,0.0,510.79999999999995,0.0,0.0,0.0,CASH,10657.519705478011,4800.0,0.0,686.9,0.0,3511.37,0
2025-06-30,617.8499755859375,0.0,100000,110318.2501724726,10318.250172472603,110318.2501724726,0,0.10318250172472498,-0.03423779197803822,116144.419705478,16144.419705477994,116144.419705478,0,0.1614441970547773,0.0,149409.17342163087,49409.17342163087,3596.579183349609,236,0.4940917342163089,0.0,0.0,0.0,CASH,12107.450172472627,-2300.0,0.0,510.79999999999995,0.0,0.0,0.0,CASH,10657.519705478011,4800.0,0.0,686.9,0.0,3511.37,0
2025-07-01,617.6500244140625,0.0,100000,110256.92499769968,10256.92499769968,110883.51433281529,0,0.1025692499769959,-0.034774652706915155,116083.09453070507,16083.094530705072,116709.68386582068,0,0.16083094530704822,-0.0005280079312326436,149361.98494506837,49361.98494506837,3596.579183349609,236,0.4936198494506838,-0.00031583386402478375,626.5893351156099,60400.0,SHORT_PUT,12672.714332815322,-2300.0,0.0,510.79999999999995,0.0,626.5893351156099,60400.0,SHORT_PUT,11222.783865820706,4800.0,0.0,686.9,0.0,3511.37,0
2025-07-02,620.4500122070312,0.0,100000,110351.30943419691,10351.309434196912,110883.51433281529,0,0.1035130943419682,-0.03394838033899805,116177.4789672023,16177.478967202303,116709.68386582068,0,0.16177478967202052,0.0,150022.782064209,50022.782064208994,3596.579183349609,236,0.5002278206420898,0.0,532.2048986183828,60400.0,SHORT_PUT,12672.714332815322,-2300.0,0.0,510.79999999999995,0.0,532.2048986183828,60400.0,SHORT_PUT,11222.783865820706,4800.0,0.0,686.9,0.0,3511.37,0
2025-07-03,625.3400268554688,0.0,100000,110501.75041632088,10501.75041632088,110883.51433281529,0,0.10501750416320776,-0.03263137055280341,116327.91994932627,16327.919949326271,116709.68386582068,0,0.1632791994932603,0.0,151176.82552124024,51176.825521240244,3596.579183349609,236,0.5117682552124021,0.0,381.7639164944096,60400.0,SHORT_PUT,12672.714332815322,-2300.0,0.0,510.79999999999995,0.0,381.7639164944096,60400.0,SHORT_PUT,11222.783865820706,4800.0,0.0,686.9,0.0,3511.37,0
2025-07-07,620.6799926757812,0.0,100000,110406.65369633176,10406.653696331763,110883.51433281529,0,0.10406653696331647,-0.03346387848443544,116232.82322933715,16232.823229337155,116709.68386582068,0,0.16232823229336923,-0.0008174883555945867,150077.057454834,50077.057454833994,3596.579183349609,236,0.5007705745483395,-0.0072747133207380354,476.86063648352314,60400.0,SHORT_PUT,12672.714332815322,-2300.0,0.0,510.79999999999995,0.0,476.86063648352314,60400.0,SHORT_PUT,11222.783865820706,4800.0,0.0,686.9,0.0,3511.37,0
2025-07-08,620.3400268554688,0.0,100000,110399.08355130495,10399.083551304953,110883.51433281529,0,0.10399083551304833,-0.03353015002123649,116225.25308431035,16225.253084310345,116709.68386582068,0,0.1622525308431011,-0.0008825642636836051,149996.82552124024,49996.825521240244,3596.579183349609,236,0.49996825521240207,-0.0078054291451847835,484.43078151033933,60400.0,SHORT_PUT,12672.714332815322,-2300.0,0.0,510.79999999999995,0.0,484.43078151033933,60400.0,SHORT_PUT,11222.783865820706,4800.0,0.0,686.9,0.0,3511.37,0
2025-07-09,624.0599975585938,0.0,100000,110558.03703996385,10558.037039963849,110883.51433281529,0,0.10558037039963741,-0.03213861895597747,116384.20657296924,16384.20657296924,116709.68386582068,0,0.16384206572968996,0.0,150874.73860717774,50874.738607177744,3596.579183349609,236,0.508747386071777,-0.0019982355961036813,325.4772928514484,60400.0,SHORT_PUT,12672.714332815322,-2300.0,0.0,510.79999999999995,0.0,325.4772928514484,60400.0,SHORT_PUT,11222.783865820706,4800.0,0.0,686.9,0.0,3511.37,0
2025-07-10,625.8200073242188,0.0,100000,110646.1476248024,10646.147624802397,110883.51433281529,0,0.10646147624802293,-0.031367269946808496,116472.31715780779,16472.31715780779,116709.68386582068,0,0.16472317157807548,0.0,151290.10091186524,51290.100911865244,3596.579183349609,236,0.5129010091186521,0.0,237.36670801289733,60400.0,SHORT_PUT,12672.714332815322,-2300.0,0.0,510.79999999999995,0.0,237.36670801289733,60400.0,SHORT_PUT,11222.783865820706,4800.0,0.0,686.9,0.0,3511.37,0
2025-07-11,623.6199951171875,0.0,100000,110626.4064347632,10626.406434763194,110883.51433281529,0,0.10626406434763092,-0.03154009081054987,116452.57596776859,16452.575967768586,116709.68386582068,0,0.16452575967768346,-0.00016949254999754082,150770.89803100587,50770.89803100587,3596.579183349609,236,0.5077089803100583,-0.00343183643695133,257.1078980520991,60400.0,SHORT_PUT,12672.714332815322,-2300.0,0.0,510.79999999999995,0.0,257.1078980520991,60400.0,SHORT_PUT,11222.783865820706,4800.0,0.0,686.9,0.0,3511.37,0
2025-07-14,624.8099975585938,0.0,100000,110670.73400751456,10670.734007514562,110883.51433281529,0,0.1067073400751446,-0.03115203267447819,116496.90354051995,16496.903540519954,116709.68386582068,0,0.16496903540519714,0.0,151051.73860717774,51051.738607177744,3596.579183349609,236,0.5105173860717771,-0.001575531401266983,212.7803253007231,60400.0,SHORT_PUT,12672.714332815322,-2300.0,0.0,510.79999999999995,0.0,212.7803253007231,60400.0,SHORT_PUT,11222.783865820706,4800.0,0.0,686.9,0.0,3511.37,0
2025-07-15,622.1400146484375,0.0,100000,110606.79895475834,10606.798954758342,110883.51433281529,0,0.10606798954758245,-0.03171174113271891,116432.96848776373,16432.968487763734,116709.68386582068,0,0.164329684877635,-0.000548813323042352,150421.62264038087,50421.62264038087,3596.579183349609,236,0.5042162264038084,-0.00574048312645592,276.7153780569538,60400.0,SHORT_PUT,12672.714332815322,-2300.0,0.0,510.79999999999995,0.0,276.7153780569538,60400.0,SHORT_PUT,11222.783865820706,4800.0,0.0,686.9,0.0,3511.37,0
2025-07-16,624.219970703125,0.0,100000,110659.63068558661,10659.630685586613,110883.51433281529,0,0.1065963068558653,-0.031249234802727455,116485.800218592,16485.800218592005,116709.68386582068,0,0.16485800218591762,-9.531001760998414e-05,150912.49226928712,50912.49226928712,3596.579183349609,236,0.5091249226928709,-0.0024959243222271166,223.88364722868087,60400.0,SHORT_PUT,12672.714332815322,-2300.0,0.0,510.79999999999995,0.0,223.88364722868087,60400.0,SHORT_PUT,11222.783865820706,4800.0,0.0,686.9,0.0,3511.37,0
2025-07-17,628.0399780273438,0.0,100000,110742.19326523131,10742.193265231312,110883.51433281529,0,0.10742193265231226,-0.03052645485387051,116568.3627982367,16568.362798236703,116709.68386582068,0,0.16568362798236458,0.0,151814.01399780274,51814.013997802744,3596.579183349609,236,0.518140139978027,0.0,141.3210675839854,60400.0,SHORT_PUT,12672.714332815322,-2300.0,0.0,510.79999999999995,0.0,141.3210675839854,60400.0,SHORT_PUT,11222.783865820706,4800.0,0.0,686.9,0.0,3511.37,0
2025-07-18,627.5800170898438,0.0,100000,110767.64515210658,10767.645152106576,110883.51433281529,0,0.10767645152106486,-0.030303640673727594,116593.81468511197,16593.814685111967,116709.68386582068,0,0.16593814685111719,0.0,151705.46321655274,51705.463216552744,3596.579183349609,236,0.5170546321655269,-0.000715024775325257,115.86918070871258,60400.0,SHORT_PUT,12672.714332815322,-2300.0,0.0,510.79999999999995,0.0,115.86918070871258,60400.0,SHORT_PUT,11222.783865820706,4800.0,0.0,686.9,0.0,3511.37,0
2025-07-21,628.77001953125,0.0,100000,110820.37651885627,10820.376518856268,110883.51433281529,0,0.1082037651885619,-0.02984201296385558,116646.54605186166,16646.54605186166,116709.68386582068,0,0.16646546051861422,0.0,151986.30379272462,51986.30379272462,3596.579183349609,236,0.5198630379272458,0.0,63.137813959025316,60400.0,SHORT_PUT,12672.714332815322,-2300.0,0.0,510.79999999999995,0.0,63.137813959025316,60400.0,SHORT_PUT,11222.783865820706,4800.0,0.0,686.9,0.0,3511.37,0
2025-07-22,628.8599853515625,0.0,100000,110829.10543237902,10829.105432379016,110883.51433281529,0,0.10829105432378938,-0.029765597186917625,116655.27496538441,16655.274965384408,116709.68386582068,0,0.1665527496538417,0.0,152007.53572631837,52007.53572631837,3596.579183349609,236,0.5200753572631833,0.0,54.40890043627788,60400.0,SHORT_PUT,12672.714332815322,-2300.0,0.0,510.79999999999995,0.0,54.40890043627788,60400.0,SHORT_PUT,11222.783865820706,4800.0,0.0,686.9,0.0,3511.37,0
2025-07-23,634.2100219726562,0.0,100000,110864.86273313906,10864.86273313906,110883.51433281529,0,0.1086486273313898,-0.02945256602769475,116691.03226614445,16691.03226614445,116709.68386582068,0,0.16691032266144212,0.0,153270.1443688965,53270.144368896494,3596.579183349609,236,0.5327014436889645,0.0,18.65159967622516,60400.0,SHORT_PUT,12672.714332815322,-2300.0,0.0,510.79999999999995,0.0,18.65159967622516,60400.0,SHORT_PUT,11222.783865820706,4800.0,0.0,686.9,0.0,3511.37,0
2025-07-24,634.4199829101562,0.0,100000,110875.17922542768,10875.17922542768,110883.51433281529,0,0.108751792254276,-0.029362252064627725,116701.34875843307,16701.348758433072,116709.68386582068,0,0.16701348758432855,0.0,153319.6951501465,53319.695150146494,3596.579183349609,236,0.5331969515014645,0.0,8.335107387615025,60400.0,SHORT_PUT,12672.714332815322,-2300.0,0.0,510.79999999999995,0.0,8.335107387615025,60400.0,SHORT_PUT,11222.783865820706,4800.0,0.0,686.9,0.0,3511.37,0
2025-07-25,637.0999755859375,0.0,100000,110880.02638368592,10880.026383685923,110883.51433281529,0,0.10880026383685837,-0.029319818448659496,116706.19591669131,16706.195916691315,116709.68386582068,0,0.1670619591669109,0.0,153952.17342163087,53952.17342163087,3596.579183349609,236,0.5395217342163081,0.0,3.4879491293684275,60400.0,SHORT_PUT,12672.714332815322,-2300.0,0.0,510.79999999999995,0.0,3.4879491293684275,60400.0,SHORT_PUT,11222.783865820706,4800.0,0.0,686.9,0.0,3511.37,0
2025-07-28,636.9400024414062,0.0,100000,110882.43375887633,10882.43375887633,110883.51433281529,0,0.10882433758876231,-0.029298743495278945,116708.60329188172,16708.60329188172,116709.68386582068,0,0.16708603291881508,0.0,153914.4197595215,53914.419759521494,3596.579183349609,236,0.5391441975952145,-0.00024522980916918957,1.080573938962697,60400.0,SHORT_PUT,12672.714332815322,-2300.0,0.0,510.79999999999995,0.0,1.080573938962697,60400.0,SHORT_PUT,11222.783865820706,4800.0,0.0,686.9,0.0,3511.37,0
2025-07-29,635.260009765625,0.0,100000,110882.49373968397,10882.493739683967,110883.51433281529,0,0.10882493739683885,-0.02929821840358149,116708.66327268936,16708.66327268936,116709.68386582068,0,0.1670866327268914,0.0,153517.94148803712,53517.94148803712,3596.579183349609,236,0.5351794148803708,-0.002820563840982615,1.020593131328621,60400.0,SHORT_PUT,12672.714332815322,-2300.0,0.0,510.79999999999995,0.0,1.020593131328621,60400.0,SHORT_PUT,11222.783865820706,4800.0,0.0,686.9,0.0,3511.37,0
2025-07-30,634.4600219726562,0.0,100000,110882.51188005655,10882.511880056554,110883.51433281529,0,0.10882511880056467,-0.029298059596799764,116708.68141306195,16708.681413061946,116709.68386582068,0,0.1670868141306172,0.0,153329.1443688965,53329.144368896494,3596.579183349609,236,0.5332914436889646,-0.004046900013733756,1.0024527587394128,60400.0,SHORT_PUT,12672.714332815322,-2300.0,0.0,510.79999999999995,0.0,1.0024527587394128,60400.0,SHORT_PUT,11222.783865820706,4800.0,0.0,686.9,0.0,3511.37,0
2025-07-31,632.0800170898438,0.0,100000,110882.51433198556,10882.514331985556,110883.51433281529,0,0.1088251433198546,-0.029298038131807758,116708.68386499095,16708.683864990948,116709.68386582068,0,0.16708683864990714,0.0,152767.46321655274,52767.463216552744,3596.579183349609,236,0.527674632165527,-0.007695313282999439,1.0000008297341216,60400.0,SHORT_PUT,12672.714332815322,-2300.0,0.0,510.79999999999995,0.0,1.0000008297341216,60400.0,SHORT_PUT,11222.783865820706,4800.0,0.0,686.9,0.0,3511.37,0
2025-08-01,621.719970703125,0.0,100000,110883.51433281529,10883.514332815292,110883.51433281529,0,0.10883514332815203,-0.029289283795985277,116709.68386582068,16709.683865820683,116709.68386582068,0,0.16709683865820435,0.0,150322.49226928712,50322.49226928712,3596.579183349609,236,0.5032249226928709,-0.02357668015769465,0.0,0.0,CASH,12672.714332815322,-2300.0,0.0,510.79999999999995,0.0,0.0,0.0,CASH,11222.783865820706,4800.0,0.0,686.9,0.0,3511.37,0
2025-08-04,631.1699829101562,0.0,100000,110883.51433281529,10883.514332815292,110883.51433281529,0,0.10883514332815203,-0.029289283795985277,116709.68386582068,16709.683865820683,116709.68386582068,0,0.16709683865820435,0.0,152552.6951501465,52552.695150146494,3596.579183349609,236,0.5255269515014647,-0.009090344360722868,0.0,0.0,CASH,12672.714332815322,-2300.0,0.0,510.79999999999995,0.0,0.0,0.0,CASH,11222.783865820706,4800.0,0.0,686.9,0.0,3511.37,0
2025-08-05,627.969970703125,0.0,100000,110816.45901685402,10816.459016854016,111503.21483444737,0,0.1081645901685393,-0.02987630806351238,116642.62854985941,16642.628549859408,117329.38436745276,0,0.16642628549859162,-0.0005745480044172524,151797.49226928712,51797.49226928712,3596.579183349609,236,0.5179749226928709,-0.01399578261518053,686.755817593348,61400.0,SHORT_PUT,13292.414834447398,-2300.0,0.0,510.79999999999995,0.0,686.755817593348,61400.0,SHORT_PUT,11842.484367452782,4800.0,0.0,686.9,0.0,3511.37,0
2025-08-06,632.780029296875,0.0,100000,110956.18452594793,10956.18452594793,111503.21483444737,0,0.10956184525947843,-0.02865310504888363,116782.35405895332,16782.354058953322,117329.38436745276,0,0.16782354058953075,0.0,152932.66609741212,52932.66609741212,3596.579183349609,236,0.529326660974121,-0.006622234045547182,547.0303084994418,61400.0,SHORT_PUT,13292.414834447398,-2300.0,0.0,510.79999999999995,0.0,547.0303084994418,61400.0,SHORT_PUT,11842.484367452782,4800.0,0.0,686.9,0.0,3511.37,0
2025-08-07,632.25,0.0,100000,111024.40041486887,11024.40041486887,111503.21483444737,0,0.11024400414868785,-0.02805592074435137,116850.56994787426,16850.56994787426,117329.38436745276,0,0.16850569947874017,0.0,152807.57918334962,52807.57918334962,3596.579183349609,236,0.528075791833496,-0.007434739067609608,478.814419578503,61400.0,SHORT_PUT,13292.414834447398,-2300.0,0.0,510.79999999999995,0.0,478.814419578503,61400.0,SHORT_PUT,11842.484367452782,4800.0,0.0,686.9,0.0,3511.37,0
2025-08-08,637.1799926757812,0.0,100000,111165.51869965253,11165.51869965253,111503.21483444737,0,0.11165518699652455,-0.026820524913726107,116991.68823265792,16991.68823265792,117329.38436745276,0,0.16991688232657687,0.0,153971.057454834,53971.057454833994,3596.579183349609,236,0.5397105745483397,0.0,337.69613479484315,61400.0,SHORT_PUT,13292.414834447398,-2300.0,0.0,510.79999999999995,0.0,337.69613479484315,61400.0,SHORT_PUT,11842.484367452782,4800.0,0.0,686.9,0.0,3511.37,0
2025-08-11,635.9199829101562,0.0,100000,111250.420904016,11250.420904016006,111503.21483444737,0,0.11250420904015934,-0.026077263121377037,117076.5904370214,17076.590437021398,117329.38436745276,0,0.17076590437021166,0.0,153673.6951501465,53673.695150146494,3596.579183349609,236,0.5367369515014648,-0.0019312870198006094,252.79393043136741,61400.0,SHORT_PUT,13292.414834447398,-2300.0,0.0,510.79999999999995,0.0,252.79393043136741,61400.0,SHORT_PUT,11842.484367452782,4800.0,0.0,686.9,0.0,3511.37,0
2025-08-12,642.6900024414062,0.0,100000,111324.20638375085,11324.206383750847,111503.21483444737,0,0.11324206383750779,-0.02543132078892274,117150.37591675624,17150.37591675624,117329.38436745276,0,0.1715037591675601,0.0,155271.4197595215,55271.419759521494,3596.579183349609,236,0.5527141975952148,0.0,179.00845069652385,61400.0,SHORT_PUT,13292.414834447398,-2300.0,0.0,510.79999999999995,0.0,179.00845069652385,61400.0,SHORT_PUT,11842.484367452782,4800.0,0.0,686.9,0.0,3511.37,0
2025-08-13,644.8900146484375,0.0,100000,111405.49414010513,11405.494140105133,111503.21483444737,0,0.11405494140105077,-0.02471970106200405,117231.66367311052,17231.663673110525,117329.38436745276,0,0.1723166367311031,0.0,155790.62264038087,55790.62264038087,3596.579183349609,236,0.5579062264038086,0.0,97.72069434223411,61400.0,SHORT_PUT,13292.414834447398,-2300.0,0.0,510.79999999999995,0.0,97.72069434223411,61400.0,SHORT_PUT,11842.484367452782,4800.0,0.0,686.9,0.0,3511.37,0
2025-08-14,644.9500122070312,0.0,100000,111419.83509130107,11419.835091301065,111503.21483444737,0,0.11419835091301023,-0.024594155663391626,117246.00462430646,17246.004624306457,117329.38436745276,0,0.17246004624306233,0.0,155804.782064209,55804.782064208994,3596.579183349609,236,0.5580478206420898,0.0,83.37974314629551,61400.0,SHORT_PUT,13292.414834447398,-2300.0,0.0,510.79999999999995,0.0,83.37974314629551,61400.0,SHORT_PUT,11842.484367452782,4800.0,0.0,686.9,0.0,3511.37,0
2025-08-15,643.4400024414062,0.0,100000,111406.73303116996,11406.733031169962,111503.21483444737,0,0.11406733031169924,-0.02470885540257406,117232.90256417535,17232.902564175354,117329.38436745276,0,0.17232902564175134,-0.0001117484572125127,155448.4197595215,55448.419759521494,3596.579183349609,236,0.5544841975952146,-0.002287235988306602,96.4818032774054,61400.0,SHORT_PUT,13292.414834447398,-2300.0,0.0,510.79999999999995,0.0,96.4818032774054,61400.0,SHORT_PUT,11842.484367452782,4800.0,0.0,686.9,0.0,3511.37,0
2025-08-18,643.2999877929688,0.0,100000,111425.52328104152,11425.523281041518,111503.21483444737,0,0.11425523281041472,-0.024544359381499903,117251.69281404691,17251.69281404691,117329.38436745276,0,0.17251692814046682,0.0,155415.37630249024,55415.376302490244,3596.579183349609,236,0.554153763024902,-0.002499318419881935,77.69155340584575,61400.0,SHORT_PUT,13292.414834447398,-2300.0,0.0,510.79999999999995,0.0,77.69155340584575,61400.0,SHORT_PUT,11842.484367452782,4800.0,0.0,686.9,0.0,3511.37,0
2025-08-19,639.8099975585938,0.0,100000,111406.38051367262,11406.380513672615,111503.21483444737,0,0.11406380513672576,-0.02471194145656852,117232.550046678,17232.550046678007,117329.38436745276,0,0.17232550046677786,-0.00016326218333795328,154591.73860717774,54591.738607177744,3596.579183349609,236,0.545917386071777,-0.007785662551303307,96.83432077474986,61400.0,SHORT_PUT,13292.414834447398,-2300.0,0.0,510.79999999999995,0.0,96.83432077474986,61400.0,SHORT_PUT,11842.484367452782,4800.0,0.0,686.9,0.0,3511.37,0
2025-08-20,638.1099853515625,0.0,100000,111384.79420263074,11384.794202630743,111503.21483444737,0,0.11384794202630699,-0.024900915115797728,117210.96373563613,17210.963735636135,117329.38436745276,0,0.1721096373563591,-0.0003473645235584355,154190.53572631837,54190.53572631837,3596.579183349609,236,0.5419053572631833,-0.010360698282196434,118.42063181662567,61400.0,SHORT_PUT,13292.414834447398,-2300.0,0.0,510.79999999999995,0.0,118.42063181662567,61400.0,SHORT_PUT,11842.484367452782,4800.0,0.0,686.9,0.0,3511.37,0
2025-08-21,635.5499877929688,0.0,100000,111362.65509111699,11362.65509111699,111503.21483444737,0,0.11362655091116958,-0.02509472817198488,117188.82462412238,17188.824624122382,117329.38436745276,0,0.17188824624122145,-0.0005361815118886115,153586.37630249024,53586.376302490244,3596.579183349609,236,0.5358637630249021,-0.014238367605459823,140.55974333038174,61400.0,SHORT_PUT,13292.414834447398,-2300.0,0.0,510.79999999999995,0.0,140.55974333038174,61400.0,SHORT_PUT,11842.484367452782,4800.0,0.0,686.9,0.0,3511.37,0
2025-08-22,645.3099975585938,0.0,100000,111447.37949427213,11447.379494272129,111503.21483444737,0,0.11447379494272081,-0.02435302290983188,117273.54902727752,17273.54902727752,117329.38436745276,0,0.1727354902727729,0.0,155889.73860717774,55889.738607177744,3596.579183349609,236,0.5588973860717772,0.0,55.83534017523579,61400.0,SHORT_PUT,13292.414834447398,-2300.0,0.0,510.79999999999995,0.0,55.83534017523579,61400.0,SHORT_PUT,11842.484367452782,4800.0,0.0,686.9,0.0,3511.37,0
2025-08-25,642.469970703125,0.0,100000,111483.18174887502,11483.181748875024,111503.21483444737,0,0.11483181748874971,-0.02403959820989887,117309.35128188042,17309.351281880416,117329.38436745276,0,0.1730935128188018,0.0,155219.49226928712,55219.49226928712,3596.579183349609,236,0.5521949226928711,-0.004299489779629129,20.033085572343467,61400.0,SHORT_PUT,13292.414834447398,-2300.0,0.0,510.79999999999995,0.0,20.033085572343467,61400.0,SHORT_PUT,11842.484367452782,4800.0,0.0,686.9,0.0,3511.37,0
2025-08-26,645.1599731445312,0.0,100000,111490.57977859424,11490.579778594241,111503.21483444737,0,0.11490579778594201,-0.0239748334270502,117316.74931159963,17316.749311599633,117329.38436745276,0,0.1731674931159941,0.0,155854.332845459,55854.332845458994,3596.579183349609,236,0.5585433284545898,-0.00022712054067886012,12.635055853130183,61400.0,SHORT_PUT,13292.414834447398,-2300.0,0.0,510.79999999999995,0.0,12.635055853130183,61400.0,SHORT_PUT,11842.484367452782,4800.0,0.0,686.9,0.0,3511.37,0
2025-08-27,646.6300048828125,0.0,100000,111496.5327566909,11496.532756690896,111503.21483444737,0,0.11496532756690869,-0.023922719100889722,117322.70228969629,17322.702289696288,117329.38436745276,0,0.1732270228969608,0.0,156201.26033569337,56201.26033569337,3596.579183349609,236,0.5620126033569333,0.0,6.6820777564742455,61400.0,SHORT_PUT,13292.414834447398,-2300.0,0.0,510.79999999999995,0.0,6.6820777564742455,61400.0,SHORT_PUT,11842.484367452782,4800.0,0.0,686.9,0.0,3511.37,0
2025-08-28,648.9199829101562,0.0,100000,111499.72103746468,11499.721037464682,111503.21483444737,0,0.11499721037464661,-0.023894807843458876,117325.89057047007,17325.890570470074,117329.38436745276,0,0.1732589057046987,0.0,156741.6951501465,56741.695150146494,3596.579183349609,236,0.5674169515014644,0.0,3.4937969826879236,61400.0,SHORT_PUT,13292.414834447398,-2300.0,0.0,510.79999999999995,0.0,3.4937969826879236,61400.0,SHORT_PUT,11842.484367452782,4800.0,0.0,686.9,0.0,3511.37,0
2025-08-29,645.0499877929688,0.0,100000,111499.59119098351,11499.591190983512,111503.21483444737,0,0.11499591190983494,-0.02389594456221711,117325.7607239889,17325.760723988904,117329.38436745276,0,0.17325760723988703,-1.1067163482314513e-06,155828.37630249024,55828.376302490244,3596.579183349609,236,0.5582837630249018,-0.005826904237455022,3.623643463860148,61400.0,SHORT_PUT,13292.414834447398,-2300.0,0.0,510.79999999999995,0.0,3.623643463860148,61400.0,SHORT_PUT,11842.484367452782,4800.0,0.0,686.9,0.0,3511.37,0
2025-09-02,640.27001953125,0.0,100000,111501.678403717,11501.678403717,111503.21483444737,0,0.11501678403716986,-0.023877672416176443,117327.84793672239,17327.84793672239,117329.38436745276,0,0.17327847936722196,0.0,154700.30379272462,54700.30379272462,3596.579183349609,236,0.5470030379272455,-0.013023920377193798,1.536430730373838,61400.0,SHORT_PUT,13292.414834447398,-2300.0,0.0,510.79999999999995,0.0,1.536430730373838,61400.0,SHORT_PUT,11842.484367452782,4800.0,0.0,686.9,0.0,3511.37,0
2025-09-03,643.739990234375,0.0,100000,111502.19653368213,11502.19653368213,111503.21483444737,0,0.11502196533682119,-0.02387313653622558,117328.36606668752,17328.366066687522,117329.38436745276,0,0.17328366066687328,0.0,155519.21687866212,55519.21687866212,3596.579183349609,236,0.5551921687866204,-0.00779931766281694,1.0183007652400375,61400.0,SHORT_PUT,13292.414834447398,-2300.0,0.0,510.79999999999995,0.0,1.0183007652400375,61400.0,SHORT_PUT,11842.484367452782,4800.0,0.0,686.9,0.0,3511.37,0
2025-09-04,649.1199951171875,0.0,100000,111502.21483444428,11502.214834444283,111503.21483444737,0,0.11502214834444269,-0.0238729763253408,117328.38436744967,17328.384367449675,117329.38436745276,0,0.1732838436744948,0.0,156788.89803100587,56788.89803100587,3596.579183349609,236,0.567888980310058,0.0,1.0000000030777314,61400.0,SHORT_PUT,13292.414834447398,-2300.0,0.0,510.79999999999995,0.0,1.0000000030777314,61400.0,SHORT_PUT,11842.484367452782,4800.0,0.0,686.9,0.0,3511.37,0
2025-09-05,647.239990234375,0.0,100000,111503.21483444737,11503.214834447368,111503.21483444737,0,0.11503214834447362,-0.023864221996755197,117329.38436745276,17329.38436745276,117329.38436745276,0,0.17329384367452572,0.0,156345.21687866212,56345.21687866212,3596.579183349609,236,0.5634521687866205,-0.002829799545220335,0.0,0.0,CASH,13292.414834447398,-2300.0,0.0,510.79999999999995,0.0,0.0,0.0,CASH,11842.484367452782,4800.0,0.0,686.9,0.0,3511.37,0
2025-09-08,648.8300170898438,0.0,100000,111503.21483444737,11503.214834447368,111503.21483444737,0,0.11503214834447362,-0.023864221996755197,117329.38436745276,17329.38436745276,117329.38436745276,0,0.17329384367452572,0.0,156720.46321655274,56720.463216552744,3596.579183349609,236,0.5672046321655269,-0.0004364774248211134,0.0,0.0,CASH,13292.414834447398,-2300.0,0.0,510.79999999999995,0.0,0.0,0.0,CASH,11842.484367452782,4800.0,0.0,686.9,0.0,3511.37,0
2025-09-09,650.3300170898438,0.0,100000,111452.21842903692,11452.218429036919,111970.35568584669,0,0.11452218429036898,-0.024310661285027013,117278.38796204231,17278.38796204231,117796.52521885208,0,0.1727838796204213,-0.00043464308353247105,157074.46321655274,57074.463216552744,3596.579183349609,236,0.570744632165527,0.0,518.137256809774,63500.0,SHORT_PUT,13759.555685846717,-2300.0,0.0,510.79999999999995,0.0,518.137256809774,63500.0,SHORT_PUT,12309.625218852101,4800.0,0.0,686.9,0.0,3511.37,0
2025-09-10,652.2100219726562,0.0,100000,111523.23481153829,11523.234811538292,111970.35568584669,0,0.11523234811538252,-0.023688960539565374,117349.40434454368,17349.404344543684,117796.52521885208,0,0.17349404344543506,0.0,157518.1443688965,57518.144368896494,3596.579183349609,236,0.5751814436889646,0.0,447.120874308393,63500.0,SHORT_PUT,13759.555685846717,-2300.0,0.0,510.79999999999995,0.0,447.120874308393,63500.0,SHORT_PUT,12309.625218852101,4800.0,0.0,686.9,0.0,3511.37,0
2025-09-11,657.6300048828125,0.0,100000,111644.71501687863,11644.715016878632,111970.35568584669,0,0.11644715016878604,-0.0226254829086473,117470.88454988402,17470.884549884024,117796.52521885208,0,0.17470884549883858,0.0,158797.26033569337,58797.26033569337,3596.579183349609,236,0.5879726033569335,0.0,325.64066896806156,63500.0,SHORT_PUT,13759.555685846717,-2300.0,0.0,510.79999999999995,0.0,325.64066896806156,63500.0,SHORT_PUT,12309.625218852101,4800.0,0.0,686.9,0.0,3511.37,0
2025-09-12,657.4099731445312,0.0,100000,111686.68975363887,11686.689753638871,111970.35568584669,0,0.11686689753638846,-0.022258022271886446,117512.85928664426,17512.859286644263,117796.52521885208,0,0.175128592866441,0.0,158745.332845459,58745.332845458994,3596.579183349609,236,0.5874533284545898,-0.0003270049503663053,283.66593220781624,63500.0,SHORT_PUT,13759.555685846717,-2300.0,0.0,510.79999999999995,0.0,283.66593220781624,63500.0,SHORT_PUT,12309.625218852101,4800.0,0.0,686.9,0.0,3511.37,0
2025-09-15,660.9099731445312,0.0,100000,111779.07687118372,11779.076871183715,111970.35568584669,0,0.11779076871183691,-0.021449235090314933,117605.2464041891,17605.246404189107,117796.52521885208,0,0.17605246404188946,0.0,159571.332845459,59571.332845458994,3596.579183349609,236,0.5957133284545897,0.0,191.27881466297183,63500.0,SHORT_PUT,13759.555685846717,-2300.0,0.0,510.79999999999995,0.0,191.27881466297183,63500.0,SHORT_PUT,12309.625218852101,4800.0,0.0,686.9,0.0,3511.37,0
2025-09-16,660.0,0.0,100000,111738.9471231442,11738.9471231442,111970.35568584669,0,0.11738947123144161,-0.021800544089627727,117565.11665614959,17565.116656149592,117796.52521885208,0,0.17565116656149415,-0.0003412241312910069,159356.57918334962,59356.57918334962,3596.579183349609,236,0.593565791833496,-0.001345816057808813,231.4085627024924,63500.0,SHORT_PUT,13759.555685846717,-2300.0,0.0,510.79999999999995,0.0,231.4085627024924,63500.0,SHORT_PUT,12309.625218852101,4800.0,0.0,686.9,0.0,3511.37,0
2025-09-17,659.1799926757812,0.0,100000,111710.18368896599,11710.18368896599,111970.35568584669,0,0.11710183688965947,-0.022052348642898068,117536.35322197138,17536.35322197138,117796.52521885208,0,0.17536353221971201,-0.000585800245517687,159163.057454834,59163.057454833994,3596.579183349609,236,0.5916305745483399,-0.0025585760508773925,260.1719968806941,63500.0,SHORT_PUT,13759.555685846717,-2300.0,0.0,510.79999999999995,0.0,260.1719968806941,63500.0,SHORT_PUT,12309.625218852101,4800.0,0.0,686.9,0.0,3511.37,0
2025-09-18,662.260009765625,0.0,100000,111796.93257428081,11796.932574280814,111970.35568584669,0,0.11796932574280783,-0.021292920398757853,117623.1021072862,17623.102107286206,117796.52521885208,0,0.17623102107286015,0.0,159889.94148803712,59889.94148803712,3596.579183349609,236,0.5988994148803712,0.0,173.42311156587158,63500.0,SHORT_PUT,13759.555685846717,-2300.0,0.0,510.79999999999995,0.0,173.42311156587158,63500.0,SHORT_PUT,12309.625218852101,4800.0,0.0,686.9,0.0,3511.37,0
2025-09-19,663.7000122070312,0.0,100000,111827.45142370882,11827.451423708815,111970.35568584669,0,0.11827451423708779,-0.021025748363634134,117653.6209567142,17653.620956714207,117796.52521885208,0,0.17653620956714033,0.0,160661.89806420897,60661.898064208974,4028.695183349609,236,0.6066189806420899,0.0,142.90426213787086,63500.0,SHORT_PUT,13759.555685846717,-2300.0,0.0,510.79999999999995,0.0,142.90426213787086,63500.0,SHORT_PUT,12309.625218852101,4800.0,0.0,686.9,0.0,3943.486,0
2025-09-22,666.8400268554688,0.0,100000,111893.45703027892,11893.457030278922,111970.35568584669,0,0.11893457030278887,-0.02044791359700826,117719.62656328431,17719.626563284313,117796.52521885208,0,0.1771962656328414,0.0,161402.94152124022,61402.941521240224,4028.695183349609,236,0.6140294152124024,0.0,76.89865556777534,63500.0,SHORT_PUT,13759.555685846717,-2300.0,0.0,510.79999999999995,0.0,76.89865556777534,63500.0,SHORT_PUT,12309.625218852101,4800.0,0.0,686.9,0.0,3943.486,0
2025-09-23,663.2100219726562,0.0,100000,111857.21337824943,11857.213378249435,111970.35568584669,0,0.1185721337824941,-0.020765202435038654,117683.38291125483,17683.382911254826,117796.52521885208,0,0.17683382911254641,-0.00030788113322810506,160546.26036889647,60546.260368896474,4028.695183349609,236,0.605462603688965,-0.005307717097776665,113.14230759725092,63500.0,SHORT_PUT,13759.555685846717,-2300.0,0.0,510.79999999999995,0.0,113.14230759725092,63500.0,SHORT_PUT,12309.625218852101,4800.0,0.0,686.9,0.0,3943.486,0
2025-09-24,661.0999755859375,0.0,100000,111832.01997742977,11832.019977429765,111970.35568584669,0,0.11832019977429731,-0.02098575374332312,117658.18951043516,17658.189510435157,117796.52521885208,0,0.17658189510434963,-0.0005218930321372328,160048.28942163085,60048.28942163085,4028.695183349609,236,0.6004828942163087,-0.008392982722877473,138.33570841692818,63500.0,SHORT_PUT,13759.555685846717,-2300.0,0.0,510.79999999999995,0.0,138.33570841692818,63500.0,SHORT_PUT,12309.625218852101,4800.0,0.0,686.9,0.0,3943.486,0
2025-09-25,658.0499877929688,0.0,100000,111820.99068773042,11820.990687730417,111970.35568584669,0,0.11820990687730393,-0.021082307769119346,117647.16022073581,17647.16022073581,117796.52521885208,0,0.17647160220735603,-0.0006155842034512027,159328.49230249022,59328.492302490224,4028.695183349609,236,0.5932849230249024,-0.012852610982167278,149.36499811627803,63500.0,SHORT_PUT,13759.555685846717,-2300.0,0.0,510.79999999999995,0.0,149.36499811627803,63500.0,SHORT_PUT,12309.625218852101,4800.0,0.0,686.9,0.0,3943.486,0
2025-09-26,661.8200073242188,0.0,100000,111865.34674017402,11865.34674017402,111970.35568584669,0,0.11865346740173988,-0.02069400031246471,117691.51627317941,17691.51627317941,117796.52521885208,0,0.17691516273179198,-0.00023879017395478375,160218.21691186522,60218.216911865224,4028.695183349609,236,0.6021821691186526,-0.007340167398492414,105.00894567267314,63500.0,SHORT_PUT,13759.555685846717,-2300.0,0.0,510.79999999999995,0.0,105.00894567267314,63500.0,SHORT_PUT,12309.625218852101,4800.0,0.0,686.9,0.0,3943.486,0
2025-09-29,663.6799926757812,0.0,100000,111936.13456461058,11936.134564610576,111970.35568584669,0,0.11936134564610534,-0.020074300439397175,117762.30409761597,17762.30409761597,117796.52521885208,0,0.17762304097615766,0.0,160657.17345483397,60657.173454833974,4028.695183349609,236,0.6065717345483401,-0.004620535780682111,34.22112123611978,63500.0,SHORT_PUT,13759.555685846717,-2300.0,0.0,510.79999999999995,0.0,34.22112123611978,63500.0,SHORT_PUT,12309.625218852101,4800.0,0.0,686.9,0.0,3943.486,0
2025-09-30,666.1799926757812,0.0,100000,111945.3947380958,11945.394738095798,111970.35568584669,0,0.11945394738095749,-0.019993233838197844,117771.56427110119,17771.56427110119,117796.52521885208,0,0.1777156427110098,0.0,161247.17345483397,61247.173454833974,4028.695183349609,236,0.6124717345483401,-0.000965088151046678,24.96094775088899,63500.0,SHORT_PUT,13759.555685846717,-2300.0,0.0,510.79999999999995,0.0,24.96094775088899,63500.0,SHORT_PUT,12309.625218852101,4800.0,0.0,686.9,0.0,3943.486,0
2025-10-01,668.4500122070312,0.0,100000,111956.19807311108,11956.198073111082,111970.35568584669,0,0.11956198073111013,-0.019898657893945404,117782.36760611647,17782.367606116473,117796.52521885208,0,0.17782367606116267,0.0,161782.89806420897,61782.898064208974,4028.695183349609,236,0.61782898064209,0.0,14.157612735607671,63500.0,SHORT_PUT,13759.555685846717,-2300.0,0.0,510.79999999999995,0.0,14.157612735607671,63500.0,SHORT_PUT,12309.625218852101,4800.0,0.0,686.9,0.0,3943.486,0
2025-10-02,669.219970703125,0.0,100000,111961.54004850847,11961.540048508468,111970.35568584669,0,0.11961540048508379,-0.0198518924861647,117787.70958151386,17787.70958151386,117796.52521885208,0,0.17787709581513633,0.0,161964.6082692871,61964.6082692871,4028.695183349609,236,0.6196460826928714,0.0,8.815637338218728,63500.0,SHORT_PUT,13759.555685846717,-2300.0,0.0,510.79999999999995,0.0,8.815637338218728,63500.0,SHORT_PUT,12309.625218852101,4800.0,0.0,686.9,0.0,3943.486,0
2025-10-03,669.2100219726562,0.0,100000,111963.77045598722,11963.770455987222,111970.35568584669,0,0.11963770455987133,-0.01983236676627609,117789.93998899261,17789.939988992614,117796.52521885208,0,0.17789939988992387,0.0,161962.26036889647,61962.260368896474,4028.695183349609,236,0.6196226036889652,-1.449637927508629e-05,6.585229859474871,63500.0,SHORT_PUT,13759.555685846717,-2300.0,0.0,510.79999999999995,0.0,6.585229859474871,63500.0,SHORT_PUT,12309.625218852101,4800.0,0.0,686.9,0.0,3943.486,0
2025-10-06,671.6099853515625,0.0,100000,111969.16568838303,11969.16568838303,111970.35568584669,0,0.11969165688382954,-0.019785135129232967,117795.33522138842,17795.33522138842,117796.52521885208,0,0.1779533522138821,0.0,162528.65172631835,62528.65172631835,4028.695183349609,236,0.6252865172631838,0.0,1.1899974636671853,63500.0,SHORT_PUT,13759.555685846717,-2300.0,0.0,510.79999999999995,0.0,1.1899974636671853,63500.0,SHORT_PUT,12309.625218852101,4800.0,0.0,686.9,0.0,3943.486,0
2025-10-07,669.1199951171875,0.0,100000,111969.30694212843,11969.30694212843,111970.35568584669,0,0.11969306942128344,-0.019783898547535705,117795.47647513382,17795.476475133823,117796.52521885208,0,0.17795476475133598,0.0,161941.01403100585,61941.01403100585,4028.695183349609,236,0.6194101403100587,-0.0036155944756253167,1.0487437182629809,63500.0,SHORT_PUT,13759.555685846717,-2300.0,0.0,510.79999999999995,0.0,1.0487437182629809,63500.0,SHORT_PUT,12309.625218852101,4800.0,0.0,686.9,0.0,3943.486,0
2025-10-08,673.1099853515625,0.0,100000,111969.3552863717,11969.355286371705,111970.35568584669,0,0.11969355286371619,-0.019783475326146216,117795.5248193771,17795.524819377097,117796.52521885208,0,0.1779552481937685,0.0,162882.65172631835,62882.65172631835,4028.695183349609,236,0.6288265172631837,0.0,1.0003994749883725,63500.0,SHORT_PUT,13759.555685846717,-2300.0,0.0,510.79999999999995,0.0,1.0003994749883725,63500.0,SHORT_PUT,12309.625218852101,4800.0,0.0,686.9,0.0,3943.486,0
2025-10-09,671.1599731445312,0.0,100000,111969.35568584334,11969.355685843344,111970.35568584669,0,0.11969355685843253,-0.019783471829040278,117795.52521884874,17795.525218848736,117796.52521885208,0,0.17795525218848485,0.0,162422.44884545897,62422.448845458974,4028.695183349609,236,0.62422448845459,-0.0028253646166850332,1.0000000033517311,63500.0,SHORT_PUT,13759.555685846717,-2300.0,0.0,510.79999999999995,0.0,1.0000000033517311,63500.0,SHORT_PUT,12309.625218852101,4800.0,0.0,686.9,0.0,3943.486,0
2025-10-10,653.02001953125,0.0,100000,111970.35568584669,11970.35568584669,111970.35568584669,0,0.11970355685846612,-0.019774717500452232,117796.52521885208,17796.525218852083,117796.52521885208,0,0.17796525218851844,0.0,158141.4197927246,58141.4197927246,4028.695183349609,236,0.5814141979272462,-0.029108268335170218,0.0,0.0,CASH,13759.555685846717,-2300.0,0.0,510.79999999999995,0.0,0.0,0.0,CASH,12309.625218852101,4800.0,0.0,686.9,0.0,3943.486,0
2025-10-13,663.0399780273438,0.0,100000,111970.35568584669,11970.35568584669,111970.35568584669,0,0.11970355685846612,-0.019774717500452232,117796.52521885208,17796.525218852083,117796.52521885208,0,0.17796525218851844,0.0,160506.12999780272,60506.129997802724,4028.695183349609,236,0.6050612999780276,-0.014590391937557179,0.0,0.0,CASH,13759.555685846717,-2300.0,0.0,510.79999999999995,0.0,0.0,0.0,CASH,12309.625218852101,4800.0,0.0,686.9,0.0,3943.486,0
2025-10-14,662.22998046875,0.0,100000,111900.76672725225,11900.766727252252,112614.12579249399,0,0.11900766727252177,-0.020383922108040187,117726.93626025764,17726.936260257644,118440.29532549938,0,0.1772693626025741,-0.0005907556140993808,160314.9705739746,60314.9705739746,4028.695183349609,236,0.6031497057397464,-0.015763994048046626,713.35906524174,64400.0,SHORT_PUT,14403.325792494006,-2300.0,0.0,510.79999999999995,0.0,713.35906524174,64400.0,SHORT_PUT,12953.39532549939,4800.0,0.0,686.9,0.0,3943.486,0
2025-10-15,665.1699829101562,0.0,100000,111887.71010032357,11887.710100323573,112614.12579249399,0,0.11887710100323501,-0.020498224110041097,117713.87963332896,17713.879633328965,118440.29532549938,0,0.17713879633328733,-0.0007015961240754987,161008.81115014647,61008.811150146474,4028.695183349609,236,0.6100881115014649,-0.011504236677828517,726.4156921704142,64400.0,SHORT_PUT,14403.325792494006,-2300.0,0.0,510.79999999999995,0.0,726.4156921704142,64400.0,SHORT_PUT,12953.39532549939,4800.0,0.0,686.9,0.0,3943.486,0
2025-10-16,660.6400146484375,0.0,100000,111783.07355451843,11783.073554518429,112614.12579249399,0,0.11783073554518353,-0.021414246811258586,117609.24308752382,17609.24308752382,118440.29532549938,0,0.17609243087523585,-0.001589878232658437,159939.73864038085,59939.73864038085,4028.695183349609,236,0.5993973864038087,-0.018067688945059057,831.05223797555,64400.0,SHORT_PUT,14403.325792494006,-2300.0,0.0,510.79999999999995,0.0,831.05223797555,64400.0,SHORT_PUT,12953.39532549939,4800.0,0.0,686.9,0.0,3943.486,0
2025-10-17,664.3900146484375,0.0,100000,111611.364770428,11611.364770428001,112614.12579249399,0,0.11611364770427923,-0.022917441923587467,117437.5343034334,17437.534303433393,118440.29532549938,0,0.17437534303433155,-0.003047550976157609,160824.73864038085,60824.73864038085,4028.695183349609,236,0.6082473864038085,-0.012634329464351501,1002.761022065982,64400.0,SHORT_PUT,14403.325792494006,-2300.0,0.0,510.79999999999995,0.0,1002.761022065982,64400.0,SHORT_PUT,12953.39532549939,4800.0,0.0,686.9,0.0,3943.486,0
2025-10-20,671.2999877929688,0.0,100000,112153.47553841538,12153.475538415383,112614.12579249399,0,0.12153475538415304,-0.01817162614545964,117979.64507142077,17979.645071420775,118440.29532549938,0,0.17979645071420536,0.0,162455.49230249022,62455.492302490224,4028.695183349609,236,0.6245549230249021,-0.0026224979720117503,460.6502540785959,64400.0,SHORT_PUT,14403.325792494006,-2300.0,0.0,510.79999999999995,0.0,460.6502540785959,64400.0,SHORT_PUT,12953.39532549939,4800.0,0.0,686.9,0.0,3943.486,0
2025-10-21,671.2899780273438,0.0,100000,112299.19717683297,12299.197176832968,112614.12579249399,0,0.12299197176832877,-0.016895931044651702,118125.36670983836,18125.36670983836,118440.29532549938,0,0.1812536670983811,0.0,162453.12999780272,62453.129997802724,4028.695183349609,236,0.6245312999780273,-0.002637001080000534,314.92861566101055,64400.0,SHORT_PUT,14403.325792494006,-2300.0,0.0,510.79999999999995,0.0,314.92861566101055,64400.0,SHORT_PUT,12953.39532549939,4800.0,0.0,686.9,0.0,3943.486,0
2025-10-22,667.7999877929688,0.0,100000,112266.27899450828,12266.278994508277,112614.12579249399,0,0.12266278994508184,-0.017184107628274603,118092.44852751367,18092.44852751367,118440.29532549938,0,0.18092448527513416,-0.00027867157784622343,161629.49230249022,61629.492302490224,4028.695183349609,236,0.6162949230249024,-0.007693633487338758,347.84679798570676,64400.0,SHORT_PUT,14403.325792494006,-2300.0,0.0,510.79999999999995,0.0,347.84679798570676,64400.0,SHORT_PUT,12953.39532549939,4800.0,0.0,686.9,0.0,3943.486,0
2025-10-23,671.760009765625,0.0,100000,112325.49255516297,12325.492555162971,112614.12579249399,0,0.12325492555162887,-0.0166657326631775,118151.66208816836,18151.662088168363,118440.29532549938,0,0.1815166208816812,0.0,162564.0574880371,62564.0574880371,4028.695183349609,236,0.6256405748803711,-0.001955974039620778,288.6332373310105,64400.0,SHORT_PUT,14403.325792494006,-2300.0,0.0,510.79999999999995,0.0,288.6332373310105,64400.0,SHORT_PUT,12953.39532549939,4800.0,0.0,686.9,0.0,3943.486,0
2025-10-24,677.25,0.0,100000,112465.62515390416,12465.625153904155,112614.12579249399,0,0.12465625153904081,-0.015438965852023756,118291.79468690955,18291.794686909547,118440.29532549938,0,0.18291794686909313,0.0,163859.6951833496,63859.6951833496,4028.695183349609,236,0.6385969518334962,0.0,148.5006385898258,64400.0,SHORT_PUT,14403.325792494006,-2300.0,0.0,510.79999999999995,0.0,148.5006385898258,64400.0,SHORT_PUT,12953.39532549939,4800.0,0.0,686.9,0.0,3943.486,0
2025-10-27,685.239990234375,0.0,100000,112571.46803077938,12571.468030779375,112614.12579249399,0,0.1257146803077931,-0.014512382532268275,118397.63756378477,18397.637563784767,118440.29532549938,0,0.1839763756378454,0.0,165745.3328786621,65745.3328786621,4028.695183349609,236,0.6574533287866213,0.0,42.65776171460416,64400.0,SHORT_PUT,14403.325792494006,-2300.0,0.0,510.79999999999995,0.0,42.65776171460416,64400.0,SHORT_PUT,12953.39532549939,4800.0,0.0,686.9,0.0,3943.486,0
2025-10-28,687.0599975585938,0.0,100000,112589.55730331036,12589.557303310357,112614.12579249399,0,0.12589557303310306,-0.014354023097145507,118415.72683631575,18415.72683631575,118440.29532549938,0,0.18415726836315516,0.0,166174.85460717772,66174.85460717772,4028.695183349609,236,0.6617485460717774,0.0,24.568489183630202,64400.0,SHORT_PUT,14403.325792494006,-2300.0,0.0,510.79999999999995,0.0,24.568489183630202,64400.0,SHORT_PUT,12953.39532549939,4800.0,0.0,686.9,0.0,3943.486,0
2025-10-29,687.3900146484375,0.0,100000,112589.04301390835,12589.043013908347,112614.12579249399,0,0.12589043013908308,-0.014358525355544827,118415.21254691374,18415.21254691374,118440.29532549938,0,0.18415212546913517,-4.3430836067503975e-06,166252.73864038085,66252.73864038085,4028.695183349609,236,0.6625273864038086,0.0,25.08277858563327,64400.0,SHORT_PUT,14403.325792494006,-2300.0,0.0,510.79999999999995,0.0,25.08277858563327,64400.0,SHORT_PUT,12953.39532549939,4800.0,0.0,686.9,0.0,3943.486,0
2025-10-30,679.8300170898438,0.0,100000,112559.02887396657,12559.02887396657,112614.12579249399,0,0.12559028873966538,-0.014621278997999476,118385.19840697196,18385.198406971962,118440.29532549938,0,0.18385198406971748,-0.00025780722003221346,164468.57921655272,64468.579216552724,4028.695183349609,236,0.6446857921655273,-0.010731609225923311,55.096918527416314,64400.0,SHORT_PUT,14403.325792494006,-2300.0,0.0,510.79999999999995,0.0,55.096918527416314,64400.0,SHORT_PUT,12953.39532549939,4800.0,0.0,686.9,0.0,3943.486,0
2025-10-31,682.0599975585938,0.0,100000,112577.44879914577,12577.448799145772,112614.12579249399,0,0.1257744879914573,-0.01446002492095566,118403.61833215116,18403.618332151163,118440.29532549938,0,0.18403618332150962,-0.00010225418943965447,164994.85460717772,64994.854607177724,4028.695183349609,236,0.6499485460717773,-0.007566095112117477,36.67699334821556,64400.0,SHORT_PUT,14403.325792494006,-2300.0,0.0,510.79999999999995,0.0,36.67699334821556,64400.0,SHORT_PUT,12953.39532549939,4800.0,0.0,686.9,0.0,3943.486,0
2025-11-03,683.3400268554688,0.0,100000,112595.04058220159,12595.04058220159,112614.12579249399,0,0.12595040582201555,-0.01430602067215303,118421.21011520698,18421.21011520698,118440.29532549938,0,0.18421210115206788,0.0,165296.94152124022,65296.941521240224,4028.695183349609,236,0.6529694152124021,-0.005749060899430503,19.08521029239536,64400.0,SHORT_PUT,14403.325792494006,-2300.0,0.0,510.79999999999995,0.0,19.08521029239536,64400.0,SHORT_PUT,12953.39532549939,4800.0,0.0,686.9,0.0,3943.486,0
2025-11-04,675.239990234375,0.0,100000,112576.86673094222,12576.866730942216,112614.12579249399,0,0.12576866730942182,-0.014465120537253018,118403.03626394761,18403.036263947608,118440.29532549938,0,0.18403036263947414,-0.0001534678732103556,163385.3328786621,63385.3328786621,4028.695183349609,236,0.633853328786621,-0.017247269339251026,37.25906155176298,64400.0,SHORT_PUT,14403.325792494006,-2300.0,0.0,510.79999999999995,0.0,37.25906155176298,64400.0,SHORT_PUT,12953.39532549939,4800.0,0.0,686.9,0.0,3943.486,0
2025-11-05,677.5800170898438,0.0,100000,112578.0707486761,12578.070748676095,112614.12579249399,0,0.1257807074867605,-0.01445458017042034,118404.24028168149,18404.240281681487,118440.29532549938,0,0.18404240281681283,-0.00014330062586753733,163937.57921655272,63937.579216552724,4028.695183349609,236,0.6393757921655274,-0.013925541574602351,36.05504381789544,64400.0,SHORT_PUT,14403.325792494006,-2300.0,0.0,510.79999999999995,0.0,36.05504381789544,64400.0,SHORT_PUT,12953.39532549939,4800.0,0.0,686.9,0.0,3943.486,0
2025-11-06,670.3099975585938,0.0,100000,112562.37245596644,12562.37245596644,112614.12579249399,0,0.12562372455966409,-0.014592008182609972,118388.54198897183,18388.541988971832,118440.29532549938,0,0.1838854198897164,-0.00027586381023603224,162221.85460717772,62221.854607177724,4028.695183349609,236,0.6222185460717775,-0.02424551959966359,51.75333652754901,64400.0,SHORT_PUT,14403.325792494006,-2300.0,0.0,510.79999999999995,0.0,51.75333652754901,64400.0,SHORT_PUT,12953.39532549939,4800.0,0.0,686.9,0.0,3943.486,0
2025-11-07,670.969970703125,0.0,100000,112563.48452780033,12563.484527800334,112614.12579249399,0,0.12563484527800317,-0.014582272740395141,118389.65406080573,18389.654060805726,118440.29532549938,0,0.18389654060805527,-0.00026647299390503143,162377.6082692871,62377.6082692871,4028.695183349609,236,0.6237760826928713,-0.023308670899406803,50.64126469365462,64400.0,SHORT_PUT,14403.325792494006,-2300.0,0.0,510.79999999999995,0.0,50.64126469365462,64400.0,SHORT_PUT,12953.39532549939,4800.0,0.0,686.9,0.0,3943.486,0
2025-11-10,681.4400024414062,0.0,100000,112612.24524093512,12612.245240935124,112614.12579249399,0,0.12612245240935116,-0.014155405436860446,118438.41477394052,18438.414773940516,118440.29532549938,0,0.18438414773940304,0.0,164848.53575952147,64848.535759521474,4028.695183349609,236,0.648485357595215,-0.008446193983587702,1.8805515588619308,64400.0,SHORT_PUT,14403.325792494006,-2300.0,0.0,510.79999999999995,0.0,1.8805515588619308,64400.0,SHORT_PUT,12953.39532549939,4800.0,0.0,686.9,0.0,3943.486,0
2025-11-11,683.0,0.0,100000,112613.09777238952,12613.09777238952,112614.12579249399,0,0.12613097772389503,-0.014147942096402133,118439.26730539491,18439.26730539491,118440.29532549938,0,0.18439267305394713,0.0,165216.6951833496,65216.6951833496,4028.695183349609,236,0.6521669518334963,-0.006231737687475203,1.0280201044597805,64400.0,SHORT_PUT,14403.325792494006,-2300.0,0.0,510.79999999999995,0.0,1.0280201044597805,64400.0,SHORT_PUT,12953.39532549939,4800.0,0.0,686.9,0.0,3943.486,0
2025-11-12,683.3800048828125,0.0,100000,112613.12551047847,12613.125510478465,112614.12579249399,0,0.12613125510478462,-0.014147699268057812,118439.29504348386,18439.295043483857,118440.29532549938,0,0.18439295043483672,0.0,165306.37633569335,65306.37633569335,4028.695183349609,236,0.6530637633569338,-0.0056923110706437186,1.0002820155256686,64400.0,SHORT_PUT,14403.325792494006,-2300.0,0.0,510.79999999999995,0.0,1.0002820155256686,64400.0,SHORT_PUT,12953.39532549939,4800.0,0.0,686.9,0.0,3943.486,0
2025-11-13,672.0399780273438,0.0,100000,112613.12559955806,12613.125599558058,112614.12579249399,0,0.12613125599558073,-0.014147698488225613,118439.29513256345,18439.29513256345,118440.29532549938,0,0.1843929513256326,0.0,162630.12999780272,62630.129997802724,4028.695183349609,236,0.6263012999780275,-0.021789768230008666,1.0001929359349107,64400.0,SHORT_PUT,14403.325792494006,-2300.0,0.0,510.79999999999995,0.0,1.0001929359349107,64400.0,SHORT_PUT,12953.39532549939,4800.0,0.0,686.9,0.0,3943.486,0
2025-11-14,671.9299926757812,0.0,100000,112614.12579249399,12614.125792493986,112614.12579249399,0,0.1261412579249399,-0.014138942470642624,118440.29532549938,18440.295325499377,118440.29532549938,0,0.18440295325499179,0.0,162604.17345483397,62604.173454833974,4028.695183349609,236,0.62604173454834,-0.021945895239891544,0.0,0.0,CASH,14403.325792494006,-2300.0,0.0,510.79999999999995,0.0,0.0,0.0,CASH,12953.39532549939,4800.0,0.0,686.9,0.0,3943.486,0
2025-11-17,665.6699829101562,0.0,100000,112614.12579249399,12614.125792493986,112614.12579249399,0,0.1261412579249399,-0.014138942470642624,118440.29532549938,18440.295325499377,118440.29532549938,0,0.18440295325499179,0.0,161126.81115014647,61126.811150146474,4028.695183349609,236,0.6112681115014649,-0.030832138659214525,0.0,0.0,CASH,14403.325792494006,-2300.0,0.0,510.79999999999995,0.0,0.0,0.0,CASH,12953.39532549939,4800.0,0.0,686.9,0.0,3943.486,0
2025-11-18,660.0800170898438,0.0,100000,112500.21764290662,12500.217642906617,113678.92821357392,0,0.1250021764290663,-0.015136131837634959,118326.38717591201,18326.38717591201,119505.09774657931,0,0.18326387175911818,-0.0009617347649658603,159807.57921655272,59807.579216552724,4028.695183349609,236,0.5980757921655273,-0.0387672376198841,1178.710570667299,64800.0,SHORT_PUT,15468.128213573944,-2300.0,0.0,510.79999999999995,0.0,1178.710570667299,64800.0,SHORT_PUT,14018.197746579328,4800.0,0.0,686.9,0.0,3943.486,0
2025-11-19,662.6300048828125,0.0,100000,112450.62454811178,12450.62454811178,113678.92821357392,0,0.12450624548111788,-0.015570286083707807,118276.79408111717,18276.794081117172,119505.09774657931,0,0.18276794081116976,-0.0013804528596695897,160409.37633569335,60409.37633569335,4028.695183349609,236,0.6040937633569337,-0.03514746495290644,1228.303665462136,64800.0,SHORT_PUT,15468.128213573944,-2300.0,0.0,510.79999999999995,0.0,1228.303665462136,64800.0,SHORT_PUT,14018.197746579328,4800.0,0.0,686.9,0.0,3943.486,0
2025-11-20,652.530029296875,0.0,100000,112140.02136146245,12140.021361462452,113678.92821357392,0,0.12140021361462461,-0.018289408430990695,117966.19089446784,17966.190894467843,119505.09774657931,0,0.17966190894467648,-0.004002898082350992,158025.7820974121,58025.7820974121,4028.695183349609,236,0.5802578209741212,-0.04948463772837075,1538.9068521114648,64800.0,SHORT_PUT,15468.128213573944,-2300.0,0.0,510.79999999999995,0.0,1538.9068521114648,64800.0,SHORT_PUT,14018.197746579328,4800.0,0.0,686.9,0.0,3943.486,0
2025-11-21,659.030029296875,0.0,100000,112244.76466180976,12244.764661809764,113678.92821357392,0,0.1224476466180977,-0.017372451165435954,118070.93419481516,18070.934194815156,119505.09774657931,0,0.18070934194814958,-0.0031185428039429697,159559.7820974121,59559.7820974121,4028.695183349609,236,0.5955978209741213,-0.04025772205440881,1434.1635517641494,64800.0,SHORT_PUT,15468.128213573944,-2300.0,0.0,510.79999999999995,0.0,1434.1635517641494,64800.0,SHORT_PUT,14018.197746579328,4800.0,0.0,686.9,0.0,3943.486,0
2025-11-24,668.72998046875,0.0,100000,112886.4523591155,12886.452359115501,113678.92821357392,0,0.1288645235911552,-0.011754906231196571,118712.6218921209,18712.621892120893,119505.09774657931,0,0.18712621892120707,0.0,161848.9705739746,61848.9705739746,4028.695183349609,236,0.6184897057397463,-0.026488394130649295,792.4758544584241,64800.0,SHORT_PUT,15468.128213573944,-2300.0,0.0,510.79999999999995,0.0,792.4758544584241,64800.0,SHORT_PUT,14018.197746579328,4800.0,0.0,686.9,0.0,3943.486,0
2025-11-25,675.02001953125,0.0,100000,113240.60749894612,13240.60749894612,113678.92821357392,0,0.13240607498946133,-0.008654515776395089,119066.77703195151,19066.77703195151,119505.09774657931,0,0.1906677703195132,0.0,163333.4197927246,63333.4197927246,4028.695183349609,236,0.6333341979272464,-0.01755952335901645,438.32071462779567,64800.0,SHORT_PUT,15468.128213573944,-2300.0,0.0,510.79999999999995,0.0,438.32071462779567,64800.0,SHORT_PUT,14018.197746579328,4800.0,0.0,686.9,0.0,3943.486,0
2025-11-26,679.6799926757812,0.0,100000,113433.83928352631,13433.839283526308,113678.92821357392,0,0.13433839283526328,-0.00696290124621135,119260.0088165317,19260.0088165317,119505.09774657931,0,0.19260008816531515,0.0,164433.17345483397,64433.173454833974,4028.695183349609,236,0.6443317345483401,-0.01094457270555238,245.0889300476123,64800.0,SHORT_PUT,15468.128213573944,-2300.0,0.0,510.79999999999995,0.0,245.0889300476123,64800.0,SHORT_PUT,14018.197746579328,4800.0,0.0,686.9,0.0,3943.486,0
2025-11-28,683.3900146484375,0.0,100000,113551.92934642767,13551.92934642767,113678.92821357392,0,0.13551929346427682,-0.005929102036064782,119378.09887943306,19378.098879433062,119505.09774657931,0,0.1937809887943287,0.0,165308.73864038085,65308.73864038085,4028.695183349609,236,0.6530873864038091,-0.005678101953206949,126.99886714624469,64800.0,SHORT_PUT,15468.128213573944,-2300.0,0.0,510.79999999999995,0.0,126.99886714624469,64800.0,SHORT_PUT,14018.197746579328,4800.0,0.0,686.9,0.0,3943.486,0
2025-12-01,680.27001953125,0.0,100000,113578.80015355685,13578.800153556847,113678.92821357392,0,0.13578800153556858,-0.005693866161820549,119404.96968656224,19404.96968656224,119505.09774657931,0,0.19404969686562046,0.0,164572.4197927246,64572.4197927246,4028.695183349609,236,0.6457241979272468,-0.010107014545431725,100.1280600170651,64800.0,SHORT_PUT,15468.128213573944,-2300.0,0.0,510.79999999999995,0.0,100.1280600170651,64800.0,SHORT_PUT,14018.197746579328,4800.0,0.0,686.9,0.0,3943.486,0
2025-12-02,681.530029296875,0.0,100000,113579.59890497853,13579.598904978528,113678.92821357392,0,0.1357959890497853,-0.005686873629438649,119405.76843798392,19405.76843798392,119505.09774657931,0,0.1940576843798374,0.0,164869.7820974121,64869.7820974121,4028.695183349609,236,0.6486978209741219,-0.008318398567617735,99.32930859538675,64800.0,SHORT_PUT,15468.128213573944,-2300.0,0.0,510.79999999999995,0.0,99.32930859538675,64800.0,SHORT_PUT,14018.197746579328,4800.0,0.0,686.9,0.0,3943.486,0
2025-12-03,683.8900146484375,0.0,100000,113619.34132837989,13619.341328379887,113678.92821357392,0,0.13619341328379875,-0.005338955397267364,119445.51086138528,19445.51086138528,119505.09774657931,0,0.19445510861385085,0.0,165426.73864038085,65426.73864038085,4028.695183349609,236,0.6542673864038095,-0.0049683392090558165,59.586885194039354,64800.0,SHORT_PUT,15468.128213573944,-2300.0,0.0,510.79999999999995,0.0,59.586885194039354,64800.0,SHORT_PUT,14018.197746579328,4800.0,0.0,686.9,0.0,3943.486,0
2025-12-04,684.3900146484375,0.0,100000,113637.33970634264,13637.339706342638,113678.92821357392,0,0.13637339706342622,-0.005181391683059311,119463.50923934803,19463.50923934803,119505.09774657931,0,0.19463509239347854,0.0,165544.73864038085,65544.73864038085,4028.695183349609,236,0.6554473864038097,-0.004258576464904795,41.588507231284474,64800.0,SHORT_PUT,15468.128213573944,-2300.0,0.0,510.79999999999995,0.0,41.588507231284474,64800.0,SHORT_PUT,14018.197746579328,4800.0,0.0,686.9,0.0,3943.486,0
2025-12-05,685.6900024414062,0.0,100000,113651.98800708292,13651.988007082924,113678.92821357392,0,0.13651988007082894,-0.00505315564555342,119478.15754008832,19478.157540088316,119505.09774657931,0,0.19478157540088148,0.0,165851.53575952147,65851.53575952147,4028.695183349609,236,0.6585153575952161,-0.0024132106583043544,26.94020649099501,64800.0,SHORT_PUT,15468.128213573944,-2300.0,0.0,510.79999999999995,0.0,26.94020649099501,64800.0,SHORT_PUT,14018.197746579328,4800.0,0.0,686.9,0.0,3943.486,0
2025-12-08,683.6300048828125,0.0,100000,113663.71593102497,13663.71593102497,113678.92821357392,0,0.13663715931024933,-0.004950485546054373,119489.88546403036,19489.88546403036,119505.09774657931,0,0.19489885464030188,0.0,165365.37633569335,65365.37633569335,4028.695183349609,236,0.6536537633569348,-0.005337429698567653,15.212282548952082,64800.0,SHORT_PUT,15468.128213573944,-2300.0,0.0,510.79999999999995,0.0,15.212282548952082,64800.0,SHORT_PUT,14018.197746579328,4800.0,0.0,686.9,0.0,3943.486,0
2025-12-09,683.0399780273438,0.0,100000,113659.13819350835,13659.138193508348,113678.92821357392,0,0.13659138193508324,-0.004990560564329893,119485.30772651374,19485.30772651374,119505.09774657931,0,0.19485307726513557,-3.8310669550400966e-05,165226.12999780272,65226.129997802724,4028.695183349609,236,0.6522612999780286,-0.006174987858688086,19.7900200655708,64800.0,SHORT_PUT,15468.128213573944,-2300.0,0.0,510.79999999999995,0.0,19.7900200655708,64800.0,SHORT_PUT,14018.197746579328,4800.0,0.0,686.9,0.0,3943.486,0
2025-12-10,687.5700073242188,0.0,100000,113670.36522562066,13670.365225620655,113678.92821357392,0,0.13670365225620618,-0.004892275436480631,119496.53475862605,19496.534758626047,119505.09774657931,0,0.1949653475862585,0.0,166295.21691186522,66295.21691186522,4028.695183349609,236,0.6629521691186537,0.0,8.562987953270195,64800.0,SHORT_PUT,15468.128213573944,-2300.0,0.0,510.79999999999995,0.0,8.562987953270195,64800.0,SHORT_PUT,14018.197746579328,4800.0,0.0,686.9,0.0,3943.486,0
2025-12-11,689.1699829101562,0.0,100000,113676.02451359898,13676.024513598983,113678.92821357392,0,0.1367602451359895,-0.004842732170110442,119502.19404660437,19502.194046604374,119505.09774657931,0,0.1950219404660416,0.0,166672.81115014647,66672.81115014647,4028.695183349609,236,0.666728111501466,0.0,2.9036999749301398,64800.0,SHORT_PUT,15468.128213573944,-2300.0,0.0,510.79999999999995,0.0,2.9036999749301398,64800.0,SHORT_PUT,14018.197746579328,4800.0,0.0,686.9,0.0,3943.486,0
2025-12-12,681.760009765625,0.0,100000,113675.0841683483,13675.084168348301,113678.92821357392,0,0.13675084168348262,-0.004850964261393531,119501.2537013537,19501.253701353693,119505.09774657931,0,0.19501253701353471,-7.868853439840784e-06,164924.0574880371,64924.0574880371,4028.695183349609,236,0.6492405748803725,-0.01049213516014924,3.8440452256109694,64800.0,SHORT_PUT,15468.128213573944,-2300.0,0.0,510.79999999999995,0.0,3.8440452256109694,64800.0,SHORT_PUT,14018.197746579328,4800.0,0.0,686.9,0.0,3943.486,0
2025-12-15,680.72998046875,0.0,100000,113677.51500762158,13677.51500762158,113678.92821357392,0,0.13677515007621532,-0.004829683895722137,119503.68454062697,19503.68454062697,119505.09774657931,0,0.19503684540626764,0.0,164680.9705739746,64680.9705739746,4028.695183349609,236,0.6468097057397475,-0.011950602875339444,1.4132059523342613,64800.0,SHORT_PUT,15468.128213573944,-2300.0,0.0,510.79999999999995,0.0,1.4132059523342613,64800.0,SHORT_PUT,14018.197746579328,4800.0,0.0,686.9,0.0,3943.486,0
2025-12-16,678.8699951171875,0.0,100000,113677.68324812713,13677.683248127127,113678.92821357392,0,0.13677683248127082,-0.00482821106305964,119503.85278113252,19503.85278113252,119505.09774657931,0,0.19503852781132314,0.0,164242.01403100585,64242.01403100585,4028.695183349609,236,0.64242014031006,-0.014584245038927413,1.2449654467899354,64800.0,SHORT_PUT,15468.128213573944,-2300.0,0.0,510.79999999999995,0.0,1.2449654467899354,64800.0,SHORT_PUT,14018.197746579328,4800.0,0.0,686.9,0.0,3943.486,0
2025-12-17,671.4000244140625,0.0,100000,113677.51674529316,13677.516745293164,113678.92821357392,0,0.13677516745293117,-0.004829668683574151,119503.68627829856,19503.686278298555,119505.09774657931,0,0.1950368627829835,-1.3932842338748586e-06,162479.10094506835,62479.10094506835,4028.695183349609,236,0.624791009450685,-0.025161333610076442,1.411468280755889,64800.0,SHORT_PUT,15468.128213573944,-2300.0,0.0,510.79999999999995,0.0,1.411468280755889,64800.0,SHORT_PUT,14018.197746579328,4800.0,0.0,686.9,0.0,3943.486,0
2025-12-18,676.469970703125,0.0,100000,113677.92802956006,13677.928029560062,113678.92821357392,0,0.13677928029560027,-0.004826068165970643,119504.09756256545,19504.097562565454,119505.09774657931,0,0.1950409756256526,0.0,163675.6082692871,63675.6082692871,4028.695183349609,236,0.6367560826928724,-0.017982554324108335,1.0001840138615448,64800.0,SHORT_PUT,15468.128213573944,-2300.0,0.0,510.79999999999995,0.0,1.0001840138615448,64800.0,SHORT_PUT,14018.197746579328,4800.0,0.0,686.9,0.0,3943.486,0
2025-12-19,680.5900268554688,0.0,100000,113678.92821357392,13678.92821357392,113678.92821357392,0,0.13678928213573882,-0.004817312226494286,119505.09774657931,19505.09774657931,119505.09774657931,0,0.19505097746579114,0.0,165118.28952124022,65118.28952124022,4499.0431833496095,236,0.6511828952124037,-0.009326785923745251,0.0,0.0,CASH,15468.128213573944,-2300.0,0.0,510.79999999999995,0.0,0.0,0.0,CASH,14018.197746579328,4800.0,0.0,686.9,0.0,4413.834,0
2025-12-22,684.8300170898438,0.0,100000,113678.92821357392,13678.92821357392,113678.92821357392,0,0.13678928213573882,-0.004817312226494286,119505.09774657931,19505.09774657931,119505.09774657931,0,0.19505097746579114,0.0,166118.92721655272,66118.92721655272,4499.0431833496095,236,0.6611892721655288,-0.003323181086174687,0.0,0.0,CASH,15468.128213573944,-2300.0,0.0,510.79999999999995,0.0,0.0,0.0,CASH,14018.197746579328,4800.0,0.0,686.9,0.0,4413.834,0
2025-12-23,687.9600219726562,0.0,100000,113633.92737626005,13633.92737626005,114089.11116805574,0,0.13633927376260013,-0.005211264341752897,119460.09690926544,19460.09690926544,119915.28070106113,0,0.19460096909265245,-0.00037655998080765585,166857.60836889647,66857.60836889647,4499.0431833496095,236,0.6685760836889663,0.0,455.18379179569337,67100.0,SHORT_PUT,15878.311168055761,-2300.0,0.0,510.79999999999995,0.0,455.18379179569337,67100.0,SHORT_PUT,14428.380701061145,4800.0,0.0,686.9,0.0,4413.834,0
2025-12-24,690.3800048828125,0.0,100000,113713.0008487195,13713.000848719501,114089.11116805574,0,0.1371300084871947,-0.004519029183571721,119539.17038172489,19539.170381724893,119915.28070106113,0,0.19539170381724702,0.0,167428.72433569335,67428.72433569335,4499.0431833496095,236,0.6742872433569349,0.0,376.11031933624315,67100.0,SHORT_PUT,15878.311168055761,-2300.0,0.0,510.79999999999995,0.0,376.11031933624315,67100.0,SHORT_PUT,14428.380701061145,4800.0,0.0,686.9,0.0,4413.834,0
2025-12-26,690.3099975585938,0.0,100000,113769.42746500649,13769.42746500649,114089.11116805574,0,0.13769427465006467,-0.00402505204514414,119595.59699801188,19595.596998011883,119915.28070106113,0,0.195955969980117,0.0,167412.20260717772,67412.20260717772,4499.0431833496095,236,0.6741220260717786,-9.867917575778762e-05,319.68370304925173,67100.0,SHORT_PUT,15878.311168055761,-2300.0,0.0,510.79999999999995,0.0,319.68370304925173,67100.0,SHORT_PUT,14428.380701061145,4800.0,0.0,686.9,0.0,4413.834,0
2025-12-29,687.8499755859375,0.0,100000,113747.42781550335,13747.427815503353,114089.11116805574,0,0.13747427815503332,-0.004217644205069093,119573.59734850875,19573.597348508745,119915.28070106113,0,0.19573597348508565,-0.0001839503297391687,166831.63742163085,66831.63742163085,4499.0431833496095,236,0.6683163742163098,-0.0035662155130881112,341.6833525523842,67100.0,SHORT_PUT,15878.311168055761,-2300.0,0.0,510.79999999999995,0.0,341.6833525523842,67100.0,SHORT_PUT,14428.380701061145,4800.0,0.0,686.9,0.0,4413.834,0
2025-12-30,687.010009765625,0.0,100000,113707.73344207357,13707.733442073571,114089.11116805574,0,0.13707733442073566,-0.004565141792001848,119533.90297507896,19533.902975078963,119915.28070106113,0,0.19533902975078776,-0.0005158553030505386,166633.4054880371,66633.4054880371,4499.0431833496095,236,0.6663340548803722,-0.0047501935573591725,381.3777259821691,67100.0,SHORT_PUT,15878.311168055761,-2300.0,0.0,510.79999999999995,0.0,381.3777259821691,67100.0,SHORT_PUT,14428.380701061145,4800.0,0.0,686.9,0.0,4413.834,0
2025-12-31,681.9199829101562,0.0,100000,113570.73340402835,13570.733404028346,114089.11116805574,0,0.13570733404028346,-0.0057644851375933115,119396.90293703374,19396.902937033738,119915.28070106113,0,0.19396902937033556,-0.0016613827428901828,165432.15915014647,65432.15915014647,4499.0431833496095,236,0.654321591501466,-0.011924866497482256,518.3777640273963,67100.0,SHORT_PUT,15878.311168055761,-2300.0,0.0,510.79999999999995,0.0,518.3777640273963,67100.0,SHORT_PUT,14428.380701061145,4800.0,0.0,686.9,0.0,4413.834,0
