date,equity,cash,shares,spot,option_liability,collateral,available_cash,state,buy_hold,buy_hold_100
2018-01-02,100000.0,100000.0,0.0,268.769989,0.0,0.0,100000.0,CASH,100000.0,100000.0
2018-01-03,99990.988631,100068.283007,0.0,270.470001,77.294376,26600.0,73468.283007,SHORT_PUT,100632.404541,100170.001221
2018-01-04,100025.033318,100068.283007,0.0,271.609985,43.24969,26600.0,73468.283007,SHORT_PUT,101056.478638,100283.999634
2018-01-05,100046.781514,100068.283007,0.0,273.420013,21.501493,26600.0,73468.283007,SHORT_PUT,101729.809082,100465.002441
2018-01-08,100054.128746,100068.283007,0.0,273.920013,14.154261,26600.0,73468.283007,SHORT_PUT,101915.809082,100515.002441
2018-01-09,100056.669784,100068.283007,0.0,274.540009,11.613223,26600.0,73468.283007,SHORT_PUT,102146.447266,100577.001953
2018-01-10,100052.156871,100068.283007,0.0,274.119995,16.126136,26600.0,73468.283007,SHORT_PUT,101990.202271,100535.00061
2018-01-11,100062.545323,100068.283007,0.0,276.119995,5.737684,26600.0,73468.283007,SHORT_PUT,102734.202271,100735.00061
2018-01-12,100065.65904,100068.283007,0.0,277.920013,2.623967,26600.0,73468.283007,SHORT_PUT,103403.809082,100915.002441
2018-01-16,100065.72436,100068.283007,0.0,276.970001,2.558647,26600.0,73468.283007,SHORT_PUT,103050.404541,100820.001221
2018-01-17,100066.462066,100068.283007,0.0,279.609985,1.820941,26600.0,73468.283007,SHORT_PUT,104032.478638,101083.999634
2018-01-18,100066.303823,100068.283007,0.0,279.140015,1.979184,26600.0,73468.283007,SHORT_PUT,103857.649536,101037.002563
2018-01-19,100066.859458,100068.283007,0.0,280.410004,1.423549,26600.0,73468.283007,SHORT_PUT,104330.085449,101164.001465
2018-01-22,100067.278513,100068.283007,0.0,282.690002,1.004494,26600.0,73468.283007,SHORT_PUT,105178.244995,101392.001343
2018-01-23,100067.282395,100068.283007,0.0,283.290009,1.000613,26600.0,73468.283007,SHORT_PUT,105401.447266,101452.001953
2018-01-24,100067.282756,100068.283007,0.0,283.179993,1.000251,26600.0,73468.283007,SHORT_PUT,105360.521362,101441.000366
2018-01-25,100067.28289,100068.283007,0.0,283.299988,1.000117,26600.0,73468.283007,SHORT_PUT,105405.159546,101452.999878
2018-01-26,100067.283007,100068.283007,0.0,286.579987,1.0,26600.0,73468.283007,SHORT_PUT,106625.319092,101780.999756
2018-01-29,100067.283007,100068.283007,0.0,284.679993,1.0,26600.0,73468.283007,SHORT_PUT,105918.521362,101591.000366
2018-01-30,100067.283007,100068.283007,0.0,281.76001,1.0,26600.0,73468.283007,SHORT_PUT,104832.28772,101299.002075
2018-01-31,100067.283007,100068.283007,0.0,281.899994,1.0,26600.0,73468.283007,SHORT_PUT,104884.361816,101313.000488
2018-02-01,100067.283007,100068.283007,0.0,281.579987,1.0,26600.0,73468.283007,SHORT_PUT,104765.319092,101280.999756
2018-02-02,100068.283007,100068.283007,0.0,275.450012,0.0,0.0,100068.283007,CASH,102484.968628,100668.002319
2018-02-05,100068.283007,100068.283007,0.0,263.929993,0.0,0.0,100068.283007,CASH,98199.521362,99516.000366
2018-02-06,100017.857422,100530.001064,0.0,269.130005,512.143642,25900.0,74630.001064,SHORT_PUT,100133.925903,100036.001587
2018-02-07,100150.969778,100530.001064,0.0,267.670013,379.031287,25900.0,74630.001064,SHORT_PUT,99590.809082,99890.002441
2018-02-08,99794.33727,100530.001064,0.0,257.630005,735.663794,25900.0,74630.001064,SHORT_PUT,95855.925903,98886.001587
2018-02-09,99858.307207,100530.001064,0.0,261.5,671.693857,25900.0,74630.001064,SHORT_PUT,97295.564087,99273.001099
2018-02-12,100150.859619,100530.001064,0.0,265.339996,379.141446,25900.0,74630.001064,SHORT_PUT,98724.042725,99657.000732
2018-02-13,100254.026069,100530.001064,0.0,266.0,275.974996,25900.0,74630.001064,SHORT_PUT,98969.564087,99723.001099
2018-02-14,100367.175393,100530.001064,0.0,269.589996,162.825671,25900.0,74630.001064,SHORT_PUT,100305.042725,100082.000732
2018-02-15,100492.508263,100530.001064,0.0,273.029999,37.492801,25900.0,74630.001064,SHORT_PUT,101584.723633,100426.000977
2018-02-16,100497.491789,100530.001064,0.0,273.109985,32.509276,25900.0,74630.001064,SHORT_PUT,101614.478638,100433.999634
2018-02-20,100496.430159,100530.001064,0.0,271.399994,33.570906,25900.0,74630.001064,SHORT_PUT,100978.361816,100263.000488
2018-02-21,100479.159639,100530.001064,0.0,270.049988,50.841426,25900.0,74630.001064,SHORT_PUT,100476.159546,100127.999878
2018-02-22,100492.512074,100530.001064,0.0,270.399994,37.48899,25900.0,74630.001064,SHORT_PUT,100606.361816,100163.000488
2018-02-23,100522.775968,100530.001064,0.0,274.709991,7.225096,25900.0,74630.001064,SHORT_PUT,102209.680908,100594.000244
2018-02-26,100528.832166,100530.001064,0.0,277.899994,1.168898,25900.0,74630.001064,SHORT_PUT,103396.361816,100913.000488
2018-02-27,100528.551335,100530.001064,0.0,274.429993,1.44973,25900.0,74630.001064,SHORT_PUT,102105.521362,100566.000366
2018-02-28,100524.472949,100530.001064,0.0,271.649994,5.528116,25900.0,74630.001064,SHORT_PUT,101071.361816,100288.000488
2018-03-01,100507.048893,100530.001064,0.0,267.700012,22.952172,25900.0,74630.001064,SHORT_PUT,99601.968628,99893.002319
2018-03-02,100511.56171,100530.001064,0.0,269.079987,18.439355,25900.0,74630.001064,SHORT_PUT,100115.319092,100030.999756
2018-03-05,100528.854482,100530.001064,0.0,272.190002,1.146583,25900.0,74630.001064,SHORT_PUT,101272.244995,100342.001343
2018-03-06,100528.996109,100530.001064,0.0,272.880005,1.004956,25900.0,74630.001064,SHORT_PUT,101528.925903,100411.001587
2018-03-07,100529.001014,100530.001064,0.0,272.779999,1.000051,25900.0,74630.001064,SHORT_PUT,101491.723633,100401.000977
2018-03-08,100529.001064,100530.001064,0.0,274.100006,1.0,25900.0,74630.001064,SHORT_PUT,101982.766357,100533.001709
2018-03-09,100530.001064,100530.001064,0.0,278.869995,0.0,0.0,100530.001064,CASH,103757.202271,101010.00061
2018-03-12,100530.001064,100530.001064,0.0,278.519989,0.0,0.0,100530.001064,CASH,103627.0,100975.0
2018-03-13,100501.304064,100785.297568,0.0,276.720001,283.993504,27400.0,73385.297568,SHORT_PUT,102957.404541,100795.001221
2018-03-14,100432.724856,100785.297568,0.0,275.299988,352.572713,27400.0,73385.297568,SHORT_PUT,102429.159546,100652.999878
2018-03-15,100402.986993,100785.297568,0.0,275.0,382.310575,27400.0,73385.297568,SHORT_PUT,102317.564087,100623.001099
2018-03-16,100387.877224,100785.297568,0.0,274.200012,397.420345,27400.0,73385.297568,SHORT_PUT,102428.052628,100652.702319
2018-03-19,100207.291879,100785.297568,0.0,270.48999,578.005689,27400.0,73385.297568,SHORT_PUT,101047.924454,100281.700122
2018-03-20,100176.391175,100785.297568,0.0,270.950012,608.906393,27400.0,73385.297568,SHORT_PUT,101219.052628,100327.702319
2018-03-21,100169.320033,100785.297568,0.0,270.429993,615.977535,27400.0,73385.297568,SHORT_PUT,101025.605362,100275.700366
2018-03-22,99651.354941,100785.297568,0.0,263.670013,1133.942627,27400.0,73385.297568,SHORT_PUT,98510.893082,99599.702441
2018-03-23,99077.436635,100785.297568,0.0,258.049988,1707.860933,27400.0,73385.297568,SHORT_PUT,96420.243546,99037.699878
2018-03-26,99700.166249,100785.297568,0.0,265.109985,1085.131319,27400.0,73385.297568,SHORT_PUT,99046.562638,99743.699634
2018-03-27,99354.899862,100785.297568,0.0,260.600006,1430.397706,27400.0,73385.297568,SHORT_PUT,97368.850357,99292.701709
2018-03-28,99273.908498,100785.297568,0.0,259.829987,1511.38907,27400.0,73385.297568,SHORT_PUT,97082.403092,99215.699756
2018-03-29,99585.219303,100785.297568,0.0,263.149994,1200.078265,27400.0,73385.297568,SHORT_PUT,98317.445816,99547.700488
2018-04-02,99049.647696,100785.297568,0.0,257.470001,1735.649872,27400.0,73385.297568,SHORT_PUT,96204.488541,98979.701221
2018-04-03,99383.866706,100785.297568,0.0,260.769989,1401.430862,27400.0,73385.297568,SHORT_PUT,97432.084,99309.7
2018-04-04,99673.391528,100785.297568,0.0,263.559998,1111.906041,27400.0,73385.297568,SHORT_PUT,98469.967179,99588.700854
2018-04-05,99884.080455,100785.297568,0.0,265.640015,901.217113,27400.0,73385.297568,SHORT_PUT,99243.733536,99796.702563
2018-04-06,99285.897696,100785.297568,0.0,259.720001,1499.399872,27400.0,73385.297568,SHORT_PUT,97041.488541,99204.701221
2018-04-09,99420.297568,100785.297568,0.0,261.0,1365.0,27400.0,73385.297568,SHORT_PUT,97517.648087,99332.701099
2018-04-10,99855.765831,100785.297568,0.0,265.149994,929.531737,27400.0,73385.297568,SHORT_PUT,99061.445816,99747.700488
2018-04-11,99710.098594,100785.297568,0.0,263.76001,1075.198975,27400.0,73385.297568,SHORT_PUT,98544.37172,99608.702075
2018-04-12,99937.946799,100785.297568,0.0,265.929993,847.350769,27400.0,73385.297568,SHORT_PUT,99351.605362,99825.700366
2018-04-13,99900.296958,73385.297568,100.0,265.149994,0.0,0.0,73385.297568,STOCK,99061.445816,99747.700488
2018-04-16,100118.296226,73385.297568,100.0,267.329987,0.0,0.0,73385.297568,STOCK,99872.403092,99965.699756
2018-04-17,100376.128586,73635.58022,100.0,270.190002,278.451878,0.0,73635.58022,COVERED_CALL,100936.328995,100251.701343
2018-04-18,100427.419072,73635.58022,100.0,270.390015,247.162613,0.0,73635.58022,COVERED_CALL,101010.733536,100271.702563
2018-04-19,100329.141464,73635.58022,100.0,268.890015,195.440221,0.0,73635.58022,COVERED_CALL,100452.733536,100121.702563
2018-04-20,100164.58697,73635.58022,100.0,266.609985,131.991785,0.0,73635.58022,COVERED_CALL,99604.562638,99893.699634
2018-04-23,100162.416842,73635.58022,100.0,266.570007,130.164111,0.0,73635.58022,COVERED_CALL,99589.690812,99889.701831
2018-04-24,99880.840932,73635.58022,100.0,262.980011,52.740386,0.0,73635.58022,COVERED_CALL,98254.212174,99530.702197
2018-04-25,99920.838215,73635.58022,100.0,263.630005,77.742493,0.0,73635.58022,COVERED_CALL,98496.009903,99595.701587
2018-04-26,100145.734602,73635.58022,100.0,266.309998,120.845374,0.0,73635.58022,COVERED_CALL,99492.967179,99863.700854
2018-04-27,100196.503642,73635.58022,100.0,266.559998,95.076334,0.0,73635.58022,COVERED_CALL,99585.967179,99888.700854
2018-04-30,100048.802433,73635.58022,100.0,264.51001,37.778763,0.0,73635.58022,COVERED_CALL,98823.37172,99683.702075
2018-05-01,100089.747865,73635.58022,100.0,264.980011,43.833454,0.0,73635.58022,COVERED_CALL,98998.212174,99730.702197
2018-05-02,99935.553084,73635.58022,100.0,263.200012,20.028356,0.0,73635.58022,COVERED_CALL,98336.052628,99552.702319
2018-05-03,99881.179805,73635.58022,100.0,262.619995,16.399927,0.0,73635.58022,COVERED_CALL,98120.286271,99494.70061
2018-05-04,100195.397421,73635.58022,100.0,266.019989,42.181701,0.0,73635.58022,COVERED_CALL,99385.084,99834.7
2018-05-07,100298.690304,73635.58022,100.0,266.920013,28.891259,0.0,73635.58022,COVERED_CALL,99719.893082,99924.702441
2018-05-08,100303.601006,73635.58022,100.0,266.920013,23.980557,0.0,73635.58022,COVERED_CALL,99719.893082,99924.702441
2018-05-09,100530.735519,73635.58022,100.0,269.5,54.844701,0.0,73635.58022,COVERED_CALL,100679.648087,100182.701099
2018-05-10,100738.76,73635.58022,100.0,272.019989,98.819121,0.0,73635.58022,COVERED_CALL,101617.084,100434.7
2018-05-11,100803.668434,73635.58022,100.0,272.850006,116.912397,0.0,73635.58022,COVERED_CALL,101925.850357,100517.701709
2018-05-14,100856.942815,73635.58022,100.0,272.980011,76.638504,0.0,73635.58022,COVERED_CALL,101974.212174,100530.702197
2018-05-15,100727.860605,73635.58022,100.0,271.100006,17.720225,0.0,73635.58022,COVERED_CALL,101274.850357,100342.701709
2018-05-16,100826.210031,73635.58022,100.0,272.23999,33.369212,0.0,73635.58022,COVERED_CALL,101698.924454,100456.700122
2018-05-17,100828.465762,73635.58022,100.0,272.01001,8.115435,0.0,73635.58022,COVERED_CALL,101613.37172,100433.702075
2018-05-18,100768.578877,73635.58022,100.0,271.329987,0.0,0.0,73635.58022,STOCK,101360.403092,100365.699756
2018-05-21,100972.579732,73635.58022,100.0,273.369995,0.0,0.0,73635.58022,STOCK,102119.286271,100569.70061
2018-05-22,100880.982306,73766.421487,100.0,272.609985,146.437716,0.0,73766.421487,COVERED_CALL,101836.562638,100493.699634
2018-05-23,100935.097544,73766.421487,100.0,273.359985,167.322478,0.0,73766.421487,COVERED_CALL,102115.562638,100568.699634
2018-05-24,100915.261999,73766.421487,100.0,272.799988,131.158267,0.0,73766.421487,COVERED_CALL,101907.243546,100512.699878
2018-05-25,100873.219513,73766.421487,100.0,272.149994,108.201363,0.0,73766.421487,COVERED_CALL,101665.445816,100447.700488
2018-05-29,100623.111668,73766.421487,100.0,269.019989,45.308721,0.0,73766.421487,COVERED_CALL,100501.084,100134.7
2018-05-30,100847.346195,73766.421487,100.0,272.609985,180.073827,0.0,73766.421487,COVERED_CALL,101836.562638,100493.699634
2018-05-31,100767.854707,73766.421487,100.0,270.940002,92.567024,0.0,73766.421487,COVERED_CALL,101215.328995,100326.701343
2018-06-01,100961.112591,73766.421487,100.0,273.600006,165.309506,0.0,73766.421487,COVERED_CALL,102204.850357,100592.701709
2018-06-04,101106.876639,73766.421487,100.0,274.899994,149.544237,0.0,73766.421487,COVERED_CALL,102688.445816,100722.700488
2018-06-05,101140.256279,73766.421487,100.0,275.100006,136.165818,0.0,73766.421487,COVERED_CALL,102762.850357,100742.701709
2018-06-06,101287.948328,73766.421487,100.0,277.399994,218.472549,0.0,73766.421487,COVERED_CALL,103618.445816,100972.700488
2018-06-07,101308.695073,73766.421487,100.0,277.369995,194.725925,0.0,73766.421487,COVERED_CALL,103607.286271,100969.70061
2018-06-08,101346.887329,73766.421487,100.0,278.190002,238.534402,0.0,73766.421487,COVERED_CALL,103912.328995,101051.701343
2018-06-11,101388.537501,73766.421487,100.0,278.559998,233.883742,0.0,73766.421487,COVERED_CALL,104049.967179,101088.700854
2018-06-12,101409.78872,73766.421487,100.0,278.920013,248.634109,0.0,73766.421487,COVERED_CALL,104183.893082,101124.702441
2018-06-13,101382.844519,73766.421487,100.0,278.029999,186.576846,0.0,73766.421487,COVERED_CALL,103852.807633,101035.700977
2018-06-14,101415.32514,73766.421487,100.0,278.730011,224.097446,0.0,73766.421487,COVERED_CALL,104113.212174,101105.702197
2018-06-15,101486.514377,73891.021487,100.0,277.130005,117.507598,0.0,73891.021487,COVERED_CALL,103981.521903,101070.301587
2018-06-18,101490.062981,73891.021487,100.0,276.559998,56.958262,0.0,73891.021487,COVERED_CALL,103769.479179,101013.300854
2018-06-19,101419.434715,73891.021487,100.0,275.5,21.586772,0.0,73891.021487,COVERED_CALL,103375.160087,100907.301099
2018-06-20,101465.712063,73891.021487,100.0,275.970001,22.309546,0.0,73891.021487,COVERED_CALL,103550.000541,100954.301221
2018-06-21,101313.75594,73891.021487,100.0,274.23999,1.26457,0.0,73891.021487,COVERED_CALL,102906.436454,100781.300122
2018-06-22,101365.02051,73891.021487,100.0,274.73999,0.0,0.0,73891.021487,STOCK,103092.436454,100831.300122
2018-06-25,100991.021487,73891.021487,100.0,271.0,0.0,0.0,73891.021487,STOCK,101701.160087,100457.301099
2018-06-26,101022.889856,74140.952775,100.0,271.600006,278.063529,0.0,74140.952775,COVERED_CALL,101924.362357,100517.301709
2018-06-27,100911.517126,74140.952775,100.0,269.350006,164.436259,0.0,74140.952775,COVERED_CALL,101087.362357,100292.301709
2018-06-28,100978.793705,74140.952775,100.0,270.890015,251.160534,0.0,74140.952775,COVERED_CALL,101660.245536,100446.302563
2018-06-29,101035.889092,74140.952775,100.0,271.279999,233.063561,0.0,74140.952775,COVERED_CALL,101805.319633,100485.300977
2018-07-02,101112.147002,74140.952775,100.0,271.859985,214.804308,0.0,74140.952775,COVERED_CALL,102021.074638,100543.299634
2018-07-03,101065.50632,74140.952775,100.0,270.899994,165.445845,0.0,74140.952775,COVERED_CALL,101663.957816,100447.300488
2018-07-05,101211.876957,74140.952775,100.0,273.109985,240.074353,0.0,74140.952775,COVERED_CALL,102486.074638,100668.299634
2018-07-06,101371.726451,74140.952775,100.0,275.420013,311.227666,0.0,74140.952775,COVERED_CALL,103345.405082,100899.302441
2018-07-09,101533.972289,74140.952775,100.0,277.899994,396.979876,0.0,74140.952775,COVERED_CALL,104267.957816,101147.300488
2018-07-10,101584.686016,74140.952775,100.0,278.899994,446.266148,0.0,74140.952775,COVERED_CALL,104639.957816,101247.300488
2018-07-11,101525.490983,74140.952775,100.0,276.859985,301.460327,0.0,74140.952775,COVERED_CALL,103881.074638,101043.299634
2018-07-12,101596.169502,74140.952775,100.0,279.369995,481.782785,0.0,74140.952775,COVERED_CALL,104814.798271,101294.30061
2018-07-13,101624.615356,74140.952775,100.0,279.589996,475.337052,0.0,74140.952775,COVERED_CALL,104896.638725,101316.300732
2018-07-16,101647.099319,74140.952775,100.0,279.339996,427.853089,0.0,74140.952775,COVERED_CALL,104803.638725,101291.300732
2018-07-17,101664.923731,74140.952775,100.0,280.470001,523.029166,0.0,74140.952775,COVERED_CALL,105224.000541,101404.301221
2018-07-18,101683.139366,74140.952775,100.0,281.059998,563.813164,0.0,74140.952775,COVERED_CALL,105443.479179,101463.300854
2018-07-19,101679.874524,74140.952775,100.0,280.0,461.078251,0.0,74140.952775,COVERED_CALL,105049.160087,101357.301099
2018-07-20,101677.418659,74140.952775,100.0,279.679993,431.533384,0.0,74140.952775,COVERED_CALL,104930.117362,101325.300366
2018-07-23,101704.953215,74140.952775,100.0,280.200012,456.00078,0.0,74140.952775,COVERED_CALL,105123.564628,101377.302319
2018-07-24,101708.758942,74140.952775,100.0,281.609985,593.192367,0.0,74140.952775,COVERED_CALL,105648.074638,101518.299634
2018-07-25,101698.996805,74140.952775,100.0,284.01001,842.956946,0.0,74140.952775,COVERED_CALL,106540.88372,101758.302075
2018-07-26,101703.285521,74140.952775,100.0,283.339996,771.666887,0.0,74140.952775,COVERED_CALL,106291.638725,101691.300732
2018-07-27,101740.952775,101740.952775,0.0,281.420013,0.0,0.0,101740.952775,CASH,105577.405082,101499.302441
2018-07-30,101740.952775,101740.952775,0.0,279.950012,0.0,0.0,101740.952775,CASH,105030.564628,101352.302319
2018-07-31,101723.885711,101885.764878,0.0,281.329987,161.879167,27600.0,74285.764878,SHORT_PUT,105543.915092,101490.299756
2018-08-01,101747.451095,101885.764878,0.0,280.859985,138.313783,27600.0,74285.764878,SHORT_PUT,105369.074638,101443.299634
2018-08-02,101782.438513,101885.764878,0.0,282.390015,103.326365,27600.0,74285.764878,SHORT_PUT,105938.245536,101596.302563
2018-08-03,101824.813025,101885.764878,0.0,283.600006,60.951853,27600.0,74285.764878,SHORT_PUT,106388.362357,101717.301709
2018-08-06,101853.185333,101885.764878,0.0,284.640015,32.579545,27600.0,74285.764878,SHORT_PUT,106775.245536,101821.302563
2018-08-07,101866.284905,101885.764878,0.0,285.579987,19.479973,27600.0,74285.764878,SHORT_PUT,107124.915092,101915.299756
2018-08-08,101869.49463,101885.764878,0.0,285.459991,16.270248,27600.0,74285.764878,SHORT_PUT,107080.276908,101903.300244
2018-08-09,101869.291841,101885.764878,0.0,285.070007,16.473037,27600.0,74285.764878,SHORT_PUT,106935.202812,101864.301831
2018-08-10,101851.500488,101885.764878,0.0,283.160004,34.26439,27600.0,74285.764878,SHORT_PUT,106224.681449,101673.301465
2018-08-13,101824.472603,101885.764878,0.0,282.100006,61.292275,27600.0,74285.764878,SHORT_PUT,105830.362357,101567.301709
2018-08-14,101837.219819,101885.764878,0.0,283.899994,48.545059,27600.0,74285.764878,SHORT_PUT,106499.957816,101747.300488
2018-08-15,101826.564089,101885.764878,0.0,281.779999,59.200789,27600.0,74285.764878,SHORT_PUT,105711.319633,101535.300977
2018-08-16,101849.294663,101885.764878,0.0,284.059998,36.470216,27600.0,74285.764878,SHORT_PUT,106559.479179,101763.300854
2018-08-17,101869.541154,101885.764878,0.0,285.059998,16.223724,27600.0,74285.764878,SHORT_PUT,106931.479179,101863.300854
2018-08-20,101880.394392,101885.764878,0.0,285.670013,5.370486,27600.0,74285.764878,SHORT_PUT,107158.405082,101924.302441
2018-08-21,101882.768236,101885.764878,0.0,286.339996,2.996642,27600.0,74285.764878,SHORT_PUT,107407.638725,101991.300732
2018-08-22,101882.894976,101885.764878,0.0,286.170013,2.869902,27600.0,74285.764878,SHORT_PUT,107344.405082,101974.302441
2018-08-23,101883.727522,101885.764878,0.0,285.790009,2.037356,27600.0,74285.764878,SHORT_PUT,107203.043266,101936.301953
2018-08-24,101884.611334,101885.764878,0.0,287.51001,1.153544,27600.0,74285.764878,SHORT_PUT,107842.88372,102108.302075
2018-08-27,101884.764847,101885.764878,0.0,289.779999,1.000031,27600.0,74285.764878,SHORT_PUT,108687.319633,102335.300977
2018-08-28,101884.764878,101885.764878,0.0,289.920013,1.0,27600.0,74285.764878,SHORT_PUT,108739.405082,102349.302441
2018-08-29,101884.764878,101885.764878,0.0,291.480011,1.0,27600.0,74285.764878,SHORT_PUT,109319.724174,102505.302197
2018-08-30,101884.764878,101885.764878,0.0,290.299988,1.0,27600.0,74285.764878,SHORT_PUT,108880.755546,102387.299878
2018-08-31,101885.764878,101885.764878,0.0,290.309998,0.0,0.0,101885.764878,CASH,108884.479179,102388.300854
2018-09-04,101885.764878,101885.764878,0.0,289.809998,0.0,0.0,101885.764878,CASH,108698.479179,102338.300854
2018-09-05,101863.692139,102078.130896,0.0,289.029999,214.438756,28600.0,73478.130896,SHORT_PUT,108408.319633,102260.300977
2018-09-06,101816.40429,102078.130896,0.0,288.160004,261.726606,28600.0,73478.130896,SHORT_PUT,108084.681449,102173.301465
2018-09-07,101779.650484,102078.130896,0.0,287.600006,298.480412,28600.0,73478.130896,SHORT_PUT,107876.362357,102117.301709
2018-09-10,101814.602566,102078.130896,0.0,288.100006,263.528329,28600.0,73478.130896,SHORT_PUT,108062.362357,102167.301709
2018-09-11,101874.66768,102078.130896,0.0,289.049988,203.463215,28600.0,73478.130896,SHORT_PUT,108415.755546,102262.299878
2018-09-12,101904.339292,102078.130896,0.0,289.119995,173.791603,28600.0,73478.130896,SHORT_PUT,108441.798271,102269.30061
2018-09-13,101962.643196,102078.130896,0.0,290.829987,115.4877,28600.0,73478.130896,SHORT_PUT,109077.915092,102440.299756
2018-09-14,101983.056881,102078.130896,0.0,290.880005,95.074015,28600.0,73478.130896,SHORT_PUT,109096.521903,102445.301587
2018-09-17,101963.867058,102078.130896,0.0,289.339996,114.263838,28600.0,73478.130896,SHORT_PUT,108523.638725,102291.300732
2018-09-18,101985.15814,102078.130896,0.0,290.910004,92.972755,28600.0,73478.130896,SHORT_PUT,109107.681449,102448.301465
2018-09-19,102010.538991,102078.130896,0.0,291.220001,67.591904,28600.0,73478.130896,SHORT_PUT,109223.000541,102479.301221
2018-09-20,102057.346474,102078.130896,0.0,293.579987,20.784422,28600.0,73478.130896,SHORT_PUT,110100.915092,102715.299756
2018-09-21,102043.828903,102078.130896,0.0,291.98999,34.301992,28600.0,73478.130896,SHORT_PUT,110001.592454,102688.600122
2018-09-24,102044.203195,102078.130896,0.0,291.019989,33.9277,28600.0,73478.130896,SHORT_PUT,109640.752,102591.6
2018-09-25,102040.50628,102078.130896,0.0,290.75,37.624616,28600.0,73478.130896,SHORT_PUT,109540.316087,102564.601099
2018-09-26,102029.365053,102078.130896,0.0,289.880005,48.765842,28600.0,73478.130896,SHORT_PUT,109216.677903,102477.601587
2018-09-27,102045.394659,102078.130896,0.0,290.690002,32.736236,28600.0,73478.130896,SHORT_PUT,109517.996995,102558.601343
2018-09-28,102055.184423,102078.130896,0.0,290.720001,22.946473,28600.0,73478.130896,SHORT_PUT,109529.156541,102561.601221
2018-10-01,102074.421164,102078.130896,0.0,291.730011,3.709731,28600.0,73478.130896,SHORT_PUT,109904.880174,102662.602197
2018-10-02,102075.985387,102078.130896,0.0,291.559998,2.145509,28600.0,73478.130896,SHORT_PUT,109841.635179,102645.600854
2018-10-03,102076.965913,102078.130896,0.0,291.720001,1.164983,28600.0,73478.130896,SHORT_PUT,109901.156541,102661.601221
2018-10-04,102076.820126,102078.130896,0.0,289.440002,1.310769,28600.0,73478.130896,SHORT_PUT,109052.996995,102433.601343
2018-10-05,102078.130896,102078.130896,0.0,287.820007,0.0,0.0,102078.130896,CASH,108450.358812,102271.601831
2018-10-08,102078.130896,102078.130896,0.0,287.820007,0.0,0.0,102078.130896,CASH,108450.358812,102271.601831
2018-10-09,102054.268948,102287.494398,0.0,287.399994,233.22545,28300.0,73987.494398,SHORT_PUT,108294.113816,102229.600488
2018-10-10,101588.18301,102287.494398,0.0,278.299988,699.311389,28300.0,73987.494398,SHORT_PUT,104908.911546,101319.599878
2018-10-11,100977.632052,102287.494398,0.0,272.170013,1309.862347,28300.0,73987.494398,SHORT_PUT,102628.561082,100706.602441
2018-10-12,101222.84761,102287.494398,0.0,275.950012,1064.646788,28300.0,73987.494398,SHORT_PUT,104034.720628,101084.602319
2018-10-15,101214.948741,102287.494398,0.0,274.399994,1072.545658,28300.0,73987.494398,SHORT_PUT,103458.113816,100929.600488
2018-10-16,101638.228224,102287.494398,0.0,280.399994,649.266174,28300.0,73987.494398,SHORT_PUT,105690.113816,101529.600488
2018-10-17,101736.778213,102287.494398,0.0,280.450012,550.716185,28300.0,73987.494398,SHORT_PUT,105708.720628,101534.602319
2018-10-18,101466.095994,102287.494398,0.0,276.399994,821.398405,28300.0,73987.494398,SHORT_PUT,104202.113816,101129.600488
2018-10-19,101412.280415,102287.494398,0.0,276.25,875.213983,28300.0,73987.494398,SHORT_PUT,104146.316087,101114.601099
2018-10-22,101341.034375,102287.494398,0.0,275.01001,946.460023,28300.0,73987.494398,SHORT_PUT,103685.03972,100990.602075
2018-10-23,101232.835862,102287.494398,0.0,273.609985,1054.658536,28300.0,73987.494398,SHORT_PUT,103164.230638,100850.599634
2018-10-24,100431.095167,102287.494398,0.0,265.320007,1856.399231,28300.0,73987.494398,SHORT_PUT,100080.358812,100021.601831
2018-10-25,100868.915432,102287.494398,0.0,270.079987,1418.578967,28300.0,73987.494398,SHORT_PUT,101851.071092,100497.599756
2018-10-26,100425.908958,102287.494398,0.0,265.329987,1861.585441,28300.0,73987.494398,SHORT_PUT,100084.071092,100022.599756
2018-10-29,100277.79286,102287.494398,0.0,263.859985,2009.701538,28300.0,73987.494398,SHORT_PUT,99537.230638,99875.599634
2018-10-30,100680.072062,102287.494398,0.0,267.769989,1607.422337,28300.0,73987.494398,SHORT_PUT,100991.752,100266.6
2018-10-31,100973.328833,102287.494398,0.0,270.630005,1314.165566,28300.0,73987.494398,SHORT_PUT,102055.677903,100552.601587
2018-11-01,101268.662246,102287.494398,0.0,273.51001,1018.832152,28300.0,73987.494398,SHORT_PUT,103127.03972,100840.602075
2018-11-02,101120.325942,102287.494398,0.0,271.890015,1167.168456,28300.0,73987.494398,SHORT_PUT,102524.401536,100678.602563
2018-11-05,101278.445936,102287.494398,0.0,273.390015,1009.048462,28300.0,73987.494398,SHORT_PUT,103082.401536,100828.602563
2018-11-06,101458.886279,102287.494398,0.0,275.119995,828.608119,28300.0,73987.494398,SHORT_PUT,103725.954271,101001.60061
2018-11-07,102020.933477,102287.494398,0.0,281.01001,266.560921,28300.0,73987.494398,SHORT_PUT,105917.03972,101590.602075
2018-11-08,102016.579644,102287.494398,0.0,280.5,270.914754,28300.0,73987.494398,SHORT_PUT,105727.316087,101539.601099
2018-11-09,101763.495375,73987.494398,100.0,277.76001,0.0,0.0,73987.494398,STOCK,104708.03972,101265.602075
2018-11-12,101244.495131,73987.494398,100.0,272.570007,0.0,0.0,73987.494398,STOCK,102777.358812,100746.601831
2018-11-13,101166.228042,74229.197463,100.0,272.059998,268.969177,0.0,74229.197463,COVERED_CALL,102587.635179,100695.600854
2018-11-14,101053.105834,74229.197463,100.0,270.200012,196.09285,0.0,74229.197463,COVERED_CALL,101895.720628,100509.602319
2018-11-15,101227.436679,74229.197463,100.0,273.019989,303.759686,0.0,74229.197463,COVERED_CALL,102944.752,100791.6
2018-11-16,101311.416923,74229.197463,100.0,273.730011,290.781639,0.0,74229.197463,COVERED_CALL,103208.880174,100862.602197
2018-11-19,101035.586231,74229.197463,100.0,269.100006,103.611843,0.0,74229.197463,COVERED_CALL,101486.518357,100399.601709
2018-11-20,100589.033486,74229.197463,100.0,264.119995,52.163489,0.0,74229.197463,COVERED_CALL,99633.954271,99901.60061
2018-11-21,100646.901665,74229.197463,100.0,265.019989,84.294699,0.0,74229.197463,COVERED_CALL,99968.752,99991.6
2018-11-23,100516.136037,74229.197463,100.0,263.25,38.061427,0.0,74229.197463,COVERED_CALL,99310.316087,99814.601099
2018-11-26,100902.072446,74229.197463,100.0,267.5,77.125018,0.0,74229.197463,COVERED_CALL,100891.316087,100239.601099
2018-11-27,101013.453791,74229.197463,100.0,268.399994,55.743062,0.0,74229.197463,COVERED_CALL,101226.113816,100329.600488
2018-11-28,101500.16188,74229.197463,100.0,274.579987,187.034241,0.0,74229.197463,COVERED_CALL,103525.071092,100947.599756
2018-11-29,101477.980971,74229.197463,100.0,273.980011,149.217591,0.0,74229.197463,COVERED_CALL,103301.880174,100887.602197
2018-11-30,101595.396621,74229.197463,100.0,275.649994,198.800233,0.0,74229.197463,COVERED_CALL,103923.113816,101054.600488
2018-12-03,101844.544718,74229.197463,100.0,279.299988,314.651525,0.0,74229.197463,COVERED_CALL,105280.911546,101419.599878
2018-12-04,101233.533981,74229.197463,100.0,270.25,20.663482,0.0,74229.197463,COVERED_CALL,101914.316087,100514.601099
2018-12-06,101184.196562,74229.197463,100.0,269.839996,29.000535,0.0,74229.197463,COVERED_CALL,101761.794725,100473.600732
2018-12-07,100583.539522,74229.197463,100.0,263.570007,2.658674,0.0,74229.197463,COVERED_CALL,99429.358812,99846.601831
2018-12-10,100634.823574,74229.197463,100.0,264.070007,1.374621,0.0,74229.197463,COVERED_CALL,99615.358812,99896.601831
2018-12-11,100641.147368,74229.197463,100.0,264.130005,1.050584,0.0,74229.197463,COVERED_CALL,99637.677903,99902.601587
2018-12-12,100774.191909,74229.197463,100.0,265.459991,1.0047,0.0,74229.197463,COVERED_CALL,100132.432908,100035.600244
2018-12-13,100765.196975,74229.197463,100.0,265.369995,1.000001,0.0,74229.197463,COVERED_CALL,100098.954271,100026.60061
2018-12-14,100276.197585,74229.197463,100.0,260.470001,0.0,0.0,74229.197463,STOCK,98276.156541,99536.601221
2018-12-17,99765.197524,74229.197463,100.0,255.360001,0.0,0.0,74229.197463,STOCK,96375.236314,99025.60116
2018-12-18,99706.848127,74500.192895,100.0,255.080002,301.344951,0.0,74500.192895,COVERED_CALL,96271.076768,98997.601282
2018-12-19,99421.2216,74500.192895,100.0,251.259995,204.970746,0.0,74500.192895,COVERED_CALL,94850.034043,98615.600549
2018-12-20,99101.685579,74500.192895,100.0,247.169998,115.507133,0.0,74500.192895,COVERED_CALL,93328.555406,98206.600916
2018-12-21,98651.619593,74643.692895,100.0,240.699997,62.072997,0.0,74643.692895,COVERED_CALL,91455.534952,97703.100793
2018-12-24,98055.474595,74643.692895,100.0,234.339996,22.217934,0.0,74643.692895,COVERED_CALL,89089.614725,97067.100732
2018-12-26,99069.581303,74643.692895,100.0,246.179993,192.110859,0.0,74643.692895,COVERED_CALL,93494.093362,98251.100366
2018-12-27,99309.459137,74643.692895,100.0,248.070007,141.23449,0.0,74643.692895,COVERED_CALL,94197.178812,98440.101831
2018-12-28,99297.591845,74643.692895,100.0,247.75,121.10105,0.0,74643.692895,COVERED_CALL,94078.136087,98408.101099
2018-12-31,99523.791868,74643.692895,100.0,249.919998,111.900843,0.0,74643.692895,COVERED_CALL,94885.375406,98625.100916
2019-01-02,99592.523005,74643.692895,100.0,250.179993,69.169157,0.0,74643.692895,COVERED_CALL,94982.093362,98651.100366
2019-01-03,99054.640598,74643.692895,100.0,244.210007,10.052968,0.0,74643.692895,COVERED_CALL,92761.258584,98054.10177
2019-01-04,99796.938037,74643.692895,100.0,252.389999,85.754797,0.0,74643.692895,COVERED_CALL,95804.21586,98872.101038
2019-01-07,100027.744987,74643.692895,100.0,254.380005,53.948396,0.0,74643.692895,COVERED_CALL,96544.497903,99071.101587
2019-01-08,100233.624686,74643.692895,100.0,256.769989,87.06711,0.0,74643.692895,COVERED_CALL,97433.572,99310.1
2019-01-09,100347.102504,74643.692895,100.0,257.970001,93.590514,0.0,74643.692895,COVERED_CALL,97879.976541,99430.101221
2019-01-10,100432.309914,74643.692895,100.0,258.880005,99.383469,0.0,74643.692895,COVERED_CALL,98218.497903,99521.101587
2019-01-11,100457.700985,74643.692895,100.0,258.980011,83.993009,0.0,74643.692895,COVERED_CALL,98255.700174,99531.102197
2019-01-14,100368.335489,74643.692895,100.0,257.399994,15.356796,0.0,74643.692895,COVERED_CALL,97667.933816,99373.100488
2019-01-15,100626.772859,74643.692895,100.0,260.350006,51.920646,0.0,74643.692895,COVERED_CALL,98765.338357,99668.101709
2019-01-16,100698.026676,74643.692895,100.0,260.980011,43.667317,0.0,74643.692895,COVERED_CALL,98999.700174,99731.102197
2019-01-17,100853.564668,74643.692895,100.0,262.959991,86.127373,0.0,74643.692895,COVERED_CALL,99736.252908,99929.100244
2019-01-18,100943.692895,100943.692895,0.0,266.459991,0.0,0.0,100943.692895,CASH,101038.252908,100279.100244
2019-01-22,100943.692895,100943.692895,0.0,262.859985,0.0,0.0,100943.692895,CASH,99699.050638,99919.099634
2019-01-23,100915.659891,101192.681436,0.0,263.410004,277.021545,25800.0,75392.681436,SHORT_PUT,99903.657449,99974.101465
2019-01-24,100955.805421,101192.681436,0.0,263.549988,236.876015,25800.0,75392.681436,SHORT_PUT,99955.731546,99988.099878
2019-01-25,101036.574897,101192.681436,0.0,265.779999,156.106538,25800.0,75392.681436,SHORT_PUT,100785.295633,100211.100977
2019-01-28,101031.393332,101192.681436,0.0,263.76001,161.288103,25800.0,75392.681436,SHORT_PUT,100033.85972,100009.102075
2019-01-29,101000.607272,101192.681436,0.0,263.410004,192.074164,25800.0,75392.681436,SHORT_PUT,99903.657449,99974.101465
2019-01-30,101098.753257,101192.681436,0.0,267.579987,93.928179,25800.0,75392.681436,SHORT_PUT,101454.891092,100391.099756
2019-01-31,101151.018949,101192.681436,0.0,269.929993,41.662487,25800.0,75392.681436,SHORT_PUT,102329.093362,100626.100366
2019-02-01,101164.250055,101192.681436,0.0,270.059998,28.431381,25800.0,75392.681436,SHORT_PUT,102377.455179,100639.100854
2019-02-04,101182.30906,101192.681436,0.0,271.959991,10.372376,25800.0,75392.681436,SHORT_PUT,103084.252908,100829.100244
2019-02-05,101187.196692,101192.681436,0.0,273.100006,5.484743,25800.0,75392.681436,SHORT_PUT,103508.338357,100943.101709
2019-02-06,101187.7863,101192.681436,0.0,272.73999,4.895135,25800.0,75392.681436,SHORT_PUT,103374.412454,100907.100122
2019-02-07,101183.661519,101192.681436,0.0,270.140015,9.019916,25800.0,75392.681436,SHORT_PUT,102407.221536,100647.102563
2019-02-08,101183.320833,101192.681436,0.0,270.470001,9.360603,25800.0,75392.681436,SHORT_PUT,102529.976541,100680.101221
2019-02-11,101188.886935,101192.681436,0.0,270.619995,3.794501,25800.0,75392.681436,SHORT_PUT,102585.774271,100695.10061
2019-02-12,101191.351969,101192.681436,0.0,274.100006,1.329467,25800.0,75392.681436,SHORT_PUT,103880.338357,101043.101709
2019-02-13,101191.616926,101192.681436,0.0,274.98999,1.06451,25800.0,75392.681436,SHORT_PUT,104211.412454,101132.100122
2019-02-14,101191.626429,101192.681436,0.0,274.380005,1.055006,25800.0,75392.681436,SHORT_PUT,103984.497903,101071.101587
2019-02-15,101191.678572,101192.681436,0.0,277.369995,1.002864,25800.0,75392.681436,SHORT_PUT,105096.774271,101370.10061
2019-02-19,101191.681436,101192.681436,0.0,277.850006,1.0,25800.0,75392.681436,SHORT_PUT,105275.338357,101418.101709
2019-02-20,101191.681436,101192.681436,0.0,278.410004,1.0,25800.0,75392.681436,SHORT_PUT,105483.657449,101474.101465
2019-02-21,101191.681436,101192.681436,0.0,277.420013,1.0,25800.0,75392.681436,SHORT_PUT,105115.381082,101375.102441
2019-02-22,101192.681436,101192.681436,0.0,279.140015,0.0,0.0,101192.681436,CASH,105755.221536,101547.102563
2019-02-25,101192.681436,101192.681436,0.0,279.519989,0.0,0.0,101192.681436,CASH,105896.572,101585.1
2019-02-26,101171.46525,101376.9102,0.0,279.320007,205.44495,27500.0,73876.9102,SHORT_PUT,105822.178812,101565.101831
2019-02-27,101165.439349,101376.9102,0.0,279.200012,211.470851,27500.0,73876.9102,SHORT_PUT,105777.540628,101553.102319
2019-02-28,101164.818051,101376.9102,0.0,278.679993,212.092148,27500.0,73876.9102,SHORT_PUT,105584.093362,101501.100366
2019-03-01,101222.176512,101376.9102,0.0,280.420013,154.733687,27500.0,73876.9102,SHORT_PUT,106231.381082,101675.102441
2019-03-04,101234.740582,101376.9102,0.0,279.399994,142.169618,27500.0,73876.9102,SHORT_PUT,105851.933816,101573.100488
2019-03-05,101207.018441,101376.9102,0.0,279.019989,169.891759,27500.0,73876.9102,SHORT_PUT,105710.572,101535.1
2019-03-06,101151.546257,101376.9102,0.0,277.329987,225.363943,27500.0,73876.9102,SHORT_PUT,105081.891092,101366.099756
2019-03-07,101031.830404,101376.9102,0.0,275.01001,345.079796,27500.0,73876.9102,SHORT_PUT,104218.85972,101134.102075
2019-03-08,100991.950242,101376.9102,0.0,274.459991,384.959958,27500.0,73876.9102,SHORT_PUT,104014.252908,101079.100244
2019-03-11,101201.65523,101376.9102,0.0,278.440002,175.25497,27500.0,73876.9102,SHORT_PUT,105494.816995,101477.101343
2019-03-12,101269.991946,101376.9102,0.0,279.48999,106.918253,27500.0,73876.9102,SHORT_PUT,105885.412454,101582.100122
2019-03-13,101321.968464,101376.9102,0.0,281.339996,54.941735,27500.0,73876.9102,SHORT_PUT,106573.614725,101767.100732
2019-03-14,101328.065185,101376.9102,0.0,281.160004,48.845014,27500.0,73876.9102,SHORT_PUT,106506.657449,101749.101465
2019-03-15,101334.063493,101376.9102,0.0,281.309998,42.846706,27500.0,73876.9102,SHORT_PUT,107021.131179,101887.400854
2019-03-18,101360.746551,101376.9102,0.0,282.329987,16.163648,27500.0,73876.9102,SHORT_PUT,107400.567092,101989.399756
2019-03-19,101363.256209,101376.9102,0.0,282.399994,13.653991,27500.0,73876.9102,SHORT_PUT,107426.609816,101996.400488
2019-03-20,101358.480779,101376.9102,0.0,281.549988,18.429421,27500.0,73876.9102,SHORT_PUT,107110.407546,101911.399878
2019-03-21,101373.134966,101376.9102,0.0,284.730011,3.775234,27500.0,73876.9102,SHORT_PUT,108293.376174,102229.402197
2019-03-22,101342.387985,101376.9102,0.0,279.25,34.522215,27500.0,73876.9102,SHORT_PUT,106254.812087,101681.401099
2019-03-25,101347.447303,101376.9102,0.0,279.040009,29.462897,27500.0,73876.9102,SHORT_PUT,106176.695266,101660.401953
2019-03-26,101371.938487,101376.9102,0.0,281.119995,4.971713,27500.0,73876.9102,SHORT_PUT,106950.450271,101868.40061
2019-03-27,101373.484622,101376.9102,0.0,279.649994,3.425578,27500.0,73876.9102,SHORT_PUT,106403.609816,101721.400488
2019-03-28,101375.882528,101376.9102,0.0,280.709991,1.027672,27500.0,73876.9102,SHORT_PUT,106797.928908,101827.400244
2019-03-29,101376.9102,101376.9102,0.0,282.480011,0.0,0.0,101376.9102,CASH,107456.376174,102004.402197
2019-04-01,101376.9102,101376.9102,0.0,285.829987,0.0,0.0,101376.9102,CASH,108702.567092,102339.399756
2019-04-02,101360.182003,101518.503073,0.0,285.970001,158.32107,28100.0,73418.503073,SHORT_PUT,108754.652541,102353.401221
2019-04-03,101378.109016,101518.503073,0.0,286.420013,140.394057,28100.0,73418.503073,SHORT_PUT,108922.057082,102398.402441
2019-04-04,101393.754184,101518.503073,0.0,287.179993,124.748889,28100.0,73418.503073,SHORT_PUT,109204.769362,102474.400366
2019-04-05,101430.520266,101518.503073,0.0,288.570007,87.982807,28100.0,73418.503073,SHORT_PUT,109721.854812,102613.401831
2019-04-08,101457.731283,101518.503073,0.0,288.790009,60.77179,28100.0,73418.503073,SHORT_PUT,109803.695266,102635.401953
2019-04-09,101429.972653,101518.503073,0.0,287.309998,88.53042,28100.0,73418.503073,SHORT_PUT,109253.131179,102487.400854
2019-04-10,101435.517859,101518.503073,0.0,288.290009,82.985214,28100.0,73418.503073,SHORT_PUT,109617.695266,102585.401953
2019-04-11,101453.217434,101518.503073,0.0,288.209991,65.285639,28100.0,73418.503073,SHORT_PUT,109587.928908,102577.400244
2019-04-12,101485.249055,101518.503073,0.0,290.160004,33.254018,28100.0,73418.503073,SHORT_PUT,110313.333449,102772.401465
2019-04-15,101499.689865,101518.503073,0.0,289.970001,18.813208,28100.0,73418.503073,SHORT_PUT,110242.652541,102753.401221
2019-04-16,101501.065845,101518.503073,0.0,290.160004,17.437228,28100.0,73418.503073,SHORT_PUT,110313.333449,102772.401465
2019-04-17,101499.596088,101518.503073,0.0,289.450012,18.906985,28100.0,73418.503073,SHORT_PUT,110049.216628,102701.402319
2019-04-18,101502.97569,101518.503073,0.0,290.019989,15.527383,28100.0,73418.503073,SHORT_PUT,110261.248,102758.4
2019-04-22,101512.91057,101518.503073,0.0,290.269989,5.592503,28100.0,73418.503073,SHORT_PUT,110354.248,102783.4
2019-04-23,101516.662915,101518.503073,0.0,292.880005,1.840158,28100.0,73418.503073,SHORT_PUT,111325.173903,103044.401587
2019-04-24,101516.768096,101518.503073,0.0,292.230011,1.734977,28100.0,73418.503073,SHORT_PUT,111083.376174,102979.402197
2019-04-25,101516.597255,101518.503073,0.0,292.049988,1.905818,28100.0,73418.503073,SHORT_PUT,111016.407546,102961.399878
2019-04-26,101517.317623,101518.503073,0.0,293.410004,1.18545,28100.0,73418.503073,SHORT_PUT,111522.333449,103097.401465
2019-04-29,101517.502239,101518.503073,0.0,293.869995,1.000834,28100.0,73418.503073,SHORT_PUT,111693.450271,103143.40061
2019-04-30,101517.503025,101518.503073,0.0,294.019989,1.000048,28100.0,73418.503073,SHORT_PUT,111749.248,103158.4
2019-05-01,101517.503049,101518.503073,0.0,291.809998,1.000024,28100.0,73418.503073,SHORT_PUT,110927.131179,102937.400854
2019-05-02,101517.503073,101518.503073,0.0,291.179993,1.0,28100.0,73418.503073,SHORT_PUT,110692.769362,102874.400366
2019-05-03,101518.503073,101518.503073,0.0,294.029999,0.0,0.0,101518.503073,CASH,111752.971633,103159.400977
2019-05-06,101518.503073,101518.503073,0.0,292.820007,0.0,0.0,101518.503073,CASH,111302.854812,103038.401831
2019-05-07,101471.540705,101947.320571,0.0,287.929993,475.779866,28900.0,73047.320571,SHORT_PUT,109483.769362,102549.400366
2019-05-08,101348.68828,101947.320571,0.0,287.529999,598.632291,28900.0,73047.320571,SHORT_PUT,109334.971633,102509.400977
2019-05-09,101305.334261,101947.320571,0.0,286.660004,641.986309,28900.0,73047.320571,SHORT_PUT,109011.333449,102422.401465
2019-05-10,101402.512471,101947.320571,0.0,288.100006,544.808099,28900.0,73047.320571,SHORT_PUT,109547.014357,102566.401709
2019-05-13,101003.21657,101947.320571,0.0,280.859985,944.104001,28900.0,73047.320571,SHORT_PUT,106853.726638,101842.399634
2019-05-14,101110.986526,101947.320571,0.0,283.399994,836.334045,28900.0,73047.320571,SHORT_PUT,107798.609816,102096.400488
2019-05-15,101288.660174,101947.320571,0.0,285.059998,658.660397,28900.0,73047.320571,SHORT_PUT,108416.131179,102262.400854
2019-05-16,101497.636546,101947.320571,0.0,287.700012,449.684025,28900.0,73047.320571,SHORT_PUT,109398.216628,102526.402319
2019-05-17,101417.555787,101947.320571,0.0,285.839996,529.764784,28900.0,73047.320571,SHORT_PUT,108706.290725,102340.400732
2019-05-20,101291.664319,101947.320571,0.0,283.950012,655.656252,28900.0,73047.320571,SHORT_PUT,108003.216628,102151.402319
2019-05-21,101471.854467,101947.320571,0.0,286.51001,475.466103,28900.0,73047.320571,SHORT_PUT,108955.53572,102407.402075
2019-05-22,101447.580904,101947.320571,0.0,285.630005,499.739667,28900.0,73047.320571,SHORT_PUT,108628.173903,102319.401587
2019-05-23,101180.589405,101947.320571,0.0,282.140015,766.731166,28900.0,73047.320571,SHORT_PUT,107329.897536,101970.402563
2019-05-24,101213.128704,101947.320571,0.0,282.779999,734.191866,28900.0,73047.320571,SHORT_PUT,107567.971633,102034.400977
2019-05-28,101008.283546,101947.320571,0.0,280.149994,939.037025,28900.0,73047.320571,SHORT_PUT,106589.609816,101771.400488
2019-05-29,100817.921326,101947.320571,0.0,278.269989,1129.399245,28900.0,73047.320571,SHORT_PUT,105890.248,101583.4
2019-05-30,100895.121214,101947.320571,0.0,279.029999,1052.199356,28900.0,73047.320571,SHORT_PUT,106172.971633,101659.400977
2019-05-31,100505.669417,101947.320571,0.0,275.269989,1441.651154,28900.0,73047.320571,SHORT_PUT,104774.248,101283.4
2019-06-03,100432.17134,101947.320571,0.0,274.570007,1515.149231,28900.0,73047.320571,SHORT_PUT,104513.854812,101213.401831
2019-06-04,101057.970443,101947.320571,0.0,280.529999,889.350128,28900.0,73047.320571,SHORT_PUT,106730.971633,101809.400977
2019-06-05,101313.092874,101947.320571,0.0,282.959991,634.227696,28900.0,73047.320571,SHORT_PUT,107634.928908,102052.400244
2019-06-06,101506.211664,101947.320571,0.0,284.799988,441.108906,28900.0,73047.320571,SHORT_PUT,108319.407546,102236.399878
2019-06-07,101812.31996,73047.320571,100.0,287.649994,0.0,0.0,73047.320571,STOCK,109379.609816,102521.400488
2019-06-10,101944.320693,73047.320571,100.0,288.970001,0.0,0.0,73047.320571,STOCK,109870.652541,102653.401221
2019-06-11,101915.405471,73238.183223,100.0,288.899994,212.777142,0.0,73238.183223,COVERED_CALL,109844.609816,102646.400488
2019-06-12,101885.446298,73238.183223,100.0,288.390015,191.738391,0.0,73238.183223,COVERED_CALL,109654.897536,102595.402563
2019-06-13,101975.65127,73238.183223,100.0,289.579987,220.53061,0.0,73238.183223,COVERED_CALL,110097.567092,102714.399756
2019-06-14,101963.123005,73238.183223,100.0,289.26001,201.061195,0.0,73238.183223,COVERED_CALL,109978.53572,102682.402075
2019-06-17,102003.616708,73238.183223,100.0,289.369995,171.566027,0.0,73238.183223,COVERED_CALL,110019.450271,102693.40061
2019-06-18,102199.483726,73238.183223,100.0,292.399994,278.698887,0.0,73238.183223,COVERED_CALL,111146.609816,102996.400488
2019-06-19,102249.568765,73238.183223,100.0,293.059998,294.614215,0.0,73238.183223,COVERED_CALL,111392.131179,103062.400854
2019-06-20,102412.633995,73238.183223,100.0,295.859985,411.547763,0.0,73238.183223,COVERED_CALL,112433.726638,103342.399634
2019-06-21,102469.132188,73381.383223,100.0,294.0,312.251036,0.0,73381.383223,COVERED_CALL,112274.516087,103299.601099
2019-06-24,102467.329464,73381.383223,100.0,293.640015,278.055224,0.0,73381.383223,COVERED_CALL,112140.601536,103263.602563
2019-06-25,102304.464984,73381.383223,100.0,290.76001,152.919216,0.0,73381.383223,COVERED_CALL,111069.23972,102975.602075
2019-06-26,102275.160942,73381.383223,100.0,290.470001,153.222404,0.0,73381.383223,COVERED_CALL,110961.356541,102946.601221
2019-06-27,102354.965917,73381.383223,100.0,291.5,176.417307,0.0,73381.383223,COVERED_CALL,111344.516087,103049.601099
2019-06-28,102464.582114,73381.383223,100.0,293.0,216.80111,0.0,73381.383223,COVERED_CALL,111902.516087,103199.601099
2019-07-01,102646.534866,73381.383223,100.0,295.660004,300.848723,0.0,73381.383223,COVERED_CALL,112892.037449,103465.601465
2019-07-02,102705.157142,73381.383223,100.0,296.429993,319.225349,0.0,73381.383223,COVERED_CALL,113178.473362,103542.600366
2019-07-03,102793.412108,73381.383223,100.0,298.799988,467.969895,0.0,73381.383223,COVERED_CALL,114060.111546,103779.599878
2019-07-05,102809.792239,73381.383223,100.0,298.459991,417.59013,0.0,73381.383223,COVERED_CALL,113933.632908,103745.600244
2019-07-08,102806.617857,73381.383223,100.0,296.820007,256.766098,0.0,73381.383223,COVERED_CALL,113323.558812,103581.601831
2019-07-09,102825.486164,73381.383223,100.0,297.190002,274.897303,0.0,73381.383223,COVERED_CALL,113461.196995,103618.601343
2019-07-10,102853.136162,73381.383223,100.0,298.609985,389.245597,0.0,73381.383223,COVERED_CALL,113989.430638,103760.599634
2019-07-11,102858.648421,73381.383223,100.0,299.309998,453.734558,0.0,73381.383223,COVERED_CALL,114249.835179,103830.600854
2019-07-12,102881.383223,102881.383223,0.0,300.649994,0.0,0.0,102881.383223,CASH,114748.313816,103964.600488
2019-07-15,102881.383223,102881.383223,0.0,300.75,0.0,0.0,102881.383223,CASH,114785.516087,103974.601099
2019-07-16,102857.876185,103087.375088,0.0,299.779999,229.498903,29700.0,73387.375088,SHORT_PUT,114424.675633,103877.600977
2019-07-17,102772.206104,103087.375088,0.0,297.73999,315.168983,29700.0,73387.375088,SHORT_PUT,113665.792454,103673.600122
2019-07-18,102795.662304,103087.375088,0.0,298.829987,291.712784,29700.0,73387.375088,SHORT_PUT,114071.271092,103782.599756
2019-07-19,102737.608428,103087.375088,0.0,297.170013,349.76666,29700.0,73387.375088,SHORT_PUT,113453.761082,103616.602441
2019-07-22,102767.759768,103087.375088,0.0,297.899994,319.61532,29700.0,73387.375088,SHORT_PUT,113725.313816,103689.600488
2019-07-23,102885.323943,103087.375088,0.0,300.029999,202.051145,29700.0,73387.375088,SHORT_PUT,114517.675633,103902.600977
2019-07-24,102956.765884,103087.375088,0.0,301.440002,130.609204,29700.0,73387.375088,SHORT_PUT,115042.196995,104043.601343
2019-07-25,102929.938987,103087.375088,0.0,300.0,157.436101,29700.0,73387.375088,SHORT_PUT,114506.516087,103899.601099
2019-07-26,102979.959784,103087.375088,0.0,302.01001,107.415304,29700.0,73387.375088,SHORT_PUT,115254.23972,104100.602075
2019-07-29,102993.347284,103087.375088,0.0,301.459991,94.027804,29700.0,73387.375088,SHORT_PUT,115049.632908,104045.600244
2019-07-30,102967.808225,103087.375088,0.0,300.720001,119.566863,29700.0,73387.375088,SHORT_PUT,114774.356541,103971.601221
2019-07-31,102826.68643,103087.375088,0.0,297.429993,260.688657,29700.0,73387.375088,SHORT_PUT,113550.473362,103642.600366
2019-08-01,102646.921839,103087.375088,0.0,294.839996,440.453249,29700.0,73387.375088,SHORT_PUT,112586.994725,103383.600732
2019-08-02,102474.320697,103087.375088,0.0,292.619995,613.054391,29700.0,73387.375088,SHORT_PUT,111761.154271,103161.60061
2019-08-05,101703.475857,103087.375088,0.0,283.820007,1383.899231,29700.0,73387.375088,SHORT_PUT,108487.558812,102281.601831
2019-08-06,102040.957027,103087.375088,0.0,287.799988,1046.418061,29700.0,73387.375088,SHORT_PUT,109968.111546,102679.599878
2019-08-07,102105.30227,103087.375088,0.0,287.970001,982.072818,29700.0,73387.375088,SHORT_PUT,110031.356541,102696.601221
2019-08-08,102595.472678,103087.375088,0.0,293.619995,491.90241,29700.0,73387.375088,SHORT_PUT,112133.154271,103261.60061
2019-08-09,102477.960287,103087.375088,0.0,291.619995,609.4148,29700.0,73387.375088,SHORT_PUT,111389.154271,103061.60061
2019-08-12,102149.725857,103087.375088,0.0,288.070007,937.649231,29700.0,73387.375088,SHORT_PUT,110068.558812,102706.601831
2019-08-13,102582.173736,103087.375088,0.0,292.549988,505.201351,29700.0,73387.375088,SHORT_PUT,111735.111546,103154.599878
2019-08-14,101711.874447,103087.375088,0.0,283.899994,1375.500641,29700.0,73387.375088,SHORT_PUT,108517.313816,102289.600488
2019-08-15,101790.624447,103087.375088,0.0,284.649994,1296.750641,29700.0,73387.375088,SHORT_PUT,108796.313816,102364.600488
2019-08-16,102272.375698,73387.375088,100.0,288.850006,0.0,0.0,73387.375088,STOCK,110358.718357,102784.601709
2019-08-19,102620.373745,73387.375088,100.0,292.329987,0.0,0.0,73387.375088,STOCK,111653.271092,103132.599756
2019-08-20,102381.493308,73511.423516,100.0,290.089996,138.929842,0.0,73511.423516,COVERED_CALL,110819.994725,102908.600732
2019-08-21,102550.349251,73511.423516,100.0,292.450012,206.075486,0.0,73511.423516,COVERED_CALL,111697.920628,103144.602319
2019-08-22,102589.038435,73511.423516,100.0,292.359985,158.383616,0.0,73511.423516,COVERED_CALL,111664.430638,103135.599634
2019-08-23,101952.887099,73511.423516,100.0,284.850006,43.537027,0.0,73511.423516,COVERED_CALL,108870.718357,102384.601709
2019-08-26,102196.948785,73511.423516,100.0,288.0,114.474731,0.0,73511.423516,COVERED_CALL,110042.516087,102699.601099
2019-08-27,102116.544712,73511.423516,100.0,286.869995,81.878315,0.0,73511.423516,COVERED_CALL,109622.154271,102586.60061
2019-08-28,102275.875753,73511.423516,100.0,288.890015,124.549228,0.0,73511.423516,COVERED_CALL,110373.601536,102788.602563
2019-08-29,102583.321151,73511.423516,100.0,292.579987,186.101022,0.0,73511.423516,COVERED_CALL,111746.271092,103157.599756
2019-08-30,102610.196292,73511.423516,100.0,292.450012,146.228445,0.0,73511.423516,COVERED_CALL,111697.920628,103144.602319
2019-09-03,102490.839257,73511.423516,100.0,290.73999,94.583282,0.0,73511.423516,COVERED_CALL,111061.792454,102973.600122
2019-09-04,102740.790063,73511.423516,100.0,294.040009,174.634307,0.0,73511.423516,COVERED_CALL,112289.399266,103303.601953
2019-09-05,103038.475961,73511.423516,100.0,297.820007,254.948287,0.0,73511.423516,COVERED_CALL,113695.558812,103681.601831
2019-09-06,103083.613943,73511.423516,100.0,298.049988,232.808352,0.0,73511.423516,COVERED_CALL,113781.111546,103704.599878
2019-09-09,103149.888615,73511.423516,100.0,298.200012,181.536121,0.0,73511.423516,COVERED_CALL,113836.920628,103719.602319
2019-09-10,103153.514539,73511.423516,100.0,298.130005,170.909465,0.0,73511.423516,COVERED_CALL,113810.877903,103712.601587
2019-09-11,103278.396659,73511.423516,100.0,300.25,258.026857,0.0,73511.423516,COVERED_CALL,114599.516087,103924.601099
2019-09-12,103343.312167,73511.423516,100.0,301.290009,297.112203,0.0,73511.423516,COVERED_CALL,114986.399266,104028.601953
2019-09-13,103355.44106,73511.423516,100.0,301.089996,264.98209,0.0,73511.423516,COVERED_CALL,114911.994725,104008.600732
2019-09-16,103372.111572,73511.423516,100.0,300.160004,155.31231,0.0,73511.423516,COVERED_CALL,114566.037449,103915.601465
2019-09-17,103413.839582,73511.423516,100.0,300.920013,189.585277,0.0,73511.423516,COVERED_CALL,114848.761082,103991.602441
2019-09-18,103444.94572,73511.423516,100.0,301.100006,176.478406,0.0,73511.423516,COVERED_CALL,114915.718357,104009.601709
2019-09-19,103474.942469,73511.423516,100.0,301.079987,144.479704,0.0,73511.423516,COVERED_CALL,114908.271092,104007.599756
2019-09-20,103477.823394,73649.823516,100.0,298.279999,0.0,0.0,73649.823516,STOCK,114381.523633,103866.000977
2019-09-23,103470.822661,73649.823516,100.0,298.209991,0.0,0.0,73649.823516,STOCK,114355.480908,103859.000244
2019-09-24,103221.561691,73777.481209,100.0,295.869995,142.919029,0.0,73777.481209,COVERED_CALL,113485.002271,103625.00061
2019-09-25,103302.588128,73777.481209,100.0,297.619995,236.892593,0.0,73777.481209,COVERED_CALL,114136.002271,103800.00061
2019-09-26,103293.00832,73777.481209,100.0,297.0,184.472889,0.0,73777.481209,COVERED_CALL,113905.364087,103738.001099
2019-09-27,103178.525952,73777.481209,100.0,295.399994,138.954646,0.0,73777.481209,COVERED_CALL,113310.161816,103578.000488
2019-09-30,103276.920189,73777.481209,100.0,296.769989,177.559921,0.0,73777.481209,COVERED_CALL,113819.8,103715.0
2019-10-01,103023.933814,73777.481209,100.0,293.23999,77.546418,0.0,73777.481209,COVERED_CALL,112506.640454,103362.000122
2019-10-02,102543.447325,73777.481209,100.0,288.059998,40.03364,0.0,73777.481209,COVERED_CALL,110579.683179,102844.000854
2019-10-03,102735.7579,73777.481209,100.0,290.420013,83.724652,0.0,73777.481209,COVERED_CALL,111457.609082,103080.002441
2019-10-04,103088.60157,73777.481209,100.0,294.350006,123.880249,0.0,73777.481209,COVERED_CALL,112919.566357,103473.001709
2019-10-07,103031.208264,73777.481209,100.0,293.079987,54.271602,0.0,73777.481209,COVERED_CALL,112447.119092,103345.999756
2019-10-08,102611.831399,73777.481209,100.0,288.529999,18.649687,0.0,73777.481209,COVERED_CALL,110754.523633,102891.000977
2019-10-09,102850.30803,73777.481209,100.0,291.269989,54.17208,0.0,73777.481209,COVERED_CALL,111773.8,103165.0
2019-10-10,103045.802393,73777.481209,100.0,293.23999,55.677839,0.0,73777.481209,COVERED_CALL,112506.640454,103362.000122
2019-10-11,103321.383938,73777.481209,100.0,296.279999,84.097149,0.0,73777.481209,COVERED_CALL,113637.523633,103666.000977
2019-10-14,103336.14563,73777.481209,100.0,295.950012,36.336799,0.0,73777.481209,COVERED_CALL,113514.768628,103633.002319
2019-10-15,103600.060613,73777.481209,100.0,298.880005,65.421084,0.0,73777.481209,COVERED_CALL,114604.725903,103926.001587
2019-10-16,103578.824398,73777.481209,100.0,298.399994,38.6562,0.0,73777.481209,COVERED_CALL,114426.161816,103878.000488
2019-10-17,103658.532534,73777.481209,100.0,299.279999,46.948553,0.0,73777.481209,COVERED_CALL,114753.523633,103966.000977
2019-10-18,103552.357651,73777.481209,100.0,297.970001,22.123679,0.0,73777.481209,COVERED_CALL,114266.204541,103835.001221
2019-10-21,103750.624049,73777.481209,100.0,299.98999,25.856183,0.0,73777.481209,COVERED_CALL,115017.640454,104037.000122
2019-10-22,103670.705215,73777.481209,100.0,299.01001,7.77697,0.0,73777.481209,COVERED_CALL,114653.08772,103939.002075
2019-10-23,103758.273041,73777.481209,100.0,299.880005,7.208656,0.0,73777.481209,COVERED_CALL,114976.725903,104026.001587
2019-10-24,103812.137498,73777.481209,100.0,300.369995,2.343222,0.0,73777.481209,COVERED_CALL,115159.002271,104075.00061
2019-10-25,103937.481819,73777.481209,100.0,301.600006,0.0,0.0,73777.481209,STOCK,115616.566357,104198.001709
2019-10-28,104107.479988,73777.481209,100.0,303.299988,0.0,0.0,73777.481209,STOCK,116248.959546,104367.999878
2019-10-29,104080.714761,73928.929342,100.0,303.209991,169.213726,0.0,73928.929342,COVERED_CALL,116215.480908,104359.000244
2019-10-30,104147.945701,73928.929342,100.0,304.140015,194.985106,0.0,73928.929342,COVERED_CALL,116561.449536,104452.002563
2019-10-31,104119.118486,73928.929342,100.0,303.329987,142.809513,0.0,73928.929342,COVERED_CALL,116260.119092,104370.999756
2019-11-01,104286.053407,73928.929342,100.0,306.140015,256.8774,0.0,73928.929342,COVERED_CALL,117305.449536,104652.002563
2019-11-04,104401.126063,73928.929342,100.0,307.369995,264.802791,0.0,73928.929342,COVERED_CALL,117763.002271,104775.00061
2019-11-05,104375.609086,73928.929342,100.0,307.029999,256.320133,0.0,73928.929342,COVERED_CALL,117636.523633,104741.000977
2019-11-06,104380.108026,73928.929342,100.0,307.100006,258.821926,0.0,73928.929342,COVERED_CALL,117662.566357,104748.001709
2019-11-07,104457.180017,73928.929342,100.0,308.179993,289.748592,0.0,73928.929342,COVERED_CALL,118064.321362,104856.000366
2019-11-08,104498.921138,73928.929342,100.0,308.940002,324.008448,0.0,73928.929342,COVERED_CALL,118347.044995,104932.001343
2019-11-11,104510.629368,73928.929342,100.0,308.350006,253.300584,0.0,73928.929342,COVERED_CALL,118127.566357,104873.001709
2019-11-12,104536.348129,73928.929342,100.0,309.0,292.581212,0.0,73928.929342,COVERED_CALL,118369.364087,104938.001099
2019-11-13,104550.098859,73928.929342,100.0,309.100006,288.831093,0.0,73928.929342,COVERED_CALL,118406.566357,104948.001709
2019-11-14,104572.451909,73928.929342,100.0,309.549988,311.476212,0.0,73928.929342,COVERED_CALL,118573.959546,104992.999878
2019-11-15,104660.389032,73928.929342,100.0,311.790009,447.541164,0.0,73928.929342,COVERED_CALL,119407.247266,105217.001953
2019-11-18,104710.433648,73928.929342,100.0,312.019989,420.494595,0.0,73928.929342,COVERED_CALL,119492.8,105240.0
2019-11-19,104711.640143,73928.929342,100.0,311.929993,410.288467,0.0,73928.929342,COVERED_CALL,119459.321362,105231.000366
2019-11-20,104684.125641,73928.929342,100.0,310.769989,321.802602,0.0,73928.929342,COVERED_CALL,119027.8,105115.0
2019-11-21,104680.542,73928.929342,100.0,310.269989,275.386243,0.0,73928.929342,COVERED_CALL,118841.8,105065.0
2019-11-22,104710.562205,73928.929342,100.0,310.959991,314.366283,0.0,73928.929342,COVERED_CALL,119098.480908,105134.000244
2019-11-25,104789.611048,73928.929342,100.0,313.369995,476.317806,0.0,73928.929342,COVERED_CALL,119995.002271,105375.00061
2019-11-26,104797.209523,73928.929342,100.0,314.079987,539.718476,0.0,73928.929342,COVERED_CALL,120259.119092,105445.999756
2019-11-27,104794.292954,73928.929342,100.0,315.480011,682.637486,0.0,73928.929342,COVERED_CALL,120779.928174,105586.002197
2019-11-29,104828.929342,104828.929342,0.0,314.309998,0.0,0.0,104828.929342,CASH,120344.683179,105469.000854
2019-12-02,104828.929342,104828.929342,0.0,311.640015,0.0,0.0,104828.929342,CASH,119351.449536,105202.002563
2019-12-03,104797.435097,105110.79967,0.0,309.549988,313.364573,30700.0,74410.79967,SHORT_PUT,118573.959546,104992.999878
2019-12-04,104846.212212,105110.79967,0.0,311.459991,264.587458,30700.0,74410.79967,SHORT_PUT,119284.480908,105184.000244
2019-12-05,104901.828664,105110.79967,0.0,312.019989,208.971005,30700.0,74410.79967,SHORT_PUT,119492.8,105240.0
2019-12-06,104988.382684,105110.79967,0.0,314.869995,122.416986,30700.0,74410.79967,SHORT_PUT,120553.002271,105525.00061
2019-12-09,105000.71365,105110.79967,0.0,313.880005,110.08602,30700.0,74410.79967,SHORT_PUT,120184.725903,105426.001587
2019-12-10,104952.376014,105110.79967,0.0,313.529999,158.423656,30700.0,74410.79967,SHORT_PUT,120054.523633,105391.000977
2019-12-11,104983.879159,105110.79967,0.0,314.420013,126.920511,30700.0,74410.79967,SHORT_PUT,120385.609082,105480.002441
2019-12-12,105048.335488,105110.79967,0.0,317.130005,62.464182,30700.0,74410.79967,SHORT_PUT,121393.725903,105751.001587
2019-12-13,105067.736895,105110.79967,0.0,317.320007,43.062775,30700.0,74410.79967,SHORT_PUT,121464.406812,105770.001831
2019-12-16,105099.945555,105110.79967,0.0,319.5,10.854115,30700.0,74410.79967,SHORT_PUT,122275.364087,105988.001099
2019-12-17,105103.323017,105110.79967,0.0,319.570007,7.476653,30700.0,74410.79967,SHORT_PUT,122301.406812,105995.001831
2019-12-18,105104.027143,105110.79967,0.0,319.589996,6.772527,30700.0,74410.79967,SHORT_PUT,122308.842725,105997.000732
2019-12-19,105106.640705,105110.79967,0.0,320.899994,4.158965,30700.0,74410.79967,SHORT_PUT,122796.161816,106128.000488
2019-12-20,105107.26848,105110.79967,0.0,320.730011,3.53119,30700.0,74410.79967,SHORT_PUT,123316.968174,106268.002197
2019-12-23,105109.051031,105110.79967,0.0,321.220001,1.748639,30700.0,74410.79967,SHORT_PUT,123499.244541,106317.001221
2019-12-24,105109.30293,105110.79967,0.0,321.230011,1.49674,30700.0,74410.79967,SHORT_PUT,123502.968174,106318.002197
2019-12-26,105109.757373,105110.79967,0.0,322.940002,1.042297,30700.0,74410.79967,SHORT_PUT,124139.084995,106489.001343
2019-12-27,105109.783204,105110.79967,0.0,322.859985,1.016466,30700.0,74410.79967,SHORT_PUT,124109.318638,106480.999634
2019-12-30,105109.797139,105110.79967,0.0,321.079987,1.002531,30700.0,74410.79967,SHORT_PUT,123447.159092,106302.999756
2019-12-31,105109.799302,105110.79967,0.0,321.859985,1.000368,30700.0,74410.79967,SHORT_PUT,123737.318638,106380.999634
2020-01-02,105109.79967,105110.79967,0.0,324.869995,1.0,30700.0,74410.79967,SHORT_PUT,124857.042271,106682.00061
2020-01-03,105110.79967,105110.79967,0.0,322.410004,0.0,0.0,105110.79967,CASH,123941.925449,106436.001465
2020-01-06,105110.79967,105110.79967,0.0,323.640015,0.0,0.0,105110.79967,CASH,124399.489536,106559.002563
2020-01-07,105085.082852,105337.784439,0.0,322.730011,252.701587,31900.0,73437.784439,SHORT_PUT,124060.968174,106468.002197
2020-01-08,105148.500794,105337.784439,0.0,324.450012,189.283645,31900.0,73437.784439,SHORT_PUT,124700.808628,106640.002319
2020-01-09,105217.589711,105337.784439,0.0,326.649994,120.194728,31900.0,73437.784439,SHORT_PUT,125519.201816,106860.000488
2020-01-10,105221.837028,105337.784439,0.0,325.709991,115.947412,31900.0,73437.784439,SHORT_PUT,125169.520908,106766.000244
2020-01-13,105274.82061,105337.784439,0.0,327.950012,62.963829,31900.0,73437.784439,SHORT_PUT,126002.808628,106990.002319
2020-01-14,105275.205085,105337.784439,0.0,327.450012,62.579355,31900.0,73437.784439,SHORT_PUT,125816.808628,106940.002319
2020-01-15,105287.84981,105337.784439,0.0,328.190002,49.934629,31900.0,73437.784439,SHORT_PUT,126092.084995,107014.001343
2020-01-16,105315.347196,105337.784439,0.0,330.920013,22.437243,31900.0,73437.784439,SHORT_PUT,127107.649082,107287.002441
2020-01-17,105323.238419,105337.784439,0.0,331.950012,14.54602,31900.0,73437.784439,SHORT_PUT,127490.808628,107390.002319
2020-01-21,105328.036769,105337.784439,0.0,331.299988,9.747671,31900.0,73437.784439,SHORT_PUT,127248.999546,107324.999878
2020-01-22,105326.550798,105337.784439,0.0,331.339996,11.233642,31900.0,73437.784439,SHORT_PUT,127263.882725,107329.000732
2020-01-23,105329.127429,105337.784439,0.0,331.720001,8.65701,31900.0,73437.784439,SHORT_PUT,127405.244541,107367.001221
2020-01-24,105317.850751,105337.784439,0.0,328.769989,19.933688,31900.0,73437.784439,SHORT_PUT,126307.84,107072.0
2020-01-27,105242.365583,105337.784439,0.0,323.5,95.418857,31900.0,73437.784439,SHORT_PUT,124347.404087,106545.001099
2020-01-28,105273.005494,105337.784439,0.0,326.890015,64.778945,31900.0,73437.784439,SHORT_PUT,125608.489536,106884.002563
2020-01-29,105296.445025,105337.784439,0.0,326.619995,41.339414,31900.0,73437.784439,SHORT_PUT,125508.042271,106857.00061
2020-01-30,105313.497239,105337.784439,0.0,327.679993,24.2872,31900.0,73437.784439,SHORT_PUT,125902.361362,106963.000366
2020-01-31,105225.591053,105337.784439,0.0,321.730011,112.193386,31900.0,73437.784439,SHORT_PUT,123688.968174,106368.002197
2020-02-03,105294.903342,105337.784439,0.0,324.119995,42.881098,31900.0,73437.784439,SHORT_PUT,124578.042271,106607.00061
2020-02-04,105335.601845,105337.784439,0.0,329.059998,2.182595,31900.0,73437.784439,SHORT_PUT,126415.723179,107101.000854
2020-02-05,105336.784205,105337.784439,0.0,332.859985,1.000234,31900.0,73437.784439,SHORT_PUT,127829.318638,107480.999634
2020-02-06,105336.784439,105337.784439,0.0,333.980011,1.0,31900.0,73437.784439,SHORT_PUT,128245.968174,107593.002197
2020-02-07,105337.784439,105337.784439,0.0,332.200012,0.0,0.0,105337.784439,CASH,127583.808628,107415.002319
2020-02-10,105337.784439,105337.784439,0.0,334.679993,0.0,0.0,105337.784439,CASH,128506.361362,107663.000366
2020-02-11,105315.543015,105531.752972,0.0,335.26001,216.209957,32900.0,72631.752972,SHORT_PUT,128722.12772,107721.002075
2020-02-12,105374.258003,105531.752972,0.0,337.420013,157.494969,32900.0,72631.752972,SHORT_PUT,129525.649082,107937.002441
2020-02-13,105405.265596,105531.752972,0.0,337.059998,126.487376,32900.0,72631.752972,SHORT_PUT,129391.723179,107901.000854
2020-02-14,105412.535641,105531.752972,0.0,337.600006,119.217331,32900.0,72631.752972,SHORT_PUT,129592.606357,107955.001709
2020-02-18,105425.77047,105531.752972,0.0,336.730011,105.982503,32900.0,72631.752972,SHORT_PUT,129268.968174,107868.002197
2020-02-19,105439.566219,105531.752972,0.0,338.339996,92.186754,32900.0,72631.752972,SHORT_PUT,129867.882725,108029.000732
2020-02-20,105427.923664,105531.752972,0.0,336.950012,103.829308,32900.0,72631.752972,SHORT_PUT,129350.808628,107890.002319
2020-02-21,105319.725818,105531.752972,0.0,333.480011,212.027154,32900.0,72631.752972,SHORT_PUT,128059.968174,107543.002197
2020-02-24,104701.278403,105531.752972,0.0,322.420013,830.474569,32900.0,72631.752972,SHORT_PUT,123945.649082,106437.002441
2020-02-25,103749.20703,105531.752972,0.0,312.649994,1782.545942,32900.0,72631.752972,SHORT_PUT,120311.201816,105460.000488
2020-02-26,103618.661778,105531.752972,0.0,311.5,1913.091194,32900.0,72631.752972,SHORT_PUT,119883.404087,105345.001099
2020-02-27,102225.303998,105531.752972,0.0,297.51001,3306.448975,32900.0,72631.752972,SHORT_PUT,114679.12772,103946.002075
2020-02-28,102074.65205,105531.752972,0.0,296.26001,3457.100922,32900.0,72631.752972,SHORT_PUT,114214.12772,103821.002075
2020-03-02,103329.680664,105531.752972,0.0,309.089996,2202.072308,32900.0,72631.752972,SHORT_PUT,118986.882725,105104.000732
2020-03-03,102511.951947,105531.752972,0.0,300.23999,3019.801025,32900.0,72631.752972,SHORT_PUT,115694.680454,104219.000122
2020-03-04,103736.637357,105531.752972,0.0,312.859985,1795.115616,32900.0,72631.752972,SHORT_PUT,120389.318638,105480.999634
2020-03-05,102745.052075,105531.752972,0.0,302.459991,2786.700897,32900.0,72631.752972,SHORT_PUT,116520.520908,104441.000244
2020-03-06,102220.052075,105531.752972,0.0,297.459991,3311.700897,32900.0,72631.752972,SHORT_PUT,114660.520908,103941.000244
2020-03-09,99780.904126,105531.752972,0.0,274.230011,5750.848846,32900.0,72631.752972,SHORT_PUT,106018.968174,101618.002197
2020-03-10,101270.854382,105531.752972,0.0,288.420013,4260.89859,32900.0,72631.752972,SHORT_PUT,111297.649082,103037.002441
2020-03-11,99794.551434,105531.752972,0.0,274.359985,5737.201538,32900.0,72631.752972,SHORT_PUT,106067.318638,101630.999634
2020-03-12,97038.303036,105531.752972,0.0,248.110001,8493.449936,32900.0,72631.752972,SHORT_PUT,96302.324314,99006.00116
2020-03-13,99563.753705,72631.752972,100.0,269.320007,0.0,0.0,72631.752972,STOCK,104192.446812,101127.001831
2020-03-16,96616.753582,72631.752972,100.0,239.850006,0.0,0.0,72631.752972,STOCK,93229.606357,98180.001709
2020-03-17,97746.336738,74185.885099,100.0,252.800003,1719.548667,0.0,74185.885099,COVERED_CALL,98047.005222,99475.001404
2020-03-18,97219.488431,74185.885099,100.0,240.0,966.396668,0.0,74185.885099,COVERED_CALL,93285.404087,98195.001099
2020-03-19,97268.308694,74185.885099,100.0,240.509995,968.575856,0.0,74185.885099,COVERED_CALL,93475.122043,98246.000549
2020-03-20,96713.410663,74326.485099,100.0,228.800003,493.074742,0.0,74326.485099,COVERED_CALL,89642.037222,97215.601404
2020-03-23,96386.932513,74326.485099,100.0,222.949997,234.552281,0.0,74326.485099,COVERED_CALL,87465.834952,96630.600793
2020-03-24,98012.109962,74326.485099,100.0,243.149994,629.374527,0.0,74326.485099,COVERED_CALL,94980.233816,98650.600488
2020-03-25,98268.477865,74326.485099,100.0,246.789993,737.006563,0.0,74326.485099,COVERED_CALL,96334.313589,99014.600427
2020-03-26,99009.134601,74326.485099,100.0,261.200012,1437.351719,0.0,74326.485099,COVERED_CALL,101694.840628,100455.602319
2020-03-27,98722.334316,74326.485099,100.0,253.419998,946.1506,0.0,74326.485099,COVERED_CALL,98800.675406,99677.600916
2020-03-30,99128.30222,74326.485099,100.0,261.649994,1363.182269,0.0,74326.485099,COVERED_CALL,101862.233816,100500.600488
2020-03-31,99143.758009,74326.485099,100.0,257.75,957.72709,0.0,74326.485099,COVERED_CALL,100411.436087,100110.601099
2020-04-01,98544.747294,74326.485099,100.0,246.149994,396.737195,0.0,74326.485099,COVERED_CALL,96096.233816,98950.600488
2020-04-02,98886.433129,74326.485099,100.0,251.830002,623.052154,0.0,74326.485099,COVERED_CALL,98209.196768,99518.601282
2020-04-03,98775.011106,74326.485099,100.0,248.190002,370.474237,0.0,74326.485099,COVERED_CALL,96855.116995,99154.601343
2020-04-06,99811.586575,74326.485099,100.0,264.859985,1000.897059,0.0,74326.485099,COVERED_CALL,103056.350638,100821.599634
2020-04-07,99873.489531,74326.485099,100.0,265.130005,965.996056,0.0,74326.485099,COVERED_CALL,103156.797903,100848.601587
2020-04-08,100086.446786,74326.485099,100.0,274.029999,1643.038192,0.0,74326.485099,COVERED_CALL,106467.595633,101738.600977
2020-04-09,100168.079615,74326.485099,100.0,278.200012,1978.406705,0.0,74326.485099,COVERED_CALL,108018.840628,102155.602319
2020-04-13,100226.935244,74326.485099,100.0,275.660004,1665.550221,0.0,74326.485099,COVERED_CALL,107073.957449,101901.601465
2020-04-14,100205.540817,74326.485099,100.0,283.790009,2499.945137,0.0,74326.485099,COVERED_CALL,110098.319266,102714.601953
2020-04-15,100236.179056,74326.485099,100.0,277.76001,1866.30702,0.0,74326.485099,COVERED_CALL,107855.15972,102111.602075
2020-04-16,100230.413722,74326.485099,100.0,279.100006,2006.071988,0.0,74326.485099,COVERED_CALL,108353.638357,102245.601709
2020-04-17,100326.485099,100326.485099,0.0,286.640015,0.0,0.0,100326.485099,CASH,111158.521536,102999.602563
2020-04-20,100326.485099,100326.485099,0.0,281.589996,0.0,0.0,100326.485099,CASH,109279.914725,102494.600732
2020-04-21,100229.923649,101226.493876,0.0,273.040009,996.570227,27000.0,74226.493876,SHORT_PUT,106099.319266,101639.601953
2020-04-22,100456.337049,101226.493876,0.0,279.100006,770.156827,27000.0,74226.493876,SHORT_PUT,108353.638357,102245.601709
2020-04-23,100558.250632,101226.493876,0.0,279.079987,668.243244,27000.0,74226.493876,SHORT_PUT,108346.191092,102243.599756
2020-04-24,100717.214386,101226.493876,0.0,282.970001,509.27949,27000.0,74226.493876,SHORT_PUT,109793.276541,102632.601221
2020-04-27,100973.108681,101226.493876,0.0,287.049988,253.385195,27000.0,74226.493876,SHORT_PUT,111311.031546,103040.599878
2020-04-28,101003.406064,101226.493876,0.0,285.730011,223.087812,27000.0,74226.493876,SHORT_PUT,110820.000174,102908.602197
2020-04-29,101122.17848,101226.493876,0.0,293.209991,104.315396,27000.0,74226.493876,SHORT_PUT,113602.552908,103656.600244
2020-04-30,101125.909729,101226.493876,0.0,290.480011,100.584147,27000.0,74226.493876,SHORT_PUT,112587.000174,103383.602197
2020-05-01,100962.183443,101226.493876,0.0,282.790009,264.310433,27000.0,74226.493876,SHORT_PUT,109726.319266,102614.601953
2020-05-04,100974.796315,101226.493876,0.0,283.570007,251.697561,27000.0,74226.493876,SHORT_PUT,110016.478812,102692.601831
2020-05-05,101059.194413,101226.493876,0.0,286.190002,167.299463,27000.0,74226.493876,SHORT_PUT,110991.116995,102954.601343
2020-05-06,101068.543018,101226.493876,0.0,284.25,157.950858,27000.0,74226.493876,SHORT_PUT,110269.436087,102760.601099
2020-05-07,101126.742518,101226.493876,0.0,287.679993,99.751358,27000.0,74226.493876,SHORT_PUT,111545.393362,103103.600366
2020-05-08,101194.952504,101226.493876,0.0,292.440002,31.541372,27000.0,74226.493876,SHORT_PUT,113316.116995,103579.601343
2020-05-11,101217.782557,101226.493876,0.0,292.5,8.711319,27000.0,74226.493876,SHORT_PUT,113338.436087,103585.601099
2020-05-12,101204.4339,101226.493876,0.0,286.670013,22.059976,27000.0,74226.493876,SHORT_PUT,111169.681082,103002.602441
2020-05-13,101130.076637,101226.493876,0.0,281.600006,96.417239,27000.0,74226.493876,SHORT_PUT,109283.638357,102495.601709
2020-05-14,101170.697794,101226.493876,0.0,284.970001,55.796082,27000.0,74226.493876,SHORT_PUT,110537.276541,102832.601221
2020-05-15,101203.443857,101226.493876,0.0,286.279999,23.050019,27000.0,74226.493876,SHORT_PUT,111024.595633,102963.600977
2020-05-18,101225.404919,101226.493876,0.0,295.0,1.088957,27000.0,74226.493876,SHORT_PUT,114268.436087,103835.601099
2020-05-19,101225.477439,101226.493876,0.0,291.970001,1.016437,27000.0,74226.493876,SHORT_PUT,113141.276541,103532.601221
2020-05-20,101225.493869,101226.493876,0.0,296.929993,1.000007,27000.0,74226.493876,SHORT_PUT,114986.393362,104028.600366
2020-05-21,101225.493876,101226.493876,0.0,294.880005,1.0,27000.0,74226.493876,SHORT_PUT,114223.797903,103823.601587
2020-05-22,101226.493876,101226.493876,0.0,295.440002,0.0,0.0,101226.493876,CASH,114432.116995,103879.601343
2020-05-26,101226.493876,101226.493876,0.0,299.079987,0.0,0.0,101226.493876,CASH,115786.191092,104243.599756
2020-05-27,101198.735855,101472.870071,0.0,303.529999,274.134216,29000.0,72472.870071,SHORT_PUT,117441.595633,104688.600977
2020-05-28,101204.12388,101472.870071,0.0,302.970001,268.746191,29000.0,72472.870071,SHORT_PUT,117233.276541,104632.601221
2020-05-29,101224.813299,101472.870071,0.0,304.320007,248.056772,29000.0,72472.870071,SHORT_PUT,117735.478812,104767.601831
2020-06-01,101298.903364,101472.870071,0.0,305.549988,173.966707,29000.0,72472.870071,SHORT_PUT,118193.031546,104890.599878
2020-06-02,101337.400572,101472.870071,0.0,308.079987,135.469499,29000.0,72472.870071,SHORT_PUT,119134.191092,105143.599756
2020-06-03,101407.80366,101472.870071,0.0,312.179993,65.066412,29000.0,72472.870071,SHORT_PUT,120659.393362,105553.600366
2020-06-04,101417.651841,101472.870071,0.0,311.359985,55.21823,29000.0,72472.870071,SHORT_PUT,120354.350638,105471.599634
2020-06-05,101457.626306,101472.870071,0.0,319.339996,15.243765,29000.0,72472.870071,SHORT_PUT,123322.914725,106269.600732
2020-06-08,101469.214694,101472.870071,0.0,323.200012,3.655377,29000.0,72472.870071,SHORT_PUT,124758.840628,106655.602319
2020-06-09,101466.55581,101472.870071,0.0,320.790009,6.314261,29000.0,72472.870071,SHORT_PUT,123862.319266,106414.601953
2020-06-10,101462.158089,101472.870071,0.0,319.0,10.711982,29000.0,72472.870071,SHORT_PUT,123196.436087,106235.601099
2020-06-11,101310.652448,101472.870071,0.0,300.609985,162.217623,29000.0,72472.870071,SHORT_PUT,116355.350638,104396.599634
2020-06-12,101213.993443,101472.870071,0.0,304.209991,258.876628,29000.0,72472.870071,SHORT_PUT,117694.552908,104756.600244
2020-06-15,101374.725611,101472.870071,0.0,307.049988,98.14446,29000.0,72472.870071,SHORT_PUT,118751.031546,105040.599878
2020-06-16,101445.191848,101472.870071,0.0,312.959991,27.678224,29000.0,72472.870071,SHORT_PUT,120949.552908,105631.600244
2020-06-17,101449.042888,101472.870071,0.0,311.660004,23.827184,29000.0,72472.870071,SHORT_PUT,120465.957449,105501.601465
2020-06-18,101456.232915,101472.870071,0.0,311.779999,16.637157,29000.0,72472.870071,SHORT_PUT,120510.595633,105513.600977
2020-06-19,101452.539259,101472.870071,0.0,308.640015,20.330812,29000.0,72472.870071,SHORT_PUT,119850.673536,105336.202563
2020-06-22,101468.980541,101472.870071,0.0,310.619995,3.889531,29000.0,72472.870071,SHORT_PUT,120587.226271,105534.20061
2020-06-23,101471.734118,101472.870071,0.0,312.049988,1.135953,29000.0,72472.870071,SHORT_PUT,121119.183546,105677.199878
2020-06-24,101470.945759,101472.870071,0.0,304.089996,1.924312,29000.0,72472.870071,SHORT_PUT,118158.066725,104881.200732
2020-06-25,101471.868164,101472.870071,0.0,307.350006,1.001907,29000.0,72472.870071,SHORT_PUT,119370.790357,105207.201709
2020-06-26,101472.870071,101472.870071,0.0,300.049988,0.0,0.0,101472.870071,CASH,116655.183546,104477.199878
2020-06-29,101472.870071,101472.870071,0.0,304.459991,0.0,0.0,101472.870071,CASH,118295.704908,104918.200244
2020-06-30,101439.608389,101771.531058,0.0,308.359985,331.922669,29300.0,72471.531058,SHORT_PUT,119746.502638,105308.199634
2020-07-01,101527.091112,101771.531058,0.0,310.519989,244.439946,29300.0,72471.531058,SHORT_PUT,120550.024,105524.2
2020-07-02,101600.891709,101771.531058,0.0,312.230011,170.639348,29300.0,72471.531058,SHORT_PUT,121186.152174,105695.202197
2020-07-06,101699.830148,101771.531058,0.0,317.049988,71.700909,29300.0,72471.531058,SHORT_PUT,122979.183546,106177.199878
2020-07-07,101671.252704,101771.531058,0.0,313.779999,100.278354,29300.0,72471.531058,SHORT_PUT,121762.747633,105850.200977
2020-07-08,101685.841275,101771.531058,0.0,316.179993,85.689783,29300.0,72471.531058,SHORT_PUT,122655.545362,106090.200366
2020-07-09,101689.943841,101771.531058,0.0,314.380005,81.587217,29300.0,72471.531058,SHORT_PUT,121985.949903,105910.201587
2020-07-10,101712.273091,101771.531058,0.0,317.589996,59.257967,29300.0,72471.531058,SHORT_PUT,123180.066725,106231.200732
2020-07-13,101725.765978,101771.531058,0.0,314.839996,45.76508,29300.0,72471.531058,SHORT_PUT,122157.066725,105956.200732
2020-07-14,101723.369258,101771.531058,0.0,318.920013,48.1618,29300.0,72471.531058,SHORT_PUT,123674.833082,106364.202441
2020-07-15,101754.199884,101771.531058,0.0,321.850006,17.331174,29300.0,72471.531058,SHORT_PUT,124764.790357,106657.201709
2020-07-16,101759.553893,101771.531058,0.0,320.790009,11.977165,29300.0,72471.531058,SHORT_PUT,124370.471266,106551.201953
2020-07-17,101762.79021,101771.531058,0.0,321.720001,8.740847,29300.0,72471.531058,SHORT_PUT,124716.428541,106644.201221
2020-07-20,101769.843765,101771.531058,0.0,324.320007,1.687292,29300.0,72471.531058,SHORT_PUT,125683.630812,106904.201831
2020-07-21,101770.353858,101771.531058,0.0,325.01001,1.1772,29300.0,72471.531058,SHORT_PUT,125940.31172,106973.202075
2020-07-22,101770.477768,101771.531058,0.0,326.859985,1.053289,29300.0,72471.531058,SHORT_PUT,126628.502638,107158.199634
2020-07-23,101770.451109,101771.531058,0.0,322.959991,1.079949,29300.0,72471.531058,SHORT_PUT,125177.704908,106768.200244
2020-07-24,101770.336692,101771.531058,0.0,320.880005,1.194366,29300.0,72471.531058,SHORT_PUT,124403.949903,106560.201587
2020-07-27,101770.530682,101771.531058,0.0,323.220001,1.000376,29300.0,72471.531058,SHORT_PUT,125274.428541,106794.201221
2020-07-28,101770.531043,101771.531058,0.0,321.170013,1.000015,29300.0,72471.531058,SHORT_PUT,124511.833082,106589.202441
2020-07-29,101770.531058,101771.531058,0.0,325.119995,1.0,29300.0,72471.531058,SHORT_PUT,125981.226271,106984.20061
2020-07-30,101770.531058,101771.531058,0.0,323.959991,1.0,29300.0,72471.531058,SHORT_PUT,125549.704908,106868.200244
2020-07-31,101771.531058,101771.531058,0.0,326.519989,0.0,0.0,101771.531058,CASH,126502.024,107124.2
2020-08-03,101771.531058,101771.531058,0.0,328.790009,0.0,0.0,101771.531058,CASH,127346.471266,107351.201953
2020-08-04,101737.156064,102080.768502,0.0,330.059998,343.612438,32000.0,70080.768502,SHORT_PUT,127818.907179,107478.200854
2020-08-05,101815.148013,102080.768502,0.0,332.109985,265.620488,32000.0,70080.768502,SHORT_PUT,128581.502638,107683.199634
2020-08-06,101890.440523,102080.768502,0.0,334.329987,190.327978,32000.0,70080.768502,SHORT_PUT,129407.343092,107905.199756
2020-08-07,101910.109918,102080.768502,0.0,334.570007,170.658584,32000.0,70080.768502,SHORT_PUT,129496.630812,107929.201831
2020-08-10,101957.692645,102080.768502,0.0,335.570007,123.075856,32000.0,70080.768502,SHORT_PUT,129868.630812,108029.201831
2020-08-11,101919.7948,102080.768502,0.0,332.799988,160.973702,32000.0,70080.768502,SHORT_PUT,128838.183546,107752.199878
2020-08-12,101970.350313,102080.768502,0.0,337.440002,110.418188,32000.0,70080.768502,SHORT_PUT,130564.268995,108216.201343
2020-08-13,101994.400528,102080.768502,0.0,336.829987,86.367974,32000.0,70080.768502,SHORT_PUT,130337.343092,108155.199756
2020-08-14,102002.93762,102080.768502,0.0,336.839996,77.830882,32000.0,70080.768502,SHORT_PUT,130341.066725,108156.200732
2020-08-17,102031.949468,102080.768502,0.0,337.910004,48.819034,32000.0,70080.768502,SHORT_PUT,130739.109449,108263.201465
2020-08-18,102047.712637,102080.768502,0.0,338.640015,33.055865,32000.0,70080.768502,SHORT_PUT,131010.673536,108336.202563
2020-08-19,102041.966425,102080.768502,0.0,337.230011,38.802077,32000.0,70080.768502,SHORT_PUT,130486.152174,108195.202197
2020-08-20,102046.60001,102080.768502,0.0,338.279999,34.168491,32000.0,70080.768502,SHORT_PUT,130876.747633,108300.200977
2020-08-21,102056.805813,102080.768502,0.0,339.480011,23.962688,32000.0,70080.768502,SHORT_PUT,131323.152174,108420.202197
2020-08-24,102075.019821,102080.768502,0.0,342.920013,5.74868,32000.0,70080.768502,SHORT_PUT,132602.833082,108764.202441
2020-08-25,102077.579332,102080.768502,0.0,344.119995,3.189169,32000.0,70080.768502,SHORT_PUT,133049.226271,108884.20061
2020-08-26,102079.413822,102080.768502,0.0,347.570007,1.35468,32000.0,70080.768502,SHORT_PUT,134332.630812,109229.201831
2020-08-27,102079.512492,102080.768502,0.0,348.329987,1.25601,32000.0,70080.768502,SHORT_PUT,134615.343092,109305.199756
2020-08-28,102079.682249,102080.768502,0.0,350.579987,1.086252,32000.0,70080.768502,SHORT_PUT,135452.343092,109530.199756
2020-08-31,102079.768178,102080.768502,0.0,349.309998,1.000323,32000.0,70080.768502,SHORT_PUT,134979.907179,109403.200854
2020-09-01,102079.768478,102080.768502,0.0,352.600006,1.000023,32000.0,70080.768502,SHORT_PUT,136203.790357,109732.201709
2020-09-02,102079.768502,102080.768502,0.0,357.700012,1.0,32000.0,70080.768502,SHORT_PUT,138100.992628,110242.202319
2020-09-03,102079.768502,102080.768502,0.0,345.390015,1.0,32000.0,70080.768502,SHORT_PUT,133521.673536,109011.202563
2020-09-04,102080.768502,102080.768502,0.0,342.570007,0.0,0.0,102080.768502,CASH,132472.630812,108729.201831
2020-09-08,102080.768502,102080.768502,0.0,333.209991,0.0,0.0,102080.768502,CASH,128990.704908,107793.200244
2020-09-09,102048.415794,102370.79422,0.0,339.790009,322.378426,32200.0,70170.79422,SHORT_PUT,131438.471266,108451.201953
2020-09-10,101978.305234,102370.79422,0.0,333.890015,392.488986,32200.0,70170.79422,SHORT_PUT,129243.673536,107861.202563
2020-09-11,101972.51555,102370.79422,0.0,334.059998,398.27867,32200.0,70170.79422,SHORT_PUT,129306.907179,107878.200854
2020-09-14,102175.965841,102370.79422,0.0,338.459991,194.82838,32200.0,70170.79422,SHORT_PUT,130943.704908,108318.200244
2020-09-15,102231.956103,102370.79422,0.0,340.170013,138.838117,32200.0,70170.79422,SHORT_PUT,131579.833082,108489.202441
2020-09-16,102224.503845,102370.79422,0.0,338.820007,146.290375,32200.0,70170.79422,SHORT_PUT,131077.630812,108354.201831
2020-09-17,102172.781856,102370.79422,0.0,335.839996,198.012365,32200.0,70170.79422,SHORT_PUT,129969.066725,108056.200732
2020-09-18,102046.527466,102370.79422,0.0,330.649994,324.266755,32200.0,70170.79422,SHORT_PUT,128536.493816,107671.100488
2020-09-21,101979.451532,102370.79422,0.0,326.970001,391.342688,32200.0,70170.79422,SHORT_PUT,127167.536541,107303.101221
2020-09-22,102067.519809,102370.79422,0.0,330.299988,303.274412,32200.0,70170.79422,SHORT_PUT,128406.291546,107636.099878
2020-09-23,101806.122922,102370.79422,0.0,322.640015,564.671299,32200.0,70170.79422,SHORT_PUT,125556.781536,106870.102563
2020-09-24,101828.248351,102370.79422,0.0,323.5,542.54587,32200.0,70170.79422,SHORT_PUT,125876.696087,106956.101099
2020-09-25,102056.751921,102370.79422,0.0,328.730011,314.042299,32200.0,70170.79422,SHORT_PUT,127822.260174,107479.102197
2020-09-28,102270.592305,102370.79422,0.0,334.190002,100.201915,32200.0,70170.79422,SHORT_PUT,129853.376995,108025.101343
2020-09-29,102256.46604,102370.79422,0.0,332.369995,114.32818,32200.0,70170.79422,SHORT_PUT,129176.334271,107843.10061
2020-09-30,102306.872324,102370.79422,0.0,334.890015,63.921896,32200.0,70170.79422,SHORT_PUT,130113.781536,108095.102563
2020-10-01,102336.985356,102370.79422,0.0,337.040009,33.808865,32200.0,70170.79422,SHORT_PUT,130913.579266,108310.101953
2020-10-02,102317.037775,102370.79422,0.0,333.839996,53.756445,32200.0,70170.79422,SHORT_PUT,129723.174725,107990.100732
2020-10-05,102367.201355,102370.79422,0.0,339.76001,3.592865,32200.0,70170.79422,SHORT_PUT,131925.41972,108582.102075
2020-10-06,102363.282931,102370.79422,0.0,334.929993,7.511289,32200.0,70170.79422,SHORT_PUT,130128.653362,108099.100366
2020-10-07,102369.704594,102370.79422,0.0,340.76001,1.089626,32200.0,70170.79422,SHORT_PUT,132297.41972,108682.102075
2020-10-08,102369.79422,102370.79422,0.0,343.779999,1.000001,32200.0,70170.79422,SHORT_PUT,133420.855633,108984.100977
2020-10-09,102370.79422,102370.79422,0.0,346.850006,0.0,0.0,102370.79422,CASH,134562.898357,109291.101709
2020-10-12,102370.79422,102370.79422,0.0,352.429993,0.0,0.0,102370.79422,CASH,136638.653362,109849.100366
2020-10-13,102320.60139,102830.301112,0.0,350.130005,509.699722,34300.0,68530.301112,SHORT_PUT,135783.057903,109619.101587
2020-10-14,102217.147482,102830.301112,0.0,347.929993,613.15363,34300.0,68530.301112,SHORT_PUT,134964.653362,109399.100366
2020-10-15,102202.472768,102830.301112,0.0,347.5,627.828344,34300.0,68530.301112,SHORT_PUT,134804.696087,109356.101099
2020-10-16,102189.918116,102830.301112,0.0,347.290009,640.382996,34300.0,68530.301112,SHORT_PUT,134726.579266,109335.101953
2020-10-19,101972.767727,102830.301112,0.0,342.01001,857.533385,34300.0,68530.301112,SHORT_PUT,132762.41972,108807.102075
2020-10-20,102006.496449,102830.301112,0.0,343.380005,823.804663,34300.0,68530.301112,SHORT_PUT,133272.057903,108944.101587
2020-10-21,101986.228193,102830.301112,0.0,342.730011,844.072919,34300.0,68530.301112,SHORT_PUT,133030.260174,108879.102197
2020-10-22,102116.299451,102830.301112,0.0,344.609985,714.00166,34300.0,68530.301112,SHORT_PUT,133729.610638,109067.099634
2020-10-23,102202.645658,102830.301112,0.0,345.779999,627.655454,34300.0,68530.301112,SHORT_PUT,134164.855633,109184.100977
2020-10-26,101940.040642,102830.301112,0.0,339.390015,890.26047,34300.0,68530.301112,SHORT_PUT,131787.781536,108545.102563
2020-10-27,101769.262551,102830.301112,0.0,338.220001,1061.038561,34300.0,68530.301112,SHORT_PUT,131352.536541,108428.101221
2020-10-28,100926.214996,102830.301112,0.0,326.660004,1904.086116,34300.0,68530.301112,SHORT_PUT,127052.217449,107272.101465
2020-10-29,101084.173456,102830.301112,0.0,329.980011,1746.127656,34300.0,68530.301112,SHORT_PUT,128287.260174,107604.102197
2020-10-30,100883.769878,102830.301112,0.0,326.540009,1946.531234,34300.0,68530.301112,SHORT_PUT,127007.579266,107260.101953
2020-11-02,101240.176333,102830.301112,0.0,330.200012,1590.124779,34300.0,68530.301112,SHORT_PUT,128369.100628,107626.102319
2020-11-03,101714.115408,102830.301112,0.0,336.029999,1116.185704,34300.0,68530.301112,SHORT_PUT,130537.855633,108209.100977
2020-11-04,102222.141958,102830.301112,0.0,343.540009,608.159154,34300.0,68530.301112,SHORT_PUT,133331.579266,108960.101953
2020-11-05,102617.137302,102830.301112,0.0,350.23999,213.16381,34300.0,68530.301112,SHORT_PUT,135823.972454,109630.100122
2020-11-06,102667.387933,102830.301112,0.0,350.160004,162.913179,34300.0,68530.301112,SHORT_PUT,135794.217449,109622.101465
2020-11-09,102812.40554,102830.301112,0.0,354.559998,17.895572,34300.0,68530.301112,SHORT_PUT,137431.015179,110062.100854
2020-11-10,102817.47208,102830.301112,0.0,354.040009,12.829032,34300.0,68530.301112,SHORT_PUT,137237.579266,110010.101953
2020-11-11,102828.693385,102830.301112,0.0,356.670013,1.607727,34300.0,68530.301112,SHORT_PUT,138215.941082,110273.102441
2020-11-12,102829.166339,102830.301112,0.0,353.209991,1.134773,34300.0,68530.301112,SHORT_PUT,136928.812908,109927.100244
2020-11-13,102830.301112,102830.301112,0.0,358.100006,0.0,0.0,102830.301112,CASH,138747.898357,110416.101709
2020-11-16,102830.301112,102830.301112,0.0,362.570007,0.0,0.0,102830.301112,CASH,140410.738812,110863.101831
2020-11-17,102787.683528,103217.843158,0.0,360.619995,430.15963,35300.0,67917.843158,SHORT_PUT,139685.334271,110668.10061
2020-11-18,102623.85768,103217.843158,0.0,356.279999,593.985479,35300.0,67917.843158,SHORT_PUT,138070.855633,110234.100977
2020-11-19,102661.246076,103217.843158,0.0,357.779999,556.597082,35300.0,67917.843158,SHORT_PUT,138628.855633,110384.100977
2020-11-20,102593.331004,103217.843158,0.0,355.329987,624.512155,35300.0,67917.843158,SHORT_PUT,137717.451092,110139.099756
2020-11-23,102705.197176,103217.843158,0.0,357.459991,512.645982,35300.0,67917.843158,SHORT_PUT,138509.812908,110352.100244
2020-11-24,102939.445952,103217.843158,0.0,363.220001,278.397206,35300.0,67917.843158,SHORT_PUT,140652.536541,110928.101221
2020-11-25,102961.221203,103217.843158,0.0,362.660004,256.621955,35300.0,67917.843158,SHORT_PUT,140444.217449,110872.101465
2020-11-27,103017.092832,103217.843158,0.0,363.670013,200.750326,35300.0,67917.843158,SHORT_PUT,140819.941082,110973.102441
2020-11-30,103020.732883,103217.843158,0.0,362.059998,197.110276,35300.0,67917.843158,SHORT_PUT,140221.015179,110812.100854
2020-12-01,103114.266023,103217.843158,0.0,366.019989,103.577135,35300.0,67917.843158,SHORT_PUT,141694.132,111208.1
2020-12-02,103131.218163,103217.843158,0.0,366.790009,86.624995,35300.0,67917.843158,SHORT_PUT,141980.579266,111285.101953
2020-12-03,103133.344687,103217.843158,0.0,366.690002,84.498471,35300.0,67917.843158,SHORT_PUT,141943.376995,111275.101343
2020-12-04,103173.039809,103217.843158,0.0,369.850006,44.803349,35300.0,67917.843158,SHORT_PUT,143118.898357,111591.101709
2020-12-07,103189.868634,103217.843158,0.0,369.089996,27.974524,35300.0,67917.843158,SHORT_PUT,142836.174725,111515.100732
2020-12-08,103198.124227,103217.843158,0.0,370.170013,19.718931,35300.0,67917.843158,SHORT_PUT,143237.941082,111623.102441
2020-12-09,103188.785286,103217.843158,0.0,366.850006,29.057872,35300.0,67917.843158,SHORT_PUT,142002.898357,111291.101709
2020-12-10,103185.800044,103217.843158,0.0,366.730011,32.043114,35300.0,67917.843158,SHORT_PUT,141958.260174,111279.102197
2020-12-11,103189.840099,103217.843158,0.0,366.299988,28.003059,35300.0,67917.843158,SHORT_PUT,141798.291546,111236.099878
2020-12-14,103203.165183,103217.843158,0.0,364.660004,14.677975,35300.0,67917.843158,SHORT_PUT,141188.217449,111072.101465
2020-12-15,103215.794806,103217.843158,0.0,369.589996,2.048352,35300.0,67917.843158,SHORT_PUT,143022.174725,111565.100732
2020-12-16,103216.815593,103217.843158,0.0,370.170013,1.027566,35300.0,67917.843158,SHORT_PUT,143237.941082,111623.102441
2020-12-17,103216.843158,103217.843158,0.0,372.23999,1.0,35300.0,67917.843158,SHORT_PUT,144007.972454,111830.100122
2020-12-18,103217.843158,103217.843158,0.0,369.179993,0.0,0.0,103217.843158,CASH,143457.413362,111682.100366
2020-12-21,103217.843158,103217.843158,0.0,367.859985,0.0,0.0,103217.843158,CASH,142966.370638,111550.099634
2020-12-22,103167.793345,103675.991386,0.0,367.23999,508.198041,35900.0,67775.991386,SHORT_PUT,142735.732454,111488.100122
2020-12-23,103221.234894,103675.991386,0.0,367.570007,454.756492,35900.0,67775.991386,SHORT_PUT,142858.498812,111521.101831
2020-12-24,103306.356918,103675.991386,0.0,369.0,369.634469,35900.0,67775.991386,SHORT_PUT,143390.456087,111664.101099
2020-12-28,103476.097751,103675.991386,0.0,372.170013,199.893635,35900.0,67775.991386,SHORT_PUT,144569.701082,111981.102441
2020-12-29,103466.845024,103675.991386,0.0,371.459991,209.146362,35900.0,67775.991386,SHORT_PUT,144305.572908,111910.100244
2020-12-30,103457.550983,103675.991386,0.0,371.98999,218.440403,35900.0,67775.991386,SHORT_PUT,144502.732454,111963.100122
2020-12-31,103512.129743,103675.991386,0.0,373.880005,163.861643,35900.0,67775.991386,SHORT_PUT,145205.817903,112152.101587
2021-01-04,103449.498014,103675.991386,0.0,368.790009,226.493372,35900.0,67775.991386,SHORT_PUT,143312.339266,111643.101953
2021-01-05,103437.972339,103675.991386,0.0,371.329987,238.019047,35900.0,67775.991386,SHORT_PUT,144257.211092,111897.099756
2021-01-06,103527.079242,103675.991386,0.0,373.549988,148.912144,35900.0,67775.991386,SHORT_PUT,145083.051546,112119.099878
2021-01-07,103612.320273,103675.991386,0.0,379.100006,63.671113,35900.0,67775.991386,SHORT_PUT,147147.658357,112674.101709
2021-01-08,103653.039804,103675.991386,0.0,381.26001,22.951582,35900.0,67775.991386,SHORT_PUT,147951.17972,112890.102075
2021-01-11,103659.180821,103675.991386,0.0,378.690002,16.810565,35900.0,67775.991386,SHORT_PUT,146995.136995,112633.101343
2021-01-12,103653.101047,103675.991386,0.0,378.769989,22.890339,35900.0,67775.991386,SHORT_PUT,147024.892,112641.1
2021-01-13,103664.036878,103675.991386,0.0,379.790009,11.954508,35900.0,67775.991386,SHORT_PUT,147404.339266,112743.101953
2021-01-14,103667.178892,103675.991386,0.0,378.459991,8.812494,35900.0,67775.991386,SHORT_PUT,146909.572908,112610.100244
2021-01-15,103660.668942,103675.991386,0.0,375.700012,15.322444,35900.0,67775.991386,SHORT_PUT,145882.860628,112334.102319
2021-01-19,103674.764289,103675.991386,0.0,378.649994,1.227097,35900.0,67775.991386,SHORT_PUT,146980.253816,112629.100488
2021-01-20,103674.991333,103675.991386,0.0,383.890015,1.000053,35900.0,67775.991386,SHORT_PUT,148929.541536,113153.102563
2021-01-21,103674.991386,103675.991386,0.0,384.23999,1.0,35900.0,67775.991386,SHORT_PUT,149059.732454,113188.100122
2021-01-22,103675.991386,103675.991386,0.0,382.880005,0.0,0.0,103675.991386,CASH,148553.817903,113052.101587
2021-01-25,103675.991386,103675.991386,0.0,384.390015,0.0,0.0,103675.991386,CASH,149115.541536,113203.102563
2021-01-26,103630.768028,104088.28829,0.0,383.790009,457.520263,37500.0,66588.28829,SHORT_PUT,148892.339266,113143.101953
2021-01-27,103254.75966,104088.28829,0.0,374.410004,833.52863,37500.0,66588.28829,SHORT_PUT,145402.977449,112205.101465
2021-01-28,102923.14786,104088.28829,0.0,377.630005,1165.140431,37500.0,66588.28829,SHORT_PUT,146600.817903,112527.101587
2021-01-29,102792.750605,104088.28829,0.0,370.070007,1295.537685,37500.0,66588.28829,SHORT_PUT,143788.498812,111771.101831
2021-02-01,103082.254658,104088.28829,0.0,376.230011,1006.033632,37500.0,66588.28829,SHORT_PUT,146080.020174,112387.102197
2021-02-02,103427.341587,104088.28829,0.0,381.549988,660.946703,37500.0,66588.28829,SHORT_PUT,148059.051546,112919.099878
2021-02-03,103598.513322,104088.28829,0.0,381.850006,489.774969,37500.0,66588.28829,SHORT_PUT,148170.658357,112949.101709
2021-02-04,103820.149046,104088.28829,0.0,386.190002,268.139244,37500.0,66588.28829,SHORT_PUT,149785.136995,113383.101343
2021-02-05,103894.130911,104088.28829,0.0,387.709991,194.157379,37500.0,66588.28829,SHORT_PUT,150350.572908,113535.100244
2021-02-08,103988.870054,104088.28829,0.0,390.51001,99.418236,37500.0,66588.28829,SHORT_PUT,151392.17972,113815.102075
2021-02-09,103988.638706,104088.28829,0.0,390.25,99.649584,37500.0,66588.28829,SHORT_PUT,151295.456087,113789.101099
2021-02-10,103989.909625,104088.28829,0.0,390.079987,98.378665,37500.0,66588.28829,SHORT_PUT,151232.211092,113772.099756
2021-02-11,104002.632071,104088.28829,0.0,390.709991,85.656219,37500.0,66588.28829,SHORT_PUT,151466.572908,113835.100244
2021-02-12,104038.976438,104088.28829,0.0,392.640015,49.311852,37500.0,66588.28829,SHORT_PUT,152184.541536,114028.102563
2021-02-16,104069.7064,104088.28829,0.0,392.299988,18.58189,37500.0,66588.28829,SHORT_PUT,152058.051546,113994.099878
2021-02-17,104068.187378,104088.28829,0.0,392.390015,20.100912,37500.0,66588.28829,SHORT_PUT,152091.541536,114003.102563
2021-02-18,104065.934659,104088.28829,0.0,390.720001,22.353632,37500.0,66588.28829,SHORT_PUT,151470.296541,113836.101221
2021-02-19,104064.439364,104088.28829,0.0,390.029999,23.848926,37500.0,66588.28829,SHORT_PUT,151213.615633,113767.100977
2021-02-22,104075.012059,104088.28829,0.0,387.029999,13.276231,37500.0,66588.28829,SHORT_PUT,150097.615633,113467.100977
2021-02-23,104080.754494,104088.28829,0.0,387.5,7.533796,37500.0,66588.28829,SHORT_PUT,150272.456087,113514.101099
2021-02-24,104087.192165,104088.28829,0.0,391.769989,1.096125,37500.0,66588.28829,SHORT_PUT,151860.892,113941.1
2021-02-25,104085.493639,104088.28829,0.0,382.329987,2.794651,37500.0,66588.28829,SHORT_PUT,148349.211092,112997.099756
2021-02-26,104088.28829,104088.28829,0.0,380.359985,0.0,0.0,104088.28829,CASH,147616.370638,112800.099634
2021-03-01,104088.28829,104088.28829,0.0,389.579987,0.0,0.0,104088.28829,CASH,151046.211092,113722.099756
2021-03-02,104042.369926,104507.187751,0.0,386.540009,464.817825,37800.0,66707.187751,SHORT_PUT,149915.339266,113418.101953
2021-03-03,103832.60952,104507.187751,0.0,381.420013,674.578232,37800.0,66707.187751,SHORT_PUT,148010.701082,112906.102441
2021-03-04,103528.887732,104507.187751,0.0,376.700012,978.30002,37800.0,66707.187751,SHORT_PUT,146254.860628,112434.102319
2021-03-05,103802.302897,104507.187751,0.0,383.630005,704.884854,37800.0,66707.187751,SHORT_PUT,148832.817903,113127.101587
2021-03-08,103900.174003,104507.187751,0.0,381.720001,607.013748,37800.0,66707.187751,SHORT_PUT,148122.296541,112936.101221
2021-03-09,104093.292088,104507.187751,0.0,387.170013,413.895663,37800.0,66707.187751,SHORT_PUT,150149.701082,113481.102441
2021-03-10,104216.488112,104507.187751,0.0,389.579987,290.69964,37800.0,66707.187751,SHORT_PUT,151046.211092,113722.099756
2021-03-11,104347.064204,104507.187751,0.0,393.529999,160.123548,37800.0,66707.187751,SHORT_PUT,152515.615633,114117.100977
2021-03-12,104377.788621,104507.187751,0.0,394.059998,129.39913,37800.0,66707.187751,SHORT_PUT,152712.775179,114170.100854
2021-03-15,104448.076152,104507.187751,0.0,396.410004,59.1116,37800.0,66707.187751,SHORT_PUT,153586.977449,114405.101465
2021-03-16,104457.302177,104507.187751,0.0,395.910004,49.885574,37800.0,66707.187751,SHORT_PUT,153400.977449,114355.101465
2021-03-17,104474.53759,104507.187751,0.0,397.26001,32.650161,37800.0,66707.187751,SHORT_PUT,153903.17972,114490.102075
2021-03-18,104436.557413,104507.187751,0.0,391.480011,70.630339,37800.0,66707.187751,SHORT_PUT,151753.020174,113912.102197
2021-03-19,104383.750827,104507.187751,0.0,389.480011,123.436924,37800.0,66707.187751,SHORT_PUT,151484.436174,113839.902197
2021-03-22,104463.956341,104507.187751,0.0,392.589996,43.231411,37800.0,66707.187751,SHORT_PUT,152641.350725,114150.900732
2021-03-23,104461.834229,104507.187751,0.0,389.5,45.353522,37800.0,66707.187751,SHORT_PUT,151491.872087,113841.901099
2021-03-24,104433.944044,104507.187751,0.0,387.519989,73.243707,37800.0,66707.187751,SHORT_PUT,150755.308,113643.9
2021-03-25,104465.080445,104507.187751,0.0,389.700012,42.107307,37800.0,66707.187751,SHORT_PUT,151566.276628,113861.902319
2021-03-26,104503.30808,104507.187751,0.0,395.980011,3.879671,37800.0,66707.187751,SHORT_PUT,153902.436174,114489.902197
2021-03-29,104506.136233,104507.187751,0.0,395.779999,1.051519,37800.0,66707.187751,SHORT_PUT,153828.031633,114469.900977
2021-03-30,104506.163459,104507.187751,0.0,394.730011,1.024292,37800.0,66707.187751,SHORT_PUT,153437.436174,114364.902197
2021-03-31,104506.187751,104507.187751,0.0,396.329987,1.0,37800.0,66707.187751,SHORT_PUT,154032.627092,114524.899756
2021-04-01,104507.187751,104507.187751,0.0,400.609985,0.0,0.0,104507.187751,CASH,155624.786638,114952.899634
2021-04-05,104507.187751,104507.187751,0.0,406.359985,0.0,0.0,104507.187751,CASH,157763.786638,115527.899634
2021-04-06,104470.062278,104842.554746,0.0,406.119995,372.492468,39900.0,64942.554746,SHORT_PUT,157674.510271,115503.90061
2021-04-07,104487.751606,104842.554746,0.0,406.589996,354.80314,39900.0,64942.554746,SHORT_PUT,157849.350725,115550.900732
2021-04-08,104585.128315,104842.554746,0.0,408.519989,257.426431,39900.0,64942.554746,SHORT_PUT,158567.308,115743.9
2021-04-09,104668.453775,104842.554746,0.0,411.48999,174.100971,39900.0,64942.554746,SHORT_PUT,159672.148454,116040.900122
2021-04-12,104700.113288,104842.554746,0.0,411.640015,142.441458,39900.0,64942.554746,SHORT_PUT,159727.957536,116055.902563
2021-04-13,104723.19106,104842.554746,0.0,412.859985,119.363686,39900.0,64942.554746,SHORT_PUT,160181.786638,116177.899634
2021-04-14,104712.524999,104842.554746,0.0,411.450012,130.029747,39900.0,64942.554746,SHORT_PUT,159657.276628,116036.902319
2021-04-15,104773.526439,104842.554746,0.0,415.869995,69.028307,39900.0,64942.554746,SHORT_PUT,161301.510271,116478.90061
2021-04-16,104796.641511,104842.554746,0.0,417.26001,45.913235,39900.0,64942.554746,SHORT_PUT,161818.59572,116617.902075
2021-04-19,104798.146462,104842.554746,0.0,415.209991,44.408284,39900.0,64942.554746,SHORT_PUT,161055.988908,116412.900244
2021-04-20,104757.774996,104842.554746,0.0,412.170013,84.77975,39900.0,64942.554746,SHORT_PUT,159925.117082,116108.902441
2021-04-21,104789.276262,104842.554746,0.0,416.070007,53.278484,39900.0,64942.554746,SHORT_PUT,161375.914812,116498.901831
2021-04-22,104771.53409,104842.554746,0.0,412.269989,71.020656,39900.0,64942.554746,SHORT_PUT,159962.308,116118.9
2021-04-23,104806.266469,104842.554746,0.0,416.73999,36.288277,39900.0,64942.554746,SHORT_PUT,161625.148454,116565.900122
2021-04-26,104831.115878,104842.554746,0.0,417.609985,11.438868,39900.0,64942.554746,SHORT_PUT,161948.786638,116652.899634
2021-04-27,104832.602191,104842.554746,0.0,417.519989,9.952555,39900.0,64942.554746,SHORT_PUT,161915.308,116643.9
2021-04-28,104835.102059,104842.554746,0.0,417.399994,7.452687,39900.0,64942.554746,SHORT_PUT,161870.669816,116631.900488
2021-04-29,104840.03126,104842.554746,0.0,420.059998,2.523486,39900.0,64942.554746,SHORT_PUT,162860.191179,116897.900854
2021-04-30,104838.766697,104842.554746,0.0,417.299988,3.788049,39900.0,64942.554746,SHORT_PUT,161833.467546,116621.899878
2021-05-03,104841.333904,104842.554746,0.0,418.200012,1.220842,39900.0,64942.554746,SHORT_PUT,162168.276628,116711.902319
2021-05-04,104841.401324,104842.554746,0.0,415.619995,1.153422,39900.0,64942.554746,SHORT_PUT,161208.510271,116453.90061
2021-05-05,104841.53422,104842.554746,0.0,415.75,1.020526,39900.0,64942.554746,SHORT_PUT,161256.872087,116466.901099
2021-05-06,104841.554746,104842.554746,0.0,419.070007,1.0,39900.0,64942.554746,SHORT_PUT,162491.914812,116798.901831
2021-05-07,104842.554746,104842.554746,0.0,422.119995,0.0,0.0,104842.554746,CASH,163626.510271,117103.90061
2021-05-10,104842.554746,104842.554746,0.0,417.940002,0.0,0.0,104842.554746,CASH,162071.552995,116685.901343
2021-05-11,104787.209669,105351.00798,0.0,414.209991,563.798311,41000.0,64351.00798,SHORT_PUT,160683.988908,116312.900244
2021-05-12,104269.107536,105351.00798,0.0,405.410004,1081.900443,41000.0,64351.00798,SHORT_PUT,157410.393449,115432.901465
2021-05-13,104326.098985,105351.00798,0.0,410.279999,1024.908994,41000.0,64351.00798,SHORT_PUT,159222.031633,115919.900977
2021-05-14,104788.207155,105351.00798,0.0,416.579987,562.800825,41000.0,64351.00798,SHORT_PUT,161565.627092,116549.899756
2021-05-17,104939.527444,105351.00798,0.0,415.519989,411.480535,41000.0,64351.00798,SHORT_PUT,161171.308,116443.9
2021-05-18,104773.709282,105351.00798,0.0,411.940002,577.298697,41000.0,64351.00798,SHORT_PUT,159839.552995,116085.901343
2021-05-19,104680.775924,105351.00798,0.0,410.859985,670.232055,41000.0,64351.00798,SHORT_PUT,159437.786638,115977.899634
2021-05-20,104860.021511,105351.00798,0.0,415.279999,490.986468,41000.0,64351.00798,SHORT_PUT,161082.031633,116419.900977
2021-05-21,104910.232597,105351.00798,0.0,414.940002,440.775383,41000.0,64351.00798,SHORT_PUT,160955.552995,116385.901343
2021-05-24,105105.453035,105351.00798,0.0,419.170013,245.554945,41000.0,64351.00798,SHORT_PUT,162529.117082,116808.902441
2021-05-25,105136.944844,105351.00798,0.0,418.23999,214.063136,41000.0,64351.00798,SHORT_PUT,162183.148454,116715.900122
2021-05-26,105160.420938,105351.00798,0.0,419.070007,190.587042,41000.0,64351.00798,SHORT_PUT,162491.914812,116798.901831
2021-05-27,105208.990646,105351.00798,0.0,419.290009,142.017334,41000.0,64351.00798,SHORT_PUT,162573.755266,116820.901953
2021-05-28,105245.854616,105351.00798,0.0,420.040009,105.153363,41000.0,64351.00798,SHORT_PUT,162852.755266,116895.901953
2021-06-01,105280.842774,105351.00798,0.0,419.670013,70.165206,41000.0,64351.00798,SHORT_PUT,162715.117082,116858.902441
2021-06-02,105287.038057,105351.00798,0.0,420.329987,63.969923,41000.0,64351.00798,SHORT_PUT,162960.627092,116924.899756
2021-06-03,105281.549544,105351.00798,0.0,418.769989,69.458436,41000.0,64351.00798,SHORT_PUT,162380.308,116768.9
2021-06-04,105327.148665,105351.00798,0.0,422.600006,23.859315,41000.0,64351.00798,SHORT_PUT,163805.074357,117151.901709
2021-06-07,105346.734085,105351.00798,0.0,422.190002,4.273895,41000.0,64351.00798,SHORT_PUT,163652.552995,117110.901343
2021-06-08,105348.982839,105351.00798,0.0,422.279999,2.025141,41000.0,64351.00798,SHORT_PUT,163686.031633,117119.900977
2021-06-09,105349.666956,105351.00798,0.0,421.649994,1.341023,41000.0,64351.00798,SHORT_PUT,163451.669816,117056.900488
2021-06-10,105350.007564,105351.00798,0.0,423.609985,1.000415,41000.0,64351.00798,SHORT_PUT,164180.786638,117252.899634
2021-06-11,105351.00798,105351.00798,0.0,424.309998,0.0,0.0,105351.00798,CASH,164441.191179,117322.900854
2021-06-14,105351.00798,105351.00798,0.0,425.26001,0.0,0.0,105351.00798,CASH,164794.59572,117417.902075
2021-06-15,105314.514389,105680.372094,0.0,424.480011,365.857706,41800.0,63880.372094,SHORT_PUT,164504.436174,117339.902197
2021-06-16,105212.837774,105680.372094,0.0,422.109985,467.53432,41800.0,63880.372094,SHORT_PUT,163622.786638,117102.899634
2021-06-17,105174.279412,105680.372094,0.0,421.970001,506.092682,41800.0,63880.372094,SHORT_PUT,163570.712541,117088.901221
2021-06-18,104853.934914,105680.372094,0.0,414.920013,826.43718,41800.0,63880.372094,SHORT_PUT,161459.989082,116521.502441
2021-06-21,105078.044623,105680.372094,0.0,420.859985,602.327472,41800.0,63880.372094,SHORT_PUT,163669.658638,117115.499634
2021-06-22,105285.357828,105680.372094,0.0,423.109985,395.014266,41800.0,63880.372094,SHORT_PUT,164506.658638,117340.499634
2021-06-23,105319.240064,105680.372094,0.0,422.600006,361.13203,41800.0,63880.372094,SHORT_PUT,164316.946357,117289.501709
2021-06-24,105424.284384,105680.372094,0.0,425.100006,256.08771,41800.0,63880.372094,SHORT_PUT,165246.946357,117539.501709
2021-06-25,105485.50741,105680.372094,0.0,426.609985,194.864684,41800.0,63880.372094,SHORT_PUT,165808.658638,117690.499634
2021-06-28,105541.986003,105680.372094,0.0,427.470001,138.386091,41800.0,63880.372094,SHORT_PUT,166128.584541,117776.501221
2021-06-29,105552.864436,105680.372094,0.0,427.700012,127.507658,41800.0,63880.372094,SHORT_PUT,166214.148628,117799.502319
2021-06-30,105563.841939,105680.372094,0.0,428.059998,116.530155,41800.0,63880.372094,SHORT_PUT,166348.063179,117835.500854
2021-07-01,105612.046936,105680.372094,0.0,430.429993,68.325158,41800.0,63880.372094,SHORT_PUT,167229.701362,118072.500366
2021-07-02,105652.011435,105680.372094,0.0,433.720001,28.360659,41800.0,63880.372094,SHORT_PUT,168453.584541,118401.501221
2021-07-06,105666.708319,105680.372094,0.0,432.929993,13.663775,41800.0,63880.372094,SHORT_PUT,168159.701362,118322.500366
2021-07-07,105669.408341,105680.372094,0.0,434.459991,10.963753,41800.0,63880.372094,SHORT_PUT,168728.860908,118475.500244
2021-07-08,105660.729162,105680.372094,0.0,430.920013,19.642932,41800.0,63880.372094,SHORT_PUT,167411.989082,118121.502441
2021-07-09,105671.029763,105680.372094,0.0,435.519989,9.342331,41800.0,63880.372094,SHORT_PUT,169123.18,118581.5
2021-07-12,105679.300579,105680.372094,0.0,437.079987,1.071515,41800.0,63880.372094,SHORT_PUT,169703.499092,118737.499756
2021-07-13,105679.345805,105680.372094,0.0,435.589996,1.026289,41800.0,63880.372094,SHORT_PUT,169149.222725,118588.500732
2021-07-14,105679.370965,105680.372094,0.0,436.23999,1.001129,41800.0,63880.372094,SHORT_PUT,169391.020454,118653.500122
2021-07-15,105679.372094,105680.372094,0.0,434.75,1.0,41800.0,63880.372094,SHORT_PUT,168836.744087,118504.501099
2021-07-16,105680.372094,105680.372094,0.0,431.339996,0.0,0.0,105680.372094,CASH,167568.222725,118163.500732
2021-07-19,105680.372094,105680.372094,0.0,424.970001,0.0,0.0,105680.372094,CASH,165198.584541,117526.501221
2021-07-20,105647.328679,105976.959539,0.0,431.059998,329.630861,41600.0,64376.959539,SHORT_PUT,167464.063179,118135.500854
2021-07-21,105807.393775,105976.959539,0.0,434.549988,169.565764,41600.0,64376.959539,SHORT_PUT,168762.339546,118484.499878
2021-07-22,105868.587175,105976.959539,0.0,435.459991,108.372364,41600.0,64376.959539,SHORT_PUT,169100.860908,118575.500244
2021-07-23,105920.715308,105976.959539,0.0,439.940002,56.244231,41600.0,64376.959539,SHORT_PUT,170767.424995,119023.501343
2021-07-26,105943.971151,105976.959539,0.0,441.019989,32.988388,41600.0,64376.959539,SHORT_PUT,171169.18,119131.5
2021-07-27,105932.188458,105976.959539,0.0,439.01001,44.771081,41600.0,64376.959539,SHORT_PUT,170421.46772,118930.502075
2021-07-28,105913.411366,105976.959539,0.0,438.829987,63.548173,41600.0,64376.959539,SHORT_PUT,170354.499092,118912.499756
2021-07-29,105941.989933,105976.959539,0.0,440.649994,34.969606,41600.0,64376.959539,SHORT_PUT,171031.541816,119094.500488
2021-07-30,105939.98455,105976.959539,0.0,438.51001,36.974989,41600.0,64376.959539,SHORT_PUT,170235.46772,118880.502075
2021-08-02,105942.271793,105976.959539,0.0,437.589996,34.687746,41600.0,64376.959539,SHORT_PUT,169893.222725,118788.500732
2021-08-03,105953.788742,105976.959539,0.0,441.149994,23.170797,41600.0,64376.959539,SHORT_PUT,171217.541816,119144.500488
2021-08-04,105957.759821,105976.959539,0.0,438.980011,19.199719,41600.0,64376.959539,SHORT_PUT,170410.308174,118927.502197
2021-08-05,105967.568613,105976.959539,0.0,441.76001,9.390927,41600.0,64376.959539,SHORT_PUT,171444.46772,119205.502075
2021-08-06,105971.76919,105976.959539,0.0,442.48999,5.19035,41600.0,64376.959539,SHORT_PUT,171716.020454,119278.500122
2021-08-09,105975.06444,105976.959539,0.0,442.130005,1.8951,41600.0,64376.959539,SHORT_PUT,171582.105903,119242.501587
2021-08-10,105975.304577,105976.959539,0.0,442.679993,1.654963,41600.0,64376.959539,SHORT_PUT,171786.701362,119297.500366
2021-08-11,105975.704198,105976.959539,0.0,443.779999,1.255342,41600.0,64376.959539,SHORT_PUT,172195.903633,119407.500977
2021-08-12,105975.924266,105976.959539,0.0,445.109985,1.035274,41600.0,64376.959539,SHORT_PUT,172690.658638,119540.499634
2021-08-13,105975.955106,105976.959539,0.0,445.920013,1.004434,41600.0,64376.959539,SHORT_PUT,172991.989082,119621.502441
2021-08-16,105975.959538,105976.959539,0.0,446.970001,1.000001,41600.0,64376.959539,SHORT_PUT,173382.584541,119726.501221
2021-08-17,105975.959538,105976.959539,0.0,444.040009,1.000001,41600.0,64376.959539,SHORT_PUT,172292.627266,119433.501953
2021-08-18,105975.959527,105976.959539,0.0,439.179993,1.000013,41600.0,64376.959539,SHORT_PUT,170484.701362,118947.500366
2021-08-19,105975.959539,105976.959539,0.0,439.859985,1.0,41600.0,64376.959539,SHORT_PUT,170737.658638,119015.499634
2021-08-20,105976.959539,105976.959539,0.0,443.359985,0.0,0.0,105976.959539,CASH,172039.658638,119365.499634
2021-08-23,105976.959539,105976.959539,0.0,447.26001,0.0,0.0,105976.959539,CASH,173490.46772,119755.502075
2021-08-24,105945.500345,106258.496886,0.0,447.970001,312.996541,43800.0,62458.496886,SHORT_PUT,173754.584541,119826.501221
2021-08-25,105977.791449,106258.496886,0.0,448.910004,280.705437,43800.0,62458.496886,SHORT_PUT,174104.265449,119920.501465
2021-08-26,105927.62403,106258.496886,0.0,446.26001,330.872857,43800.0,62458.496886,SHORT_PUT,173118.46772,119655.502075
2021-08-27,105977.541462,106258.496886,0.0,450.25,280.955424,43800.0,62458.496886,SHORT_PUT,174602.744087,120054.501099
2021-08-30,106116.468411,106258.496886,0.0,452.230011,142.028475,43800.0,62458.496886,SHORT_PUT,175339.308174,120252.502197
2021-08-31,106117.511073,106258.496886,0.0,451.559998,140.985813,43800.0,62458.496886,SHORT_PUT,175090.063179,120185.500854
2021-09-01,106122.610789,106258.496886,0.0,451.799988,135.886097,43800.0,62458.496886,SHORT_PUT,175179.339546,120209.499878
2021-09-02,106159.277127,106258.496886,0.0,453.190002,99.219759,43800.0,62458.496886,SHORT_PUT,175696.424995,120348.501343
2021-09-03,106159.007845,106258.496886,0.0,453.079987,99.489042,43800.0,62458.496886,SHORT_PUT,175655.499092,120337.499756
2021-09-07,106167.356001,106258.496886,0.0,451.459991,91.140885,43800.0,62458.496886,SHORT_PUT,175052.860908,120175.500244
2021-09-08,106136.28399,106258.496886,0.0,450.910004,122.212896,43800.0,62458.496886,SHORT_PUT,174848.265449,120120.501465
2021-09-09,106116.05231,106258.496886,0.0,448.980011,142.444576,43800.0,62458.496886,SHORT_PUT,174130.308174,119927.502197
2021-09-10,106026.295368,106258.496886,0.0,445.440002,232.201518,43800.0,62458.496886,SHORT_PUT,172813.424995,119573.501343
2021-09-13,106060.592208,106258.496886,0.0,446.579987,197.904679,43800.0,62458.496886,SHORT_PUT,173237.499092,119687.499756
2021-09-14,106046.311106,106258.496886,0.0,444.170013,212.18578,43800.0,62458.496886,SHORT_PUT,172340.989082,119446.502441
2021-09-15,106150.539576,106258.496886,0.0,447.880005,107.95731,43800.0,62458.496886,SHORT_PUT,173721.105903,119817.501587
2021-09-16,106171.980741,106258.496886,0.0,447.170013,86.516145,43800.0,62458.496886,SHORT_PUT,173456.989082,119746.502441
2021-09-17,106034.884016,106258.496886,0.0,441.399994,223.61287,43800.0,62458.496886,SHORT_PUT,171841.757816,119312.300488
2021-09-20,105695.110354,106258.496886,0.0,434.040009,563.386532,43800.0,62458.496886,SHORT_PUT,169103.843266,118576.301953
2021-09-21,105645.19302,106258.496886,0.0,433.630005,613.303866,43800.0,62458.496886,SHORT_PUT,168951.321903,118535.301587
2021-09-22,105988.651473,106258.496886,0.0,437.859985,269.845413,43800.0,62458.496886,SHORT_PUT,170524.874638,118958.299634
2021-09-23,106241.774881,106258.496886,0.0,443.179993,16.722006,43800.0,62458.496886,SHORT_PUT,172503.917362,119490.300366
2021-09-24,106258.496886,106258.496886,0.0,443.910004,0.0,0.0,106258.496886,CASH,172775.481449,119563.301465
2021-09-27,106258.496886,106258.496886,0.0,442.640015,0.0,0.0,106258.496886,CASH,172303.045536,119436.302563
2021-09-28,106183.040859,106958.004143,0.0,433.720001,774.963284,43400.0,63558.004143,SHORT_PUT,168984.800541,118544.301221
2021-09-29,106044.175442,106958.004143,0.0,434.450012,913.828701,43400.0,63558.004143,SHORT_PUT,169256.364628,118617.302319
2021-09-30,105798.415233,106958.004143,0.0,429.140015,1159.588911,43400.0,63558.004143,SHORT_PUT,167281.045536,118086.302563
2021-10-01,106068.577601,106958.004143,0.0,434.23999,889.426542,43400.0,63558.004143,SHORT_PUT,169178.236454,118596.300122
2021-10-04,105878.765841,106958.004143,0.0,428.640015,1079.238303,43400.0,63558.004143,SHORT_PUT,167095.045536,118036.302563
2021-10-05,106081.646364,106958.004143,0.0,433.100006,876.35778,43400.0,63558.004143,SHORT_PUT,168754.162357,118482.301709
2021-10-06,106250.066647,106958.004143,0.0,434.899994,707.937497,43400.0,63558.004143,SHORT_PUT,169423.757816,118662.300488
2021-10-07,106442.822786,106958.004143,0.0,438.660004,515.181358,43400.0,63558.004143,SHORT_PUT,170822.481449,119038.301465
2021-10-08,106475.67467,106958.004143,0.0,437.859985,482.329473,43400.0,63558.004143,SHORT_PUT,170524.874638,118958.299634
2021-10-11,106405.720279,106958.004143,0.0,434.690002,552.283865,43400.0,63558.004143,SHORT_PUT,169345.640995,118641.301343
2021-10-12,106329.243691,106958.004143,0.0,433.619995,628.760453,43400.0,63558.004143,SHORT_PUT,168947.598271,118534.30061
2021-10-13,106428.894266,106958.004143,0.0,435.179993,529.109877,43400.0,63558.004143,SHORT_PUT,169527.917362,118690.300366
2021-10-14,106747.309845,106958.004143,0.0,442.5,210.694298,43400.0,63558.004143,SHORT_PUT,172250.960087,119422.301099
2021-10-15,106865.107932,106958.004143,0.0,445.869995,92.896211,43400.0,63558.004143,SHORT_PUT,173504.598271,119759.30061
2021-10-18,106914.796601,106958.004143,0.0,447.190002,43.207542,43400.0,63558.004143,SHORT_PUT,173995.640995,119891.301343
2021-10-19,106942.096472,106958.004143,0.0,450.640015,15.907672,43400.0,63558.004143,SHORT_PUT,175279.045536,120236.302563
2021-10-20,106951.779956,106958.004143,0.0,452.410004,6.224187,43400.0,63558.004143,SHORT_PUT,175937.481449,120413.301465
2021-10-21,106954.966716,106958.004143,0.0,453.589996,3.037427,43400.0,63558.004143,SHORT_PUT,176376.438725,120531.300732
2021-10-22,106955.968149,106958.004143,0.0,453.119995,2.035994,43400.0,63558.004143,SHORT_PUT,176201.598271,120484.30061
2021-10-25,106956.992803,106958.004143,0.0,455.549988,1.01134,43400.0,63558.004143,SHORT_PUT,177105.555546,120727.299878
2021-10-26,106957.003765,106958.004143,0.0,455.959991,1.000379,43400.0,63558.004143,SHORT_PUT,177258.076908,120768.300244
2021-10-27,106957.004063,106958.004143,0.0,453.940002,1.00008,43400.0,63558.004143,SHORT_PUT,176506.640995,120566.301343
2021-10-28,106957.004143,106958.004143,0.0,458.320007,1.0,43400.0,63558.004143,SHORT_PUT,178136.002812,121004.301831
2021-10-29,106958.004143,106958.004143,0.0,459.25,0.0,0.0,106958.004143,CASH,178481.960087,121097.301099
2021-11-01,106958.004143,106958.004143,0.0,460.040009,0.0,0.0,106958.004143,CASH,178775.843266,121176.301953
2021-11-02,106927.189756,107233.415824,0.0,461.899994,306.226068,45200.0,62033.415824,SHORT_PUT,179467.757816,121362.300488
2021-11-03,107019.074105,107233.415824,0.0,464.720001,214.341719,45200.0,62033.415824,SHORT_PUT,180516.800541,121644.301221
2021-11-04,107095.432295,107233.415824,0.0,466.910004,137.983529,45200.0,62033.415824,SHORT_PUT,181331.481449,121863.301465
2021-11-05,107117.910032,107233.415824,0.0,468.529999,115.505792,45200.0,62033.415824,SHORT_PUT,181934.119633,122025.300977
2021-11-08,107119.424826,107233.415824,0.0,468.929993,113.990998,45200.0,62033.415824,SHORT_PUT,182082.917362,122065.300366
2021-11-09,107086.267117,107233.415824,0.0,467.380005,147.148707,45200.0,62033.415824,SHORT_PUT,181506.321903,121910.301587
2021-11-10,107005.676832,107233.415824,0.0,463.619995,227.738992,45200.0,62033.415824,SHORT_PUT,180107.598271,121534.30061
2021-11-11,106992.806762,107233.415824,0.0,463.769989,240.609063,45200.0,62033.415824,SHORT_PUT,180163.396,121549.3
2021-11-12,107100.08774,107233.415824,0.0,467.269989,133.328085,45200.0,62033.415824,SHORT_PUT,181465.396,121899.3
2021-11-15,107153.581992,107233.415824,0.0,467.429993,79.833832,45200.0,62033.415824,SHORT_PUT,181524.917362,121915.300366
2021-11-16,107176.80775,107233.415824,0.0,469.279999,56.608074,45200.0,62033.415824,SHORT_PUT,182213.119633,122100.300977
2021-11-17,107174.23198,107233.415824,0.0,468.140015,59.183844,45200.0,62033.415824,SHORT_PUT,181789.045536,121986.302563
2021-11-18,107185.637113,107233.415824,0.0,469.730011,47.778711,45200.0,62033.415824,SHORT_PUT,182380.524174,122145.302197
2021-11-19,107179.697895,107233.415824,0.0,468.890015,53.717929,45200.0,62033.415824,SHORT_PUT,182068.045536,122061.302563
2021-11-22,107187.775855,107233.415824,0.0,467.570007,45.639969,45200.0,62033.415824,SHORT_PUT,181577.002812,121929.301831
2021-11-23,107189.043392,107233.415824,0.0,468.190002,44.372432,45200.0,62033.415824,SHORT_PUT,181807.640995,121991.301343
2021-11-24,107204.286479,107233.415824,0.0,469.440002,29.129345,45200.0,62033.415824,SHORT_PUT,182272.640995,122116.301343
2021-11-26,107106.588582,107233.415824,0.0,458.970001,126.827242,45200.0,62033.415824,SHORT_PUT,178377.800541,121069.301221
2021-11-29,107162.556693,107233.415824,0.0,464.600006,70.859131,45200.0,62033.415824,SHORT_PUT,180472.162357,121632.301709
2021-11-30,107071.535063,107233.415824,0.0,455.559998,161.880761,45200.0,62033.415824,SHORT_PUT,177109.279179,120728.300854
2021-12-01,106846.542362,107233.415824,0.0,450.5,386.873462,45200.0,62033.415824,SHORT_PUT,175226.960087,120222.301099
2021-12-02,107172.639705,107233.415824,0.0,457.399994,60.776119,45200.0,62033.415824,SHORT_PUT,177793.757816,120912.300488
2021-12-03,107233.415824,107233.415824,0.0,453.420013,0.0,0.0,107233.415824,CASH,176313.205082,120514.302441
2021-12-06,107233.415824,107233.415824,0.0,458.790009,0.0,0.0,107233.415824,CASH,178310.843266,121051.301953
2021-12-07,107200.838871,107525.57188,0.0,468.279999,324.73301,44400.0,63125.57188,SHORT_PUT,181841.119633,122000.300977
2021-12-08,107374.109081,107525.57188,0.0,469.519989,151.462799,44400.0,63125.57188,SHORT_PUT,182302.396,122124.3
2021-12-09,107386.168217,107525.57188,0.0,466.350006,139.403663,44400.0,63125.57188,SHORT_PUT,181123.162357,121807.301709
2021-12-10,107410.079057,107525.57188,0.0,470.73999,115.492823,44400.0,63125.57188,SHORT_PUT,182756.236454,122246.300122
2021-12-13,107440.305113,107525.57188,0.0,466.570007,85.266767,44400.0,63125.57188,SHORT_PUT,181205.002812,121829.301831
2021-12-14,107376.379646,107525.57188,0.0,463.359985,149.192234,44400.0,63125.57188,SHORT_PUT,180010.874638,121508.299634
2021-12-15,107439.237552,107525.57188,0.0,470.600006,86.334329,44400.0,63125.57188,SHORT_PUT,182704.162357,122232.301709
2021-12-16,107448.463366,107525.57188,0.0,466.450012,77.108514,44400.0,63125.57188,SHORT_PUT,181160.364628,121817.302319
2021-12-17,107343.102547,107525.57188,0.0,459.869995,182.469333,44400.0,63125.57188,SHORT_PUT,179320.074271,121322.60061
2021-12-20,107247.572477,107525.57188,0.0,454.980011,277.999404,44400.0,63125.57188,SHORT_PUT,177501.000174,120833.602197
2021-12-21,107392.869964,107525.57188,0.0,463.059998,132.701916,44400.0,63125.57188,SHORT_PUT,180506.755179,121641.600854
2021-12-22,107476.17721,107525.57188,0.0,467.690002,49.394671,44400.0,63125.57188,SHORT_PUT,182229.116995,122104.601343
2021-12-23,107511.188824,107525.57188,0.0,470.600006,14.383057,44400.0,63125.57188,SHORT_PUT,183311.638357,122395.601709
2021-12-27,107523.987147,107525.57188,0.0,477.26001,1.584733,44400.0,63125.57188,SHORT_PUT,185789.15972,123061.602075
2021-12-28,107524.25327,107525.57188,0.0,476.869995,1.31861,44400.0,63125.57188,SHORT_PUT,185644.074271,123022.60061
2021-12-29,107524.452067,107525.57188,0.0,477.480011,1.119813,44400.0,63125.57188,SHORT_PUT,185871.000174,123083.602197
2021-12-30,107524.518582,107525.57188,0.0,476.160004,1.053298,44400.0,63125.57188,SHORT_PUT,185379.957449,122951.601465
2021-12-31,107524.525936,107525.57188,0.0,474.959991,1.045945,44400.0,63125.57188,SHORT_PUT,184933.552908,122831.600244
2022-01-03,107524.571858,107525.57188,0.0,477.709991,1.000022,44400.0,63125.57188,SHORT_PUT,185956.552908,123106.600244
2022-01-04,107524.57188,107525.57188,0.0,477.549988,1.0,44400.0,63125.57188,SHORT_PUT,185897.031546,123090.599878
2022-01-05,107524.571877,107525.57188,0.0,468.380005,1.000004,44400.0,63125.57188,SHORT_PUT,182485.797903,122173.601587
2022-01-06,107524.57188,107525.57188,0.0,467.940002,1.0,44400.0,63125.57188,SHORT_PUT,182322.116995,122129.601343
2022-01-07,107525.57188,107525.57188,0.0,466.089996,0.0,0.0,107525.57188,CASH,181633.914725,121944.600732
2022-01-10,107525.57188,107525.57188,0.0,465.51001,0.0,0.0,107525.57188,CASH,181418.15972,121886.602075
2022-01-11,107493.566358,107812.299342,0.0,469.75,318.732984,45600.0,62212.299342,SHORT_PUT,182995.436087,122310.601099
2022-01-12,107566.739357,107812.299342,0.0,471.019989,245.559984,45600.0,62212.299342,SHORT_PUT,183467.872,122437.6
2022-01-13,107434.46677,107812.299342,0.0,464.529999,377.832572,45600.0,62212.299342,SHORT_PUT,181053.595633,121788.600977
2022-01-14,107349.111637,107812.299342,0.0,464.720001,463.187705,45600.0,62212.299342,SHORT_PUT,181124.276541,121807.601221
2022-01-18,107113.35732,107812.299342,0.0,456.48999,698.942022,45600.0,62212.299342,SHORT_PUT,178062.712454,120984.600122
2022-01-19,106732.673113,107812.299342,0.0,451.75,1079.626229,45600.0,62212.299342,SHORT_PUT,176299.436087,120510.601099
2022-01-20,106392.448616,107812.299342,0.0,446.75,1419.850726,45600.0,62212.299342,SHORT_PUT,174439.436087,120010.601099
2022-01-21,105692.79731,107812.299342,0.0,437.980011,2119.502031,45600.0,62212.299342,SHORT_PUT,171177.000174,119133.602197
2022-01-24,105805.404567,107812.299342,0.0,439.839996,2006.894775,45600.0,62212.299342,SHORT_PUT,171868.914725,119319.600732
2022-01-25,105358.312783,107812.299342,0.0,434.470001,2453.986559,45600.0,62212.299342,SHORT_PUT,169871.276541,118782.601221
2022-01-26,105255.515865,107812.299342,0.0,433.380005,2556.783477,45600.0,62212.299342,SHORT_PUT,169465.797903,118673.601587
2022-01-27,105069.339095,107812.299342,0.0,431.23999,2742.960246,45600.0,62212.299342,SHORT_PUT,168669.712454,118459.600122
2022-01-28,106014.162019,107812.299342,0.0,441.950012,1798.137323,45600.0,62212.299342,SHORT_PUT,172653.840628,119530.602319
2022-01-31,106735.785649,107812.299342,0.0,449.910004,1076.513693,45600.0,62212.299342,SHORT_PUT,175614.957449,120326.601465
2022-02-01,107026.807844,107812.299342,0.0,452.950012,785.491498,45600.0,62212.299342,SHORT_PUT,176745.840628,120630.602319
2022-02-02,107362.016926,107812.299342,0.0,457.350006,450.282415,45600.0,62212.299342,SHORT_PUT,178382.638357,121070.601709
2022-02-03,106690.064947,107812.299342,0.0,446.600006,1122.234394,45600.0,62212.299342,SHORT_PUT,174383.638357,119995.601709
2022-02-04,106840.802124,107812.299342,0.0,448.700012,971.497218,45600.0,62212.299342,SHORT_PUT,175164.840628,120205.602319
2022-02-07,106824.827814,107812.299342,0.0,447.26001,987.471528,45600.0,62212.299342,SHORT_PUT,174629.15972,120061.602075
2022-02-08,107168.120619,107812.299342,0.0,450.940002,644.178723,45600.0,62212.299342,SHORT_PUT,175998.116995,120429.601343
2022-02-09,107643.520007,107812.299342,0.0,457.540009,168.779335,45600.0,62212.299342,SHORT_PUT,178453.319266,121089.601953
2022-02-10,107106.952558,107812.299342,0.0,449.320007,705.346783,45600.0,62212.299342,SHORT_PUT,175395.478812,120267.601831
2022-02-11,106258.298487,62212.299342,100.0,440.459991,0.0,0.0,62212.299342,STOCK,172099.552908,119381.600244
2022-02-14,106114.298243,62212.299342,100.0,439.019989,0.0,0.0,62212.299342,STOCK,171563.872,119237.6
2022-02-15,106742.530988,62952.779502,100.0,446.100006,820.249125,0.0,62952.779502,COVERED_CALL,174197.638357,119945.601709
2022-02-16,106900.04346,62952.779502,100.0,446.600006,712.736653,0.0,62952.779502,COVERED_CALL,174383.638357,119995.601709
2022-02-17,106322.390805,62952.779502,100.0,437.059998,336.388453,0.0,62952.779502,COVERED_CALL,170834.755179,119041.600854
2022-02-18,106004.289999,62952.779502,100.0,434.230011,371.490602,0.0,62952.779502,COVERED_CALL,169782.000174,118758.602197
2022-02-22,105701.795189,62952.779502,100.0,429.570007,207.985045,0.0,62952.779502,COVERED_CALL,168048.478812,118292.601831
2022-02-23,105032.507945,62952.779502,100.0,421.950012,115.272778,0.0,62952.779502,COVERED_CALL,165213.840628,117530.602319
2022-02-24,105553.090005,62952.779502,100.0,428.299988,229.688276,0.0,62952.779502,COVERED_CALL,167576.031546,118165.599878
2022-02-25,106328.769831,62952.779502,100.0,437.75,399.009671,0.0,62952.779502,COVERED_CALL,171091.436087,119110.601099
2022-02-28,106371.837428,62952.779502,100.0,436.630005,243.942563,0.0,62952.779502,COVERED_CALL,170674.797903,118998.601587
2022-03-01,105789.3162,62952.779502,100.0,429.980011,161.4644,0.0,62952.779502,COVERED_CALL,168201.000174,118333.602197
2022-03-02,106376.242781,62952.779502,100.0,437.890015,365.538186,0.0,62952.779502,COVERED_CALL,171143.521536,119124.602563
2022-03-03,106289.280946,62952.779502,100.0,435.709991,234.497701,0.0,62952.779502,COVERED_CALL,170332.552908,118906.600244
2022-03-04,106020.292388,62952.779502,100.0,432.170013,149.488457,0.0,62952.779502,COVERED_CALL,169015.681082,118552.602441
2022-03-07,104871.487472,62952.779502,100.0,419.429993,24.291297,0.0,62952.779502,COVERED_CALL,164276.393362,117278.600366
2022-03-08,104552.120589,62952.779502,100.0,416.25,25.658913,0.0,62952.779502,COVERED_CALL,163093.436087,116960.601099
2022-03-09,105627.912833,62952.779502,100.0,427.410004,65.867036,0.0,62952.779502,COVERED_CALL,167244.957449,118076.601465
2022-03-10,105474.971134,62952.779502,100.0,425.480011,25.809467,0.0,62952.779502,COVERED_CALL,166527.000174,117883.602197
2022-03-11,104955.260971,62952.779502,100.0,420.070007,4.519264,0.0,62952.779502,COVERED_CALL,164514.478812,117342.601831
2022-03-14,104651.704023,62952.779502,100.0,417.0,1.075479,0.0,62952.779502,COVERED_CALL,163372.436087,117035.601099
2022-03-15,105568.285503,62952.779502,100.0,426.170013,1.495342,0.0,62952.779502,COVERED_CALL,166783.681082,117952.602441
2022-03-16,106512.563388,62952.779502,100.0,435.619995,2.215626,0.0,62952.779502,COVERED_CALL,170299.074271,118897.60061
2022-03-17,107058.57247,62952.779502,100.0,441.070007,1.207765,0.0,62952.779502,COVERED_CALL,172326.478812,119442.601831
2022-03-18,107541.378404,63089.379502,100.0,444.519989,0.0,0.0,63089.379502,STOCK,174118.024,119924.2
2022-03-21,107528.380967,63089.379502,100.0,444.390015,0.0,0.0,63089.379502,STOCK,174069.673536,119911.202563
2022-03-22,107985.139664,63672.829486,100.0,449.589996,646.689456,0.0,63672.829486,COVERED_CALL,176004.066725,120431.200732
2022-03-23,107642.132291,63672.829486,100.0,443.799988,410.695975,0.0,63672.829486,COVERED_CALL,173850.183546,119852.199878
2022-03-24,108071.731414,63672.829486,100.0,450.48999,650.097096,0.0,63672.829486,COVERED_CALL,176338.864454,120521.200122
2022-03-25,108294.954933,63672.829486,100.0,452.690002,646.874798,0.0,63672.829486,COVERED_CALL,177157.268995,120741.201343
2022-03-28,108557.168072,63672.829486,100.0,455.910004,706.66178,0.0,63672.829486,COVERED_CALL,178355.109449,121063.201465
2022-03-29,108880.849688,63672.829486,100.0,461.549988,946.978578,0.0,63672.829486,COVERED_CALL,180453.183546,121627.199878
2022-03-30,108803.588462,63672.829486,100.0,458.700012,739.242245,0.0,63672.829486,COVERED_CALL,179392.992628,121342.202319
2022-03-31,108418.05202,63672.829486,100.0,451.640015,418.778931,0.0,63672.829486,COVERED_CALL,176766.673536,120636.202563
2022-04-01,108470.93523,63672.829486,100.0,452.920013,493.895599,0.0,63672.829486,COVERED_CALL,177242.833082,120764.202441
2022-04-04,108775.382709,63672.829486,100.0,456.799988,577.445556,0.0,63672.829486,COVERED_CALL,178686.183546,121152.199878
2022-04-05,108483.076829,63672.829486,100.0,451.029999,292.752535,0.0,63672.829486,COVERED_CALL,176539.747633,120575.200977
2022-04-06,108109.666139,63672.829486,100.0,446.519989,215.162249,0.0,63672.829486,COVERED_CALL,174862.024,120124.2
2022-04-07,108266.379657,63672.829486,100.0,448.769989,283.448731,0.0,63672.829486,COVERED_CALL,175699.024,120349.2
2022-04-08,108210.934116,63672.829486,100.0,447.570007,218.896103,0.0,63672.829486,COVERED_CALL,175252.630812,120229.201831
2022-04-11,107617.002847,63672.829486,100.0,439.920013,47.827982,0.0,63672.829486,COVERED_CALL,172406.833082,119464.202441
2022-04-12,107448.128715,63672.829486,100.0,438.290009,53.701626,0.0,63672.829486,COVERED_CALL,171800.471266,119301.201953
2022-04-13,107910.14221,63672.829486,100.0,443.309998,93.687032,0.0,63672.829486,COVERED_CALL,173667.907179,119803.200854
2022-04-14,107434.969927,63672.829486,100.0,437.790009,16.860413,0.0,63672.829486,COVERED_CALL,171614.471266,119251.201953
2022-04-18,107466.882116,63672.829486,100.0,437.970001,2.947493,0.0,63672.829486,COVERED_CALL,171681.428541,119269.201221
2022-04-19,108168.051092,63672.829486,100.0,445.040009,8.779249,0.0,63672.829486,COVERED_CALL,174311.471266,119976.201953
2022-04-20,108141.653787,63672.829486,100.0,444.709991,2.174845,0.0,63672.829486,COVERED_CALL,174188.704908,119943.200244
2022-04-21,107477.829241,63672.829486,100.0,438.059998,1.000001,0.0,63672.829486,COVERED_CALL,171714.907179,119278.200854
2022-04-22,106276.830341,63672.829486,100.0,426.040009,0.0,0.0,63672.829486,STOCK,167243.471266,118076.201953
2022-04-25,106523.830463,63672.829486,100.0,428.51001,0.0,0.0,63672.829486,STOCK,168162.31172,118323.202075
2022-04-26,105260.459638,63868.023848,100.0,416.100006,217.56482,0.0,63868.023848,COVERED_CALL,163545.790357,117082.201709
2022-04-27,105192.149198,63868.023848,100.0,417.269989,402.873551,0.0,63868.023848,COVERED_CALL,163981.024,117199.2
2022-04-28,106039.041539,63868.023848,100.0,427.809998,609.982064,0.0,63868.023848,COVERED_CALL,167901.907179,118253.200854
2022-04-29,104879.310992,63868.023848,100.0,412.0,188.712856,0.0,63868.023848,COVERED_CALL,162020.588087,116672.201099
2022-05-02,105054.009165,63868.023848,100.0,414.480011,262.015781,0.0,63868.023848,COVERED_CALL,162943.152174,116920.202197
2022-05-03,105250.009387,63868.023848,100.0,416.380005,256.014949,0.0,63868.023848,COVERED_CALL,163649.949903,117110.201587
2022-05-04,106322.956569,63868.023848,100.0,429.059998,451.067034,0.0,63868.023848,COVERED_CALL,168366.907179,118378.200854
2022-05-05,105172.910114,63868.023848,100.0,413.809998,76.113489,0.0,63868.023848,COVERED_CALL,162693.907179,116853.200854
2022-05-06,104879.350746,63868.023848,100.0,411.339996,122.672735,0.0,63868.023848,COVERED_CALL,161775.066725,116606.200732
2022-05-09,103667.686933,63868.023848,100.0,398.170013,17.338257,0.0,63868.023848,COVERED_CALL,156875.833082,115289.202441
2022-05-10,103739.455804,63868.023848,100.0,399.089996,37.567678,0.0,63868.023848,COVERED_CALL,157218.066725,115381.200732
2022-05-11,103132.200776,63868.023848,100.0,392.75,10.823071,0.0,63868.023848,COVERED_CALL,154859.588087,114747.201099
2022-05-12,103094.527318,63868.023848,100.0,392.339996,7.496164,0.0,63868.023848,COVERED_CALL,154707.066725,114706.200732
2022-05-13,104023.165307,63868.023848,100.0,401.720001,16.858662,0.0,63868.023848,COVERED_CALL,158196.428541,115644.201221
2022-05-16,103873.857922,63868.023848,100.0,400.089996,3.165559,0.0,63868.023848,COVERED_CALL,157590.066725,115481.200732
2022-05-17,104694.176117,63868.023848,100.0,408.320007,5.848463,0.0,63868.023848,COVERED_CALL,160651.630812,116304.201831
2022-05-18,103053.004878,63868.023848,100.0,391.859985,1.017504,0.0,63868.023848,COVERED_CALL,154528.502638,114658.199634
2022-05-19,102812.96946,63868.023848,100.0,389.459991,1.053533,0.0,63868.023848,COVERED_CALL,153635.704908,114418.200244
2022-05-20,102830.017499,63868.023848,100.0,389.630005,1.006837,0.0,63868.023848,COVERED_CALL,153698.949903,114435.201587
2022-05-23,103559.024817,63868.023848,100.0,396.920013,1.000373,0.0,63868.023848,COVERED_CALL,156410.833082,115164.202441
2022-05-24,103256.025312,63868.023848,100.0,393.890015,1.0,0.0,63868.023848,COVERED_CALL,155283.673536,114861.202563
2022-05-25,103604.023359,63868.023848,100.0,397.369995,1.0,0.0,63868.023848,COVERED_CALL,156578.226271,115209.20061
2022-05-26,104398.023603,63868.023848,100.0,405.309998,1.0,0.0,63868.023848,COVERED_CALL,159531.907179,116003.200854
2022-05-27,105394.024824,63868.023848,100.0,415.26001,0.0,0.0,63868.023848,STOCK,163233.31172,116998.202075
2022-05-31,105161.023115,63868.023848,100.0,412.929993,0.0,0.0,63868.023848,STOCK,162366.545362,116765.200366
2022-06-01,104790.124911,64201.235263,100.0,409.589996,370.109985,0.0,64201.235263,COVERED_CALL,161124.066725,116431.200732
2022-06-02,105359.148574,64201.235263,100.0,417.390015,581.088154,0.0,64201.235263,COVERED_CALL,164025.673536,117211.202563
2022-06-03,104932.943666,64201.235263,100.0,410.540009,322.292451,0.0,64201.235263,COVERED_CALL,161477.471266,116526.201953
2022-06-06,105066.393271,64201.235263,100.0,411.790009,313.842846,0.0,64201.235263,COVERED_CALL,161942.471266,116651.201953
2022-06-07,105356.036678,64201.235263,100.0,415.73999,419.197608,0.0,64201.235263,COVERED_CALL,163411.864454,117046.200122
2022-06-08,105071.864365,64201.235263,100.0,411.220001,251.37102,0.0,64201.235263,COVERED_CALL,161730.428541,116594.201221
2022-06-09,104259.9618,64201.235263,100.0,401.440002,85.273707,0.0,64201.235263,COVERED_CALL,158092.268995,115616.201343
2022-06-10,103154.242549,64201.235263,100.0,389.799988,26.991493,0.0,64201.235263,COVERED_CALL,153762.183546,114452.199878
2022-06-13,101697.902561,64201.235263,100.0,375.0,3.332702,0.0,64201.235263,COVERED_CALL,148256.588087,112972.201099
2022-06-14,101578.403691,64201.235263,100.0,373.869995,9.831084,0.0,64201.235263,COVERED_CALL,147836.226271,112859.20061
2022-06-15,102109.451028,64201.235263,100.0,379.200012,11.785455,0.0,64201.235263,COVERED_CALL,149818.992628,113392.202319
2022-06-16,100864.893112,64201.235263,100.0,366.649994,1.341541,0.0,64201.235263,COVERED_CALL,145150.385816,112137.200488
2022-06-17,100943.228048,64358.935263,100.0,365.859985,1.70575,0.0,64358.935263,COVERED_CALL,145443.146638,112215.899634
2022-06-21,101864.638273,64358.935263,100.0,375.070007,1.297722,0.0,64358.935263,COVERED_CALL,148869.274812,113136.901831
2022-06-22,101796.854666,64358.935263,100.0,374.390015,1.082062,0.0,64358.935263,COVERED_CALL,148616.317536,113068.902563
2022-06-23,102163.883175,64358.935263,100.0,378.059998,1.051844,0.0,64358.935263,COVERED_CALL,149981.551179,113435.900854
2022-06-24,103365.155858,64358.935263,100.0,390.079987,1.778062,0.0,64358.935263,COVERED_CALL,154452.987092,114637.899756
2022-06-27,103216.932545,64358.935263,100.0,388.589996,1.002351,0.0,64358.935263,COVERED_CALL,153898.710725,114488.900732
2022-06-28,102422.934652,64358.935263,100.0,380.649994,1.0,0.0,64358.935263,COVERED_CALL,150945.029816,113694.900488
2022-06-29,102391.934897,64358.935263,100.0,380.339996,1.0,0.0,64358.935263,COVERED_CALL,150829.710725,113663.900732
2022-06-30,102082.935263,64358.935263,100.0,377.25,1.0,0.0,64358.935263,COVERED_CALL,149680.232087,113354.901099
2022-07-01,102482.934286,64358.935263,100.0,381.23999,0.0,0.0,64358.935263,STOCK,151164.508454,113753.900122
2022-07-05,102554.934408,64358.935263,100.0,381.959991,0.0,0.0,64358.935263,STOCK,151432.348908,113825.900244
2022-07-06,102633.682613,64819.01044,100.0,383.25,510.327827,0.0,64819.01044,COVERED_CALL,151912.232087,113954.901099
2022-07-07,103035.08557,64819.01044,100.0,388.98999,682.923893,0.0,64819.01044,COVERED_CALL,154047.508454,114528.900122
2022-07-08,103055.833768,64819.01044,100.0,388.670013,630.178015,0.0,64819.01044,COVERED_CALL,153928.477082,114496.902441
2022-07-11,102865.886537,64819.01044,100.0,384.230011,376.125001,0.0,64819.01044,COVERED_CALL,152276.796174,114052.902197
2022-07-12,102595.022481,64819.01044,100.0,380.829987,306.986616,0.0,64819.01044,COVERED_CALL,151011.987092,113712.899756
2022-07-13,102430.963157,64819.01044,100.0,378.829987,271.04594,0.0,64819.01044,COVERED_CALL,150267.987092,113512.899756
2022-07-14,102384.009268,64819.01044,100.0,377.910004,226.001538,0.0,64819.01044,COVERED_CALL,149925.753449,113420.901465
2022-07-15,102942.707053,64819.01044,100.0,385.130005,389.303875,0.0,64819.01044,COVERED_CALL,152611.593903,114142.901587
2022-07-18,102811.287266,64819.01044,100.0,381.950012,202.724394,0.0,64819.01044,COVERED_CALL,151428.636628,113824.902319
2022-07-19,103492.979654,64819.01044,100.0,392.269989,553.029687,0.0,64819.01044,COVERED_CALL,155267.668,114856.9
2022-07-20,103667.003793,64819.01044,100.0,394.769989,629.005548,0.0,64819.01044,COVERED_CALL,156197.668,115106.9
2022-07-21,103882.505349,64819.01044,100.0,398.790009,815.505945,0.0,64819.01044,COVERED_CALL,157693.115266,115508.901953
2022-07-22,103763.787033,64819.01044,100.0,395.089996,564.22304,0.0,64819.01044,COVERED_CALL,156316.710725,115138.900732
2022-07-25,103859.319688,64819.01044,100.0,395.570007,516.691484,0.0,64819.01044,COVERED_CALL,156495.274812,115186.901831
2022-07-26,103616.704725,64819.01044,100.0,390.890015,291.30718,0.0,64819.01044,COVERED_CALL,154754.317536,114718.902563
2022-07-27,104088.702953,64819.01044,100.0,401.040009,834.308341,0.0,64819.01044,COVERED_CALL,158530.115266,115733.901953
2022-07-28,104244.074876,64819.01044,100.0,406.070007,1181.936296,0.0,64819.01044,COVERED_CALL,160401.274812,116236.901831
2022-07-29,104303.711066,64819.01044,100.0,411.98999,1714.298397,0.0,64819.01044,COVERED_CALL,162603.508454,116828.900122
2022-08-01,104332.912042,64819.01044,100.0,410.769989,1563.097299,0.0,64819.01044,COVERED_CALL,162149.668,116706.9
2022-08-02,104344.085598,64819.01044,100.0,408.059998,1280.924598,0.0,64819.01044,COVERED_CALL,161141.551179,116435.900854
2022-08-03,104323.330291,64819.01044,100.0,414.450012,1940.681369,0.0,64819.01044,COVERED_CALL,163518.636628,117074.902319
2022-08-04,104326.468917,64819.01044,100.0,414.170013,1909.542865,0.0,64819.01044,COVERED_CALL,163414.477082,117046.902441
2022-08-05,104419.01044,104419.01044,0.0,413.470001,0.0,0.0,104419.01044,CASH,163154.072541,116976.901221
2022-08-08,104419.01044,104419.01044,0.0,412.98999,0.0,0.0,104419.01044,CASH,162975.508454,116928.900122
2022-08-09,104373.580039,104833.274242,0.0,411.350006,459.694203,40300.0,64533.274242,SHORT_PUT,162365.434357,116764.901709
2022-08-10,104597.577525,104833.274242,0.0,419.98999,235.696718,40300.0,64533.274242,SHORT_PUT,165579.508454,117628.900122
2022-08-11,104659.42933,104833.274242,0.0,419.98999,173.844913,40300.0,64533.274242,SHORT_PUT,165579.508454,117628.900122
2022-08-12,104749.204127,104833.274242,0.0,427.100006,84.070115,40300.0,64533.274242,SHORT_PUT,168224.434357,118339.901709
2022-08-15,104786.474988,104833.274242,0.0,428.859985,46.799254,40300.0,64533.274242,SHORT_PUT,168879.146638,118515.899634
2022-08-16,104791.110962,104833.274242,0.0,429.700012,42.16328,40300.0,64533.274242,SHORT_PUT,169191.636628,118599.902319
2022-08-17,104779.076554,104833.274242,0.0,426.649994,54.197689,40300.0,64533.274242,SHORT_PUT,168057.029816,118294.900488
2022-08-18,104789.625376,104833.274242,0.0,427.890015,43.648866,40300.0,64533.274242,SHORT_PUT,168518.317536,118418.902563
2022-08-19,104752.978241,104833.274242,0.0,422.140015,80.296001,40300.0,64533.274242,SHORT_PUT,166379.317536,117843.902563
2022-08-22,104614.770646,104833.274242,0.0,413.350006,218.503596,40300.0,64533.274242,SHORT_PUT,163109.434357,116964.901709
2022-08-23,104525.07802,104833.274242,0.0,412.350006,308.196223,40300.0,64533.274242,SHORT_PUT,162737.434357,116864.901709
2022-08-24,104570.700088,104833.274242,0.0,413.670013,262.574154,40300.0,64533.274242,SHORT_PUT,163228.477082,116996.902441
2022-08-25,104724.200806,104833.274242,0.0,419.51001,109.073437,40300.0,64533.274242,SHORT_PUT,165400.95572,117580.902075
2022-08-26,104380.145589,104833.274242,0.0,405.309998,453.128653,40300.0,64533.274242,SHORT_PUT,160118.551179,116160.900854
2022-08-29,104224.949427,104833.274242,0.0,402.630005,608.324815,40300.0,64533.274242,SHORT_PUT,159121.593903,115892.901587
2022-08-30,103976.72663,104833.274242,0.0,398.209991,856.547612,40300.0,64533.274242,SHORT_PUT,157477.348908,115450.900244
2022-08-31,103789.352342,104833.274242,0.0,395.179993,1043.921901,40300.0,64533.274242,SHORT_PUT,156350.189362,115147.900366
2022-09-01,103912.551956,104833.274242,0.0,396.420013,920.722286,40300.0,64533.274242,SHORT_PUT,156811.477082,115271.902441
2022-09-02,103606.78621,104833.274242,0.0,392.23999,1226.488033,40300.0,64533.274242,SHORT_PUT,155256.508454,114853.900122
2022-09-06,103536.340671,104833.274242,0.0,390.76001,1296.933571,40300.0,64533.274242,SHORT_PUT,154705.95572,114705.902075
2022-09-07,104209.934973,104833.274242,0.0,397.779999,623.339269,40300.0,64533.274242,SHORT_PUT,157317.391633,115407.900977
2022-09-08,104489.825532,104833.274242,0.0,400.380005,343.44871,40300.0,64533.274242,SHORT_PUT,158284.593903,115667.901587
2022-09-09,104833.274242,104833.274242,0.0,406.600006,0.0,0.0,104833.274242,CASH,160598.434357,116289.901709
2022-09-12,104833.274242,104833.274242,0.0,410.970001,0.0,0.0,104833.274242,CASH,162224.072541,116726.901221
2022-09-13,104701.954099,106063.490605,0.0,393.100006,1361.536507,40100.0,65963.490605,SHORT_PUT,155576.434357,114939.901709
2022-09-14,104683.972051,106063.490605,0.0,394.600006,1379.518554,40100.0,65963.490605,SHORT_PUT,156134.434357,115089.901709
2022-09-15,104446.548519,106063.490605,0.0,390.119995,1616.942087,40100.0,65963.490605,SHORT_PUT,154467.870271,114641.90061
2022-09-16,104121.924842,106063.490605,0.0,385.559998,1941.565763,40100.0,65963.490605,SHORT_PUT,153365.263179,114345.500854
2022-09-19,104377.796716,106063.490605,0.0,388.549988,1685.693889,40100.0,65963.490605,SHORT_PUT,154477.539546,114644.499878
2022-09-20,104066.465559,106063.490605,0.0,384.089996,1997.025047,40100.0,65963.490605,SHORT_PUT,152818.422725,114198.500732
2022-09-21,103470.172088,106063.490605,0.0,377.390015,2593.318518,40100.0,65963.490605,SHORT_PUT,150326.029536,113528.502563
2022-09-22,103174.190339,106063.490605,0.0,374.220001,2889.300267,40100.0,65963.490605,SHORT_PUT,149146.784541,113211.501221
2022-09-23,102582.817552,106063.490605,0.0,367.950012,3480.673054,40100.0,65963.490605,SHORT_PUT,146814.348628,112584.502319
2022-09-26,102210.703643,106063.490605,0.0,364.309998,3852.786962,40100.0,65963.490605,SHORT_PUT,145460.263179,112220.500854
2022-09-27,102106.720871,106063.490605,0.0,363.380005,3956.769734,40100.0,65963.490605,SHORT_PUT,145114.305903,112127.501587
2022-09-28,102815.932357,106063.490605,0.0,370.529999,3247.558249,40100.0,65963.490605,SHORT_PUT,147774.103633,112842.500977
2022-09-29,102051.441503,106063.490605,0.0,362.790009,4012.049103,40100.0,65963.490605,SHORT_PUT,144894.827266,112068.501953
2022-09-30,101462.389836,106063.490605,0.0,357.179993,4601.100769,40100.0,65963.490605,SHORT_PUT,142807.901362,111507.500366
2022-10-03,102452.539067,106063.490605,0.0,366.609985,3610.951538,40100.0,65963.490605,SHORT_PUT,146315.858638,112450.499634
2022-10-04,103611.123374,106063.490605,0.0,377.970001,2452.367231,40100.0,65963.490605,SHORT_PUT,150541.784541,113586.501221
2022-10-05,103539.129167,106063.490605,0.0,377.089996,2524.361438,40100.0,65963.490605,SHORT_PUT,150214.422725,113498.500732
2022-10-06,103144.491887,106063.490605,0.0,373.200012,2918.998718,40100.0,65963.490605,SHORT_PUT,148767.348628,113109.502319
2022-10-07,102051.441503,106063.490605,0.0,362.790009,4012.049103,40100.0,65963.490605,SHORT_PUT,144894.827266,112068.501953
2022-10-10,101760.589452,106063.490605,0.0,360.019989,4302.901154,40100.0,65963.490605,SHORT_PUT,143864.38,111791.5
2022-10-11,101521.18958,106063.490605,0.0,357.73999,4542.301025,40100.0,65963.490605,SHORT_PUT,143016.220454,111563.500122
2022-10-12,101397.290349,106063.490605,0.0,356.559998,4666.200256,40100.0,65963.490605,SHORT_PUT,142577.263179,111445.500854
2022-10-13,102385.340734,106063.490605,0.0,365.970001,3678.149872,40100.0,65963.490605,SHORT_PUT,146077.784541,112386.501221
2022-10-14,101726.491094,65963.490605,100.0,357.630005,0.0,0.0,65963.490605,STOCK,142975.305903,111552.501587
2022-10-17,102645.491338,65963.490605,100.0,366.820007,0.0,0.0,65963.490605,STOCK,146393.986812,112471.501831
2022-10-18,103012.87185,66550.548417,100.0,371.130005,650.677054,0.0,66550.548417,COVERED_CALL,147997.305903,112902.501587
2022-10-19,102885.936826,66550.548417,100.0,368.5,514.61159,0.0,66550.548417,COVERED_CALL,147018.944087,112639.501099
2022-10-20,102677.926962,66550.548417,100.0,365.410004,413.621821,0.0,66550.548417,COVERED_CALL,145869.465449,112330.501465
2022-10-21,103307.401278,66550.548417,100.0,374.290009,672.147993,0.0,66550.548417,COVERED_CALL,149172.827266,113218.501953
2022-10-24,103632.808762,66550.548417,100.0,378.869995,804.739166,0.0,66550.548417,COVERED_CALL,150876.582271,113676.50061
2022-10-25,103935.976927,66550.548417,100.0,384.920013,1106.572832,0.0,66550.548417,COVERED_CALL,153127.189082,114281.502441
2022-10-26,103871.566926,66550.548417,100.0,382.019989,880.980392,0.0,66550.548417,COVERED_CALL,152048.38,113991.5
2022-10-27,103827.815449,66550.548417,100.0,379.980011,720.734066,0.0,66550.548417,COVERED_CALL,151289.508174,113787.502197
2022-10-28,104231.365258,66550.548417,100.0,389.019989,1221.18206,0.0,66550.548417,COVERED_CALL,154652.38,114691.5
2022-10-31,104238.710631,66550.548417,100.0,386.209991,932.836931,0.0,66550.548417,COVERED_CALL,153607.060908,114410.500244
2022-11-01,104188.423495,66550.548417,100.0,384.519989,814.123823,0.0,66550.548417,COVERED_CALL,152978.38,114241.5
2022-11-02,103688.176279,66550.548417,100.0,374.869995,349.371649,0.0,66550.548417,COVERED_CALL,149388.582271,113276.50061
2022-11-03,103432.213463,66550.548417,100.0,371.01001,219.33593,0.0,66550.548417,COVERED_CALL,147952.66772,112890.502075
2022-11-04,103837.267178,66550.548417,100.0,376.350006,348.281849,0.0,66550.548417,COVERED_CALL,149939.146357,113424.501709
2022-11-07,104139.525169,66550.548417,100.0,379.950012,406.024468,0.0,66550.548417,COVERED_CALL,151278.348628,113784.502319
2022-11-08,104277.936621,66550.548417,100.0,382.0,472.611795,0.0,66550.548417,COVERED_CALL,152040.944087,113989.501099
2022-11-09,103787.457186,66550.548417,100.0,374.130005,176.091719,0.0,66550.548417,COVERED_CALL,149113.305903,113202.501587
2022-11-10,104672.073615,66550.548417,100.0,394.690002,1347.475046,0.0,66550.548417,COVERED_CALL,156761.624995,115258.501343
2022-11-11,104733.399217,66550.548417,100.0,398.51001,1668.150176,0.0,66550.548417,COVERED_CALL,158182.66772,115640.502075
2022-11-14,104768.265603,66550.548417,100.0,395.119995,1294.282325,0.0,66550.548417,COVERED_CALL,156921.582271,115301.50061
2022-11-15,104766.049145,66550.548417,100.0,398.48999,1633.498295,0.0,66550.548417,COVERED_CALL,158175.220454,115638.500122
2022-11-16,104782.365486,66550.548417,100.0,395.450012,1313.184151,0.0,66550.548417,COVERED_CALL,157044.348628,115334.502319
2022-11-17,104792.565101,66550.548417,100.0,394.23999,1181.982339,0.0,66550.548417,COVERED_CALL,156594.220454,115213.500122
2022-11-18,104850.548417,104850.548417,0.0,396.029999,0.0,0.0,104850.548417,CASH,157260.103633,115392.500977
2022-11-21,104850.548417,104850.548417,0.0,394.589996,0.0,0.0,104850.548417,CASH,156724.422725,115248.500732
2022-11-22,104822.207147,105102.465482,0.0,399.899994,280.258335,38500.0,66602.465482,SHORT_PUT,158699.741816,115779.500488
2022-11-23,104911.367723,105102.465482,0.0,402.420013,191.097759,38500.0,66602.465482,SHORT_PUT,159637.189082,116031.502441
2022-11-25,104946.379208,105102.465482,0.0,402.329987,156.086274,38500.0,66602.465482,SHORT_PUT,159603.699092,116022.499756
2022-11-28,104840.451988,105102.465482,0.0,395.910004,262.013494,38500.0,66602.465482,SHORT_PUT,157215.465449,115380.501465
2022-11-29,104786.36328,105102.465482,0.0,395.230011,316.102202,38500.0,66602.465482,SHORT_PUT,156962.508174,115312.502197
2022-11-30,105023.276974,105102.465482,0.0,407.679993,79.188508,38500.0,66602.465482,SHORT_PUT,161593.901362,116557.500366
2022-12-01,105043.592787,105102.465482,0.0,407.380005,58.872694,38500.0,66602.465482,SHORT_PUT,161482.305903,116527.501587
2022-12-02,105053.598939,105102.465482,0.0,406.910004,48.866543,38500.0,66602.465482,SHORT_PUT,161307.465449,116480.501465
2022-12-05,105010.621422,105102.465482,0.0,399.589996,91.84406,38500.0,66602.465482,SHORT_PUT,158584.422725,115748.500732
2022-12-06,104875.857357,105102.465482,0.0,393.829987,226.608125,38500.0,66602.465482,SHORT_PUT,156441.699092,115172.499756
2022-12-07,104839.193563,105102.465482,0.0,393.160004,263.271919,38500.0,66602.465482,SHORT_PUT,156192.465449,115105.501465
2022-12-08,104920.797685,105102.465482,0.0,396.23999,181.667797,38500.0,66602.465482,SHORT_PUT,157338.220454,115413.500122
2022-12-09,104871.694983,105102.465482,0.0,393.279999,230.770499,38500.0,66602.465482,SHORT_PUT,156237.103633,115117.500977
2022-12-12,105019.218853,105102.465482,0.0,398.950012,83.246629,38500.0,66602.465482,SHORT_PUT,158346.348628,115684.502319
2022-12-13,105042.212963,105102.465482,0.0,401.970001,60.252519,38500.0,66602.465482,SHORT_PUT,159469.784541,115986.501221
2022-12-14,105050.404926,105102.465482,0.0,399.399994,52.060556,38500.0,66602.465482,SHORT_PUT,158513.741816,115729.500488
2022-12-15,104898.075367,105102.465482,0.0,389.630005,204.390115,38500.0,66602.465482,SHORT_PUT,154879.305903,114752.501587
2022-12-16,104604.674392,105102.465482,0.0,383.269989,497.79109,38500.0,66602.465482,SHORT_PUT,153175.912,114294.6
2022-12-19,104471.73896,105102.465482,0.0,380.019989,630.726522,38500.0,66602.465482,SHORT_PUT,151966.912,113969.6
2022-12-20,104546.858736,105102.465482,0.0,380.540009,555.606746,38500.0,66602.465482,SHORT_PUT,152160.359266,114021.601953
2022-12-21,104956.353953,105102.465482,0.0,386.230011,146.111529,38500.0,66602.465482,SHORT_PUT,154277.040174,114590.602197
2022-12-22,104640.03903,105102.465482,0.0,380.720001,462.426451,38500.0,66602.465482,SHORT_PUT,152227.316541,114039.601221
2022-12-23,104893.465848,66602.465482,100.0,382.910004,0.0,0.0,66602.465482,STOCK,153041.997449,114258.601465
2022-12-27,104742.464871,66602.465482,100.0,381.399994,0.0,0.0,66602.465482,STOCK,152480.273816,114107.600488
2022-12-28,104243.180656,66825.349809,100.0,376.660004,248.169519,0.0,66825.349809,COVERED_CALL,150716.997449,113633.601465
2022-12-29,104716.600797,66825.349809,100.0,383.440002,452.749256,0.0,66825.349809,COVERED_CALL,153239.156995,114311.601343
2022-12-30,104686.151434,66825.349809,100.0,382.429993,382.197642,0.0,66825.349809,COVERED_CALL,152863.433362,114210.600366
2023-01-03,104618.673348,66825.349809,100.0,380.820007,288.677193,0.0,66825.349809,COVERED_CALL,152264.518812,114049.601831
2023-01-04,104797.896812,66825.349809,100.0,383.76001,403.453973,0.0,66825.349809,COVERED_CALL,153358.19972,114343.602075
2023-01-05,104529.358698,66825.349809,100.0,379.380005,233.991599,0.0,66825.349809,COVERED_CALL,151728.837903,113905.601587
2023-01-06,105103.771877,66825.349809,100.0,388.079987,529.576589,0.0,66825.349809,COVERED_CALL,154965.231092,114775.599756
2023-01-09,105180.862686,66825.349809,100.0,387.859985,430.485658,0.0,66825.349809,COVERED_CALL,154883.390638,114753.599634
2023-01-10,105321.776272,66825.349809,100.0,390.579987,561.572194,0.0,66825.349809,COVERED_CALL,155895.231092,115025.599756
2023-01-11,105590.629248,66825.349809,100.0,395.519989,786.719462,0.0,66825.349809,COVERED_CALL,157732.912,115519.6
2023-01-12,105643.431089,66825.349809,100.0,396.959991,877.917865,0.0,66825.349809,COVERED_CALL,158268.592908,115663.600244
2023-01-13,105756.479183,66825.349809,100.0,398.5,918.870626,0.0,66825.349809,COVERED_CALL,158841.476087,115817.601099
2023-01-17,105794.882043,66825.349809,100.0,397.769989,807.466667,0.0,66825.349809,COVERED_CALL,158569.912,115744.6
2023-01-18,105594.793895,66825.349809,100.0,391.48999,379.554937,0.0,66825.349809,COVERED_CALL,156233.752454,115116.600122
2023-01-19,105442.612321,66825.349809,100.0,388.640015,246.738952,0.0,66825.349809,COVERED_CALL,155173.561536,114831.602563
2023-01-20,105792.825006,66825.349809,100.0,395.880005,620.525291,0.0,66825.349809,COVERED_CALL,157866.837903,115555.601587
2023-01-23,105945.807986,66825.349809,100.0,400.630005,942.542311,0.0,66825.349809,COVERED_CALL,159633.837903,116030.601587
2023-01-24,105960.005287,66825.349809,100.0,400.200012,885.345743,0.0,66825.349809,COVERED_CALL,159473.880628,115987.602319
2023-01-25,105974.684819,66825.349809,100.0,400.350006,885.6656,0.0,66825.349809,COVERED_CALL,159529.678357,116002.601709
2023-01-26,105960.052685,66825.349809,100.0,404.75,1340.297124,0.0,66825.349809,COVERED_CALL,161166.476087,116442.601099
2023-01-27,106025.349809,106025.349809,0.0,405.679993,0.0,0.0,106025.349809,CASH,161512.433362,116535.600366
2023-01-30,106025.349809,106025.349809,0.0,400.589996,0.0,0.0,106025.349809,CASH,159618.954725,116026.600732
2023-01-31,106001.683102,106232.858518,0.0,406.480011,231.175415,39200.0,67032.858518,SHORT_PUT,161810.040174,116615.602197
2023-02-01,106099.18651,106232.858518,0.0,410.799988,133.672007,39200.0,67032.858518,SHORT_PUT,163417.071546,117047.599878
2023-02-02,106188.262917,106232.858518,0.0,416.779999,44.595601,39200.0,67032.858518,SHORT_PUT,165641.635633,117645.600977
2023-02-03,106143.828573,106232.858518,0.0,412.350006,89.029944,39200.0,67032.858518,SHORT_PUT,163993.678357,117202.601709
2023-02-06,106139.619556,106232.858518,0.0,409.829987,93.238961,39200.0,67032.858518,SHORT_PUT,163056.231092,116950.599756
2023-02-07,106179.501322,106232.858518,0.0,415.190002,53.357196,39200.0,67032.858518,SHORT_PUT,165050.156995,117486.601343
2023-02-08,106155.619551,106232.858518,0.0,410.649994,77.238967,39200.0,67032.858518,SHORT_PUT,163361.273816,117032.600488
2023-02-09,106098.977591,106232.858518,0.0,407.089996,133.880927,39200.0,67032.858518,SHORT_PUT,162036.954725,116676.600732
2023-02-10,106101.791447,106232.858518,0.0,408.040009,131.06707,39200.0,67032.858518,SHORT_PUT,162390.359266,116771.601953
2023-02-13,106181.12892,106232.858518,0.0,412.829987,51.729598,39200.0,67032.858518,SHORT_PUT,164172.231092,117250.599756
2023-02-14,106187.501781,106232.858518,0.0,412.640015,45.356737,39200.0,67032.858518,SHORT_PUT,164101.561536,117231.602563
2023-02-15,106210.822996,106232.858518,0.0,413.980011,22.035522,39200.0,67032.858518,SHORT_PUT,164600.040174,117365.602197
2023-02-16,106187.046829,106232.858518,0.0,408.279999,45.811689,39200.0,67032.858518,SHORT_PUT,162479.635633,116795.600977
2023-02-17,106162.438902,106232.858518,0.0,407.26001,70.419616,39200.0,67032.858518,SHORT_PUT,162100.19972,116693.602075
2023-02-21,106052.106043,106232.858518,0.0,399.089996,180.752475,39200.0,67032.858518,SHORT_PUT,159060.954725,115876.600732
2023-02-22,106027.94399,106232.858518,0.0,398.540009,204.914528,39200.0,67032.858518,SHORT_PUT,158856.359266,115821.601953
2023-02-23,106109.81065,106232.858518,0.0,400.660004,123.047867,39200.0,67032.858518,SHORT_PUT,159644.997449,116033.601465
2023-02-24,106037.019496,106232.858518,0.0,396.380005,195.839022,39200.0,67032.858518,SHORT_PUT,158052.837903,115605.601587
2023-02-27,106143.721842,106232.858518,0.0,397.730011,89.136676,39200.0,67032.858518,SHORT_PUT,158555.040174,115740.602197
2023-02-28,106145.887987,106232.858518,0.0,396.26001,86.97053,39200.0,67032.858518,SHORT_PUT,158008.19972,115593.602075
2023-03-01,106143.874752,106232.858518,0.0,394.73999,88.983766,39200.0,67032.858518,SHORT_PUT,157442.752454,115441.600122
2023-03-02,106225.811019,106232.858518,0.0,397.809998,7.047499,39200.0,67032.858518,SHORT_PUT,158584.795179,115748.600854
2023-03-03,106232.858518,106232.858518,0.0,404.190002,0.0,0.0,106232.858518,CASH,160958.156995,116386.601343
2023-03-06,106232.858518,106232.858518,0.0,404.470001,0.0,0.0,106232.858518,CASH,161062.316541,116414.601221
2023-03-07,106176.507646,106750.866799,0.0,398.269989,574.359153,39600.0,67150.866799,SHORT_PUT,158755.912,115794.6
2023-03-08,106179.744532,106750.866799,0.0,398.920013,571.122266,39600.0,67150.866799,SHORT_PUT,158997.721082,115859.602441
2023-03-09,105823.332861,106750.866799,0.0,391.559998,927.533938,39600.0,67150.866799,SHORT_PUT,156259.795179,115123.600854
2023-03-10,105338.923657,106750.866799,0.0,385.910004,1411.943142,39600.0,67150.866799,SHORT_PUT,154157.997449,114558.601465
2023-03-13,105271.298093,106750.866799,0.0,385.359985,1479.568706,39600.0,67150.866799,SHORT_PUT,153953.390638,114503.599634
2023-03-14,105652.061712,106750.866799,0.0,391.730011,1098.805087,39600.0,67150.866799,SHORT_PUT,156323.040174,115140.602197
2023-03-15,105604.12346,106750.866799,0.0,389.279999,1146.743339,39600.0,67150.866799,SHORT_PUT,155411.635633,114895.600977
2023-03-16,105941.909625,106750.866799,0.0,396.109985,808.957174,39600.0,67150.866799,SHORT_PUT,157952.390638,115578.599634
2023-03-17,105703.920672,106750.866799,0.0,389.98999,1046.946127,39600.0,67150.866799,SHORT_PUT,156235.984454,115117.200122
2023-03-20,105909.154509,106750.866799,0.0,393.73999,841.71229,39600.0,67150.866799,SHORT_PUT,157630.984454,115492.200122
2023-03-21,106230.339416,106750.866799,0.0,398.910004,520.527383,39600.0,67150.866799,SHORT_PUT,159554.229449,116009.201465
2023-03-22,105966.333569,106750.866799,0.0,392.109985,784.53323,39600.0,67150.866799,SHORT_PUT,157024.622638,115329.199634
2023-03-23,106026.793756,106750.866799,0.0,393.170013,724.073043,39600.0,67150.866799,SHORT_PUT,157418.953082,115435.202441
2023-03-24,106182.20487,106750.866799,0.0,395.75,568.661929,39600.0,67150.866799,SHORT_PUT,158378.708087,115693.201099
2023-03-27,106306.114561,106750.866799,0.0,396.48999,444.752238,39600.0,67150.866799,SHORT_PUT,158653.984454,115767.200122
2023-03-28,106307.960867,106750.866799,0.0,395.600006,442.905932,39600.0,67150.866799,SHORT_PUT,158322.910357,115678.201709
2023-03-29,106578.480216,106750.866799,0.0,401.350006,172.386583,39600.0,67150.866799,SHORT_PUT,160461.910357,116253.201709
2023-03-30,106665.094559,106750.866799,0.0,403.700012,85.77224,39600.0,67150.866799,SHORT_PUT,161336.112628,116488.202319
2023-03-31,106736.070571,106750.866799,0.0,409.390015,14.796228,39600.0,67150.866799,SHORT_PUT,163452.793536,117057.202563
2023-04-03,106749.359911,106750.866799,0.0,410.950012,1.506888,39600.0,67150.866799,SHORT_PUT,164033.112628,117213.202319
2023-04-04,106749.605194,106750.866799,0.0,408.670013,1.261605,39600.0,67150.866799,SHORT_PUT,163184.953082,116985.202441
2023-04-05,106749.855912,106750.866799,0.0,407.600006,1.010887,39600.0,67150.866799,SHORT_PUT,162786.910357,116878.201709
2023-04-06,106750.866799,106750.866799,0.0,409.190002,0.0,0.0,106750.866799,CASH,163378.388995,117037.201343
2023-04-10,106750.866799,106750.866799,0.0,409.609985,0.0,0.0,106750.866799,CASH,163534.622638,117079.199634
2023-04-11,106714.583176,107078.236212,0.0,409.720001,363.653035,40100.0,66978.236212,SHORT_PUT,163575.548541,117090.201221
2023-04-12,106665.838956,107078.236212,0.0,408.049988,412.397255,40100.0,66978.236212,SHORT_PUT,162954.303546,116923.199878
2023-04-13,106832.066491,107078.236212,0.0,413.470001,246.169721,40100.0,66978.236212,SHORT_PUT,164970.548541,117465.201221
2023-04-14,106854.824818,107078.236212,0.0,412.459991,223.411394,40100.0,66978.236212,SHORT_PUT,164594.824908,117364.200244
2023-04-17,106929.419694,107078.236212,0.0,413.940002,148.816518,40100.0,66978.236212,SHORT_PUT,165145.388995,117512.201343
2023-04-18,106944.584562,107078.236212,0.0,414.209991,133.65165,40100.0,66978.236212,SHORT_PUT,165245.824908,117539.200244
2023-04-19,106953.474688,107078.236212,0.0,414.140015,124.761524,40100.0,66978.236212,SHORT_PUT,165219.793536,117532.202563
2023-04-20,106928.085665,107078.236212,0.0,411.880005,150.150547,40100.0,66978.236212,SHORT_PUT,164379.069903,117306.201587
2023-04-21,106926.832724,107078.236212,0.0,412.200012,151.403488,40100.0,66978.236212,SHORT_PUT,164498.112628,117338.202319
2023-04-24,106968.941877,107078.236212,0.0,412.630005,109.294335,40100.0,66978.236212,SHORT_PUT,164658.069903,117381.201587
2023-04-25,106816.384641,107078.236212,0.0,406.079987,261.85157,40100.0,66978.236212,SHORT_PUT,162221.463092,116726.199756
2023-04-26,106716.646173,107078.236212,0.0,404.359985,361.590039,40100.0,66978.236212,SHORT_PUT,161581.622638,116554.199634
2023-04-27,106956.009938,107078.236212,0.0,412.410004,122.226273,40100.0,66978.236212,SHORT_PUT,164576.229449,117359.201465
2023-04-28,107035.449156,107078.236212,0.0,415.929993,42.787056,40100.0,66978.236212,SHORT_PUT,165885.665362,117711.200366
2023-05-01,107058.424612,107078.236212,0.0,415.51001,19.8116,40100.0,66978.236212,SHORT_PUT,165729.43172,117669.202075
2023-05-02,107022.721083,107078.236212,0.0,410.839996,55.515129,40100.0,66978.236212,SHORT_PUT,163992.186725,117202.200732
2023-05-03,106962.810809,107078.236212,0.0,408.019989,115.425402,40100.0,66978.236212,SHORT_PUT,162943.144,116920.2
2023-05-04,106892.509236,107078.236212,0.0,405.130005,185.726976,40100.0,66978.236212,SHORT_PUT,161868.069903,116631.201587
2023-05-05,107034.665475,107078.236212,0.0,412.630005,43.570736,40100.0,66978.236212,SHORT_PUT,164658.069903,117381.201587
2023-05-08,107072.465618,107078.236212,0.0,412.73999,5.770594,40100.0,66978.236212,SHORT_PUT,164698.984454,117392.200122
2023-05-09,107072.945055,107078.236212,0.0,410.929993,5.291157,40100.0,66978.236212,SHORT_PUT,164025.665362,117211.200366
2023-05-10,107076.893996,107078.236212,0.0,412.850006,1.342215,40100.0,66978.236212,SHORT_PUT,164739.910357,117403.201709
2023-05-11,107077.232496,107078.236212,0.0,412.130005,1.003716,40100.0,66978.236212,SHORT_PUT,164472.069903,117331.201587
2023-05-12,107078.236212,107078.236212,0.0,411.589996,0.0,0.0,107078.236212,CASH,164271.186725,117277.200732
2023-05-15,107078.236212,107078.236212,0.0,413.01001,0.0,0.0,107078.236212,CASH,164799.43172,117419.202075
2023-05-16,107036.488406,107457.515365,0.0,410.25,421.026959,40500.0,66957.515365,SHORT_PUT,163772.708087,117143.201099
2023-05-17,107174.161809,107457.515365,0.0,415.230011,283.353557,40500.0,66957.515365,SHORT_PUT,165625.272174,117641.202197
2023-05-18,107303.690956,107457.515365,0.0,419.230011,153.824409,40500.0,66957.515365,SHORT_PUT,167113.272174,118041.202197
2023-05-19,107320.012402,107457.515365,0.0,418.619995,137.502964,40500.0,66957.515365,SHORT_PUT,166886.346271,117980.20061
2023-05-22,107325.952951,107457.515365,0.0,418.790009,131.562414,40500.0,66957.515365,SHORT_PUT,166949.591266,117997.201953
2023-05-23,107224.299624,107457.515365,0.0,414.089996,233.215741,40500.0,66957.515365,SHORT_PUT,165201.186725,117527.200732
2023-05-24,107104.466334,107457.515365,0.0,411.089996,353.049031,40500.0,66957.515365,SHORT_PUT,164085.186725,117227.200732
2023-05-25,107181.781703,107457.515365,0.0,414.649994,275.733662,40500.0,66957.515365,SHORT_PUT,165409.505816,117583.200488
2023-05-26,107328.695838,107457.515365,0.0,420.019989,128.819528,40500.0,66957.515365,SHORT_PUT,167407.144,118120.2
2023-05-30,107390.600693,107457.515365,0.0,420.179993,66.914673,40500.0,66957.515365,SHORT_PUT,167466.665362,118136.200366
2023-05-31,107369.200081,107457.515365,0.0,417.850006,88.315284,40500.0,66957.515365,SHORT_PUT,166599.910357,117903.201709
2023-06-01,107413.17727,107457.515365,0.0,421.820007,44.338096,40500.0,66957.515365,SHORT_PUT,168076.750812,118300.201831
2023-06-02,107452.416509,107457.515365,0.0,427.920013,5.098856,40500.0,66957.515365,SHORT_PUT,170345.953082,118910.202441
2023-06-05,107455.438673,107457.515365,0.0,427.100006,2.076692,40500.0,66957.515365,SHORT_PUT,170040.910357,118828.201709
2023-06-06,107456.004915,107457.515365,0.0,428.029999,1.51045,40500.0,66957.515365,SHORT_PUT,170386.867633,118921.200977
2023-06-07,107456.213673,107457.515365,0.0,426.549988,1.301692,40500.0,66957.515365,SHORT_PUT,169836.303546,118773.199878
2023-06-08,107456.478954,107457.515365,0.0,429.130005,1.036411,40500.0,66957.515365,SHORT_PUT,170796.069903,119031.201587
2023-06-09,107456.510092,107457.515365,0.0,429.899994,1.005273,40500.0,66957.515365,SHORT_PUT,171082.505816,119108.200488
2023-06-12,107456.515365,107457.515365,0.0,433.799988,1.0,40500.0,66957.515365,SHORT_PUT,172533.303546,119498.199878
2023-06-13,107456.515365,107457.515365,0.0,436.660004,1.0,40500.0,66957.515365,SHORT_PUT,173597.229449,119784.201465
2023-06-14,107456.515365,107457.515365,0.0,437.179993,1.0,40500.0,66957.515365,SHORT_PUT,173790.665362,119836.200366
2023-06-15,107456.515365,107457.515365,0.0,442.600006,1.0,40500.0,66957.515365,SHORT_PUT,175806.910357,120378.201709
2023-06-16,107457.515365,107457.515365,0.0,439.459991,0.0,0.0,107457.515365,CASH,175248.160908,120228.000244
2023-06-20,107457.515365,107457.515365,0.0,437.179993,0.0,0.0,107457.515365,CASH,174400.001362,120000.000366
2023-06-21,107424.095302,107757.680969,0.0,434.940002,333.585668,43000.0,64757.680969,SHORT_PUT,173566.724995,119776.001343
2023-06-22,107508.582499,107757.680969,0.0,436.51001,249.098471,43000.0,64757.680969,SHORT_PUT,174150.76772,119933.002075
2023-06-23,107412.668811,107757.680969,0.0,433.209991,345.012159,43000.0,64757.680969,SHORT_PUT,172923.160908,119603.000244
2023-06-26,107343.286641,107757.680969,0.0,431.440002,414.394329,43000.0,64757.680969,SHORT_PUT,172264.724995,119426.001343
2023-06-27,107503.595483,107757.680969,0.0,436.170013,254.085486,43000.0,64757.680969,SHORT_PUT,174024.289082,119899.002441
2023-06-28,107535.435159,107757.680969,0.0,436.390015,222.245811,43000.0,64757.680969,SHORT_PUT,174106.129536,119921.002563
2023-06-29,107598.248461,107757.680969,0.0,438.109985,159.432508,43000.0,64757.680969,SHORT_PUT,174745.958638,120092.999634
2023-06-30,107691.515007,107757.680969,0.0,443.279999,66.165963,43000.0,64757.680969,SHORT_PUT,176669.203633,120610.000977
2023-07-03,107711.322526,107757.680969,0.0,443.790009,46.358443,43000.0,64757.680969,SHORT_PUT,176858.927266,120661.001953
2023-07-05,107713.772955,107757.680969,0.0,443.130005,43.908014,43000.0,64757.680969,SHORT_PUT,176613.405903,120595.001587
2023-07-06,107669.186126,107757.680969,0.0,439.660004,88.494844,43000.0,64757.680969,SHORT_PUT,175322.565449,120248.001465
2023-07-07,107633.836356,107757.680969,0.0,438.549988,123.844614,43000.0,64757.680969,SHORT_PUT,174909.639546,120136.999878
2023-07-10,107693.309454,107757.680969,0.0,439.660004,64.371515,43000.0,64757.680969,SHORT_PUT,175322.565449,120248.001465
2023-07-11,107727.8634,107757.680969,0.0,442.459991,29.817569,43000.0,64757.680969,SHORT_PUT,176364.160908,120528.000244
2023-07-12,107749.417894,107757.680969,0.0,446.019989,8.263076,43000.0,64757.680969,SHORT_PUT,177688.48,120884.0
2023-07-13,107756.135485,107757.680969,0.0,449.559998,1.545485,43000.0,64757.680969,SHORT_PUT,179005.363179,121238.000854
2023-07-14,107756.355931,107757.680969,0.0,449.279999,1.325039,43000.0,64757.680969,SHORT_PUT,178901.203633,121210.000977
2023-07-17,107756.67985,107757.680969,0.0,450.839996,1.00112,43000.0,64757.680969,SHORT_PUT,179481.522725,121366.000732
2023-07-18,107756.680969,107757.680969,0.0,454.190002,1.000001,43000.0,64757.680969,SHORT_PUT,180727.724995,121701.001343
2023-07-19,107756.680969,107757.680969,0.0,455.200012,1.0,43000.0,64757.680969,SHORT_PUT,181103.448628,121802.002319
2023-07-20,107756.680969,107757.680969,0.0,452.179993,1.0,43000.0,64757.680969,SHORT_PUT,179980.001362,121500.000366
2023-07-21,107757.680969,107757.680969,0.0,452.179993,0.0,0.0,107757.680969,CASH,179980.001362,121500.000366
2023-07-24,107757.680969,107757.680969,0.0,454.200012,0.0,0.0,107757.680969,CASH,180731.448628,121702.002319
2023-07-25,107732.10144,107983.361499,0.0,455.440002,251.260059,44700.0,63283.361499,SHORT_PUT,181192.724995,121826.001343
2023-07-26,107743.458243,107983.361499,0.0,455.51001,239.903256,44700.0,63283.361499,SHORT_PUT,181218.76772,121833.002075
2023-07-27,107684.85761,107983.361499,0.0,452.48999,298.503889,44700.0,63283.361499,SHORT_PUT,180095.320454,121531.000122
2023-07-28,107776.233895,107983.361499,0.0,456.920013,207.127603,44700.0,63283.361499,SHORT_PUT,181743.289082,121974.002441
2023-07-31,107848.781305,107983.361499,0.0,457.790009,134.580194,44700.0,63283.361499,SHORT_PUT,182066.927266,122061.001953
2023-08-01,107820.685133,107983.361499,0.0,456.480011,162.676366,44700.0,63283.361499,SHORT_PUT,181579.608174,121930.002197
2023-08-02,107624.711947,107983.361499,0.0,450.130005,358.649552,44700.0,63283.361499,SHORT_PUT,179217.405903,121295.001587
2023-08-03,107502.146412,107983.361499,0.0,448.839996,481.215086,44700.0,63283.361499,SHORT_PUT,178737.522725,121166.000732
2023-08-04,107423.0576,107983.361499,0.0,446.809998,560.303899,44700.0,63283.361499,SHORT_PUT,177982.363179,120963.000854
2023-08-07,107600.270452,107983.361499,0.0,450.709991,383.091046,44700.0,63283.361499,SHORT_PUT,179433.160908,121353.000244
2023-08-08,107574.509559,107983.361499,0.0,448.75,408.85194,44700.0,63283.361499,SHORT_PUT,178704.044087,121157.001099
2023-08-09,107431.824481,107983.361499,0.0,445.75,551.537017,44700.0,63283.361499,SHORT_PUT,177588.044087,120857.001099
2023-08-10,107456.197154,107983.361499,0.0,445.910004,527.164344,44700.0,63283.361499,SHORT_PUT,177647.565449,120873.001465
2023-08-11,107460.247694,107983.361499,0.0,445.649994,523.113805,44700.0,63283.361499,SHORT_PUT,177550.841816,120847.000488
2023-08-14,107662.42286,107983.361499,0.0,448.109985,320.938638,44700.0,63283.361499,SHORT_PUT,178465.958638,121092.999634
2023-08-15,107375.808667,107983.361499,0.0,442.890015,607.552831,44700.0,63283.361499,SHORT_PUT,176524.129536,120571.002563
2023-08-16,107109.735851,107983.361499,0.0,439.640015,873.625647,44700.0,63283.361499,SHORT_PUT,175315.129536,120246.002563
2023-08-17,106823.474517,107983.361499,0.0,436.290009,1159.886982,44700.0,63283.361499,SHORT_PUT,174068.927266,119911.001953
2023-08-18,106841.538619,107983.361499,0.0,436.5,1141.822879,44700.0,63283.361499,SHORT_PUT,174147.044087,119932.001099
2023-08-21,107147.678762,107983.361499,0.0,439.339996,835.682736,44700.0,63283.361499,SHORT_PUT,175203.522725,120216.000732
2023-08-22,107046.640444,107983.361499,0.0,438.149994,936.721055,44700.0,63283.361499,SHORT_PUT,174760.841816,120097.000488
2023-08-23,107521.479852,107983.361499,0.0,443.029999,461.881647,44700.0,63283.361499,SHORT_PUT,176576.203633,120585.000977
2023-08-24,106921.813037,107983.361499,0.0,436.890015,1061.548462,44700.0,63283.361499,SHORT_PUT,174292.129536,119971.002563
2023-08-25,107280.361621,63283.361499,100.0,439.970001,0.0,0.0,63283.361499,STOCK,175437.884541,120279.001221
2023-08-28,107559.362475,63283.361499,100.0,442.76001,0.0,0.0,63283.361499,STOCK,176475.76772,120558.002075
2023-08-29,108145.254717,63780.054399,100.0,449.160004,550.800048,0.0,63780.054399,COVERED_CALL,178856.565449,121198.001465
2023-08-30,108276.953579,63780.054399,100.0,451.01001,604.101797,0.0,63780.054399,COVERED_CALL,179544.76772,121383.002075
2023-08-31,108280.102015,63780.054399,100.0,450.350006,534.952994,0.0,63780.054399,COVERED_CALL,179299.246357,121317.001709
2023-09-01,108345.416175,63780.054399,100.0,451.190002,553.638468,0.0,63780.054399,COVERED_CALL,179611.724995,121401.001343
2023-09-05,108281.622672,63780.054399,100.0,449.23999,422.430751,0.0,63780.054399,COVERED_CALL,178886.320454,121206.000122
2023-09-06,108107.034664,63780.054399,100.0,446.220001,295.019857,0.0,63780.054399,COVERED_CALL,177762.884541,120904.001221
2023-09-07,108012.920752,63780.054399,100.0,444.850006,252.134257,0.0,63780.054399,COVERED_CALL,177253.246357,120767.001709
2023-09-08,108071.091389,63780.054399,100.0,445.519989,260.961911,0.0,63780.054399,COVERED_CALL,177502.48,120834.0
2023-09-11,108310.826729,63780.054399,100.0,448.450012,314.228891,0.0,63780.054399,COVERED_CALL,178592.448628,121127.002319
2023-09-12,108167.862911,63780.054399,100.0,445.98999,211.190511,0.0,63780.054399,COVERED_CALL,177677.320454,120881.000122
2023-09-13,108203.454545,63780.054399,100.0,446.51001,227.600831,0.0,63780.054399,COVERED_CALL,177870.76772,120933.002075
2023-09-14,108470.433099,63780.054399,100.0,450.359985,345.619835,0.0,63780.054399,COVERED_CALL,179302.958638,121317.999634
2023-09-15,108185.731319,63938.354399,100.0,443.369995,89.622592,0.0,63938.354399,COVERED_CALL,177291.558271,120777.30061
2023-09-18,108220.124471,63938.354399,100.0,443.630005,81.230417,0.0,63938.354399,COVERED_CALL,177388.281903,120803.301587
2023-09-19,108149.355097,63938.354399,100.0,442.709991,59.998447,0.0,63938.354399,COVERED_CALL,177046.036908,120711.300244
2023-09-20,107785.8942,63938.354399,100.0,438.640015,16.461664,0.0,63938.354399,COVERED_CALL,175532.005536,120304.302563
2023-09-21,107075.137483,63938.354399,100.0,431.390015,2.218381,0.0,63938.354399,COVERED_CALL,172835.005536,119579.302563
2023-09-22,106977.653543,63938.354399,100.0,430.420013,2.702199,0.0,63938.354399,COVERED_CALL,172474.165082,119482.302441
2023-09-25,107160.181364,63938.354399,100.0,432.230011,1.174134,0.0,63938.354399,COVERED_CALL,173147.484174,119663.302197
2023-09-26,106525.354822,63938.354399,100.0,425.880005,1.000065,0.0,63938.354399,COVERED_CALL,170785.281903,119028.301587
2023-09-27,106542.353172,63938.354399,100.0,426.049988,1.000006,0.0,63938.354399,COVERED_CALL,170848.515546,119045.299878
2023-09-28,106789.3533,63938.354399,100.0,428.519989,1.0,0.0,63938.354399,COVERED_CALL,171767.356,119292.3
2023-09-29,106686.355498,63938.354399,100.0,427.480011,0.0,0.0,63938.354399,STOCK,171380.484174,119188.302197
2023-10-02,106669.354155,63938.354399,100.0,427.309998,0.0,0.0,63938.354399,STOCK,171317.239179,119171.300854
2023-10-03,106078.00589,64104.836752,100.0,421.589996,185.830496,0.0,64104.836752,COVERED_CALL,169189.398725,118599.300732
2023-10-04,106255.133812,64104.836752,100.0,424.660004,315.703306,0.0,64104.836752,COVERED_CALL,170331.441449,118906.301465
2023-10-05,106293.100011,64104.836752,100.0,424.5,261.736741,0.0,64104.836752,COVERED_CALL,170271.920087,118890.301099
2023-10-06,106660.03698,64104.836752,100.0,429.540009,398.800627,0.0,64104.836752,COVERED_CALL,172146.803266,119394.301953
2023-10-09,106908.906525,64104.836752,100.0,432.290009,424.931082,0.0,64104.836752,COVERED_CALL,173169.803266,119669.301953
2023-10-10,107043.115821,64104.836752,100.0,434.540009,515.721786,0.0,64104.836752,COVERED_CALL,174006.803266,119894.301953
2023-10-11,107175.622462,64104.836752,100.0,436.320007,561.215023,0.0,64104.836752,COVERED_CALL,174668.962812,120072.301831
2023-10-12,107078.016811,64104.836752,100.0,433.660004,392.820308,0.0,64104.836752,COVERED_CALL,173679.441449,119806.301465
2023-10-13,106938.060379,64104.836752,100.0,431.5,316.776373,0.0,64104.836752,COVERED_CALL,172875.920087,119590.301099
2023-10-16,107163.422198,64104.836752,100.0,436.040009,545.415409,0.0,64104.836752,COVERED_CALL,174564.803266,120044.301953
2023-10-17,107246.745046,64104.836752,100.0,436.019989,460.090607,0.0,64104.836752,COVERED_CALL,174557.356,120042.3
2023-10-18,106887.171833,64104.836752,100.0,430.209991,238.664064,0.0,64104.836752,COVERED_CALL,172396.036908,119461.300244
2023-10-19,106589.412376,64104.836752,100.0,426.429993,158.423643,0.0,64104.836752,COVERED_CALL,170989.877362,119083.300366
2023-10-20,106130.081893,64104.836752,100.0,421.190002,93.755103,0.0,64104.836752,COVERED_CALL,169040.600995,118559.301343
2023-10-23,106094.220362,64104.836752,100.0,420.459991,56.615535,0.0,64104.836752,COVERED_CALL,168769.036908,118486.300244
2023-10-24,106402.465487,64104.836752,100.0,423.630005,65.371753,0.0,64104.836752,COVERED_CALL,169948.281903,118803.301587
2023-10-25,105849.984317,64104.836752,100.0,417.549988,9.851214,0.0,64104.836752,COVERED_CALL,167686.515546,118195.299878
2023-10-26,105356.736465,64104.836752,100.0,412.549988,3.099066,0.0,64104.836752,COVERED_CALL,165826.515546,117695.299878
2023-10-27,105171.094792,64104.836752,100.0,410.679993,1.741227,0.0,64104.836752,COVERED_CALL,165130.877362,117508.300366
2023-10-30,105662.477631,64104.836752,100.0,415.589996,1.358755,0.0,64104.836752,COVERED_CALL,166957.398725,117999.300732
2023-10-31,105923.733038,64104.836752,100.0,418.200012,1.104935,0.0,64104.836752,COVERED_CALL,167928.324628,118260.302319
2023-11-01,106369.780794,64104.836752,100.0,422.660004,1.056324,0.0,64104.836752,COVERED_CALL,169587.441449,118706.301465
2023-11-02,107178.879328,64104.836752,100.0,430.76001,1.9584,0.0,64104.836752,COVERED_CALL,172600.64372,119516.302075
2023-11-03,107573.836996,64104.836752,100.0,434.690002,0.0,0.0,64104.836752,STOCK,174062.600995,119909.301343
2023-11-06,107673.836996,64104.836752,100.0,435.690002,0.0,0.0,64104.836752,STOCK,174434.600995,120009.301343
2023-11-07,107765.510125,64394.607752,100.0,436.929993,322.096895,0.0,64394.607752,COVERED_CALL,174895.877362,120133.300366
2023-11-08,107799.564638,64394.607752,100.0,437.25,320.043114,0.0,64394.607752,COVERED_CALL,175014.920087,120165.301099
2023-11-09,107579.265076,64394.607752,100.0,433.839996,199.342311,0.0,64394.607752,COVERED_CALL,173746.398725,119824.300732
2023-11-10,108010.821005,64394.607752,100.0,440.609985,444.785282,0.0,64394.607752,COVERED_CALL,176264.834638,120501.299634
2023-11-13,108062.537659,64394.607752,100.0,440.190002,351.070338,0.0,64394.607752,COVERED_CALL,176108.600995,120459.301343
2023-11-14,108455.959137,64394.607752,100.0,448.730011,811.649714,0.0,64394.607752,COVERED_CALL,179285.484174,121313.302197
2023-11-15,108519.786844,64394.607752,100.0,449.679993,842.820176,0.0,64394.607752,COVERED_CALL,179638.877362,121408.300366
2023-11-16,108547.315434,64394.607752,100.0,450.230011,870.293417,0.0,64394.607752,COVERED_CALL,179843.484174,121463.302197
2023-11-17,108570.350873,64394.607752,100.0,450.790009,903.257734,0.0,64394.607752,COVERED_CALL,180051.803266,121519.301953
2023-11-20,108690.852794,64394.607752,100.0,454.26001,1129.755935,0.0,64394.607752,COVERED_CALL,181342.64372,121866.302075
2023-11-21,108694.752623,64394.607752,100.0,453.269989,1026.854031,0.0,64394.607752,COVERED_CALL,180974.356,121767.3
2023-11-22,108729.573823,64394.607752,100.0,455.019989,1167.032831,0.0,64394.607752,COVERED_CALL,181625.356,121942.3
2023-11-24,108759.225653,64394.607752,100.0,455.299988,1165.380879,0.0,64394.607752,COVERED_CALL,181729.515546,121970.299878
2023-11-27,108783.839484,64394.607752,100.0,454.480011,1058.769367,0.0,64394.607752,COVERED_CALL,181424.484174,121888.302197
2023-11-28,108792.073618,64394.607752,100.0,454.929993,1095.533402,0.0,64394.607752,COVERED_CALL,181591.877362,121933.300366
2023-11-29,108799.024127,64394.607752,100.0,454.609985,1056.58216,0.0,64394.607752,COVERED_CALL,181472.834638,121901.299634
2023-11-30,108807.551668,64394.607752,100.0,456.399994,1227.055474,0.0,64394.607752,COVERED_CALL,182138.717816,122080.300488
2023-12-01,108807.098546,64394.607752,100.0,459.100006,1497.509817,0.0,64394.607752,COVERED_CALL,183143.122357,122350.301709
2023-12-04,108827.139841,64394.607752,100.0,456.690002,1236.468155,0.0,64394.607752,COVERED_CALL,182246.600995,122109.301343
2023-12-05,108830.266347,64394.607752,100.0,456.600006,1224.342016,0.0,64394.607752,COVERED_CALL,182213.122357,122100.301709
2023-12-06,108841.635165,64394.607752,100.0,454.76001,1028.973564,0.0,64394.607752,COVERED_CALL,181528.64372,121916.302075
2023-12-07,108826.503856,64394.607752,100.0,458.230011,1391.104995,0.0,64394.607752,COVERED_CALL,182819.484174,122263.302197
2023-12-08,108894.607752,108894.607752,0.0,460.200012,0.0,0.0,108894.607752,CASH,183552.324628,122460.302319
2023-12-11,108894.607752,108894.607752,0.0,461.98999,0.0,0.0,108894.607752,CASH,184218.196454,122639.300122
2023-12-12,108871.736057,109094.563857,0.0,464.100006,222.8278,45600.0,63494.563857,SHORT_PUT,185003.122357,122850.301709
2023-12-13,109015.739279,109094.563857,0.0,470.5,78.824578,45600.0,63494.563857,SHORT_PUT,187383.920087,123490.301099
2023-12-14,109033.979339,109094.563857,0.0,472.01001,60.584518,45600.0,63494.563857,SHORT_PUT,187945.64372,123641.302075
2023-12-15,109000.153391,109094.563857,0.0,469.329987,94.410467,45600.0,63494.563857,SHORT_PUT,187657.707092,123563.899756
2023-12-18,109045.7122,109094.563857,0.0,471.970001,48.851657,45600.0,63494.563857,SHORT_PUT,188639.792541,123827.901221
2023-12-19,109066.164698,109094.563857,0.0,474.839996,28.399159,45600.0,63494.563857,SHORT_PUT,189707.430725,124114.900732
2023-12-20,109009.996965,109094.563857,0.0,468.26001,84.566892,45600.0,63494.563857,SHORT_PUT,187259.67572,123456.902075
2023-12-21,109043.960282,109094.563857,0.0,472.700012,50.603575,45600.0,63494.563857,SHORT_PUT,188911.356628,123900.902319
2023-12-22,109055.849679,109094.563857,0.0,473.649994,38.714179,45600.0,63494.563857,SHORT_PUT,189264.749816,123995.900488
2023-12-26,109082.247809,109094.563857,0.0,475.649994,12.316048,45600.0,63494.563857,SHORT_PUT,190008.749816,124195.900488
2023-12-27,109086.137656,109094.563857,0.0,476.51001,8.426201,45600.0,63494.563857,SHORT_PUT,190328.67572,124281.902075
2023-12-28,109089.400255,109094.563857,0.0,476.690002,5.163602,45600.0,63494.563857,SHORT_PUT,190395.632995,124299.901343
2023-12-29,109088.511265,109094.563857,0.0,475.309998,6.052592,45600.0,63494.563857,SHORT_PUT,189882.271179,124161.900854
2024-01-02,109089.847077,109094.563857,0.0,472.649994,4.71678,45600.0,63494.563857,SHORT_PUT,188892.749816,123895.900488
2024-01-03,109079.273358,109094.563857,0.0,468.790009,15.290499,45600.0,63494.563857,SHORT_PUT,187456.835266,123509.901953
2024-01-04,109070.434123,109094.563857,0.0,467.279999,24.129734,45600.0,63494.563857,SHORT_PUT,186895.111633,123358.900977
2024-01-05,109079.271231,109094.563857,0.0,467.920013,15.292626,45600.0,63494.563857,SHORT_PUT,187133.197082,123422.902441
2024-01-08,109093.542796,109094.563857,0.0,474.600006,1.021061,45600.0,63494.563857,SHORT_PUT,189618.154357,124090.901709
2024-01-09,109093.561533,109094.563857,0.0,473.880005,1.002324,45600.0,63494.563857,SHORT_PUT,189350.313903,124018.901587
2024-01-10,109093.563857,109094.563857,0.0,476.559998,1.0,45600.0,63494.563857,SHORT_PUT,190347.271179,124286.900854
2024-01-11,109093.563857,109094.563857,0.0,476.350006,1.0,45600.0,63494.563857,SHORT_PUT,190269.154357,124265.901709
2024-01-12,109094.563857,109094.563857,0.0,476.679993,0.0,0.0,109094.563857,CASH,190391.909362,124298.900366
2024-01-16,109094.563857,109094.563857,0.0,474.929993,0.0,0.0,109094.563857,CASH,189740.909362,124123.900366
2024-01-17,109054.804014,109454.957369,0.0,472.290009,400.153355,46800.0,62654.957369,SHORT_PUT,188758.835266,123859.901953
2024-01-18,109166.012861,109454.957369,0.0,476.48999,288.944508,46800.0,62654.957369,SHORT_PUT,190321.228454,124279.900122
2024-01-19,109327.337419,109454.957369,0.0,482.429993,127.61995,46800.0,62654.957369,SHORT_PUT,192530.909362,124873.900366
2024-01-22,109378.066056,109454.957369,0.0,483.450012,76.891313,46800.0,62654.957369,SHORT_PUT,192910.356628,124975.902319
2024-01-23,109399.399529,109454.957369,0.0,484.859985,55.55784,46800.0,62654.957369,SHORT_PUT,193434.866638,125116.899634
2024-01-24,109417.061917,109454.957369,0.0,485.390015,37.895451,46800.0,62654.957369,SHORT_PUT,193632.037536,125169.902563
2024-01-25,109429.028131,109454.957369,0.0,488.029999,25.929238,46800.0,62654.957369,SHORT_PUT,194614.111633,125433.900977
2024-01-26,109425.692672,109454.957369,0.0,487.410004,29.264697,46800.0,62654.957369,SHORT_PUT,194383.473449,125371.901465
2024-01-29,109446.54197,109454.957369,0.0,491.269989,8.415398,46800.0,62654.957369,SHORT_PUT,195819.388,125757.9
2024-01-30,109445.982197,109454.957369,0.0,490.890015,8.975172,46800.0,62654.957369,SHORT_PUT,195678.037536,125719.902563
2024-01-31,109417.353581,109454.957369,0.0,482.880005,37.603788,46800.0,62654.957369,SHORT_PUT,192698.313903,124918.901587
2024-02-01,109442.657015,109454.957369,0.0,489.200012,12.300353,46800.0,62654.957369,SHORT_PUT,195049.356628,125550.902319
2024-02-02,109452.152801,109454.957369,0.0,494.350006,2.804568,46800.0,62654.957369,SHORT_PUT,196965.154357,126065.901709
2024-02-05,109452.926764,109454.957369,0.0,492.549988,2.030605,46800.0,62654.957369,SHORT_PUT,196295.547546,125885.899878
2024-02-06,109453.63618,109454.957369,0.0,493.980011,1.321188,46800.0,62654.957369,SHORT_PUT,196827.516174,126028.902197
2024-02-07,109453.945214,109454.957369,0.0,498.100006,1.012155,46800.0,62654.957369,SHORT_PUT,198360.154357,126440.901709
2024-02-08,109453.954763,109454.957369,0.0,498.320007,1.002606,46800.0,62654.957369,SHORT_PUT,198441.994812,126462.901831
2024-02-09,109453.957292,109454.957369,0.0,501.200012,1.000077,46800.0,62654.957369,SHORT_PUT,199513.356628,126750.902319
2024-02-12,109453.957369,109454.957369,0.0,500.980011,1.0,46800.0,62654.957369,SHORT_PUT,199431.516174,126728.902197
2024-02-13,109453.957366,109454.957369,0.0,494.079987,1.000003,46800.0,62654.957369,SHORT_PUT,196864.707092,126038.899756
2024-02-14,109453.957369,109454.957369,0.0,498.570007,1.0,46800.0,62654.957369,SHORT_PUT,198534.994812,126487.901831
2024-02-15,109453.957369,109454.957369,0.0,502.01001,1.0,46800.0,62654.957369,SHORT_PUT,199814.67572,126831.902075
2024-02-16,109454.957369,109454.957369,0.0,499.51001,0.0,0.0,109454.957369,CASH,198884.67572,126581.902075
2024-02-20,109454.957369,109454.957369,0.0,496.76001,0.0,0.0,109454.957369,CASH,197861.67572,126306.902075
2024-02-21,109419.384655,109775.573151,0.0,497.209991,356.188496,48900.0,60875.573151,SHORT_PUT,198029.068908,126351.900244
2024-02-22,109654.498362,109775.573151,0.0,507.5,121.074788,48900.0,60875.573151,SHORT_PUT,201856.952087,127380.901099
2024-02-23,109683.904161,109775.573151,0.0,507.850006,91.66899,48900.0,60875.573151,SHORT_PUT,201987.154357,127415.901709
2024-02-26,109695.857532,109775.573151,0.0,505.98999,79.715618,48900.0,60875.573151,SHORT_PUT,201295.228454,127229.900122
2024-02-27,109710.97133,109775.573151,0.0,506.929993,64.601821,48900.0,60875.573151,SHORT_PUT,201644.909362,127323.900366
2024-02-28,109714.933858,109775.573151,0.0,506.26001,60.639293,48900.0,60875.573151,SHORT_PUT,201395.67572,127256.902075
2024-02-29,109728.492375,109775.573151,0.0,508.079987,47.080776,48900.0,60875.573151,SHORT_PUT,202072.707092,127438.899756
2024-03-01,109759.980194,109775.573151,0.0,512.849976,15.592956,48900.0,60875.573151,SHORT_PUT,203847.143005,127915.898657
2024-03-04,109765.568438,109775.573151,0.0,512.299988,10.004713,48900.0,60875.573151,SHORT_PUT,203642.547546,127860.899878
2024-03-05,109747.390655,109775.573151,0.0,507.179993,28.182496,48900.0,60875.573151,SHORT_PUT,201737.909362,127348.900366
2024-03-06,109754.864404,109775.573151,0.0,509.75,20.708746,48900.0,60875.573151,SHORT_PUT,202693.952087,127605.901099
2024-03-07,109769.084704,109775.573151,0.0,514.809998,6.488447,48900.0,60875.573151,SHORT_PUT,204576.271179,128111.900854
2024-03-08,109765.868698,109775.573151,0.0,511.720001,9.704453,48900.0,60875.573151,SHORT_PUT,203426.792541,127802.901221
2024-03-11,109769.596781,109775.573151,0.0,511.279999,5.976369,48900.0,60875.573151,SHORT_PUT,203263.111633,127758.900977
2024-03-12,109773.70635,109775.573151,0.0,516.780029,1.866801,48900.0,60875.573151,SHORT_PUT,205309.122985,128308.904028
2024-03-13,109774.350006,109775.573151,0.0,515.969971,1.223145,48900.0,60875.573151,SHORT_PUT,205007.781188,128227.898169
2024-03-14,109774.42083,109775.573151,0.0,514.950012,1.152321,48900.0,60875.573151,SHORT_PUT,204628.356628,128125.902319
2024-03-15,109773.532259,109775.573151,0.0,509.829987,2.040892,48900.0,60875.573151,SHORT_PUT,203317.047092,127773.399756
2024-03-18,109774.568005,109775.573151,0.0,512.859985,1.005146,48900.0,60875.573151,SHORT_PUT,204444.206638,128076.399634
2024-03-19,109774.573137,109775.573151,0.0,515.710022,1.000014,48900.0,60875.573151,SHORT_PUT,205504.420261,128361.403296
2024-03-20,109774.573151,109775.573151,0.0,520.47998,1.0,48900.0,60875.573151,SHORT_PUT,207278.844821,128838.399146
2024-03-21,109774.573151,109775.573151,0.0,522.200012,1.0,48900.0,60875.573151,SHORT_PUT,207918.696628,129010.402319
2024-03-22,109775.573151,109775.573151,0.0,521.210022,0.0,0.0,109775.573151,CASH,207550.420261,128911.403296
2024-03-25,109775.573151,109775.573151,0.0,519.77002,0.0,0.0,109775.573151,CASH,207014.739353,128767.403052
2024-03-26,109741.485852,110082.077493,0.0,518.809998,340.591641,51200.0,58882.077493,SHORT_PUT,206657.611179,128671.400854
2024-03-27,109868.565439,110082.077493,0.0,523.169983,213.512054,51200.0,58882.077493,SHORT_PUT,208279.525729,129107.39939
2024-03-28,109890.681086,110082.077493,0.0,523.070007,191.396407,51200.0,58882.077493,SHORT_PUT,208242.334812,129097.401831
2024-04-01,109893.202141,110082.077493,0.0,522.159973,188.875352,51200.0,58882.077493,SHORT_PUT,207903.802097,129006.398413
2024-04-02,109789.331879,110082.077493,0.0,518.840027,292.745614,51200.0,58882.077493,SHORT_PUT,206668.782077,128674.403784
2024-04-03,109780.986628,110082.077493,0.0,519.409973,301.090865,51200.0,58882.077493,SHORT_PUT,206880.802097,128731.398413
2024-04-04,109558.657539,110082.077493,0.0,513.070007,523.419954,51200.0,58882.077493,SHORT_PUT,204522.334812,128097.401831
2024-04-05,109708.030927,110082.077493,0.0,518.429993,374.046566,51200.0,58882.077493,SHORT_PUT,206516.249362,128633.400366
2024-04-08,109771.571053,110082.077493,0.0,518.719971,310.50644,51200.0,58882.077493,SHORT_PUT,206624.121188,128662.398169
2024-04-09,109831.565739,110082.077493,0.0,519.320007,250.511754,51200.0,58882.077493,SHORT_PUT,206847.334812,128722.401831
2024-04-10,109664.516922,110082.077493,0.0,514.119995,417.560571,51200.0,58882.077493,SHORT_PUT,204912.930271,128202.40061
2024-04-11,109800.420905,110082.077493,0.0,518.0,281.656588,51200.0,58882.077493,SHORT_PUT,206356.292087,128590.401099
2024-04-12,109538.070636,110082.077493,0.0,510.850006,544.006857,51200.0,58882.077493,SHORT_PUT,203696.494357,127875.401709
2024-04-15,109099.571313,110082.077493,0.0,504.450012,982.50618,51200.0,58882.077493,SHORT_PUT,201315.696628,127235.402319
2024-04-16,109002.275893,110082.077493,0.0,503.529999,1079.8016,51200.0,58882.077493,SHORT_PUT,200973.451633,127143.400977
2024-04-17,108792.090762,110082.077493,0.0,500.549988,1289.986731,51200.0,58882.077493,SHORT_PUT,199864.887546,126845.399878
2024-04-18,108717.18545,110082.077493,0.0,499.519989,1364.892043,51200.0,58882.077493,SHORT_PUT,199481.728,126742.4
2024-04-19,108310.210294,110082.077493,0.0,495.160004,1771.867199,51200.0,58882.077493,SHORT_PUT,197859.813449,126306.401465
2024-04-22,108780.187886,110082.077493,0.0,499.720001,1301.889607,51200.0,58882.077493,SHORT_PUT,199556.132541,126762.401221
2024-04-23,109368.520943,110082.077493,0.0,505.649994,713.55655,51200.0,58882.077493,SHORT_PUT,201762.089816,127355.400488
2024-04-24,109376.269602,110082.077493,0.0,505.410004,705.807891,51200.0,58882.077493,SHORT_PUT,201672.813449,127331.401465
2024-04-25,109188.526468,110082.077493,0.0,503.48999,893.551025,51200.0,58882.077493,SHORT_PUT,200958.568454,127139.400122
2024-04-26,109708.07847,58882.077493,100.0,508.26001,0.0,0.0,58882.077493,STOCK,202733.01572,127616.402075
2024-04-29,109888.077249,58882.077493,100.0,510.059998,0.0,0.0,58882.077493,STOCK,203402.611179,127796.400854
2024-04-30,109065.103043,59007.020206,100.0,501.980011,139.918262,0.0,59007.020206,COVERED_CALL,200396.856174,126988.402197
2024-05-01,108907.253665,59007.020206,100.0,500.350006,134.767151,0.0,59007.020206,COVERED_CALL,199790.494357,126825.401709
2024-05-02,109308.190502,59007.020206,100.0,505.029999,201.829582,0.0,59007.020206,COVERED_CALL,201531.451633,127293.400977
2024-05-03,109808.672822,59007.020206,100.0,511.290009,327.348239,0.0,59007.020206,COVERED_CALL,203860.175266,127919.401953
2024-05-06,110231.179329,59007.020206,100.0,516.570007,432.841609,0.0,59007.020206,COVERED_CALL,205824.334812,128447.401831
2024-05-07,110276.553334,59007.020206,100.0,517.140015,444.468337,0.0,59007.020206,COVERED_CALL,206036.377536,128504.402563
2024-05-08,110303.721156,59007.020206,100.0,517.190002,422.299295,0.0,59007.020206,COVERED_CALL,206054.972995,128509.401343
2024-05-09,110483.375666,59007.020206,100.0,520.169983,540.642832,0.0,59007.020206,COVERED_CALL,207163.525729,128807.39939
2024-05-10,110541.682853,59007.020206,100.0,520.840027,549.340039,0.0,59007.020206,COVERED_CALL,207412.782077,128874.403784
2024-05-13,110593.467355,59007.020206,100.0,520.909973,504.550166,0.0,59007.020206,COVERED_CALL,207438.802097,128881.398413
2024-05-14,110669.002186,59007.020206,100.0,523.299988,668.0168,0.0,59007.020206,COVERED_CALL,208327.887546,129120.399878
2024-05-15,110867.482307,59007.020206,100.0,529.780029,1117.540829,0.0,59007.020206,COVERED_CALL,210738.462985,129768.404028
2024-05-16,110887.022256,59007.020206,100.0,528.690002,988.998195,0.0,59007.020206,COVERED_CALL,210332.972995,129659.401343
2024-05-17,110913.332507,59007.020206,100.0,529.450012,1038.68892,0.0,59007.020206,COVERED_CALL,210615.696628,129735.402319
2024-05-20,110966.301471,59007.020206,100.0,530.059998,1046.718491,0.0,59007.020206,COVERED_CALL,210842.611179,129796.400854
2024-05-21,110985.031088,59007.020206,100.0,531.359985,1157.987653,0.0,59007.020206,COVERED_CALL,211326.206638,129926.399634
2024-05-22,110989.441922,59007.020206,100.0,529.830017,1000.579993,0.0,59007.020206,COVERED_CALL,210757.058444,129773.402808
2024-05-23,110942.845318,59007.020206,100.0,525.960022,660.177085,0.0,59007.020206,COVERED_CALL,209317.420261,129386.403296
2024-05-24,110999.438667,59007.020206,100.0,529.440002,951.581784,0.0,59007.020206,COVERED_CALL,210611.972995,129734.401343
2024-05-28,111049.626302,59007.020206,100.0,529.809998,938.39366,0.0,59007.020206,COVERED_CALL,210749.611179,129771.400854
2024-05-29,111056.627926,59007.020206,100.0,526.099976,560.389839,0.0,59007.020206,COVERED_CALL,209369.483005,129400.398657
2024-05-30,111033.978298,59007.020206,100.0,522.609985,234.040443,0.0,59007.020206,COVERED_CALL,208071.206638,129051.399634
2024-05-31,111107.020206,111107.020206,0.0,527.369995,0.0,0.0,111107.020206,CASH,209841.930271,129527.40061
2024-06-03,111107.020206,111107.020206,0.0,527.799988,0.0,0.0,111107.020206,CASH,210001.887546,129570.399878
2024-06-04,111077.131221,111373.640563,0.0,528.390015,296.509342,52000.0,59373.640563,SHORT_PUT,210221.377536,129629.402563
2024-06-05,111226.212753,111373.640563,0.0,534.669983,147.42781,52000.0,59373.640563,SHORT_PUT,212557.525729,130257.39939
2024-06-06,111248.577771,111373.640563,0.0,534.659973,125.062792,52000.0,59373.640563,SHORT_PUT,212553.802097,130256.398413
2024-06-07,111245.784505,111373.640563,0.0,534.01001,127.856058,52000.0,59373.640563,SHORT_PUT,212312.01572,130191.402075
2024-06-10,111295.240242,111373.640563,0.0,535.659973,78.400321,52000.0,59373.640563,SHORT_PUT,212925.802097,130356.398413
2024-06-11,111303.585535,111373.640563,0.0,536.950012,70.055028,52000.0,59373.640563,SHORT_PUT,213405.696628,130485.402319
2024-06-12,111340.482648,111373.640563,0.0,541.359985,33.157915,52000.0,59373.640563,SHORT_PUT,215046.206638,130926.399634
2024-06-13,111356.136806,111373.640563,0.0,542.450012,17.503757,52000.0,59373.640563,SHORT_PUT,215451.696628,131035.402319
2024-06-14,111359.735107,111373.640563,0.0,542.780029,13.905456,52000.0,59373.640563,SHORT_PUT,215574.462985,131068.404028
2024-06-17,111368.219332,111373.640563,0.0,547.099976,5.421231,52000.0,59373.640563,SHORT_PUT,217181.483005,131500.398657
2024-06-18,111370.03409,111373.640563,0.0,548.48999,3.606473,52000.0,59373.640563,SHORT_PUT,217698.568454,131639.400122
2024-06-20,111370.750879,111373.640563,0.0,547.0,2.889684,52000.0,59373.640563,SHORT_PUT,217144.292087,131490.401099
2024-06-21,111367.979518,111373.640563,0.0,544.51001,5.661045,52000.0,59373.640563,SHORT_PUT,216872.36372,131417.302075
2024-06-24,111369.686224,111373.640563,0.0,542.73999,3.954339,52000.0,59373.640563,SHORT_PUT,216213.916454,131240.300122
2024-06-25,111371.541567,111373.640563,0.0,544.830017,2.098996,52000.0,59373.640563,SHORT_PUT,216991.406444,131449.302808
2024-06-26,111372.307588,111373.640563,0.0,545.51001,1.332975,52000.0,59373.640563,SHORT_PUT,217244.36372,131517.302075
2024-06-27,111372.558507,111373.640563,0.0,546.369995,1.082056,52000.0,59373.640563,SHORT_PUT,217564.278271,131603.30061
2024-06-28,111372.573525,111373.640563,0.0,544.219971,1.067038,52000.0,59373.640563,SHORT_PUT,216764.469188,131388.298169
2024-07-01,111372.64031,111373.640563,0.0,545.340027,1.000253,52000.0,59373.640563,SHORT_PUT,217181.130077,131500.303784
2024-07-02,111372.640563,111373.640563,0.0,549.01001,1.0,52000.0,59373.640563,SHORT_PUT,218546.36372,131867.302075
2024-07-03,111372.640563,111373.640563,0.0,551.460022,1.0,52000.0,59373.640563,SHORT_PUT,219457.768261,132112.303296
2024-07-05,111373.640563,111373.640563,0.0,554.640015,0.0,0.0,111373.640563,CASH,220640.725536,132430.302563
2024-07-08,111373.640563,111373.640563,0.0,555.280029,0.0,0.0,111373.640563,CASH,220878.810985,132494.304028
2024-07-09,111342.63955,111650.825191,0.0,555.820007,308.185641,54800.0,56850.825191,SHORT_PUT,221079.682812,132548.301831
2024-07-10,111479.506584,111650.825191,0.0,561.320007,171.318606,54800.0,56850.825191,SHORT_PUT,223125.682812,133098.301831
2024-07-11,111358.029313,111650.825191,0.0,556.47998,292.795877,54800.0,56850.825191,SHORT_PUT,221325.192821,132614.299146
2024-07-12,111452.220121,111650.825191,0.0,559.98999,198.605069,54800.0,56850.825191,SHORT_PUT,222630.916454,132965.300122
2024-07-15,111519.929525,111650.825191,0.0,561.530029,130.895666,54800.0,56850.825191,SHORT_PUT,223203.810985,133119.304028
2024-07-16,111557.073004,111650.825191,0.0,564.859985,93.752187,54800.0,56850.825191,SHORT_PUT,224442.554638,133452.299634
2024-07-17,111413.791994,111650.825191,0.0,556.940002,237.033197,54800.0,56850.825191,SHORT_PUT,221496.320995,132660.301343
2024-07-18,111234.756362,111650.825191,0.0,552.659973,416.068828,54800.0,56850.825191,SHORT_PUT,219904.150097,132232.298413
2024-07-19,111027.463131,111650.825191,0.0,548.98999,623.36206,54800.0,56850.825191,SHORT_PUT,218538.916454,131865.300122
2024-07-22,111282.901236,111650.825191,0.0,554.650024,367.923955,54800.0,56850.825191,SHORT_PUT,220644.449169,132431.30354
2024-07-23,111327.898083,111650.825191,0.0,553.780029,322.927107,54800.0,56850.825191,SHORT_PUT,220320.810985,132344.304028
2024-07-24,110694.223259,111650.825191,0.0,541.22998,956.601932,54800.0,56850.825191,SHORT_PUT,215652.192821,131089.299146
2024-07-25,110394.519573,111650.825191,0.0,538.409973,1256.305618,54800.0,56850.825191,SHORT_PUT,214603.150097,130807.298413
2024-07-26,110808.379557,111650.825191,0.0,544.440002,842.445634,54800.0,56850.825191,SHORT_PUT,216846.320995,131410.301343
2024-07-29,110960.663205,111650.825191,0.0,544.76001,690.161985,54800.0,56850.825191,SHORT_PUT,216965.36372,131442.302075
2024-07-30,110791.672253,111650.825191,0.0,542.0,859.152938,54800.0,56850.825191,SHORT_PUT,215938.640087,131166.301099
2024-07-31,111283.655372,111650.825191,0.0,550.809998,367.169818,54800.0,56850.825191,SHORT_PUT,219215.959179,132047.300854
2024-08-01,110912.958618,111650.825191,0.0,543.01001,737.866572,54800.0,56850.825191,SHORT_PUT,216314.36372,131267.302075
2024-08-02,110036.136402,111650.825191,0.0,532.900024,1614.688789,54800.0,56850.825191,SHORT_PUT,212553.449169,130256.30354
2024-08-05,108435.725703,111650.825191,0.0,517.380005,3215.099487,54800.0,56850.825191,SHORT_PUT,206780.001903,128704.301587
2024-08-06,108917.609508,111650.825191,0.0,522.150024,2733.215683,54800.0,56850.825191,SHORT_PUT,208554.449169,129181.30354
2024-08-07,108570.122371,111650.825191,0.0,518.659973,3080.70282,54800.0,56850.825191,SHORT_PUT,207256.150097,128832.298413
2024-08-08,109829.077754,111650.825191,0.0,530.650024,1821.747437,54800.0,56850.825191,SHORT_PUT,211716.449169,130031.30354
2024-08-09,110149.824214,56850.825191,100.0,532.98999,0.0,0.0,56850.825191,STOCK,212586.916454,130265.300122
2024-08-12,110177.827144,56850.825191,100.0,533.27002,0.0,0.0,56850.825191,STOCK,212691.087353,130293.303052
2024-08-13,110972.157478,57618.822587,100.0,542.039978,850.662912,0.0,57618.822587,COVERED_CALL,215953.511913,131170.298901
2024-08-14,111216.071569,57618.822587,100.0,543.75,777.751018,0.0,57618.822587,COVERED_CALL,216589.640087,131341.301099
2024-08-15,111744.585961,57618.822587,100.0,553.070007,1181.237358,0.0,57618.822587,COVERED_CALL,220056.682812,132273.301831
2024-08-16,111846.92264,57618.822587,100.0,554.309998,1202.899702,0.0,57618.822587,COVERED_CALL,220517.959179,132397.300854
2024-08-19,112042.001997,57618.822587,100.0,559.609985,1537.819125,0.0,57618.822587,COVERED_CALL,222489.554638,132927.299634
2024-08-20,112042.427122,57618.822587,100.0,558.700012,1446.396686,0.0,57618.822587,COVERED_CALL,222151.044628,132836.302319
2024-08-21,112048.955468,57618.822587,100.0,560.619995,1631.866631,0.0,57618.822587,COVERED_CALL,222865.278271,133028.30061
2024-08-22,111950.510205,57618.822587,100.0,556.219971,1290.309452,0.0,57618.822587,COVERED_CALL,221228.469188,132588.298169
2024-08-23,112049.303738,57618.822587,100.0,562.130005,1782.519338,0.0,57618.822587,COVERED_CALL,223427.001903,133179.301587
2024-08-26,112124.989009,57618.822587,100.0,560.789978,1572.831381,0.0,57618.822587,COVERED_CALL,222928.511913,133045.298901
2024-08-27,112143.131895,57618.822587,100.0,561.559998,1631.690448,0.0,57618.822587,COVERED_CALL,223214.959179,133122.300854
2024-08-28,112126.562191,57618.822587,100.0,558.299988,1322.259175,0.0,57618.822587,COVERED_CALL,222002.235546,132796.299878
2024-08-29,112095.863359,57618.822587,100.0,558.349976,1357.956787,0.0,57618.822587,COVERED_CALL,222020.831005,132801.298657
2024-08-30,112218.220932,57618.822587,100.0,563.679993,1768.600923,0.0,57618.822587,COVERED_CALL,224003.597362,133334.300366
2024-09-03,112089.947602,57618.822587,100.0,552.080017,736.876694,0.0,57618.822587,COVERED_CALL,219688.406444,132174.302808
2024-09-04,111932.920994,57618.822587,100.0,550.950012,780.902814,0.0,57618.822587,COVERED_CALL,219268.044628,132061.302319
2024-09-05,111899.032573,57618.822587,100.0,549.609985,680.788549,0.0,57618.822587,COVERED_CALL,218769.554638,131927.299634
2024-09-06,111449.782096,57618.822587,100.0,540.359985,205.039026,0.0,57618.822587,COVERED_CALL,215328.554638,131002.299634
2024-09-09,111903.807581,57618.822587,100.0,546.409973,356.01232,0.0,57618.822587,COVERED_CALL,217579.150097,131607.298413
2024-09-10,112126.184017,57618.822587,100.0,548.789978,371.636372,0.0,57618.822587,COVERED_CALL,218464.511913,131845.298901
2024-09-11,112330.724828,57618.822587,100.0,554.419983,730.09605,0.0,57618.822587,COVERED_CALL,220558.873729,132408.29939
2024-09-12,112360.188563,57618.822587,100.0,559.090027,1167.636709,0.0,57618.822587,COVERED_CALL,222296.130077,132875.303784
2024-09-13,112418.822587,112418.822587,0.0,562.01001,0.0,0.0,112418.822587,CASH,223382.36372,133167.302075
2024-09-16,112418.822587,112418.822587,0.0,562.840027,0.0,0.0,112418.822587,CASH,223691.130077,133250.303784
2024-09-17,112372.834086,112838.388348,0.0,563.070007,465.554263,55300.0,57538.388348,SHORT_PUT,223776.682812,133273.301831
2024-09-18,112307.146217,112838.388348,0.0,561.400024,531.242131,55300.0,57538.388348,SHORT_PUT,223155.449169,133106.30354
2024-09-19,112556.551069,112838.388348,0.0,570.97998,281.83728,55300.0,57538.388348,SHORT_PUT,226719.192821,134064.299146
2024-09-20,112580.930882,112838.388348,0.0,568.25,257.457466,55300.0,57538.388348,SHORT_PUT,226353.152087,133965.901099
2024-09-23,112643.684219,112838.388348,0.0,569.669983,194.704129,55300.0,57538.388348,SHORT_PUT,226881.385729,134107.89939
2024-09-24,112688.576988,112838.388348,0.0,571.299988,149.811361,55300.0,57538.388348,SHORT_PUT,227487.747546,134270.899878
2024-09-25,112691.958158,112838.388348,0.0,570.039978,146.43019,55300.0,57538.388348,SHORT_PUT,227019.023913,134144.898901
2024-09-26,112731.625583,112838.388348,0.0,572.299988,106.762765,55300.0,57538.388348,SHORT_PUT,227859.747546,134370.899878
2024-09-27,112730.101308,112838.388348,0.0,571.469971,108.287041,55300.0,57538.388348,SHORT_PUT,227550.981188,134287.898169
2024-09-30,112748.745318,112838.388348,0.0,573.76001,89.643031,55300.0,57538.388348,SHORT_PUT,228402.87572,134516.902075
2024-10-01,112694.951873,112838.388348,0.0,568.619995,143.436476,55300.0,57538.388348,SHORT_PUT,226490.790271,134002.90061
2024-10-02,112647.969051,112838.388348,0.0,568.859985,190.419297,55300.0,57538.388348,SHORT_PUT,226580.066638,134026.899634
2024-10-03,112652.921465,112838.388348,0.0,567.820007,185.466884,55300.0,57538.388348,SHORT_PUT,226193.194812,133922.901831
2024-10-04,112715.019583,112838.388348,0.0,572.97998,123.368766,55300.0,57538.388348,SHORT_PUT,228112.704821,134438.899146
2024-10-07,112710.17929,112838.388348,0.0,567.799988,128.209059,55300.0,57538.388348,SHORT_PUT,226185.747546,133920.899878
2024-10-08,112741.272191,112838.388348,0.0,573.169983,97.116157,55300.0,57538.388348,SHORT_PUT,228183.385729,134457.89939
2024-10-09,112801.674993,112838.388348,0.0,577.140015,36.713355,55300.0,57538.388348,SHORT_PUT,229660.237536,134854.902563
2024-10-10,112809.906265,112838.388348,0.0,576.130005,28.482084,55300.0,57538.388348,SHORT_PUT,229284.513903,134753.901587
2024-10-11,112827.368027,112838.388348,0.0,579.580017,11.020321,55300.0,57538.388348,SHORT_PUT,230567.918444,135098.902808
2024-10-14,112837.224959,112838.388348,0.0,584.320007,1.163389,55300.0,57538.388348,SHORT_PUT,232331.194812,135572.901831
2024-10-15,112837.293022,112838.388348,0.0,579.780029,1.095327,55300.0,57538.388348,SHORT_PUT,230642.322985,135118.904028
2024-10-16,112837.386619,112838.388348,0.0,582.299988,1.001729,55300.0,57538.388348,SHORT_PUT,231579.747546,135370.899878
2024-10-17,112837.388348,112838.388348,0.0,582.349976,1.0,55300.0,57538.388348,SHORT_PUT,231598.343005,135375.898657
2024-10-18,112838.388348,112838.388348,0.0,584.590027,0.0,0.0,112838.388348,CASH,232431.642077,135599.903784
2024-10-21,112838.388348,112838.388348,0.0,583.630005,0.0,0.0,112838.388348,CASH,232074.513903,135503.901587
2024-10-22,112787.382092,113305.622782,0.0,583.320007,518.240689,57200.0,56105.622782,SHORT_PUT,231959.194812,135472.901831
2024-10-23,112620.039188,113305.622782,0.0,577.98999,685.583593,57200.0,56105.622782,SHORT_PUT,229976.428454,134939.900122
2024-10-24,112629.764674,113305.622782,0.0,579.23999,675.858108,57200.0,56105.622782,SHORT_PUT,230441.428454,135064.900122
2024-10-25,112646.336574,113305.622782,0.0,579.039978,659.286208,57200.0,56105.622782,SHORT_PUT,230367.023913,135044.898901
2024-10-28,112702.838452,113305.622782,0.0,580.830017,602.78433,57200.0,56105.622782,SHORT_PUT,231032.918444,135223.902808
2024-10-29,112777.521424,113305.622782,0.0,581.77002,528.101357,57200.0,56105.622782,SHORT_PUT,231382.599353,135317.903052
2024-10-30,112754.67988,113305.622782,0.0,580.01001,550.942902,57200.0,56105.622782,SHORT_PUT,230727.87572,135141.902075
2024-10-31,112201.268852,113305.622782,0.0,568.640015,1104.353929,57200.0,56105.622782,SHORT_PUT,226498.237536,134004.902563
2024-11-01,112223.076726,113305.622782,0.0,571.039978,1082.546056,57200.0,56105.622782,SHORT_PUT,227391.023913,134244.898901
2024-11-04,112285.694849,113305.622782,0.0,569.809998,1019.927932,57200.0,56105.622782,SHORT_PUT,226933.471179,134121.900854
2024-11-05,112639.349453,113305.622782,0.0,576.700012,666.273328,57200.0,56105.622782,SHORT_PUT,229496.556628,134810.902319
2024-11-06,113123.425138,113305.622782,0.0,591.039978,182.197643,57200.0,56105.622782,SHORT_PUT,234831.023913,136244.898901
2024-11-07,113264.494536,113305.622782,0.0,595.609985,41.128246,57200.0,56105.622782,SHORT_PUT,236531.066638,136701.899634
2024-11-08,113289.602627,113305.622782,0.0,598.190002,16.020155,57200.0,56105.622782,SHORT_PUT,237490.832995,136959.901343
2024-11-11,113299.182417,113305.622782,0.0,598.76001,6.440365,57200.0,56105.622782,SHORT_PUT,237702.87572,137016.902075
2024-11-12,113298.547999,113305.622782,0.0,596.900024,7.074782,57200.0,56105.622782,SHORT_PUT,237010.961169,136830.90354
2024-11-13,113301.278191,113305.622782,0.0,597.190002,4.344591,57200.0,56105.622782,SHORT_PUT,237118.832995,136859.901343
2024-11-14,113300.298377,113305.622782,0.0,593.349976,5.324405,57200.0,56105.622782,SHORT_PUT,235690.343005,136475.898657
2024-11-15,113278.678862,113305.622782,0.0,585.75,26.94392,57200.0,56105.622782,SHORT_PUT,232863.152087,135715.901099
2024-11-18,113299.184321,113305.622782,0.0,588.150024,6.438461,57200.0,56105.622782,SHORT_PUT,233755.961169,135955.90354
2024-11-19,113304.123293,113305.622782,0.0,590.299988,1.499489,57200.0,56105.622782,SHORT_PUT,234555.747546,136170.899878
2024-11-20,113304.550571,113305.622782,0.0,590.5,1.072211,57200.0,56105.622782,SHORT_PUT,234630.152087,136190.901099
2024-11-21,113304.622773,113305.622782,0.0,593.669983,1.000008,57200.0,56105.622782,SHORT_PUT,235809.385729,136507.89939
2024-11-22,113305.622782,113305.622782,0.0,595.51001,0.0,0.0,113305.622782,CASH,236493.87572,136691.902075
2024-11-25,113305.622782,113305.622782,0.0,597.530029,0.0,0.0,113305.622782,CASH,237245.322985,136893.904028
2024-11-26,113273.675704,113591.795024,0.0,600.650024,318.11932,58800.0,54791.795024,SHORT_PUT,238405.961169,137205.90354
2024-11-27,113258.551156,113591.795024,0.0,598.830017,333.243868,58800.0,54791.795024,SHORT_PUT,237728.918444,137023.902808
2024-11-29,113376.340763,113591.795024,0.0,602.549988,215.45426,58800.0,54791.795024,SHORT_PUT,239112.747546,137395.899878
2024-12-02,113436.566295,113591.795024,0.0,603.630005,155.228728,58800.0,54791.795024,SHORT_PUT,239514.513903,137503.901587
2024-12-03,113454.633405,113591.795024,0.0,603.909973,137.161618,58800.0,54791.795024,SHORT_PUT,239618.662097,137531.898413
2024-12-04,113511.397302,113591.795024,0.0,607.659973,80.397722,58800.0,54791.795024,SHORT_PUT,241013.662097,137906.898413
2024-12-05,113503.596997,113591.795024,0.0,606.659973,88.198026,58800.0,54791.795024,SHORT_PUT,240641.662097,137806.898413
2024-12-06,113520.150588,113591.795024,0.0,607.809998,71.644436,58800.0,54791.795024,SHORT_PUT,241069.471179,137921.900854
2024-12-09,113523.419011,113591.795024,0.0,604.679993,68.376012,58800.0,54791.795024,SHORT_PUT,239905.109362,137608.900366
2024-12-10,113475.93632,113591.795024,0.0,602.799988,115.858704,58800.0,54791.795024,SHORT_PUT,239205.747546,137420.899878
2024-12-11,113537.769119,113591.795024,0.0,607.460022,54.025904,58800.0,54791.795024,SHORT_PUT,240939.280261,137886.903296
2024-12-12,113526.139542,113591.795024,0.0,604.330017,65.655481,58800.0,54791.795024,SHORT_PUT,239774.918444,137573.902808
2024-12-13,113526.919935,113591.795024,0.0,604.210022,64.875089,58800.0,54791.795024,SHORT_PUT,239730.280261,137561.903296
2024-12-16,113568.095479,113591.795024,0.0,606.789978,23.699544,58800.0,54791.795024,SHORT_PUT,240690.023913,137819.898901
2024-12-17,113550.530906,113591.795024,0.0,604.289978,41.264118,58800.0,54791.795024,SHORT_PUT,239760.023913,137569.898901
2024-12-18,113024.295579,113591.795024,0.0,586.280029,567.499445,58800.0,54791.795024,SHORT_PUT,233060.322985,135768.904028
2024-12-19,112699.539172,113591.795024,0.0,586.099976,892.255852,58800.0,54791.795024,SHORT_PUT,232993.343005,135750.898657
2024-12-20,113095.648519,113591.795024,0.0,591.150024,496.146505,58800.0,54791.795024,SHORT_PUT,235603.313169,136452.50354
2024-12-23,113466.304693,113591.795024,0.0,594.690002,125.490331,58800.0,54791.795024,SHORT_PUT,236920.184995,136806.501343
2024-12-24,113581.699073,113591.795024,0.0,601.299988,10.095951,58800.0,54791.795024,SHORT_PUT,239379.099546,137467.499878
2024-12-26,113590.78794,113591.795024,0.0,601.340027,1.007084,58800.0,54791.795024,SHORT_PUT,239393.994077,137471.503784
2024-12-27,113591.795024,113591.795024,0.0,595.01001,0.0,0.0,113591.795024,CASH,237039.22772,136838.502075
2024-12-30,113591.795024,113591.795024,0.0,588.219971,0.0,0.0,113591.795024,CASH,234513.333188,136159.498169
2024-12-31,113534.185768,114121.757949,0.0,586.080017,587.572181,57800.0,56321.757949,SHORT_PUT,233717.270444,135945.502808
2025-01-02,113511.341073,114121.757949,0.0,584.640015,610.416876,57800.0,56321.757949,SHORT_PUT,233181.589536,135801.502563
2025-01-03,113733.702111,114121.757949,0.0,591.950012,388.055838,57800.0,56321.757949,SHORT_PUT,235900.908628,136532.502319
2025-01-06,113918.048891,114121.757949,0.0,595.359985,203.709058,57800.0,56321.757949,SHORT_PUT,237169.418638,136873.499634
2025-01-07,113776.824464,114121.757949,0.0,588.630005,344.933485,57800.0,56321.757949,SHORT_PUT,234665.865903,136200.501587
2025-01-08,113741.22431,114121.757949,0.0,589.48999,380.533639,57800.0,56321.757949,SHORT_PUT,234985.780454,136286.500122
2025-01-10,113433.591694,114121.757949,0.0,580.48999,688.166255,57800.0,56321.757949,SHORT_PUT,231637.780454,135386.500122
2025-01-13,113468.482155,114121.757949,0.0,581.390015,653.275794,57800.0,56321.757949,SHORT_PUT,231972.589536,135476.502563
2025-01-14,113538.901978,114121.757949,0.0,582.190002,582.855972,57800.0,56321.757949,SHORT_PUT,232270.184995,135556.501343
2025-01-15,113902.708962,114121.757949,0.0,592.780029,219.048988,57800.0,56321.757949,SHORT_PUT,236209.674985,136615.504028
2025-01-16,113966.68506,114121.757949,0.0,591.640015,155.072889,57800.0,56321.757949,SHORT_PUT,235785.589536,136501.502563
2025-01-17,114049.911059,114121.757949,0.0,597.580017,71.84689,57800.0,56321.757949,SHORT_PUT,237995.270444,137095.502808
2025-01-21,114111.602975,114121.757949,0.0,603.049988,10.154974,57800.0,56321.757949,SHORT_PUT,240030.099546,137642.499878
2025-01-22,114118.913624,114121.757949,0.0,606.440002,2.844325,57800.0,56321.757949,SHORT_PUT,241291.184995,137981.501343
2025-01-23,114120.370084,114121.757949,0.0,609.75,1.387866,57800.0,56321.757949,SHORT_PUT,242522.504087,138312.501099
2025-01-24,114120.452621,114121.757949,0.0,607.969971,1.305328,57800.0,56321.757949,SHORT_PUT,241860.333188,138134.498169
2025-01-27,114120.407275,114121.757949,0.0,599.369995,1.350674,57800.0,56321.757949,SHORT_PUT,238661.142271,137274.50061
2025-01-28,114120.706816,114121.757949,0.0,604.52002,1.051133,57800.0,56321.757949,SHORT_PUT,240576.951353,137789.503052
2025-01-29,114120.755997,114121.757949,0.0,601.809998,1.001952,57800.0,56321.757949,SHORT_PUT,239568.823179,137518.500854
2025-01-30,114120.757949,114121.757949,0.0,605.039978,1.0,57800.0,56321.757949,SHORT_PUT,240770.375913,137841.498901
2025-01-31,114121.757949,114121.757949,0.0,601.820007,0.0,0.0,114121.757949,CASH,239572.546812,137519.501831
2025-02-03,114121.757949,114121.757949,0.0,597.77002,0.0,0.0,114121.757949,CASH,238065.951353,137114.503052
2025-02-04,114077.260578,114527.157974,0.0,601.780029,449.897396,58700.0,55827.157974,SHORT_PUT,239557.674985,137515.504028
2025-02-05,114215.30427,114527.157974,0.0,604.219971,311.853704,58700.0,55827.157974,SHORT_PUT,240465.333188,137759.498169
2025-02-06,114324.150436,114527.157974,0.0,606.320007,203.007538,58700.0,55827.157974,SHORT_PUT,241246.546812,137969.501831
2025-02-07,114229.951134,114527.157974,0.0,600.77002,297.20684,58700.0,55827.157974,SHORT_PUT,239181.951353,137414.503052
2025-02-10,114310.331154,114527.157974,0.0,604.849976,216.826821,58700.0,55827.157974,SHORT_PUT,240699.695005,137822.498657
2025-02-11,114353.139913,114527.157974,0.0,605.309998,174.018061,58700.0,55827.157974,SHORT_PUT,240870.823179,137868.500854
2025-02-12,114321.951242,114527.157974,0.0,603.359985,205.206732,58700.0,55827.157974,SHORT_PUT,240145.418638,137673.499634
2025-02-13,114428.663774,114527.157974,0.0,609.72998,98.4942,58700.0,55827.157974,SHORT_PUT,242515.056821,138310.499146
2025-02-14,114452.171822,114527.157974,0.0,609.700012,74.986152,58700.0,55827.157974,SHORT_PUT,242503.908628,138307.502319
2025-02-18,114485.82533,114527.157974,0.0,611.48999,41.332644,58700.0,55827.157974,SHORT_PUT,243169.780454,138486.500122
2025-02-19,114498.476664,114527.157974,0.0,612.929993,28.68131,58700.0,55827.157974,SHORT_PUT,243705.461362,138630.500366
2025-02-20,114491.67448,114527.157974,0.0,610.380005,35.483494,58700.0,55827.157974,SHORT_PUT,242756.865903,138375.501587
2025-02-21,114378.602262,114527.157974,0.0,599.940002,148.555712,58700.0,55827.157974,SHORT_PUT,238873.184995,137331.501343
2025-02-24,114304.01935,114527.157974,0.0,597.210022,223.138624,58700.0,55827.157974,SHORT_PUT,237857.632261,137058.503296
2025-02-25,114222.67972,114527.157974,0.0,594.23999,304.478254,58700.0,55827.157974,SHORT_PUT,236752.780454,136761.500122
2025-02-26,114246.637364,114527.157974,0.0,594.539978,280.520611,58700.0,55827.157974,SHORT_PUT,236864.375913,136791.498901
2025-02-27,113877.343119,114527.157974,0.0,585.049988,649.814855,58700.0,55827.157974,SHORT_PUT,233334.099546,135842.499878
2025-02-28,114255.091677,114527.157974,0.0,594.179993,272.066297,58700.0,55827.157974,SHORT_PUT,236730.461362,136755.500366
2025-03-03,113939.782828,114527.157974,0.0,583.77002,587.375146,58700.0,55827.157974,SHORT_PUT,232857.951353,135714.503052
2025-03-04,113394.615416,114527.157974,0.0,576.859985,1132.542559,58700.0,55827.157974,SHORT_PUT,230287.418638,135023.499634
2025-03-05,113944.126719,114527.157974,0.0,583.059998,583.031255,58700.0,55827.157974,SHORT_PUT,232593.823179,135643.500854
2025-03-06,113026.710281,114527.157974,0.0,572.710022,1500.447693,58700.0,55827.157974,SHORT_PUT,228743.632261,134608.503296
2025-03-07,113419.156265,55827.157974,100.0,575.919983,0.0,0.0,55827.157974,STOCK,229937.737729,134929.49939
2025-03-10,111885.159683,55827.157974,100.0,560.580017,0.0,0.0,55827.157974,STOCK,224231.270444,133395.502808
2025-03-11,111355.832238,56411.411229,100.0,555.919983,647.577281,0.0,56411.411229,COVERED_CALL,222497.737729,132929.49939
2025-03-12,111625.729268,56411.411229,100.0,558.869995,672.681472,0.0,56411.411229,COVERED_CALL,223595.142271,133224.50061
2025-03-13,111208.97947,56411.411229,100.0,551.419983,344.43005,0.0,56411.411229,COVERED_CALL,220823.737729,132479.49939
2025-03-14,112040.640305,56411.411229,100.0,562.809998,651.770679,0.0,56411.411229,COVERED_CALL,225060.823179,133618.500854
2025-03-17,112520.965864,56411.411229,100.0,567.150024,605.447806,0.0,56411.411229,COVERED_CALL,226675.313169,134052.50354
2025-03-18,112164.976804,56411.411229,100.0,561.02002,348.436378,0.0,56411.411229,COVERED_CALL,224394.951353,133439.503052
2025-03-19,112561.555702,56411.411229,100.0,567.130005,562.856015,0.0,56411.411229,COVERED_CALL,226667.865903,134050.501587
2025-03-20,112546.968697,56411.411229,100.0,565.48999,413.441555,0.0,56411.411229,COVERED_CALL,226057.780454,133886.500122
2025-03-21,112631.660425,56581.011229,100.0,563.97998,347.348851,0.0,56581.011229,COVERED_CALL,226126.968821,133905.099146
2025-03-24,113374.271272,56581.011229,100.0,574.080017,614.741666,0.0,56581.011229,COVERED_CALL,229884.182444,134915.102808
2025-03-25,113547.725123,56581.011229,100.0,575.460022,579.288302,0.0,56581.011229,COVERED_CALL,230397.544261,135053.103296
2025-03-26,113150.67485,56581.011229,100.0,568.590027,289.339064,0.0,56581.011229,COVERED_CALL,227841.906077,134366.103784
2025-03-27,113023.042096,56581.011229,100.0,567.080017,265.970842,0.0,56581.011229,COVERED_CALL,227280.182444,134215.102808
2025-03-28,112080.593917,56581.011229,100.0,555.659973,66.414626,0.0,56581.011229,COVERED_CALL,223031.926097,133073.098413
2025-03-31,112403.66454,56581.011229,100.0,559.390015,116.348153,0.0,56581.011229,COVERED_CALL,224419.501536,133446.102563
2025-04-01,112546.116563,56581.011229,100.0,560.969971,131.891735,0.0,56581.011229,COVERED_CALL,225007.245188,133604.098169
2025-04-02,112871.398215,56581.011229,100.0,564.52002,161.614966,0.0,56581.011229,COVERED_CALL,226327.863353,133959.103052
2025-04-03,110249.39457,56581.011229,100.0,536.700012,1.617879,0.0,56581.011229,COVERED_CALL,215978.820628,131177.102319
2025-04-04,107108.002333,56581.011229,100.0,505.279999,1.008774,0.0,56581.011229,COVERED_CALL,204290.575633,128035.100977
2025-04-07,107017.941204,56581.011229,100.0,504.380005,1.070512,0.0,56581.011229,COVERED_CALL,203955.777903,127945.101587
2025-04-08,106228.011113,56581.011229,100.0,496.480011,1.001215,0.0,56581.011229,COVERED_CALL,201016.980174,127155.102197
2025-04-09,111412.346445,56581.011229,100.0,548.619995,30.664295,0.0,56581.011229,COVERED_CALL,220413.054271,132369.10061
2025-04-10,109038.012937,56581.011229,100.0,524.580017,1.0,0.0,56581.011229,COVERED_CALL,211470.182444,129965.102808
2025-04-11,109975.011473,56581.011229,100.0,533.940002,0.0,0.0,56581.011229,STOCK,214952.096995,130901.101343
2025-04-14,110493.01074,56581.011229,100.0,539.119995,0.0,0.0,56581.011229,STOCK,216879.054271,131419.10061
2025-04-15,110287.71695,57079.467955,100.0,537.609985,552.74954,0.0,57079.467955,COVERED_CALL,216317.330638,131268.099634
2025-04-16,109374.919039,57079.467955,100.0,525.659973,270.54623,0.0,57079.467955,COVERED_CALL,211871.926097,130073.098413
2025-04-17,109379.369803,57079.467955,100.0,526.409973,341.095466,0.0,57079.467955,COVERED_CALL,212150.926097,130148.098413
2025-04-21,108384.787896,57079.467955,100.0,513.880005,82.680547,0.0,57079.467955,COVERED_CALL,207489.777903,128895.101587
2025-04-22,109507.873958,57079.467955,100.0,527.25,296.593997,0.0,57079.467955,COVERED_CALL,212463.416087,130232.101099
2025-04-23,110293.718243,57079.467955,100.0,535.419983,327.748003,0.0,57079.467955,COVERED_CALL,215502.649729,131049.09939
2025-04-24,111254.946279,57079.467955,100.0,546.690002,493.52192,0.0,57079.467955,COVERED_CALL,219695.096995,132176.101343
2025-04-25,111634.497948,57079.467955,100.0,550.640015,508.971472,0.0,57079.467955,COVERED_CALL,221164.501536,132571.102563
2025-04-28,111779.166022,57079.467955,100.0,550.849976,385.299491,0.0,57079.467955,COVERED_CALL,221242.607005,132592.098657
2025-04-29,112039.267516,57079.467955,100.0,554.320007,472.201171,0.0,57079.467955,COVERED_CALL,222533.458812,132939.101831
2025-04-30,112114.170453,57079.467955,100.0,554.539978,419.295304,0.0,57079.467955,COVERED_CALL,222615.287913,132961.098901
2025-05-01,112385.083239,57079.467955,100.0,558.469971,541.381787,0.0,57079.467955,COVERED_CALL,224077.245188,133354.098169
2025-05-02,112884.96509,57079.467955,100.0,566.76001,870.503841,0.0,57079.467955,COVERED_CALL,227161.13972,134183.102075
2025-05-05,112883.997501,57079.467955,100.0,563.51001,546.47143,0.0,57079.467955,COVERED_CALL,225952.13972,133858.102075
2025-05-06,112597.153021,57079.467955,100.0,558.799988,362.313714,0.0,57079.467955,COVERED_CALL,224200.011546,133387.099878
2025-05-07,112754.70094,57079.467955,100.0,561.150024,439.769457,0.0,57079.467955,COVERED_CALL,225074.225169,133622.10354
2025-05-08,113057.117275,57079.467955,100.0,565.059998,528.350435,0.0,57079.467955,COVERED_CALL,226528.735179,134013.100854
2025-05-09,113087.467348,57079.467955,100.0,564.340027,426.003293,0.0,57079.467955,COVERED_CALL,226260.906077,133941.103784
2025-05-12,113755.468801,57079.467955,100.0,582.98999,1622.998177,0.0,57079.467955,COVERED_CALL,233198.692454,135806.100122
2025-05-13,113774.942288,57079.467955,100.0,586.840027,1988.528352,0.0,57079.467955,COVERED_CALL,234630.906077,136191.103784
2025-05-14,113775.698529,57079.467955,100.0,587.590027,2062.772112,0.0,57079.467955,COVERED_CALL,234909.906077,136266.103784
2025-05-15,113764.337876,57079.467955,100.0,590.460022,2361.132276,0.0,57079.467955,COVERED_CALL,235977.544261,136553.103296
2025-05-16,113879.467955,113879.467955,0.0,594.200012,0.0,0.0,113879.467955,CASH,237368.820628,136927.102319
2025-05-19,113879.467955,113879.467955,0.0,594.849976,0.0,0.0,113879.467955,CASH,237610.607005,136992.098657
2025-05-20,113819.865995,114428.361577,0.0,592.849976,608.495582,58400.0,56028.361577,SHORT_PUT,236866.607005,136792.098657
2025-05-21,113401.401527,114428.361577,0.0,582.859985,1026.96005,58400.0,56028.361577,SHORT_PUT,233150.330638,135793.099634
2025-05-22,113275.34698,114428.361577,0.0,583.090027,1153.014596,58400.0,56028.361577,SHORT_PUT,233235.906077,135816.103784
2025-05-23,113107.246311,114428.361577,0.0,579.109985,1321.115266,58400.0,56028.361577,SHORT_PUT,231755.330638,135418.099634
2025-05-27,113750.54406,114428.361577,0.0,591.150024,677.817516,58400.0,56028.361577,SHORT_PUT,236234.225169,136622.10354
2025-05-28,113707.390666,114428.361577,0.0,587.72998,720.970911,58400.0,56028.361577,SHORT_PUT,234961.968821,136280.099146
2025-05-29,113805.652472,114428.361577,0.0,590.049988,622.709105,58400.0,56028.361577,SHORT_PUT,235825.011546,136512.099878
2025-05-30,113804.665727,114428.361577,0.0,589.390015,623.69585,58400.0,56028.361577,SHORT_PUT,235579.501536,136446.102563
2025-06-02,114010.030913,114428.361577,0.0,592.710022,418.330663,58400.0,56028.361577,SHORT_PUT,236814.544261,136778.103296
2025-06-03,114134.902128,114428.361577,0.0,596.090027,293.459449,58400.0,56028.361577,SHORT_PUT,238071.906077,137116.103784
2025-06-04,114170.390035,114428.361577,0.0,595.929993,257.971542,58400.0,56028.361577,SHORT_PUT,238012.373362,137100.100366
2025-06-05,114113.330073,114428.361577,0.0,593.049988,315.031504,58400.0,56028.361577,SHORT_PUT,236941.011546,136812.099878
2025-06-06,114250.441589,114428.361577,0.0,599.140015,177.919988,58400.0,56028.361577,SHORT_PUT,239206.501536,137421.102563
2025-06-09,114340.509469,114428.361577,0.0,599.679993,87.852108,58400.0,56028.361577,SHORT_PUT,239407.373362,137475.100366
2025-06-10,114380.516455,114428.361577,0.0,603.080017,47.845122,58400.0,56028.361577,SHORT_PUT,240672.182444,137815.102808
2025-06-11,114379.44974,114428.361577,0.0,601.359985,48.911837,58400.0,56028.361577,SHORT_PUT,240032.330638,137643.099634
2025-06-12,114401.842301,114428.361577,0.0,603.75,26.519275,58400.0,56028.361577,SHORT_PUT,240921.416087,137882.101099
2025-06-13,114346.802336,114428.361577,0.0,597.0,81.559241,58400.0,56028.361577,SHORT_PUT,238410.416087,137207.101099
2025-06-16,114413.219929,114428.361577,0.0,602.679993,15.141647,58400.0,56028.361577,SHORT_PUT,240523.373362,137775.100366
2025-06-17,114410.996572,114428.361577,0.0,597.530029,17.365005,58400.0,56028.361577,SHORT_PUT,238607.586985,137260.104028
2025-06-18,114416.205105,114428.361577,0.0,597.440002,12.156472,58400.0,56028.361577,SHORT_PUT,238574.096995,137251.101343
2025-06-20,114428.361577,114428.361577,0.0,594.280029,0.0,0.0,114428.361577,CASH,238053.678985,137111.204028
2025-06-23,114428.361577,114428.361577,0.0,600.150024,0.0,0.0,114428.361577,CASH,240237.317169,137698.20354
2025-06-24,114392.865554,114748.248791,0.0,606.780029,355.383237,58600.0,56148.248791,SHORT_PUT,242703.678985,138361.204028
2025-06-25,114505.836778,114748.248791,0.0,607.119995,242.412013,58600.0,56148.248791,SHORT_PUT,242830.146271,138395.20061
2025-06-26,114609.989849,114748.248791,0.0,611.869995,138.258942,58600.0,56148.248791,SHORT_PUT,244597.146271,138870.20061
2025-06-27,114653.283224,114748.248791,0.0,614.909973,94.965568,58600.0,56148.248791,SHORT_PUT,245728.018097,139174.198413
2025-06-30,114696.437716,114748.248791,0.0,617.849976,51.811076,58600.0,56148.248791,SHORT_PUT,246821.699005,139468.198657
2025-07-01,114694.007889,114748.248791,0.0,617.650024,54.240902,58600.0,56148.248791,SHORT_PUT,246747.317169,139448.20354
2025-07-02,114711.443531,114748.248791,0.0,620.450012,36.80526,58600.0,56148.248791,SHORT_PUT,247788.912628,139728.202319
2025-07-03,114731.442947,114748.248791,0.0,625.340027,16.805844,58600.0,56148.248791,SHORT_PUT,249607.998077,140217.203784
2025-07-07,114725.433459,114748.248791,0.0,620.679993,22.815332,58600.0,56148.248791,SHORT_PUT,247874.465362,139751.200366
2025-07-08,114725.75675,114748.248791,0.0,620.340027,22.492041,58600.0,56148.248791,SHORT_PUT,247747.998077,139717.203784
2025-07-09,114740.324517,114748.248791,0.0,624.059998,7.924274,58600.0,56148.248791,SHORT_PUT,249131.827179,140089.200854
2025-07-10,114744.751131,114748.248791,0.0,625.820007,3.49766,58600.0,56148.248791,SHORT_PUT,249786.550812,140265.201831
2025-07-11,114744.651282,114748.248791,0.0,623.619995,3.597509,58600.0,56148.248791,SHORT_PUT,248968.146271,140045.20061
2025-07-14,114746.333042,114748.248791,0.0,624.809998,1.915749,58600.0,56148.248791,SHORT_PUT,249410.827179,140164.200854
2025-07-15,114745.534218,114748.248791,0.0,622.140015,2.714573,58600.0,56148.248791,SHORT_PUT,248417.593536,139897.202563
2025-07-16,114746.569479,114748.248791,0.0,624.219971,1.679312,58600.0,56148.248791,SHORT_PUT,249191.337188,140105.198169
2025-07-17,114747.153409,114748.248791,0.0,628.039978,1.095382,58600.0,56148.248791,SHORT_PUT,250612.379913,140487.198901
2025-07-18,114747.226888,114748.248791,0.0,627.580017,1.021903,58600.0,56148.248791,SHORT_PUT,250441.274444,140441.202808
2025-07-21,114747.24877,114748.248791,0.0,628.77002,1.000021,58600.0,56148.248791,SHORT_PUT,250883.955353,140560.203052
2025-07-22,114747.248791,114748.248791,0.0,628.859985,1.0,58600.0,56148.248791,SHORT_PUT,250917.422638,140569.199634
2025-07-23,114747.248791,114748.248791,0.0,634.210022,1.0,58600.0,56148.248791,SHORT_PUT,252907.636261,141104.203296
2025-07-24,114747.248791,114748.248791,0.0,634.419983,1.0,58600.0,56148.248791,SHORT_PUT,252985.741729,141125.19939
2025-07-25,114748.248791,114748.248791,0.0,637.099976,0.0,0.0,114748.248791,CASH,253982.699005,141393.198657
2025-07-28,114748.248791,114748.248791,0.0,636.940002,0.0,0.0,114748.248791,CASH,253923.188995,141377.201343
2025-07-29,114697.15469,115216.317751,0.0,635.26001,519.163061,62700.0,52516.317751,SHORT_PUT,253298.23172,141209.202075
2025-07-30,114627.945783,115216.317751,0.0,634.460022,588.371968,62700.0,52516.317751,SHORT_PUT,253000.636261,141129.203296
2025-07-31,114578.422112,115216.317751,0.0,632.080017,637.895639,62700.0,52516.317751,SHORT_PUT,252115.274444,140891.202808
2025-08-01,114001.719732,115216.317751,0.0,621.719971,1214.598019,62700.0,52516.317751,SHORT_PUT,248261.337188,139855.198169
2025-08-04,114334.76264,115216.317751,0.0,631.169983,881.555111,62700.0,52516.317751,SHORT_PUT,251776.741729,140800.19939
2025-08-05,114361.345025,115216.317751,0.0,627.969971,854.972726,62700.0,52516.317751,SHORT_PUT,250586.337188,140480.198169
2025-08-06,114574.431255,115216.317751,0.0,632.780029,641.886496,62700.0,52516.317751,SHORT_PUT,252375.678985,140961.204028
2025-08-07,114625.607882,115216.317751,0.0,632.25,590.709869,62700.0,52516.317751,SHORT_PUT,252178.508087,140908.201099
2025-08-08,114825.048239,115216.317751,0.0,637.179993,391.269512,62700.0,52516.317751,SHORT_PUT,254012.465362,141401.200366
2025-08-11,114895.196669,115216.317751,0.0,635.919983,321.121082,62700.0,52516.317751,SHORT_PUT,253543.741729,141275.19939
2025-08-12,115032.808336,115216.317751,0.0,642.690002,183.509415,62700.0,52516.317751,SHORT_PUT,256062.188995,141952.201343
2025-08-13,115118.909599,115216.317751,0.0,644.890015,97.408151,62700.0,52516.317751,SHORT_PUT,256880.593536,142172.202563
2025-08-14,115134.355928,115216.317751,0.0,644.950012,81.961823,62700.0,52516.317751,SHORT_PUT,256902.912628,142178.202319
2025-08-15,115119.206558,115216.317751,0.0,643.440002,97.111193,62700.0,52516.317751,SHORT_PUT,256341.188995,142027.201343
2025-08-18,115145.925904,115216.317751,0.0,643.299988,70.391847,62700.0,52516.317751,SHORT_PUT,256289.103546,142013.199878
2025-08-19,115115.490479,115216.317751,0.0,639.809998,100.827272,62700.0,52516.317751,SHORT_PUT,254990.827179,141664.200854
2025-08-20,115091.025222,115216.317751,0.0,638.109985,125.292529,62700.0,52516.317751,SHORT_PUT,254358.422638,141494.199634
2025-08-21,115055.110718,115216.317751,0.0,635.549988,161.207033,62700.0,52516.317751,SHORT_PUT,253406.103546,141238.199878
2025-08-22,115186.733805,115216.317751,0.0,645.309998,29.583946,62700.0,52516.317751,SHORT_PUT,257036.827179,142214.200854
2025-08-25,115209.922424,115216.317751,0.0,642.469971,6.395327,62700.0,52516.317751,SHORT_PUT,255980.337188,141930.198169
2025-08-26,115214.536153,115216.317751,0.0,645.159973,1.781598,62700.0,52516.317751,SHORT_PUT,256981.018097,142199.198413
2025-08-27,115215.293664,115216.317751,0.0,646.630005,1.024087,62700.0,52516.317751,SHORT_PUT,257527.869903,142346.201587
2025-08-28,115215.31775,115216.317751,0.0,648.919983,1.000001,62700.0,52516.317751,SHORT_PUT,258379.741729,142575.19939
2025-08-29,115216.317751,115216.317751,0.0,645.049988,0.0,0.0,115216.317751,CASH,256940.103546,142188.199878
2025-09-02,115216.317751,115216.317751,0.0,640.27002,0.0,0.0,115216.317751,CASH,255161.955353,141710.203052
2025-09-03,115174.329045,115597.885455,0.0,643.73999,423.55641,62900.0,52697.885455,SHORT_PUT,256452.784454,142057.200122
2025-09-04,115347.448684,115597.885455,0.0,649.119995,250.436772,62900.0,52697.885455,SHORT_PUT,258454.146271,142595.20061
2025-09-05,115364.305543,115597.885455,0.0,647.23999,233.579912,62900.0,52697.885455,SHORT_PUT,257754.784454,142407.200122
2025-09-08,115426.332364,115597.885455,0.0,648.830017,171.553092,62900.0,52697.885455,SHORT_PUT,258346.274444,142566.202808
2025-09-09,115459.729166,115597.885455,0.0,650.330017,138.15629,62900.0,52697.885455,SHORT_PUT,258904.274444,142716.202808
2025-09-10,115492.957948,115597.885455,0.0,652.210022,104.927508,62900.0,52697.885455,SHORT_PUT,259603.636261,142904.203296
2025-09-11,115540.226814,115597.885455,0.0,657.630005,57.658642,62900.0,52697.885455,SHORT_PUT,261619.869903,143446.201587
2025-09-12,115554.056627,115597.885455,0.0,657.409973,43.828829,62900.0,52697.885455,SHORT_PUT,261538.018097,143424.198413
2025-09-15,115579.308145,115597.885455,0.0,660.909973,18.577311,62900.0,52697.885455,SHORT_PUT,262840.018097,143774.198413
2025-09-16,115572.328843,115597.885455,0.0,660.0,25.556612,62900.0,52697.885455,SHORT_PUT,262501.508087,143683.201099
2025-09-17,115567.266979,115597.885455,0.0,659.179993,30.618476,62900.0,52697.885455,SHORT_PUT,262196.465362,143601.200366
2025-09-18,115584.754467,115597.885455,0.0,662.26001,13.130989,62900.0,52697.885455,SHORT_PUT,263342.23172,143909.202075
2025-09-19,115589.405584,115597.885455,0.0,663.700012,8.479871,62900.0,52697.885455,SHORT_PUT,264559.044628,144236.302319
2025-09-22,115595.618829,115597.885455,0.0,666.840027,2.266626,62900.0,52697.885455,SHORT_PUT,265727.130077,144550.303784
2025-09-23,115594.201368,115597.885455,0.0,663.210022,3.684087,62900.0,52697.885455,SHORT_PUT,264376.768261,144187.303296
2025-09-24,115593.26014,115597.885455,0.0,661.099976,4.625315,62900.0,52697.885455,SHORT_PUT,263591.831005,143976.298657
2025-09-25,115593.302212,115597.885455,0.0,658.049988,4.583243,62900.0,52697.885455,SHORT_PUT,262457.235546,143671.299878
2025-09-26,115595.852392,115597.885455,0.0,661.820007,2.033063,62900.0,52697.885455,SHORT_PUT,263859.682812,144048.301831
2025-09-29,115596.883146,115597.885455,0.0,663.679993,1.00231,62900.0,52697.885455,SHORT_PUT,264551.597362,144234.300366
2025-09-30,115596.885395,115597.885455,0.0,666.179993,1.00006,62900.0,52697.885455,SHORT_PUT,265481.597362,144484.300366
2025-10-01,115596.885455,115597.885455,0.0,668.450012,1.0,62900.0,52697.885455,SHORT_PUT,266326.044628,144711.302319
2025-10-02,115596.885455,115597.885455,0.0,669.219971,1.0,62900.0,52697.885455,SHORT_PUT,266612.469188,144788.298169
2025-10-03,115597.885455,115597.885455,0.0,669.210022,0.0,0.0,115597.885455,CASH,266608.768261,144787.303296
2025-10-06,115597.885455,115597.885455,0.0,671.609985,0.0,0.0,115597.885455,CASH,267501.554638,145027.299634
2025-10-07,115538.096694,116148.553694,0.0,669.119995,610.457,66000.0,50148.553694,SHORT_PUT,266575.278271,144778.30061
2025-10-08,115633.26546,116148.553694,0.0,673.109985,515.288234,66000.0,50148.553694,SHORT_PUT,268059.554638,145177.299634
2025-10-09,115639.55956,116148.553694,0.0,671.159973,508.994134,66000.0,50148.553694,SHORT_PUT,267334.150097,144982.298413
2025-10-10,114802.343924,116148.553694,0.0,653.02002,1346.209769,66000.0,50148.553694,SHORT_PUT,260586.087353,143168.303052
2025-10-13,115087.462077,116148.553694,0.0,663.039978,1061.091616,66000.0,50148.553694,SHORT_PUT,264313.511913,144170.298901
2025-10-14,115221.76363,116148.553694,0.0,662.22998,926.790064,66000.0,50148.553694,SHORT_PUT,264012.192821,144089.299146
2025-10-15,115276.228537,116148.553694,0.0,665.169983,872.325157,66000.0,50148.553694,SHORT_PUT,265105.873729,144383.29939
2025-10-16,115100.597475,116148.553694,0.0,660.640015,1047.956219,66000.0,50148.553694,SHORT_PUT,263420.725536,143930.302563
2025-10-17,115054.302389,116148.553694,0.0,664.390015,1094.251305,66000.0,50148.553694,SHORT_PUT,264815.725536,144305.302563
2025-10-20,115627.012973,116148.553694,0.0,671.299988,521.540721,66000.0,50148.553694,SHORT_PUT,267386.235546,144996.299878
2025-10-21,115757.793603,116148.553694,0.0,671.289978,390.760091,66000.0,50148.553694,SHORT_PUT,267382.511913,144995.298901
2025-10-22,115682.864646,116148.553694,0.0,667.799988,465.689047,66000.0,50148.553694,SHORT_PUT,266084.235546,144646.299878
2025-10-23,115799.784163,116148.553694,0.0,671.76001,348.769531,66000.0,50148.553694,SHORT_PUT,267557.36372,145042.302075
2025-10-24,115983.731565,116148.553694,0.0,677.25,164.822129,66000.0,50148.553694,SHORT_PUT,269599.640087,145591.301099
2025-10-27,116117.478913,116148.553694,0.0,685.23999,31.074781,66000.0,50148.553694,SHORT_PUT,272571.916454,146390.300122
2025-10-28,116133.80685,116148.553694,0.0,687.059998,14.746844,66000.0,50148.553694,SHORT_PUT,273248.959179,146572.300854
2025-10-29,116135.589671,116148.553694,0.0,687.390015,12.964023,66000.0,50148.553694,SHORT_PUT,273371.725536,146605.302563
2025-10-30,116107.124995,116148.553694,0.0,679.830017,41.428699,66000.0,50148.553694,SHORT_PUT,270559.406444,145849.302808
2025-10-31,116128.445293,116148.553694,0.0,682.059998,20.108401,66000.0,50148.553694,SHORT_PUT,271388.959179,146072.300854
2025-11-03,116144.836818,116148.553694,0.0,683.340027,3.716875,66000.0,50148.553694,SHORT_PUT,271865.130077,146200.303784
2025-11-04,116136.992998,116148.553694,0.0,675.23999,11.560696,66000.0,50148.553694,SHORT_PUT,268851.916454,145390.300122
2025-11-05,116145.146556,116148.553694,0.0,677.580017,3.407138,66000.0,50148.553694,SHORT_PUT,269722.406444,145624.302808
2025-11-06,116143.956055,116148.553694,0.0,670.309998,4.597639,66000.0,50148.553694,SHORT_PUT,267017.959179,144897.300854
2025-11-07,116148.553694,116148.553694,0.0,670.969971,0.0,0.0,116148.553694,CASH,267263.469188,144963.298169
2025-11-10,116148.553694,116148.553694,0.0,681.440002,0.0,0.0,116148.553694,CASH,271158.320995,146010.301343
2025-11-11,116101.606526,116577.226785,0.0,683.0,475.620259,66700.0,49877.226785,SHORT_PUT,271738.640087,146166.301099
2025-11-12,116143.17437,116577.226785,0.0,683.380005,434.052415,66700.0,49877.226785,SHORT_PUT,271880.001903,146204.301587
2025-11-13,115760.913152,116577.226785,0.0,672.039978,816.313634,66700.0,49877.226785,SHORT_PUT,267661.511913,145070.298901
2025-11-14,115622.066035,116577.226785,0.0,671.929993,955.16075,66700.0,49877.226785,SHORT_PUT,267620.597362,145059.300366
2025-11-17,115396.142062,116577.226785,0.0,665.669983,1181.084724,66700.0,49877.226785,SHORT_PUT,265291.873729,144433.29939
2025-11-18,114958.524735,116577.226785,0.0,660.080017,1618.70205,66700.0,49877.226785,SHORT_PUT,263212.406444,143874.302808
2025-11-19,115002.893593,116577.226785,0.0,662.630005,1574.333192,66700.0,49877.226785,SHORT_PUT,264161.001903,144129.301587
2025-11-20,114449.485368,116577.226785,0.0,652.530029,2127.741417,66700.0,49877.226785,SHORT_PUT,260403.810985,143119.304028
2025-11-21,114758.296144,116577.226785,0.0,659.030029,1818.930641,66700.0,49877.226785,SHORT_PUT,262821.810985,143769.304028
2025-11-24,115533.352641,116577.226785,0.0,668.72998,1043.874144,66700.0,49877.226785,SHORT_PUT,266430.192821,144739.299146
2025-11-25,115969.799886,116577.226785,0.0,675.02002,607.4269,66700.0,49877.226785,SHORT_PUT,268770.087353,145368.303052
2025-11-26,116226.311006,116577.226785,0.0,679.679993,350.915779,66700.0,49877.226785,SHORT_PUT,270503.597362,145834.300366
2025-11-28,116394.985443,116577.226785,0.0,683.390015,182.241342,66700.0,49877.226785,SHORT_PUT,271883.725536,146205.302563
2025-12-01,116414.047515,116577.226785,0.0,680.27002,163.17927,66700.0,49877.226785,SHORT_PUT,270723.087353,145893.303052
2025-12-02,116434.042841,116577.226785,0.0,681.530029,143.183944,66700.0,49877.226785,SHORT_PUT,271191.810985,146019.304028
2025-12-03,116498.160024,116577.226785,0.0,683.890015,79.066761,66700.0,49877.226785,SHORT_PUT,272069.725536,146255.302563
2025-12-04,116524.777497,116577.226785,0.0,684.390015,52.449288,66700.0,49877.226785,SHORT_PUT,272255.725536,146305.302563
2025-12-05,116548.525386,116577.226785,0.0,685.690002,28.701399,66700.0,49877.226785,SHORT_PUT,272739.320995,146435.301343
2025-12-08,116567.197036,116577.226785,0.0,683.630005,10.029749,66700.0,49877.226785,SHORT_PUT,271973.001903,146229.301587
2025-12-09,116568.920249,116577.226785,0.0,683.039978,8.306536,66700.0,49877.226785,SHORT_PUT,271753.511913,146170.298901
2025-12-10,116576.001826,116577.226785,0.0,687.570007,1.224959,66700.0,49877.226785,SHORT_PUT,273438.682812,146623.301831
2025-12-11,116576.226756,116577.226785,0.0,689.169983,1.00003,66700.0,49877.226785,SHORT_PUT,274033.873729,146783.29939
2025-12-12,116577.226785,116577.226785,0.0,681.76001,0.0,0.0,116577.226785,CASH,271277.36372,146042.302075
2025-12-15,116577.226785,116577.226785,0.0,680.72998,0.0,0.0,116577.226785,CASH,270894.192821,145939.299146
2025-12-16,116518.006855,117122.491122,0.0,678.869995,604.484267,66900.0,50222.491122,SHORT_PUT,270202.278271,145753.30061
2025-12-17,116234.87075,117122.491122,0.0,671.400024,887.620372,66900.0,50222.491122,SHORT_PUT,267423.449169,145006.30354
2025-12-18,116394.028992,117122.491122,0.0,676.469971,728.46213,66900.0,50222.491122,SHORT_PUT,269309.469188,145513.298169
2025-12-19,116598.744912,117122.491122,0.0,680.590027,523.74621,66900.0,50222.491122,SHORT_PUT,271583.526077,146124.603784
2025-12-22,116849.184175,117122.491122,0.0,684.830017,273.306947,66900.0,50222.491122,SHORT_PUT,273160.802444,146548.602808
2025-12-23,116955.076033,117122.491122,0.0,687.960022,167.415089,66900.0,50222.491122,SHORT_PUT,274325.164261,146861.603296
2025-12-24,117001.148126,117122.491122,0.0,690.380005,121.342996,66900.0,50222.491122,SHORT_PUT,275225.397903,147103.601587
2025-12-26,117030.550969,117122.491122,0.0,690.309998,91.940153,66900.0,50222.491122,SHORT_PUT,275199.355179,147096.600854
2025-12-29,117023.999261,117122.491122,0.0,687.849976,98.491861,66900.0,50222.491122,SHORT_PUT,274284.227005,146850.598657
2025-12-30,117007.611888,117122.491122,0.0,687.01001,114.879234,66900.0,50222.491122,SHORT_PUT,273971.75972,146766.602075
2025-12-31,116929.46957,117122.491122,0.0,681.919983,193.021552,66900.0,50222.491122,SHORT_PUT,272078.269729,146257.59939
