date,equity,cash,shares,spot,option_liability,collateral,available_cash,state,buy_hold,buy_hold_100
2018-01-02,100000.0,100000.0,0.0,268.769989,0.0,0.0,100000.0,CASH,100000.0,100000.0
2018-01-03,99986.59365,100110.035328,0.0,270.470001,123.441679,26400.0,73710.035328,SHORT_PUT,100632.404541,100170.001221
2018-01-04,100030.467151,100110.035328,0.0,271.609985,79.568177,26400.0,73710.035328,SHORT_PUT,101056.478638,100283.999634
2018-01-05,100059.08862,100110.035328,0.0,273.420013,50.946708,26400.0,73710.035328,SHORT_PUT,101729.809082,100465.002441
2018-01-08,100073.13725,100110.035328,0.0,273.920013,36.898078,26400.0,73710.035328,SHORT_PUT,101915.809082,100515.002441
2018-01-09,100077.262414,100110.035328,0.0,274.540009,32.772914,26400.0,73710.035328,SHORT_PUT,102146.447266,100577.001953
2018-01-10,100068.040587,100110.035328,0.0,274.119995,41.994742,26400.0,73710.035328,SHORT_PUT,101990.202271,100535.00061
2018-01-11,100089.925662,100110.035328,0.0,276.119995,20.109666,26400.0,73710.035328,SHORT_PUT,102734.202271,100735.00061
2018-01-12,100098.918446,100110.035328,0.0,277.920013,11.116882,26400.0,73710.035328,SHORT_PUT,103403.809082,100915.002441
2018-01-16,100099.990146,100110.035328,0.0,276.970001,10.045182,26400.0,73710.035328,SHORT_PUT,103050.404541,100820.001221
2018-01-17,100101.912955,100110.035328,0.0,279.609985,8.122373,26400.0,73710.035328,SHORT_PUT,104032.478638,101083.999634
2018-01-18,100101.271847,100110.035328,0.0,279.140015,8.763482,26400.0,73710.035328,SHORT_PUT,103857.649536,101037.002563
2018-01-19,100104.216502,100110.035328,0.0,280.410004,5.818827,26400.0,73710.035328,SHORT_PUT,104330.085449,101164.001465
2018-01-22,100108.722395,100110.035328,0.0,282.690002,1.312933,26400.0,73710.035328,SHORT_PUT,105178.244995,101392.001343
2018-01-23,100108.938056,100110.035328,0.0,283.290009,1.097273,26400.0,73710.035328,SHORT_PUT,105401.447266,101452.001953
2018-01-24,100108.979369,100110.035328,0.0,283.179993,1.055959,26400.0,73710.035328,SHORT_PUT,105360.521362,101441.000366
2018-01-25,100108.999588,100110.035328,0.0,283.299988,1.03574,26400.0,73710.035328,SHORT_PUT,105405.159546,101452.999878
2018-01-26,100109.034263,100110.035328,0.0,286.579987,1.001066,26400.0,73710.035328,SHORT_PUT,106625.319092,101780.999756
2018-01-29,100109.035326,100110.035328,0.0,284.679993,1.000002,26400.0,73710.035328,SHORT_PUT,105918.521362,101591.000366
2018-01-30,100109.034686,100110.035328,0.0,281.76001,1.000642,26400.0,73710.035328,SHORT_PUT,104832.28772,101299.002075
2018-01-31,100109.035309,100110.035328,0.0,281.899994,1.000019,26400.0,73710.035328,SHORT_PUT,104884.361816,101313.000488
2018-02-01,100109.035328,100110.035328,0.0,281.579987,1.0,26400.0,73710.035328,SHORT_PUT,104765.319092,101280.999756
2018-02-02,100110.035328,100110.035328,0.0,275.450012,0.0,0.0,100110.035328,CASH,102484.968628,100668.002319
2018-02-05,100110.035328,100110.035328,0.0,263.929993,0.0,0.0,100110.035328,CASH,98199.521362,99516.000366
2018-02-06,100028.609076,100866.259729,0.0,269.130005,837.650654,25600.0,75266.259729,SHORT_PUT,100133.925903,100036.001587
2018-02-07,100254.606981,100866.259729,0.0,267.670013,611.652749,25600.0,75266.259729,SHORT_PUT,99590.809082,99890.002441
2018-02-08,99954.775798,100866.259729,0.0,257.630005,911.483932,25600.0,75266.259729,SHORT_PUT,95855.925903,98886.001587
2018-02-09,99940.080095,100866.259729,0.0,261.5,926.179635,25600.0,75266.259729,SHORT_PUT,97295.564087,99273.001099
2018-02-12,100293.154702,100866.259729,0.0,265.339996,573.105028,25600.0,75266.259729,SHORT_PUT,98724.042725,99657.000732
2018-02-13,100437.471172,100866.259729,0.0,266.0,428.788557,25600.0,75266.259729,SHORT_PUT,98969.564087,99723.001099
2018-02-14,100569.215347,100866.259729,0.0,269.589996,297.044382,25600.0,75266.259729,SHORT_PUT,100305.042725,100082.000732
2018-02-15,100768.209172,100866.259729,0.0,273.029999,98.050557,25600.0,75266.259729,SHORT_PUT,101584.723633,100426.000977
2018-02-16,100778.491645,100866.259729,0.0,273.109985,87.768084,25600.0,75266.259729,SHORT_PUT,101614.478638,100433.999634
2018-02-20,100783.280526,100866.259729,0.0,271.399994,82.979203,25600.0,75266.259729,SHORT_PUT,100978.361816,100263.000488
2018-02-21,100756.732176,100866.259729,0.0,270.049988,109.527554,25600.0,75266.259729,SHORT_PUT,100476.159546,100127.999878
2018-02-22,100780.075245,100866.259729,0.0,270.399994,86.184484,25600.0,75266.259729,SHORT_PUT,100606.361816,100163.000488
2018-02-23,100838.743932,100866.259729,0.0,274.709991,27.515797,25600.0,75266.259729,SHORT_PUT,102209.680908,100594.000244
2018-02-26,100862.772781,100866.259729,0.0,277.899994,3.486949,25600.0,75266.259729,SHORT_PUT,103396.361816,100913.000488
2018-02-27,100861.491496,100866.259729,0.0,274.429993,4.768233,25600.0,75266.259729,SHORT_PUT,102105.521362,100566.000366
2018-02-28,100848.48914,100866.259729,0.0,271.649994,17.770589,25600.0,75266.259729,SHORT_PUT,101071.361816,100288.000488
2018-03-01,100819.750928,100866.259729,0.0,267.700012,46.508801,25600.0,75266.259729,SHORT_PUT,99601.968628,99893.002319
2018-03-02,100823.343281,100866.259729,0.0,269.079987,42.916448,25600.0,75266.259729,SHORT_PUT,100115.319092,100030.999756
2018-03-05,100863.947193,100866.259729,0.0,272.190002,2.312536,25600.0,75266.259729,SHORT_PUT,101272.244995,100342.001343
2018-03-06,100865.13473,100866.259729,0.0,272.880005,1.124999,25600.0,75266.259729,SHORT_PUT,101528.925903,100411.001587
2018-03-07,100865.254893,100866.259729,0.0,272.779999,1.004836,25600.0,75266.259729,SHORT_PUT,101491.723633,100401.000977
2018-03-08,100865.259729,100866.259729,0.0,274.100006,1.0,25600.0,75266.259729,SHORT_PUT,101982.766357,100533.001709
2018-03-09,100866.259729,100866.259729,0.0,278.869995,0.0,0.0,100866.259729,CASH,103757.202271,101010.00061
2018-03-12,100866.259729,100866.259729,0.0,278.519989,0.0,0.0,100866.259729,CASH,103627.0,100975.0
2018-03-13,100826.093411,101230.514758,0.0,276.720001,404.421347,27200.0,74030.514758,SHORT_PUT,102957.404541,100795.001221
2018-03-14,100757.529995,101230.514758,0.0,275.299988,472.984762,27200.0,74030.514758,SHORT_PUT,102429.159546,100652.999878
2018-03-15,100721.681566,101230.514758,0.0,275.0,508.833191,27200.0,74030.514758,SHORT_PUT,102317.564087,100623.001099
2018-03-16,100721.613418,101230.514758,0.0,274.200012,508.90134,27200.0,74030.514758,SHORT_PUT,102428.052628,100652.702319
2018-03-19,100594.058815,101230.514758,0.0,270.48999,636.455943,27200.0,74030.514758,SHORT_PUT,101047.924454,100281.700122
2018-03-20,100521.392046,101230.514758,0.0,270.950012,709.122712,27200.0,74030.514758,SHORT_PUT,101219.052628,100327.702319
2018-03-21,100534.555718,101230.514758,0.0,270.429993,695.95904,27200.0,74030.514758,SHORT_PUT,101025.605362,100275.700366
2018-03-22,100119.007352,101230.514758,0.0,263.670013,1111.507405,27200.0,74030.514758,SHORT_PUT,98510.893082,99599.702441
2018-03-23,99551.459263,101230.514758,0.0,258.049988,1679.055495,27200.0,74030.514758,SHORT_PUT,96420.243546,99037.699878
2018-03-26,100079.669809,101230.514758,0.0,265.109985,1150.844949,27200.0,74030.514758,SHORT_PUT,99046.562638,99743.699634
2018-03-27,99859.443055,101230.514758,0.0,260.600006,1371.071703,27200.0,74030.514758,SHORT_PUT,97368.850357,99292.701709
2018-03-28,99778.759903,101230.514758,0.0,259.829987,1451.754854,27200.0,74030.514758,SHORT_PUT,97082.403092,99215.699756
2018-03-29,100045.955644,101230.514758,0.0,263.149994,1184.559114,27200.0,74030.514758,SHORT_PUT,98317.445816,99547.700488
2018-04-02,99664.281263,101230.514758,0.0,257.470001,1566.233495,27200.0,74030.514758,SHORT_PUT,96204.488541,98979.701221
2018-04-03,99927.118225,101230.514758,0.0,260.769989,1303.396533,27200.0,74030.514758,SHORT_PUT,97432.084,99309.7
2018-04-04,100215.033732,101230.514758,0.0,263.559998,1015.481026,27200.0,74030.514758,SHORT_PUT,98469.967179,99588.700854
2018-04-05,100415.777517,101230.514758,0.0,265.640015,814.737241,27200.0,74030.514758,SHORT_PUT,99243.733536,99796.702563
2018-04-06,99919.837181,101230.514758,0.0,259.720001,1310.677577,27200.0,74030.514758,SHORT_PUT,97041.488541,99204.701221
2018-04-09,100058.361231,101230.514758,0.0,261.0,1172.153527,27200.0,74030.514758,SHORT_PUT,97517.648087,99332.701099
2018-04-10,100465.725353,101230.514758,0.0,265.149994,764.789404,27200.0,74030.514758,SHORT_PUT,99061.445816,99747.700488
2018-04-11,100357.605075,101230.514758,0.0,263.76001,872.909683,27200.0,74030.514758,SHORT_PUT,98544.37172,99608.702075
2018-04-12,100588.613755,101230.514758,0.0,265.929993,641.901003,27200.0,74030.514758,SHORT_PUT,99351.605362,99825.700366
2018-04-13,100545.514147,74030.514758,100.0,265.149994,0.0,0.0,74030.514758,STOCK,99061.445816,99747.700488
2018-04-16,100763.513415,74030.514758,100.0,267.329987,0.0,0.0,74030.514758,STOCK,99872.403092,99965.699756
2018-04-17,101012.114756,74368.492095,100.0,270.190002,375.377584,0.0,74368.492095,COVERED_CALL,100936.328995,100251.701343
2018-04-18,101081.896036,74368.492095,100.0,270.390015,325.597524,0.0,74368.492095,COVERED_CALL,101010.733536,100271.702563
2018-04-19,100979.479889,74368.492095,100.0,268.890015,278.013672,0.0,74368.492095,COVERED_CALL,100452.733536,100121.702563
2018-04-20,100814.945893,74368.492095,100.0,266.609985,214.544738,0.0,74368.492095,COVERED_CALL,99604.562638,99893.699634
2018-04-23,100812.980766,74368.492095,100.0,266.570007,212.512062,0.0,74368.492095,COVERED_CALL,99589.690812,99889.701831
2018-04-24,100551.919259,74368.492095,100.0,262.980011,114.573936,0.0,74368.492095,COVERED_CALL,98254.212174,99530.702197
2018-04-25,100576.51935,74368.492095,100.0,263.630005,154.973234,0.0,74368.492095,COVERED_CALL,98496.009903,99595.701587
2018-04-26,100798.278134,74368.492095,100.0,266.309998,201.213717,0.0,74368.492095,COVERED_CALL,99492.967179,99863.700854
2018-04-27,100866.508533,74368.492095,100.0,266.559998,157.983318,0.0,74368.492095,COVERED_CALL,99585.967179,99888.700854
2018-04-30,100740.991525,74368.492095,100.0,264.51001,78.501547,0.0,74368.492095,COVERED_CALL,98823.37172,99683.702075
2018-05-01,100779.876411,74368.492095,100.0,264.980011,86.616783,0.0,74368.492095,COVERED_CALL,98998.212174,99730.702197
2018-05-02,100638.319992,74368.492095,100.0,263.200012,50.173324,0.0,74368.492095,COVERED_CALL,98336.052628,99552.702319
2018-05-03,100586.512531,74368.492095,100.0,262.619995,43.979076,0.0,74368.492095,COVERED_CALL,98120.286271,99494.70061
2018-05-04,100893.137954,74368.492095,100.0,266.019989,77.353043,0.0,74368.492095,COVERED_CALL,99385.084,99834.7
2018-05-07,101010.564886,74368.492095,100.0,266.920013,49.928552,0.0,74368.492095,COVERED_CALL,99719.893082,99924.702441
2018-05-08,101018.584186,74368.492095,100.0,266.920013,41.909252,0.0,74368.492095,COVERED_CALL,99719.893082,99924.702441
2018-05-09,101249.698331,74368.492095,100.0,269.5,68.793765,0.0,74368.492095,COVERED_CALL,100679.648087,100182.701099
2018-05-10,101480.402687,74368.492095,100.0,272.019989,90.08831,0.0,74368.492095,COVERED_CALL,101617.084,100434.7
2018-05-11,101559.121897,74368.492095,100.0,272.850006,94.370808,0.0,74368.492095,COVERED_CALL,101925.850357,100517.701709
2018-05-14,101621.39273,74368.492095,100.0,272.980011,45.100464,0.0,74368.492095,COVERED_CALL,101974.212174,100530.702197
2018-05-15,101466.787646,74368.492095,100.0,271.100006,11.70506,0.0,74368.492095,COVERED_CALL,101274.850357,100342.701709
2018-05-16,101576.213152,74368.492095,100.0,272.23999,16.277967,0.0,74368.492095,COVERED_CALL,101698.924454,100456.700122
2018-05-17,101567.200689,74368.492095,100.0,272.01001,2.292383,0.0,74368.492095,COVERED_CALL,101613.37172,100433.702075
2018-05-18,101501.490753,74368.492095,100.0,271.329987,0.0,0.0,74368.492095,STOCK,101360.403092,100365.699756
2018-05-21,101705.491607,74368.492095,100.0,273.369995,0.0,0.0,74368.492095,STOCK,102119.286271,100569.70061
2018-05-22,101607.88546,74556.416212,100.0,272.609985,209.529287,0.0,74556.416212,COVERED_CALL,101836.562638,100493.699634
2018-05-23,101663.833677,74556.416212,100.0,273.359985,228.58107,0.0,74556.416212,COVERED_CALL,102115.562638,100568.699634
2018-05-24,101651.888697,74556.416212,100.0,272.799988,184.526294,0.0,74556.416212,COVERED_CALL,101907.243546,100512.699878
2018-05-25,101612.023611,74556.416212,100.0,272.149994,159.391991,0.0,74556.416212,COVERED_CALL,101665.445816,100447.700488
2018-05-29,101369.939081,74556.416212,100.0,269.019989,88.476033,0.0,74556.416212,COVERED_CALL,100501.084,100134.7
2018-05-30,101556.842838,74556.416212,100.0,272.609985,260.57191,0.0,74556.416212,COVERED_CALL,101836.562638,100493.699634
2018-05-31,101500.492152,74556.416212,100.0,270.940002,149.924305,0.0,74556.416212,COVERED_CALL,101215.328995,100326.701343
2018-06-01,101693.392773,74556.416212,100.0,273.600006,223.024049,0.0,74556.416212,COVERED_CALL,102204.850357,100592.701709
2018-06-04,101868.665683,74556.416212,100.0,274.899994,177.749919,0.0,74556.416212,COVERED_CALL,102688.445816,100722.700488
2018-06-05,101910.84326,74556.416212,100.0,275.100006,155.573562,0.0,74556.416212,COVERED_CALL,102762.850357,100742.701709
2018-06-06,102085.1049,74556.416212,100.0,277.399994,211.310702,0.0,74556.416212,COVERED_CALL,103618.445816,100972.700488
2018-06-07,102113.823387,74556.416212,100.0,277.369995,179.592337,0.0,74556.416212,COVERED_CALL,103607.286271,100969.70061
2018-06-08,102163.608233,74556.416212,100.0,278.190002,211.808223,0.0,74556.416212,COVERED_CALL,103912.328995,101051.701343
2018-06-11,102221.820537,74556.416212,100.0,278.559998,190.595431,0.0,74556.416212,COVERED_CALL,104049.967179,101088.700854
2018-06-12,102253.113774,74556.416212,100.0,278.920013,195.303781,0.0,74556.416212,COVERED_CALL,104183.893082,101124.702441
2018-06-13,102212.275422,74556.416212,100.0,278.029999,147.140668,0.0,74556.416212,COVERED_CALL,103852.807633,101035.700977
2018-06-14,102259.649422,74556.416212,100.0,278.730011,169.767889,0.0,74556.416212,COVERED_CALL,104113.212174,101105.702197
2018-06-15,102306.343824,74681.016212,100.0,277.130005,87.672876,0.0,74681.016212,COVERED_CALL,103981.521903,101070.301587
2018-06-18,102303.850342,74681.016212,100.0,276.559998,33.165626,0.0,74681.016212,COVERED_CALL,103769.479179,101013.300854
2018-06-19,102218.290758,74681.016212,100.0,275.5,12.725454,0.0,74681.016212,COVERED_CALL,103375.160087,100907.301099
2018-06-20,102267.720786,74681.016212,100.0,275.970001,10.295549,0.0,74681.016212,COVERED_CALL,103550.000541,100954.301221
2018-06-21,102103.937807,74681.016212,100.0,274.23999,1.077428,0.0,74681.016212,COVERED_CALL,102906.436454,100781.300122
2018-06-22,102155.015236,74681.016212,100.0,274.73999,0.0,0.0,74681.016212,STOCK,103092.436454,100831.300122
2018-06-25,101781.016212,74681.016212,100.0,271.0,0.0,0.0,74681.016212,STOCK,101701.160087,100457.301099
2018-06-26,101802.535165,75029.266954,100.0,271.600006,386.732399,0.0,75029.266954,COVERED_CALL,101924.362357,100517.301709
2018-06-27,101709.522857,75029.266954,100.0,269.350006,254.744707,0.0,75029.266954,COVERED_CALL,101087.362357,100292.301709
2018-06-28,101757.581014,75029.266954,100.0,270.890015,360.687404,0.0,75029.266954,COVERED_CALL,101660.245536,100446.302563
2018-06-29,101830.335801,75029.266954,100.0,271.279999,326.931031,0.0,75029.266954,COVERED_CALL,101805.319633,100485.300977
2018-07-02,101925.407808,75029.266954,100.0,271.859985,289.857681,0.0,75029.266954,COVERED_CALL,102021.074638,100543.299634
2018-07-03,101884.997106,75029.266954,100.0,270.899994,234.269237,0.0,75029.266954,COVERED_CALL,101663.957816,100447.300488
2018-07-05,102038.904669,75029.266954,100.0,273.109985,301.36082,0.0,75029.266954,COVERED_CALL,102486.074638,100668.299634
2018-07-06,102229.366833,75029.266954,100.0,275.420013,341.901464,0.0,75029.266954,COVERED_CALL,103345.405082,100899.302441
2018-07-09,102451.333979,75029.266954,100.0,277.899994,367.932365,0.0,75029.266954,COVERED_CALL,104267.957816,101147.300488
2018-07-10,102532.57766,75029.266954,100.0,278.899994,386.688684,0.0,75029.266954,COVERED_CALL,104639.957816,101247.300488
2018-07-11,102440.956312,75029.266954,100.0,276.859985,274.309177,0.0,75029.266954,COVERED_CALL,103881.074638,101043.299634
2018-07-12,102551.567868,75029.266954,100.0,279.369995,414.698597,0.0,75029.266954,COVERED_CALL,104814.798271,101294.30061
2018-07-13,102603.490633,75029.266954,100.0,279.589996,384.775955,0.0,75029.266954,COVERED_CALL,104896.638725,101316.300732
2018-07-16,102642.887946,75029.266954,100.0,279.339996,320.378642,0.0,75029.266954,COVERED_CALL,104803.638725,101291.300732
2018-07-17,102688.605911,75029.266954,100.0,280.470001,387.661165,0.0,75029.266954,COVERED_CALL,105224.000541,101404.301221
2018-07-18,102741.270061,75029.266954,100.0,281.059998,393.996649,0.0,75029.266954,COVERED_CALL,105443.479179,101463.300854
2018-07-19,102717.219883,75029.266954,100.0,280.0,312.047071,0.0,75029.266954,COVERED_CALL,105049.160087,101357.301099
2018-07-20,102706.005374,75029.266954,100.0,279.679993,291.260848,0.0,75029.266954,COVERED_CALL,104930.117362,101325.300366
2018-07-23,102788.076005,75029.266954,100.0,280.200012,261.192169,0.0,75029.266954,COVERED_CALL,105123.564628,101377.302319
2018-07-24,102854.128104,75029.266954,100.0,281.609985,336.137385,0.0,75029.266954,COVERED_CALL,105648.074638,101518.299634
2018-07-25,102895.052276,75029.266954,100.0,284.01001,535.215655,0.0,75029.266954,COVERED_CALL,106540.88372,101758.302075
2018-07-26,102904.660047,75029.266954,100.0,283.339996,458.606541,0.0,75029.266954,COVERED_CALL,106291.638725,101691.300732
2018-07-27,102929.266954,102929.266954,0.0,281.420013,0.0,0.0,102929.266954,CASH,105577.405082,101499.302441
2018-07-30,102929.266954,102929.266954,0.0,279.950012,0.0,0.0,102929.266954,CASH,105030.564628,101352.302319
2018-07-31,102902.381005,103167.35847,0.0,281.329987,264.977466,27400.0,75767.35847,SHORT_PUT,105543.915092,101490.299756
2018-08-01,102945.077284,103167.35847,0.0,280.859985,222.281186,27400.0,75767.35847,SHORT_PUT,105369.074638,101443.299634
2018-08-02,102982.22047,103167.35847,0.0,282.390015,185.138001,27400.0,75767.35847,SHORT_PUT,105938.245536,101596.302563
2018-08-03,103042.658572,103167.35847,0.0,283.600006,124.699899,27400.0,75767.35847,SHORT_PUT,106388.362357,101717.301709
2018-08-06,103088.82769,103167.35847,0.0,284.640015,78.53078,27400.0,75767.35847,SHORT_PUT,106775.245536,101821.302563
2018-08-07,103112.347746,103167.35847,0.0,285.579987,55.010725,27400.0,75767.35847,SHORT_PUT,107124.915092,101915.299756
2018-08-08,103120.41867,103167.35847,0.0,285.459991,46.9398,27400.0,75767.35847,SHORT_PUT,107080.276908,101903.300244
2018-08-09,103121.257049,103167.35847,0.0,285.070007,46.101421,27400.0,75767.35847,SHORT_PUT,106935.202812,101864.301831
2018-08-10,103093.728512,103167.35847,0.0,283.160004,73.629959,27400.0,75767.35847,SHORT_PUT,106224.681449,101673.301465
2018-08-13,103054.603538,103167.35847,0.0,282.100006,112.754932,27400.0,75767.35847,SHORT_PUT,105830.362357,101567.301709
2018-08-14,103063.419563,103167.35847,0.0,283.899994,103.938908,27400.0,75767.35847,SHORT_PUT,106499.957816,101747.300488
2018-08-15,103060.921143,103167.35847,0.0,281.779999,106.437327,27400.0,75767.35847,SHORT_PUT,105711.319633,101535.300977
2018-08-16,103084.886758,103167.35847,0.0,284.059998,82.471712,27400.0,75767.35847,SHORT_PUT,106559.479179,101763.300854
2018-08-17,103122.142962,103167.35847,0.0,285.059998,45.215508,27400.0,75767.35847,SHORT_PUT,106931.479179,101863.300854
2018-08-20,103149.190667,103167.35847,0.0,285.670013,18.167803,27400.0,75767.35847,SHORT_PUT,107158.405082,101924.302441
2018-08-21,103156.187261,103167.35847,0.0,286.339996,11.17121,27400.0,75767.35847,SHORT_PUT,107407.638725,101991.300732
2018-08-22,103156.832531,103167.35847,0.0,286.170013,10.52594,27400.0,75767.35847,SHORT_PUT,107344.405082,101974.302441
2018-08-23,103160.43544,103167.35847,0.0,285.790009,6.923031,27400.0,75767.35847,SHORT_PUT,107203.043266,101936.301953
2018-08-24,103164.506636,103167.35847,0.0,287.51001,2.851835,27400.0,75767.35847,SHORT_PUT,107842.88372,102108.302075
2018-08-27,103166.34864,103167.35847,0.0,289.779999,1.009831,27400.0,75767.35847,SHORT_PUT,108687.319633,102335.300977
2018-08-28,103166.357718,103167.35847,0.0,289.920013,1.000752,27400.0,75767.35847,SHORT_PUT,108739.405082,102349.302441
2018-08-29,103166.35847,103167.35847,0.0,291.480011,1.000001,27400.0,75767.35847,SHORT_PUT,109319.724174,102505.302197
2018-08-30,103166.35847,103167.35847,0.0,290.299988,1.0,27400.0,75767.35847,SHORT_PUT,108880.755546,102387.299878
2018-08-31,103167.35847,103167.35847,0.0,290.309998,0.0,0.0,103167.35847,CASH,108884.479179,102388.300854
2018-09-04,103167.35847,103167.35847,0.0,289.809998,0.0,0.0,103167.35847,CASH,108698.479179,102338.300854
2018-09-05,103136.382764,103444.302684,0.0,289.029999,307.91992,28400.0,75044.302684,SHORT_PUT,108408.319633,102260.300977
2018-09-06,103084.459641,103444.302684,0.0,288.160004,359.843044,28400.0,75044.302684,SHORT_PUT,108084.681449,102173.301465
2018-09-07,103043.463453,103444.302684,0.0,287.600006,400.839232,28400.0,75044.302684,SHORT_PUT,107876.362357,102117.301709
2018-09-10,103084.05557,103444.302684,0.0,288.100006,360.247114,28400.0,75044.302684,SHORT_PUT,108062.362357,102167.301709
2018-09-11,103153.414841,103444.302684,0.0,289.049988,290.887843,28400.0,75044.302684,SHORT_PUT,108415.755546,102262.299878
2018-09-12,103196.101943,103444.302684,0.0,289.119995,248.200741,28400.0,75044.302684,SHORT_PUT,108441.798271,102269.30061
2018-09-13,103258.231777,103444.302684,0.0,290.829987,186.070907,28400.0,75044.302684,SHORT_PUT,109077.915092,102440.299756
2018-09-14,103289.265665,103444.302684,0.0,290.880005,155.037019,28400.0,75044.302684,SHORT_PUT,109096.521903,102445.301587
2018-09-17,103280.986156,103444.302684,0.0,289.339996,163.316528,28400.0,75044.302684,SHORT_PUT,108523.638725,102291.300732
2018-09-18,103292.008791,103444.302684,0.0,290.910004,152.293893,28400.0,75044.302684,SHORT_PUT,109107.681449,102448.301465
2018-09-19,103328.772133,103444.302684,0.0,291.220001,115.530551,28400.0,75044.302684,SHORT_PUT,109223.000541,102479.301221
2018-09-20,103394.272029,103444.302684,0.0,293.579987,50.030655,28400.0,75044.302684,SHORT_PUT,110100.915092,102715.299756
2018-09-21,103377.707448,103444.302684,0.0,291.98999,66.595236,28400.0,75044.302684,SHORT_PUT,110001.592454,102688.600122
2018-09-24,103385.381607,103444.302684,0.0,291.019989,58.921077,28400.0,75044.302684,SHORT_PUT,109640.752,102591.6
2018-09-25,103381.525247,103444.302684,0.0,290.75,62.777437,28400.0,75044.302684,SHORT_PUT,109540.316087,102564.601099
2018-09-26,103372.105902,103444.302684,0.0,289.880005,72.196782,28400.0,75044.302684,SHORT_PUT,109216.677903,102477.601587
2018-09-27,103389.870347,103444.302684,0.0,290.690002,54.432337,28400.0,75044.302684,SHORT_PUT,109517.996995,102558.601343
2018-09-28,103405.354467,103444.302684,0.0,290.720001,38.948217,28400.0,75044.302684,SHORT_PUT,109529.156541,102561.601221
2018-10-01,103436.609963,103444.302684,0.0,291.730011,7.692721,28400.0,75044.302684,SHORT_PUT,109904.880174,102662.602197
2018-10-02,103440.284154,103444.302684,0.0,291.559998,4.01853,28400.0,75044.302684,SHORT_PUT,109841.635179,102645.600854
2018-10-03,103442.708303,103444.302684,0.0,291.720001,1.594381,28400.0,75044.302684,SHORT_PUT,109901.156541,102661.601221
2018-10-04,103443.003097,103444.302684,0.0,289.440002,1.299587,28400.0,75044.302684,SHORT_PUT,109052.996995,102433.601343
2018-10-05,103444.302684,103444.302684,0.0,287.820007,0.0,0.0,103444.302684,CASH,108450.358812,102271.601831
2018-10-08,103444.302684,103444.302684,0.0,287.820007,0.0,0.0,103444.302684,CASH,108450.358812,102271.601831
2018-10-09,103408.375344,103768.287413,0.0,287.399994,359.912069,28100.0,75668.287413,SHORT_PUT,108294.113816,102229.600488
2018-10-10,102992.558431,103768.287413,0.0,278.299988,775.728982,28100.0,75668.287413,SHORT_PUT,104908.911546,101319.599878
2018-10-11,102351.111275,103768.287413,0.0,272.170013,1417.176137,28100.0,75668.287413,SHORT_PUT,102628.561082,100706.602441
2018-10-12,102529.433521,103768.287413,0.0,275.950012,1238.853891,28100.0,75668.287413,SHORT_PUT,104034.720628,101084.602319
2018-10-15,102611.804157,103768.287413,0.0,274.399994,1156.483255,28100.0,75668.287413,SHORT_PUT,103458.113816,100929.600488
2018-10-16,102978.70704,103768.287413,0.0,280.399994,789.580373,28100.0,75668.287413,SHORT_PUT,105690.113816,101529.600488
2018-10-17,103127.395827,103768.287413,0.0,280.450012,640.891586,28100.0,75668.287413,SHORT_PUT,105708.720628,101534.602319
2018-10-18,102912.208837,103768.287413,0.0,276.399994,856.078575,28100.0,75668.287413,SHORT_PUT,104202.113816,101129.600488
2018-10-19,102829.500928,103768.287413,0.0,276.25,938.786485,28100.0,75668.287413,SHORT_PUT,104146.316087,101114.601099
2018-10-22,102798.677132,103768.287413,0.0,275.01001,969.610281,28100.0,75668.287413,SHORT_PUT,103685.03972,100990.602075
2018-10-23,102722.588198,103768.287413,0.0,273.609985,1045.699215,28100.0,75668.287413,SHORT_PUT,103164.230638,100850.599634
2018-10-24,102034.762064,103768.287413,0.0,265.320007,1733.525349,28100.0,75668.287413,SHORT_PUT,100080.358812,100021.601831
2018-10-25,102355.163105,103768.287413,0.0,270.079987,1413.124308,28100.0,75668.287413,SHORT_PUT,101851.071092,100497.599756
2018-10-26,102001.314755,103768.287413,0.0,265.329987,1766.972658,28100.0,75668.287413,SHORT_PUT,100084.071092,100022.599756
2018-10-29,101905.798581,103768.287413,0.0,263.859985,1862.488831,28100.0,75668.287413,SHORT_PUT,99537.230638,99875.599634
2018-10-30,102265.832578,103768.287413,0.0,267.769989,1502.454835,28100.0,75668.287413,SHORT_PUT,100991.752,100266.6
2018-10-31,102547.701395,103768.287413,0.0,270.630005,1220.586018,28100.0,75668.287413,SHORT_PUT,102055.677903,100552.601587
2018-11-01,102835.344222,103768.287413,0.0,273.51001,932.94319,28100.0,75668.287413,SHORT_PUT,103127.03972,100840.602075
2018-11-02,102743.69071,103768.287413,0.0,271.890015,1024.596702,28100.0,75668.287413,SHORT_PUT,102524.401536,100678.602563
2018-11-05,102925.643418,103768.287413,0.0,273.390015,842.643995,28100.0,75668.287413,SHORT_PUT,103082.401536,100828.602563
2018-11-06,103097.85491,103768.287413,0.0,275.119995,670.432502,28100.0,75668.287413,SHORT_PUT,103725.954271,101001.60061
2018-11-07,103561.612776,103768.287413,0.0,281.01001,206.674637,28100.0,75668.287413,SHORT_PUT,105917.03972,101590.602075
2018-11-08,103619.947229,103768.287413,0.0,280.5,148.340184,28100.0,75668.287413,SHORT_PUT,105727.316087,101539.601099
2018-11-09,103444.288389,75668.287413,100.0,277.76001,0.0,0.0,75668.287413,STOCK,104708.03972,101265.602075
2018-11-12,102925.288145,75668.287413,100.0,272.570007,0.0,0.0,75668.287413,STOCK,102777.358812,100746.601831
2018-11-13,102832.811339,76044.98279,100.0,272.059998,418.171206,0.0,76044.98279,COVERED_CALL,102587.635179,100695.600854
2018-11-14,102732.757287,76044.98279,100.0,270.200012,332.226723,0.0,76044.98279,COVERED_CALL,101895.720628,100509.602319
2018-11-15,102892.026899,76044.98279,100.0,273.019989,454.954792,0.0,76044.98279,COVERED_CALL,102944.752,100791.6
2018-11-16,102995.263838,76044.98279,100.0,273.730011,422.72005,0.0,76044.98279,COVERED_CALL,103208.880174,100862.602197
2018-11-19,102760.008555,76044.98279,100.0,269.100006,194.974845,0.0,76044.98279,COVERED_CALL,101486.518357,100399.601709
2018-11-20,102322.326039,76044.98279,100.0,264.119995,134.656262,0.0,76044.98279,COVERED_CALL,99633.954271,99901.60061
2018-11-21,102354.566755,76044.98279,100.0,265.019989,192.414936,0.0,76044.98279,COVERED_CALL,99968.752,99991.6
2018-11-23,102261.326032,76044.98279,100.0,263.25,108.656757,0.0,76044.98279,COVERED_CALL,99310.316087,99814.601099
2018-11-26,102632.470535,76044.98279,100.0,267.5,162.512255,0.0,76044.98279,COVERED_CALL,100891.316087,100239.601099
2018-11-27,102767.146456,76044.98279,100.0,268.399994,117.835724,0.0,76044.98279,COVERED_CALL,101226.113816,100329.600488
2018-11-28,103247.086241,76044.98279,100.0,274.579987,255.895205,0.0,76044.98279,COVERED_CALL,103525.071092,100947.599756
2018-11-29,103232.649448,76044.98279,100.0,273.980011,210.33444,0.0,76044.98279,COVERED_CALL,103301.880174,100887.602197
2018-11-30,103356.768578,76044.98279,100.0,275.649994,253.213601,0.0,76044.98279,COVERED_CALL,103923.113816,101054.600488
2018-12-03,103655.875518,76044.98279,100.0,279.299988,319.106051,0.0,76044.98279,COVERED_CALL,105280.911546,101419.599878
2018-12-04,103026.299926,76044.98279,100.0,270.25,43.682864,0.0,76044.98279,COVERED_CALL,101914.316087,100514.601099
2018-12-06,102967.844125,76044.98279,100.0,269.839996,61.138298,0.0,76044.98279,COVERED_CALL,101761.794725,100473.600732
2018-12-07,102390.73387,76044.98279,100.0,263.570007,11.249652,0.0,76044.98279,COVERED_CALL,99429.358812,99846.601831
2018-12-10,102447.583531,76044.98279,100.0,264.070007,4.399991,0.0,76044.98279,COVERED_CALL,99615.358812,99896.601831
2018-12-11,102456.156612,76044.98279,100.0,264.130005,1.826666,0.0,76044.98279,COVERED_CALL,99637.677903,99902.601587
2018-12-12,102589.852393,76044.98279,100.0,265.459991,1.129543,0.0,76044.98279,COVERED_CALL,100132.432908,100035.600244
2018-12-13,102580.982054,76044.98279,100.0,265.369995,1.000247,0.0,76044.98279,COVERED_CALL,100098.954271,100026.60061
2018-12-14,102091.982912,76044.98279,100.0,260.470001,0.0,0.0,76044.98279,STOCK,98276.156541,99536.601221
2018-12-17,101580.982851,76044.98279,100.0,255.360001,0.0,0.0,76044.98279,STOCK,96375.236314,99025.60116
2018-12-18,101508.340809,76451.758347,100.0,255.080002,451.417721,0.0,76451.758347,COVERED_CALL,96271.076768,98997.601282
2018-12-19,101222.432335,76451.758347,100.0,251.259995,355.325463,0.0,76451.758347,COVERED_CALL,94850.034043,98615.600549
2018-12-20,100925.232498,76451.758347,100.0,247.169998,243.525666,0.0,76451.758347,COVERED_CALL,93328.555406,98206.600916
2018-12-21,100488.936012,76595.258347,100.0,240.699997,176.32203,0.0,76595.258347,COVERED_CALL,91455.534952,97703.100793
2018-12-24,99932.967813,76595.258347,100.0,234.339996,96.290168,0.0,76595.258347,COVERED_CALL,89089.614725,97067.100732
2018-12-26,100825.517415,76595.258347,100.0,246.179993,387.7402,0.0,76595.258347,COVERED_CALL,93494.093362,98251.100366
2018-12-27,101119.240983,76595.258347,100.0,248.070007,283.018096,0.0,76595.258347,COVERED_CALL,94197.178812,98440.101831
2018-12-28,101119.875574,76595.258347,100.0,247.75,250.382772,0.0,76595.258347,COVERED_CALL,94078.136087,98408.101099
2018-12-31,101370.027953,76595.258347,100.0,249.919998,217.23021,0.0,76595.258347,COVERED_CALL,94885.375406,98625.100916
2019-01-02,101472.392973,76595.258347,100.0,250.179993,140.864641,0.0,76595.258347,COVERED_CALL,94982.093362,98651.100366
2019-01-03,100978.762955,76595.258347,100.0,244.210007,37.496063,0.0,76595.258347,COVERED_CALL,92761.258584,98054.10177
2019-01-04,101680.955605,76595.258347,100.0,252.389999,153.302681,0.0,76595.258347,COVERED_CALL,95804.21586,98872.101038
2019-01-07,101946.432154,76595.258347,100.0,254.380005,86.826681,0.0,76595.258347,COVERED_CALL,96544.497903,99071.101587
2019-01-08,102157.696445,76595.258347,100.0,256.769989,114.560803,0.0,76595.258347,COVERED_CALL,97433.572,99310.1
2019-01-09,102282.719749,76595.258347,100.0,257.970001,109.53872,0.0,76595.258347,COVERED_CALL,97879.976541,99430.101221
2019-01-10,102378.208034,76595.258347,100.0,258.880005,105.050801,0.0,76595.258347,COVERED_CALL,98218.497903,99521.101587
2019-01-11,102409.072268,76595.258347,100.0,258.980011,84.187177,0.0,76595.258347,COVERED_CALL,98255.700174,99531.102197
2019-01-14,102320.257962,76595.258347,100.0,257.399994,14.999775,0.0,76595.258347,COVERED_CALL,97667.933816,99373.100488
2019-01-15,102598.80854,76595.258347,100.0,260.350006,31.450417,0.0,76595.258347,COVERED_CALL,98765.338357,99668.101709
2019-01-16,102675.435654,76595.258347,100.0,260.980011,17.823792,0.0,76595.258347,COVERED_CALL,98999.700174,99731.102197
2019-01-17,102874.967374,76595.258347,100.0,262.959991,16.290118,0.0,76595.258347,COVERED_CALL,99736.252908,99929.100244
2019-01-18,103241.257492,76595.258347,100.0,266.459991,0.0,0.0,76595.258347,STOCK,101038.252908,100279.100244
2019-01-22,102881.256882,76595.258347,100.0,262.859985,0.0,0.0,76595.258347,STOCK,99699.050638,99919.099634
2019-01-23,102892.916789,76989.681627,100.0,263.410004,437.765205,0.0,76989.681627,COVERED_CALL,99903.657449,99974.101465
2019-01-24,102958.061595,76989.681627,100.0,263.549988,386.618811,0.0,76989.681627,COVERED_CALL,99955.731546,99988.099878
2019-01-25,103132.299701,76989.681627,100.0,265.779999,435.381804,0.0,76989.681627,COVERED_CALL,100785.295633,100211.100977
2019-01-28,103084.39133,76989.681627,100.0,263.76001,281.291274,0.0,76989.681627,COVERED_CALL,100033.85972,100009.102075
2019-01-29,103028.417242,76989.681627,100.0,263.410004,302.264752,0.0,76989.681627,COVERED_CALL,99903.657449,99974.101465
2019-01-30,103295.745868,76989.681627,100.0,267.579987,451.934417,0.0,76989.681627,COVERED_CALL,101454.891092,100391.099756
2019-01-31,103486.934635,76989.681627,100.0,269.929993,495.74626,0.0,76989.681627,COVERED_CALL,102329.093362,100626.100366
2019-02-01,103542.601499,76989.681627,100.0,270.059998,453.079884,0.0,76989.681627,COVERED_CALL,102377.455179,100639.100854
2019-02-04,103690.553744,76989.681627,100.0,271.959991,495.127029,0.0,76989.681627,COVERED_CALL,103084.252908,100829.100244
2019-02-05,103767.079707,76989.681627,100.0,273.100006,532.602531,0.0,76989.681627,COVERED_CALL,103508.338357,100943.101709
2019-02-06,103770.469093,76989.681627,100.0,272.73999,493.211558,0.0,76989.681627,COVERED_CALL,103374.412454,100907.100122
2019-02-07,103664.063782,76989.681627,100.0,270.140015,339.61931,0.0,76989.681627,COVERED_CALL,102407.221536,100647.102563
2019-02-08,103670.185589,76989.681627,100.0,270.470001,366.49616,0.0,76989.681627,COVERED_CALL,102529.976541,100680.101221
2019-02-11,103743.507746,76989.681627,100.0,270.619995,308.173393,0.0,76989.681627,COVERED_CALL,102585.774271,100695.10061
2019-02-12,103911.116725,76989.681627,100.0,274.100006,488.565512,0.0,76989.681627,COVERED_CALL,103880.338357,101043.101709
2019-02-13,103970.431227,76989.681627,100.0,274.98999,518.249424,0.0,76989.681627,COVERED_CALL,104211.412454,101132.100122
2019-02-14,103964.830363,76989.681627,100.0,274.380005,462.851753,0.0,76989.681627,COVERED_CALL,103984.497903,101071.101587
2019-02-15,104051.919558,76989.681627,100.0,277.369995,674.761581,0.0,76989.681627,COVERED_CALL,105096.774271,101370.10061
2019-02-19,104137.27849,76989.681627,100.0,277.850006,637.403747,0.0,76989.681627,COVERED_CALL,105275.338357,101418.101709
2019-02-20,104149.958198,76989.681627,100.0,278.410004,680.723795,0.0,76989.681627,COVERED_CALL,105483.657449,101474.101465
2019-02-21,104160.602775,76989.681627,100.0,277.420013,571.080195,0.0,76989.681627,COVERED_CALL,105115.381082,101375.102441
2019-02-22,104189.681627,104189.681627,0.0,279.140015,0.0,0.0,104189.681627,CASH,105755.221536,101547.102563
2019-02-25,104189.681627,104189.681627,0.0,279.519989,0.0,0.0,104189.681627,CASH,105896.572,101585.1
2019-02-26,104157.917985,104474.111225,0.0,279.320007,316.19324,27300.0,77174.111225,SHORT_PUT,105822.178812,101565.101831
2019-02-27,104150.9471,104474.111225,0.0,279.200012,323.164126,27300.0,77174.111225,SHORT_PUT,105777.540628,101553.102319
2019-02-28,104158.957693,104474.111225,0.0,278.679993,315.153532,27300.0,77174.111225,SHORT_PUT,105584.093362,101501.100366
2019-03-01,104219.575061,104474.111225,0.0,280.420013,254.536164,27300.0,77174.111225,SHORT_PUT,106231.381082,101675.102441
2019-03-04,104253.123036,104474.111225,0.0,279.399994,220.98819,27300.0,77174.111225,SHORT_PUT,105851.933816,101573.100488
2019-03-05,104217.178239,104474.111225,0.0,279.019989,256.932987,27300.0,77174.111225,SHORT_PUT,105710.572,101535.1
2019-03-06,104166.004863,104474.111225,0.0,277.329987,308.106363,27300.0,77174.111225,SHORT_PUT,105081.891092,101366.099756
2019-03-07,104050.156187,104474.111225,0.0,275.01001,423.955038,27300.0,77174.111225,SHORT_PUT,104218.85972,101134.102075
2019-03-08,104009.090033,104474.111225,0.0,274.459991,465.021192,27300.0,77174.111225,SHORT_PUT,104014.252908,101079.100244
2019-03-11,104219.645608,104474.111225,0.0,278.440002,254.465617,27300.0,77174.111225,SHORT_PUT,105494.816995,101477.101343
2019-03-12,104306.452436,104474.111225,0.0,279.48999,167.65879,27300.0,77174.111225,SHORT_PUT,105885.412454,101582.100122
2019-03-13,104370.25557,104474.111225,0.0,281.339996,103.855656,27300.0,77174.111225,SHORT_PUT,106573.614725,101767.100732
2019-03-14,104381.969672,104474.111225,0.0,281.160004,92.141553,27300.0,77174.111225,SHORT_PUT,106506.657449,101749.101465
2019-03-15,104391.149774,104474.111225,0.0,281.309998,82.961452,27300.0,77174.111225,SHORT_PUT,107021.131179,101887.400854
2019-03-18,104435.464266,104474.111225,0.0,282.329987,38.64696,27300.0,77174.111225,SHORT_PUT,107400.567092,101989.399756
2019-03-19,104440.548191,104474.111225,0.0,282.399994,33.563035,27300.0,77174.111225,SHORT_PUT,107426.609816,101996.400488
2019-03-20,104433.921866,104474.111225,0.0,281.549988,40.189359,27300.0,77174.111225,SHORT_PUT,107110.407546,101911.399878
2019-03-21,104460.897645,104474.111225,0.0,284.730011,13.213581,27300.0,77174.111225,SHORT_PUT,108293.376174,102229.402197
2019-03-22,104420.376064,104474.111225,0.0,279.25,53.735162,27300.0,77174.111225,SHORT_PUT,106254.812087,101681.401099
2019-03-25,104429.852592,104474.111225,0.0,279.040009,44.258633,27300.0,77174.111225,SHORT_PUT,106176.695266,101660.401953
2019-03-26,104463.077803,104474.111225,0.0,281.119995,11.033423,27300.0,77174.111225,SHORT_PUT,106950.450271,101868.40061
2019-03-27,104468.585985,104474.111225,0.0,279.649994,5.52524,27300.0,77174.111225,SHORT_PUT,106403.609816,101721.400488
2019-03-28,104472.982592,104474.111225,0.0,280.709991,1.128634,27300.0,77174.111225,SHORT_PUT,106797.928908,101827.400244
2019-03-29,104474.111225,104474.111225,0.0,282.480011,0.0,0.0,104474.111225,CASH,107456.376174,102004.402197
2019-04-01,104474.111225,104474.111225,0.0,285.829987,0.0,0.0,104474.111225,CASH,108702.567092,102339.399756
2019-04-02,104448.228619,104702.670982,0.0,285.970001,254.442362,27900.0,76802.670982,SHORT_PUT,108754.652541,102353.401221
2019-04-03,104470.033154,104702.670982,0.0,286.420013,232.637828,27900.0,76802.670982,SHORT_PUT,108922.057082,102398.402441
2019-04-04,104485.571939,104702.670982,0.0,287.179993,217.099042,27900.0,76802.670982,SHORT_PUT,109204.769362,102474.400366
2019-04-05,104531.8178,104702.670982,0.0,288.570007,170.853182,27900.0,76802.670982,SHORT_PUT,109721.854812,102613.401831
2019-04-08,104577.157449,104702.670982,0.0,288.790009,125.513532,27900.0,76802.670982,SHORT_PUT,109803.695266,102635.401953
2019-04-09,104542.859434,104702.670982,0.0,287.309998,159.811548,27900.0,76802.670982,SHORT_PUT,109253.131179,102487.400854
2019-04-10,104543.094777,104702.670982,0.0,288.290009,159.576205,27900.0,76802.670982,SHORT_PUT,109617.695266,102585.401953
2019-04-11,104573.8971,104702.670982,0.0,288.209991,128.773881,27900.0,76802.670982,SHORT_PUT,109587.928908,102577.400244
2019-04-12,104620.453484,104702.670982,0.0,290.160004,82.217498,27900.0,76802.670982,SHORT_PUT,110313.333449,102772.401465
2019-04-15,104651.636341,104702.670982,0.0,289.970001,51.03464,27900.0,76802.670982,SHORT_PUT,110242.652541,102753.401221
2019-04-16,104654.176685,104702.670982,0.0,290.160004,48.494297,27900.0,76802.670982,SHORT_PUT,110313.333449,102772.401465
2019-04-17,104653.435869,104702.670982,0.0,289.450012,49.235113,27900.0,76802.670982,SHORT_PUT,110049.216628,102701.402319
2019-04-18,104659.21341,104702.670982,0.0,290.019989,43.457572,27900.0,76802.670982,SHORT_PUT,110261.248,102758.4
2019-04-22,104684.491997,104702.670982,0.0,290.269989,18.178985,27900.0,76802.670982,SHORT_PUT,110354.248,102783.4
2019-04-23,104695.38231,104702.670982,0.0,292.880005,7.288672,27900.0,76802.670982,SHORT_PUT,111325.173903,103044.401587
2019-04-24,104696.287264,104702.670982,0.0,292.230011,6.383717,27900.0,76802.670982,SHORT_PUT,111083.376174,102979.402197
2019-04-25,104695.538617,104702.670982,0.0,292.049988,7.132364,27900.0,76802.670982,SHORT_PUT,111016.407546,102961.399878
2019-04-26,104699.348958,104702.670982,0.0,293.410004,3.322023,27900.0,76802.670982,SHORT_PUT,111522.333449,103097.401465
2019-04-29,104701.602022,104702.670982,0.0,293.869995,1.06896,27900.0,76802.670982,SHORT_PUT,111693.450271,103143.40061
2019-04-30,104701.659644,104702.670982,0.0,294.019989,1.011337,27900.0,76802.670982,SHORT_PUT,111749.248,103158.4
2019-05-01,104701.666558,104702.670982,0.0,291.809998,1.004424,27900.0,76802.670982,SHORT_PUT,110927.131179,102937.400854
2019-05-02,104701.67087,104702.670982,0.0,291.179993,1.000112,27900.0,76802.670982,SHORT_PUT,110692.769362,102874.400366
2019-05-03,104702.670982,104702.670982,0.0,294.029999,0.0,0.0,104702.670982,CASH,111752.971633,103159.400977
2019-05-06,104702.670982,104702.670982,0.0,292.820007,0.0,0.0,104702.670982,CASH,111302.854812,103038.401831
2019-05-07,104649.806693,105187.556722,0.0,287.929993,537.750028,28600.0,76587.556722,SHORT_PUT,109483.769362,102549.400366
2019-05-08,104482.039006,105187.556722,0.0,287.529999,705.517716,28600.0,76587.556722,SHORT_PUT,109334.971633,102509.400977
2019-05-09,104449.830305,105187.556722,0.0,286.660004,737.726417,28600.0,76587.556722,SHORT_PUT,109011.333449,102422.401465
2019-05-10,104542.99411,105187.556722,0.0,288.100006,644.562612,28600.0,76587.556722,SHORT_PUT,109547.014357,102566.401709
2019-05-13,104298.198061,105187.556722,0.0,280.859985,889.358661,28600.0,76587.556722,SHORT_PUT,106853.726638,101842.399634
2019-05-14,104303.021432,105187.556722,0.0,283.399994,884.53529,28600.0,76587.556722,SHORT_PUT,107798.609816,102096.400488
2019-05-15,104498.818803,105187.556722,0.0,285.059998,688.737919,28600.0,76587.556722,SHORT_PUT,108416.131179,102262.400854
2019-05-16,104700.718636,105187.556722,0.0,287.700012,486.838085,28600.0,76587.556722,SHORT_PUT,109398.216628,102526.402319
2019-05-17,104663.009909,105187.556722,0.0,285.839996,524.546813,28600.0,76587.556722,SHORT_PUT,108706.290725,102340.400732
2019-05-20,104575.481931,105187.556722,0.0,283.950012,612.074791,28600.0,76587.556722,SHORT_PUT,108003.216628,102151.402319
2019-05-21,104715.743871,105187.556722,0.0,286.51001,471.812851,28600.0,76587.556722,SHORT_PUT,108955.53572,102407.402075
2019-05-22,104726.561952,105187.556722,0.0,285.630005,460.99477,28600.0,76587.556722,SHORT_PUT,108628.173903,102319.401587
2019-05-23,104537.579958,105187.556722,0.0,282.140015,649.976764,28600.0,76587.556722,SHORT_PUT,107329.897536,101970.402563
2019-05-24,104534.356811,105187.556722,0.0,282.779999,653.199911,28600.0,76587.556722,SHORT_PUT,107567.971633,102034.400977
2019-05-28,104436.929056,105187.556722,0.0,280.149994,750.627666,28600.0,76587.556722,SHORT_PUT,106589.609816,101771.400488
2019-05-29,104271.88351,105187.556722,0.0,278.269989,915.673212,28600.0,76587.556722,SHORT_PUT,105890.248,101583.4
2019-05-30,104343.544991,105187.556722,0.0,279.029999,844.011731,28600.0,76587.556722,SHORT_PUT,106172.971633,101659.400977
2019-05-31,104031.050317,105187.556722,0.0,275.269989,1156.506405,28600.0,76587.556722,SHORT_PUT,104774.248,101283.4
2019-06-03,103979.525321,105187.556722,0.0,274.570007,1208.0314,28600.0,76587.556722,SHORT_PUT,104513.854812,101213.401831
2019-06-04,104558.7441,105187.556722,0.0,280.529999,628.812622,28600.0,76587.556722,SHORT_PUT,106730.971633,101809.400977
2019-06-05,104806.450178,105187.556722,0.0,282.959991,381.106544,28600.0,76587.556722,SHORT_PUT,107634.928908,102052.400244
2019-06-06,104994.063039,105187.556722,0.0,284.799988,193.493682,28600.0,76587.556722,SHORT_PUT,108319.407546,102236.399878
2019-06-07,105187.556722,105187.556722,0.0,287.649994,0.0,0.0,105187.556722,CASH,109379.609816,102521.400488
2019-06-10,105187.556722,105187.556722,0.0,288.970001,0.0,0.0,105187.556722,CASH,109870.652541,102653.401221
2019-06-11,105155.310876,105476.567253,0.0,288.899994,321.256377,28100.0,77376.567253,SHORT_PUT,109844.609816,102646.400488
2019-06-12,105146.760409,105476.567253,0.0,288.390015,329.806844,28100.0,77376.567253,SHORT_PUT,109654.897536,102595.402563
2019-06-13,105194.687956,105476.567253,0.0,289.579987,281.879296,28100.0,77376.567253,SHORT_PUT,110097.567092,102714.399756
2019-06-14,105197.726944,105476.567253,0.0,289.26001,278.840309,28100.0,77376.567253,SHORT_PUT,109978.53572,102682.402075
2019-06-17,105245.719679,105476.567253,0.0,289.369995,230.847574,28100.0,77376.567253,SHORT_PUT,110019.450271,102693.40061
2019-06-18,105324.511508,105476.567253,0.0,292.399994,152.055745,28100.0,77376.567253,SHORT_PUT,111146.609816,102996.400488
2019-06-19,105349.303457,105476.567253,0.0,293.059998,127.263796,28100.0,77376.567253,SHORT_PUT,111392.131179,103062.400854
2019-06-20,105411.193312,105476.567253,0.0,295.859985,65.37394,28100.0,77376.567253,SHORT_PUT,112433.726638,103342.399634
2019-06-21,105386.594165,105476.567253,0.0,294.0,89.973088,28100.0,77376.567253,SHORT_PUT,112274.516087,103299.601099
2019-06-24,105389.378243,105476.567253,0.0,293.640015,87.18901,28100.0,77376.567253,SHORT_PUT,112140.601536,103263.602563
2019-06-25,105352.619414,105476.567253,0.0,290.76001,123.947839,28100.0,77376.567253,SHORT_PUT,111069.23972,102975.602075
2019-06-26,105335.007079,105476.567253,0.0,290.470001,141.560173,28100.0,77376.567253,SHORT_PUT,110961.356541,102946.601221
2019-06-27,105366.588849,105476.567253,0.0,291.5,109.978404,28100.0,77376.567253,SHORT_PUT,111344.516087,103049.601099
2019-06-28,105405.164843,105476.567253,0.0,293.0,71.40241,28100.0,77376.567253,SHORT_PUT,111902.516087,103199.601099
2019-07-01,105455.976107,105476.567253,0.0,295.660004,20.591146,28100.0,77376.567253,SHORT_PUT,112892.037449,103465.601465
2019-07-02,105467.239152,105476.567253,0.0,296.429993,9.328101,28100.0,77376.567253,SHORT_PUT,113178.473362,103542.600366
2019-07-03,105474.290244,105476.567253,0.0,298.799988,2.277009,28100.0,77376.567253,SHORT_PUT,114060.111546,103779.599878
2019-07-05,105475.235947,105476.567253,0.0,298.459991,1.331306,28100.0,77376.567253,SHORT_PUT,113933.632908,103745.600244
2019-07-08,105475.503803,105476.567253,0.0,296.820007,1.06345,28100.0,77376.567253,SHORT_PUT,113323.558812,103581.601831
2019-07-09,105475.555628,105476.567253,0.0,297.190002,1.011625,28100.0,77376.567253,SHORT_PUT,113461.196995,103618.601343
2019-07-10,105475.567213,105476.567253,0.0,298.609985,1.00004,28100.0,77376.567253,SHORT_PUT,113989.430638,103760.599634
2019-07-11,105475.567253,105476.567253,0.0,299.309998,1.0,28100.0,77376.567253,SHORT_PUT,114249.835179,103830.600854
2019-07-12,105476.567253,105476.567253,0.0,300.649994,0.0,0.0,105476.567253,CASH,114748.313816,103964.600488
2019-07-15,105476.567253,105476.567253,0.0,300.75,0.0,0.0,105476.567253,CASH,114785.516087,103974.601099
2019-07-16,105447.359215,105736.71861,0.0,299.779999,289.359395,29400.0,76336.71861,SHORT_PUT,114424.675633,103877.600977
2019-07-17,105374.937124,105736.71861,0.0,297.73999,361.781486,29400.0,76336.71861,SHORT_PUT,113665.792454,103673.600122
2019-07-18,105380.310314,105736.71861,0.0,298.829987,356.408296,29400.0,76336.71861,SHORT_PUT,114071.271092,103782.599756
2019-07-19,105342.710207,105736.71861,0.0,297.170013,394.008404,29400.0,76336.71861,SHORT_PUT,113453.761082,103616.602441
2019-07-22,105365.556984,105736.71861,0.0,297.899994,371.161627,29400.0,76336.71861,SHORT_PUT,113725.313816,103689.600488
2019-07-23,105482.855051,105736.71861,0.0,300.029999,253.863559,29400.0,76336.71861,SHORT_PUT,114517.675633,103902.600977
2019-07-24,105560.857522,105736.71861,0.0,301.440002,175.861088,29400.0,76336.71861,SHORT_PUT,115042.196995,104043.601343
2019-07-25,105546.453106,105736.71861,0.0,300.0,190.265504,29400.0,76336.71861,SHORT_PUT,114506.516087,103899.601099
2019-07-26,105586.900279,105736.71861,0.0,302.01001,149.818331,29400.0,76336.71861,SHORT_PUT,115254.23972,104100.602075
2019-07-29,105613.299588,105736.71861,0.0,301.459991,123.419022,29400.0,76336.71861,SHORT_PUT,115049.632908,104045.600244
2019-07-30,105587.926893,105736.71861,0.0,300.720001,148.791718,29400.0,76336.71861,SHORT_PUT,114774.356541,103971.601221
2019-07-31,105465.671344,105736.71861,0.0,297.429993,271.047266,29400.0,76336.71861,SHORT_PUT,113550.473362,103642.600366
2019-08-01,105303.375561,105736.71861,0.0,294.839996,433.343049,29400.0,76336.71861,SHORT_PUT,112586.994725,103383.600732
2019-08-02,105153.052717,105736.71861,0.0,292.619995,583.665894,29400.0,76336.71861,SHORT_PUT,111761.154271,103161.60061
2019-08-05,104577.511454,105736.71861,0.0,283.820007,1159.207156,29400.0,76336.71861,SHORT_PUT,108487.558812,102281.601831
2019-08-06,104767.084112,105736.71861,0.0,287.799988,969.634498,29400.0,76336.71861,SHORT_PUT,109968.111546,102679.599878
2019-08-07,104896.150766,105736.71861,0.0,287.970001,840.567845,29400.0,76336.71861,SHORT_PUT,110031.356541,102696.601221
2019-08-08,105294.461624,105736.71861,0.0,293.619995,442.256986,29400.0,76336.71861,SHORT_PUT,112133.154271,103261.60061
2019-08-09,105257.171066,105736.71861,0.0,291.619995,479.547544,29400.0,76336.71861,SHORT_PUT,111389.154271,103061.60061
2019-08-12,105048.427365,105736.71861,0.0,288.070007,688.291246,29400.0,76336.71861,SHORT_PUT,110068.558812,102706.601831
2019-08-13,105373.938068,105736.71861,0.0,292.549988,362.780542,29400.0,76336.71861,SHORT_PUT,111735.111546,103154.599878
2019-08-14,104676.21797,105736.71861,0.0,283.899994,1060.500641,29400.0,76336.71861,SHORT_PUT,108517.313816,102289.600488
2019-08-15,104754.511429,105736.71861,0.0,284.649994,982.207181,29400.0,76336.71861,SHORT_PUT,108796.313816,102364.600488
2019-08-16,105221.719221,76336.71861,100.0,288.850006,0.0,0.0,76336.71861,STOCK,110358.718357,102784.601709
2019-08-19,105569.717268,76336.71861,100.0,292.329987,0.0,0.0,76336.71861,STOCK,111653.271092,103132.599756
2019-08-20,105320.000095,76563.716031,100.0,290.089996,252.71557,0.0,76563.716031,COVERED_CALL,110819.994725,102908.600732
2019-08-21,105477.998255,76563.716031,100.0,292.450012,330.718996,0.0,76563.716031,COVERED_CALL,111697.920628,103144.602319
2019-08-22,105541.560341,76563.716031,100.0,292.359985,258.154226,0.0,76563.716031,COVERED_CALL,111664.430638,103135.599634
2019-08-23,104931.237848,76563.716031,100.0,284.850006,117.478793,0.0,76563.716031,COVERED_CALL,108870.718357,102384.601709
2019-08-26,105132.154694,76563.716031,100.0,288.0,231.561337,0.0,76563.716031,COVERED_CALL,110042.516087,102699.601099
2019-08-27,105068.861655,76563.716031,100.0,286.869995,181.853888,0.0,76563.716031,COVERED_CALL,109622.154271,102586.60061
2019-08-28,105211.532766,76563.716031,100.0,288.890015,241.18473,0.0,76563.716031,COVERED_CALL,110373.601536,102788.602563
2019-08-29,105522.584104,76563.716031,100.0,292.579987,299.130584,0.0,76563.716031,COVERED_CALL,111746.271092,103157.599756
2019-08-30,105569.687629,76563.716031,100.0,292.450012,239.029623,0.0,76563.716031,COVERED_CALL,111697.920628,103144.602319
2019-09-03,105463.166194,76563.716031,100.0,290.73999,174.54886,0.0,76563.716031,COVERED_CALL,111061.792454,102973.600122
2019-09-04,105705.912708,76563.716031,100.0,294.040009,261.804178,0.0,76563.716031,COVERED_CALL,112289.399266,103303.601953
2019-09-05,106038.602291,76563.716031,100.0,297.820007,307.114473,0.0,76563.716031,COVERED_CALL,113695.558812,103681.601831
2019-09-06,106098.752105,76563.716031,100.0,298.049988,269.962705,0.0,76563.716031,COVERED_CALL,113781.111546,103704.599878
2019-09-09,106188.683135,76563.716031,100.0,298.200012,195.034117,0.0,76563.716031,COVERED_CALL,113836.920628,103719.602319
2019-09-10,106194.386812,76563.716031,100.0,298.130005,182.329708,0.0,76563.716031,COVERED_CALL,113810.877903,103712.601587
2019-09-11,106349.707281,76563.716031,100.0,300.25,239.00875,0.0,76563.716031,COVERED_CALL,114599.516087,103924.601099
2019-09-12,106442.896796,76563.716031,100.0,301.290009,249.820089,0.0,76563.716031,COVERED_CALL,114986.399266,104028.601953
2019-09-13,106460.573044,76563.716031,100.0,301.089996,212.142621,0.0,76563.716031,COVERED_CALL,114911.994725,104008.600732
2019-09-16,106477.903945,76563.716031,100.0,300.160004,101.812452,0.0,76563.716031,COVERED_CALL,114566.037449,103915.601465
2019-09-17,106543.515334,76563.716031,100.0,300.920013,112.202039,0.0,76563.716031,COVERED_CALL,114848.761082,103991.602441
2019-09-18,106591.402615,76563.716031,100.0,301.100006,82.314027,0.0,76563.716031,COVERED_CALL,114915.718357,104009.601709
2019-09-19,106633.455299,76563.716031,100.0,301.079987,38.259389,0.0,76563.716031,COVERED_CALL,114908.271092,104007.599756
2019-09-20,106530.115909,76702.116031,100.0,298.279999,0.0,0.0,76702.116031,STOCK,114381.523633,103866.000977
2019-09-23,106523.115177,76702.116031,100.0,298.209991,0.0,0.0,76702.116031,STOCK,114355.480908,103859.000244
2019-09-24,106264.653423,76917.181173,100.0,295.869995,239.527262,0.0,76917.181173,COVERED_CALL,113485.002271,103625.00061
2019-09-25,106319.123851,76917.181173,100.0,297.619995,360.056834,0.0,76917.181173,COVERED_CALL,114136.002271,103800.00061
2019-09-26,106327.400284,76917.181173,100.0,297.0,289.780889,0.0,76917.181173,COVERED_CALL,113905.364087,103738.001099
2019-09-27,106218.238378,76917.181173,100.0,295.399994,238.942184,0.0,76917.181173,COVERED_CALL,113310.161816,103578.000488
2019-09-30,106311.290834,76917.181173,100.0,296.769989,282.88924,0.0,76917.181173,COVERED_CALL,113819.8,103715.0
2019-10-01,106084.067102,76917.181173,100.0,293.23999,157.113094,0.0,76917.181173,COVERED_CALL,112506.640454,103362.000122
2019-10-02,105609.681561,76917.181173,100.0,288.059998,113.499368,0.0,76917.181173,COVERED_CALL,110579.683179,102844.000854
2019-10-03,105770.767519,76917.181173,100.0,290.420013,188.414996,0.0,76917.181173,COVERED_CALL,111457.609082,103080.002441
2019-10-04,106125.864294,76917.181173,100.0,294.350006,226.317489,0.0,76917.181173,COVERED_CALL,112919.566357,103473.001709
2019-10-07,106108.328969,76917.181173,100.0,293.079987,116.850861,0.0,76917.181173,COVERED_CALL,112447.119092,103345.999756
2019-10-08,105708.560977,76917.181173,100.0,288.529999,61.620074,0.0,76917.181173,COVERED_CALL,110754.523633,102891.000977
2019-10-09,105916.747956,76917.181173,100.0,291.269989,127.432118,0.0,76917.181173,COVERED_CALL,111773.8,103165.0
2019-10-10,106122.56067,76917.181173,100.0,293.23999,118.619526,0.0,76917.181173,COVERED_CALL,112506.640454,103362.000122
2019-10-11,106401.600761,76917.181173,100.0,296.279999,143.580289,0.0,76917.181173,COVERED_CALL,113637.523633,103666.000977
2019-10-14,106444.325893,76917.181173,100.0,295.950012,67.856501,0.0,76917.181173,COVERED_CALL,113514.768628,103633.002319
2019-10-15,106715.38474,76917.181173,100.0,298.880005,89.796921,0.0,76917.181173,COVERED_CALL,114604.725903,103926.001587
2019-10-16,106701.837528,76917.181173,100.0,298.399994,55.343034,0.0,76917.181173,COVERED_CALL,114426.161816,103878.000488
2019-10-17,106785.236709,76917.181173,100.0,299.279999,59.944341,0.0,76917.181173,COVERED_CALL,114753.523633,103966.000977
2019-10-18,106680.56837,76917.181173,100.0,297.970001,33.612924,0.0,76917.181173,COVERED_CALL,114266.204541,103835.001221
2019-10-21,106889.279458,76917.181173,100.0,299.98999,26.900738,0.0,76917.181173,COVERED_CALL,115017.640454,104037.000122
2019-10-22,106809.247078,76917.181173,100.0,299.01001,8.935072,0.0,76917.181173,COVERED_CALL,114653.08772,103939.002075
2019-10-23,106898.918244,76917.181173,100.0,299.880005,6.263417,0.0,76917.181173,COVERED_CALL,114976.725903,104026.001587
2019-10-24,106952.606458,76917.181173,100.0,300.369995,1.574226,0.0,76917.181173,COVERED_CALL,115159.002271,104075.00061
2019-10-25,107077.181783,76917.181173,100.0,301.600006,0.0,0.0,76917.181173,STOCK,115616.566357,104198.001709
2019-10-28,107247.179952,76917.181173,100.0,303.299988,0.0,0.0,76917.181173,STOCK,116248.959546,104367.999878
2019-10-29,107210.07224,77166.882914,100.0,303.209991,277.809819,0.0,77166.882914,COVERED_CALL,116215.480908,104359.000244
2019-10-30,107277.466201,77166.882914,100.0,304.140015,303.418178,0.0,77166.882914,COVERED_CALL,116561.449536,104452.002563
2019-10-31,107264.492942,77166.882914,100.0,303.329987,235.388629,0.0,77166.882914,COVERED_CALL,116260.119092,104370.999756
2019-11-01,107421.933055,77166.882914,100.0,306.140015,358.951324,0.0,77166.882914,COVERED_CALL,117305.449536,104652.002563
2019-11-04,107561.489058,77166.882914,100.0,307.369995,342.393368,0.0,77166.882914,COVERED_CALL,117763.002271,104775.00061
2019-11-05,107531.267632,77166.882914,100.0,307.029999,338.615159,0.0,77166.882914,COVERED_CALL,117636.523633,104741.000977
2019-11-06,107536.040944,77166.882914,100.0,307.100006,340.84258,0.0,77166.882914,COVERED_CALL,117662.566357,104748.001709
2019-11-07,107627.236137,77166.882914,100.0,308.179993,357.646044,0.0,77166.882914,COVERED_CALL,118064.321362,104856.000366
2019-11-08,107676.153293,77166.882914,100.0,308.940002,384.729865,0.0,77166.882914,COVERED_CALL,118347.044995,104932.001343
2019-11-11,107701.632589,77166.882914,100.0,308.350006,300.250935,0.0,77166.882914,COVERED_CALL,118127.566357,104873.001709
2019-11-12,107729.442922,77166.882914,100.0,309.0,337.439992,0.0,77166.882914,COVERED_CALL,118369.364087,104938.001099
2019-11-13,107748.141224,77166.882914,100.0,309.100006,328.7423,0.0,77166.882914,COVERED_CALL,118406.566357,104948.001709
2019-11-14,107775.565128,77166.882914,100.0,309.549988,346.316565,0.0,77166.882914,COVERED_CALL,118573.959546,104992.999878
2019-11-15,107895.155654,77166.882914,100.0,311.790009,450.728114,0.0,77166.882914,COVERED_CALL,119407.247266,105217.001953
2019-11-18,107978.491586,77166.882914,100.0,312.019989,390.39023,0.0,77166.882914,COVERED_CALL,119492.8,105240.0
2019-11-19,107979.940567,77166.882914,100.0,311.929993,379.941615,0.0,77166.882914,COVERED_CALL,119459.321362,105231.000366
2019-11-20,107935.527172,77166.882914,100.0,310.769989,308.354643,0.0,77166.882914,COVERED_CALL,119027.8,105115.0
2019-11-21,107931.263343,77166.882914,100.0,310.269989,262.618473,0.0,77166.882914,COVERED_CALL,118841.8,105065.0
2019-11-22,107977.019446,77166.882914,100.0,310.959991,285.862613,0.0,77166.882914,COVERED_CALL,119098.480908,105134.000244
2019-11-25,108149.938368,77166.882914,100.0,313.369995,353.944057,0.0,77166.882914,COVERED_CALL,119995.002271,105375.00061
2019-11-26,108194.598185,77166.882914,100.0,314.079987,380.283386,0.0,77166.882914,COVERED_CALL,120259.119092,105445.999756
2019-11-27,108229.977055,77166.882914,100.0,315.480011,484.906957,0.0,77166.882914,COVERED_CALL,120779.928174,105586.002197
2019-11-29,108266.882914,108266.882914,0.0,314.309998,0.0,0.0,108266.882914,CASH,120344.683179,105469.000854
2019-12-02,108266.882914,108266.882914,0.0,311.640015,0.0,0.0,108266.882914,CASH,119351.449536,105202.002563
2019-12-03,108222.841334,108667.952925,0.0,309.549988,445.111592,30500.0,78167.952925,SHORT_PUT,118573.959546,104992.999878
2019-12-04,108259.422694,108667.952925,0.0,311.459991,408.530231,30500.0,78167.952925,SHORT_PUT,119284.480908,105184.000244
2019-12-05,108334.817928,108667.952925,0.0,312.019989,333.134997,30500.0,78167.952925,SHORT_PUT,119492.8,105240.0
2019-12-06,108436.229234,108667.952925,0.0,314.869995,231.723692,30500.0,78167.952925,SHORT_PUT,120553.002271,105525.00061
2019-12-09,108466.741739,108667.952925,0.0,313.880005,201.211186,30500.0,78167.952925,SHORT_PUT,120184.725903,105426.001587
2019-12-10,108393.272246,108667.952925,0.0,313.529999,274.68068,30500.0,78167.952925,SHORT_PUT,120054.523633,105391.000977
2019-12-11,108433.920052,108667.952925,0.0,314.420013,234.032874,30500.0,78167.952925,SHORT_PUT,120385.609082,105480.002441
2019-12-12,108523.413811,108667.952925,0.0,317.130005,144.539115,30500.0,78167.952925,SHORT_PUT,121393.725903,105751.001587
2019-12-13,108559.976655,108667.952925,0.0,317.320007,107.976271,30500.0,78167.952925,SHORT_PUT,121464.406812,105770.001831
2019-12-16,108627.427834,108667.952925,0.0,319.5,40.525092,30500.0,78167.952925,SHORT_PUT,122275.364087,105988.001099
2019-12-17,108638.008895,108667.952925,0.0,319.570007,29.94403,30500.0,78167.952925,SHORT_PUT,122301.406812,105995.001831
2019-12-18,108640.385724,108667.952925,0.0,319.589996,27.567202,30500.0,78167.952925,SHORT_PUT,122308.842725,105997.000732
2019-12-19,108648.494041,108667.952925,0.0,320.899994,19.458885,30500.0,78167.952925,SHORT_PUT,122796.161816,106128.000488
2019-12-20,108651.303986,108667.952925,0.0,320.730011,16.648939,30500.0,78167.952925,SHORT_PUT,123316.968174,106268.002197
2019-12-23,108659.985754,108667.952925,0.0,321.220001,7.967172,30500.0,78167.952925,SHORT_PUT,123499.244541,106317.001221
2019-12-24,108661.651888,108667.952925,0.0,321.230011,6.301038,30500.0,78167.952925,SHORT_PUT,123502.968174,106318.002197
2019-12-26,108665.747545,108667.952925,0.0,322.940002,2.205381,30500.0,78167.952925,SHORT_PUT,124139.084995,106489.001343
2019-12-27,108666.29511,108667.952925,0.0,322.859985,1.657815,30500.0,78167.952925,SHORT_PUT,124109.318638,106480.999634
2019-12-30,108666.7862,108667.952925,0.0,321.079987,1.166726,30500.0,78167.952925,SHORT_PUT,123447.159092,106302.999756
2019-12-31,108666.898492,108667.952925,0.0,321.859985,1.054433,30500.0,78167.952925,SHORT_PUT,123737.318638,106380.999634
2020-01-02,108666.952925,108667.952925,0.0,324.869995,1.0,30500.0,78167.952925,SHORT_PUT,124857.042271,106682.00061
2020-01-03,108667.952925,108667.952925,0.0,322.410004,0.0,0.0,108667.952925,CASH,123941.925449,106436.001465
2020-01-06,108667.952925,108667.952925,0.0,323.640015,0.0,0.0,108667.952925,CASH,124399.489536,106559.002563
2020-01-07,108633.688299,108976.141877,0.0,322.730011,342.453578,31600.0,77376.141877,SHORT_PUT,124060.968174,106468.002197
2020-01-08,108697.962503,108976.141877,0.0,324.450012,278.179374,31600.0,77376.141877,SHORT_PUT,124700.808628,106640.002319
2020-01-09,108775.503802,108976.141877,0.0,326.649994,200.638074,31600.0,77376.141877,SHORT_PUT,125519.201816,106860.000488
2020-01-10,108792.252304,108976.141877,0.0,325.709991,183.889573,31600.0,77376.141877,SHORT_PUT,125169.520908,106766.000244
2020-01-13,108857.249533,108976.141877,0.0,327.950012,118.892344,31600.0,77376.141877,SHORT_PUT,126002.808628,106990.002319
2020-01-14,108861.536261,108976.141877,0.0,327.450012,114.605616,31600.0,77376.141877,SHORT_PUT,125816.808628,106940.002319
2020-01-15,108878.132885,108976.141877,0.0,328.190002,98.008991,31600.0,77376.141877,SHORT_PUT,126092.084995,107014.001343
2020-01-16,108917.474503,108976.141877,0.0,330.920013,58.667373,31600.0,77376.141877,SHORT_PUT,127107.649082,107287.002441
2020-01-17,108932.925746,108976.141877,0.0,331.950012,43.21613,31600.0,77376.141877,SHORT_PUT,127490.808628,107390.002319
2020-01-21,108946.934631,108976.141877,0.0,331.299988,29.207246,31600.0,77376.141877,SHORT_PUT,127248.999546,107324.999878
2020-01-22,108942.99068,108976.141877,0.0,331.339996,33.151197,31600.0,77376.141877,SHORT_PUT,127263.882725,107329.000732
2020-01-23,108949.105084,108976.141877,0.0,331.720001,27.036792,31600.0,77376.141877,SHORT_PUT,127405.244541,107367.001221
2020-01-24,108930.671291,108976.141877,0.0,328.769989,45.470586,31600.0,77376.141877,SHORT_PUT,126307.84,107072.0
2020-01-27,108850.826356,108976.141877,0.0,323.5,125.315521,31600.0,77376.141877,SHORT_PUT,124347.404087,106545.001099
2020-01-28,108863.357054,108976.141877,0.0,326.890015,112.784823,31600.0,77376.141877,SHORT_PUT,125608.489536,106884.002563
2020-01-29,108903.455125,108976.141877,0.0,326.619995,72.686752,31600.0,77376.141877,SHORT_PUT,125508.042271,106857.00061
2020-01-30,108927.036153,108976.141877,0.0,327.679993,49.105724,31600.0,77376.141877,SHORT_PUT,125902.361362,106963.000366
2020-01-31,108854.662006,108976.141877,0.0,321.730011,121.479871,31600.0,77376.141877,SHORT_PUT,123688.968174,106368.002197
2020-02-03,108919.150279,108976.141877,0.0,324.119995,56.991598,31600.0,77376.141877,SHORT_PUT,124578.042271,106607.00061
2020-02-04,108970.79683,108976.141877,0.0,329.059998,5.345046,31600.0,77376.141877,SHORT_PUT,126415.723179,107101.000854
2020-02-05,108975.127195,108976.141877,0.0,332.859985,1.014682,31600.0,77376.141877,SHORT_PUT,127829.318638,107480.999634
2020-02-06,108975.141877,108976.141877,0.0,333.980011,1.0,31600.0,77376.141877,SHORT_PUT,128245.968174,107593.002197
2020-02-07,108976.141877,108976.141877,0.0,332.200012,0.0,0.0,108976.141877,CASH,127583.808628,107415.002319
2020-02-10,108976.141877,108976.141877,0.0,334.679993,0.0,0.0,108976.141877,CASH,128506.361362,107663.000366
2020-02-11,108942.967488,109273.973569,0.0,335.26001,331.006081,32600.0,76673.973569,SHORT_PUT,128722.12772,107721.002075
2020-02-12,109005.839507,109273.973569,0.0,337.420013,268.134062,32600.0,76673.973569,SHORT_PUT,129525.649082,107937.002441
2020-02-13,109058.798873,109273.973569,0.0,337.059998,215.174696,32600.0,76673.973569,SHORT_PUT,129391.723179,107901.000854
2020-02-14,109065.088639,109273.973569,0.0,337.600006,208.884929,32600.0,76673.973569,SHORT_PUT,129592.606357,107955.001709
2020-02-18,109095.170012,109273.973569,0.0,336.730011,178.803557,32600.0,76673.973569,SHORT_PUT,129268.968174,107868.002197
2020-02-19,109103.081971,109273.973569,0.0,338.339996,170.891598,32600.0,76673.973569,SHORT_PUT,129867.882725,108029.000732
2020-02-20,109096.674949,109273.973569,0.0,336.950012,177.29862,32600.0,76673.973569,SHORT_PUT,129350.808628,107890.002319
2020-02-21,108978.868982,109273.973569,0.0,333.480011,295.104587,32600.0,76673.973569,SHORT_PUT,128059.968174,107543.002197
2020-02-24,108463.873501,109273.973569,0.0,322.420013,810.100067,32600.0,76673.973569,SHORT_PUT,123945.649082,106437.002441
2020-02-25,107548.343201,109273.973569,0.0,312.649994,1725.630368,32600.0,76673.973569,SHORT_PUT,120311.201816,105460.000488
2020-02-26,107403.021936,109273.973569,0.0,311.5,1870.951633,32600.0,76673.973569,SHORT_PUT,119883.404087,105345.001099
2020-02-27,106213.302108,109273.973569,0.0,297.51001,3060.671461,32600.0,76673.973569,SHORT_PUT,114679.12772,103946.002075
2020-02-28,105934.420998,109273.973569,0.0,296.26001,3339.552571,32600.0,76673.973569,SHORT_PUT,114214.12772,103821.002075
2020-03-02,107066.659319,109273.973569,0.0,309.089996,2207.31425,32600.0,76673.973569,SHORT_PUT,118986.882725,105104.000732
2020-03-03,106467.945864,109273.973569,0.0,300.23999,2806.027705,32600.0,76673.973569,SHORT_PUT,115694.680454,104219.000122
2020-03-04,107505.285933,109273.973569,0.0,312.859985,1768.687635,32600.0,76673.973569,SHORT_PUT,120389.318638,105480.999634
2020-03-05,106729.559459,109273.973569,0.0,302.459991,2544.41411,32600.0,76673.973569,SHORT_PUT,116520.520908,104441.000244
2020-03-06,106204.883064,109273.973569,0.0,297.459991,3069.090505,32600.0,76673.973569,SHORT_PUT,114660.520908,103941.000244
2020-03-09,103838.124722,109273.973569,0.0,274.230011,5435.848846,32600.0,76673.973569,SHORT_PUT,106018.968174,101618.002197
2020-03-10,105317.871813,109273.973569,0.0,288.420013,3956.101756,32600.0,76673.973569,SHORT_PUT,111297.649082,103037.002441
2020-03-11,103851.772031,109273.973569,0.0,274.359985,5422.201538,32600.0,76673.973569,SHORT_PUT,106067.318638,101630.999634
2020-03-12,101095.523633,109273.973569,0.0,248.110001,8178.449936,32600.0,76673.973569,SHORT_PUT,96302.324314,99006.00116
2020-03-13,103605.974301,76673.973569,100.0,269.320007,0.0,0.0,76673.973569,STOCK,104192.446812,101127.001831
2020-03-16,100658.974179,76673.973569,100.0,239.850006,0.0,0.0,76673.973569,STOCK,93229.606357,98180.001709
2020-03-17,101739.946398,78689.909594,100.0,252.800003,2229.963502,0.0,78689.909594,COVERED_CALL,98047.005222,99475.001404
2020-03-18,101287.184127,78689.909594,100.0,240.0,1402.725467,0.0,78689.909594,COVERED_CALL,93285.404087,98195.001099
2020-03-19,101343.947405,78689.909594,100.0,240.509995,1396.96164,0.0,78689.909594,COVERED_CALL,93475.122043,98246.000549
2020-03-20,100869.267409,78830.509594,100.0,228.800003,841.24249,0.0,78830.509594,COVERED_CALL,89642.037222,97215.601404
2020-03-23,100658.582486,78830.509594,100.0,222.949997,466.926803,0.0,78830.509594,COVERED_CALL,87465.834952,96630.600793
2020-03-24,102297.770713,78830.509594,100.0,243.149994,847.738271,0.0,78830.509594,COVERED_CALL,94980.233816,98650.600488
2020-03-25,102574.674024,78830.509594,100.0,246.789993,934.834899,0.0,78830.509594,COVERED_CALL,96334.313589,99014.600427
2020-03-26,103405.730362,78830.509594,100.0,261.200012,1544.780453,0.0,78830.509594,COVERED_CALL,101694.840628,100455.602319
2020-03-27,103093.924166,78830.509594,100.0,253.419998,1078.585245,0.0,78830.509594,COVERED_CALL,98800.675406,99677.600916
2020-03-30,103578.662167,78830.509594,100.0,261.649994,1416.846817,0.0,78830.509594,COVERED_CALL,101862.233816,100500.600488
2020-03-31,103639.681134,78830.509594,100.0,257.75,965.82846,0.0,78830.509594,COVERED_CALL,100411.436087,100110.601099
2020-04-01,102980.517313,78830.509594,100.0,246.149994,464.991671,0.0,78830.509594,COVERED_CALL,96096.233816,98950.600488
2020-04-02,103348.854146,78830.509594,100.0,251.830002,664.655631,0.0,78830.509594,COVERED_CALL,98209.196768,99518.601282
2020-04-03,103253.116464,78830.509594,100.0,248.190002,396.393374,0.0,78830.509594,COVERED_CALL,96855.116995,99154.601343
2020-04-06,104591.994802,78830.509594,100.0,264.859985,724.513328,0.0,78830.509594,COVERED_CALL,103056.350638,100821.599634
2020-04-07,104689.232506,78830.509594,100.0,265.130005,654.277577,0.0,78830.509594,COVERED_CALL,103156.797903,100848.601587
2020-04-08,105168.314555,78830.509594,100.0,274.029999,1065.194918,0.0,78830.509594,COVERED_CALL,106467.595633,101738.600977
2020-04-09,105459.414853,78830.509594,100.0,278.200012,1191.095962,0.0,78830.509594,COVERED_CALL,108018.840628,102155.602319
2020-04-13,105643.652966,78830.509594,100.0,275.660004,752.856995,0.0,78830.509594,COVERED_CALL,107073.957449,101901.601465
2020-04-14,105935.103072,78830.509594,100.0,283.790009,1274.407376,0.0,78830.509594,COVERED_CALL,110098.319266,102714.601953
2020-04-15,105918.487167,78830.509594,100.0,277.76001,688.023404,0.0,78830.509594,COVERED_CALL,107855.15972,102111.602075
2020-04-16,106019.388334,78830.509594,100.0,279.100006,721.12187,0.0,78830.509594,COVERED_CALL,108353.638357,102245.601709
2020-04-17,106130.509594,106130.509594,0.0,286.640015,0.0,0.0,106130.509594,CASH,111158.521536,102999.602563
2020-04-20,106130.509594,106130.509594,0.0,281.589996,0.0,0.0,106130.509594,CASH,109279.914725,102494.600732
2020-04-21,106002.785601,107326.562527,0.0,273.040009,1323.776926,26500.0,80826.562527,SHORT_PUT,106099.319266,101639.601953
2020-04-22,106201.486228,107326.562527,0.0,279.100006,1125.076299,26500.0,80826.562527,SHORT_PUT,108353.638357,102245.601709
2020-04-23,106352.39061,107326.562527,0.0,279.079987,974.171917,26500.0,80826.562527,SHORT_PUT,108346.191092,102243.599756
2020-04-24,106524.987692,107326.562527,0.0,282.970001,801.574835,26500.0,80826.562527,SHORT_PUT,109793.276541,102632.601221
2020-04-27,106871.914041,107326.562527,0.0,287.049988,454.648486,26500.0,80826.562527,SHORT_PUT,111311.031546,103040.599878
2020-04-28,106933.608242,107326.562527,0.0,285.730011,392.954285,26500.0,80826.562527,SHORT_PUT,110820.000174,102908.602197
2020-04-29,107083.554801,107326.562527,0.0,293.209991,243.007726,26500.0,80826.562527,SHORT_PUT,113602.552908,103656.600244
2020-04-30,107105.646383,107326.562527,0.0,290.480011,220.916144,26500.0,80826.562527,SHORT_PUT,112587.000174,103383.602197
2020-05-01,106900.655839,107326.562527,0.0,282.790009,425.906688,26500.0,80826.562527,SHORT_PUT,109726.319266,102614.601953
2020-05-04,106911.542482,107326.562527,0.0,283.570007,415.020045,26500.0,80826.562527,SHORT_PUT,110016.478812,102692.601831
2020-05-05,107020.418164,107326.562527,0.0,286.190002,306.144363,26500.0,80826.562527,SHORT_PUT,110991.116995,102954.601343
2020-05-06,107052.353164,107326.562527,0.0,284.25,274.209363,26500.0,80826.562527,SHORT_PUT,110269.436087,102760.601099
2020-05-07,107124.143907,107326.562527,0.0,287.679993,202.41862,26500.0,80826.562527,SHORT_PUT,111545.393362,103103.600366
2020-05-08,107236.160475,107326.562527,0.0,292.440002,90.402053,26500.0,80826.562527,SHORT_PUT,113316.116995,103579.601343
2020-05-11,107295.372721,107326.562527,0.0,292.5,31.189806,26500.0,80826.562527,SHORT_PUT,113338.436087,103585.601099
2020-05-12,107273.489471,107326.562527,0.0,286.670013,53.073056,26500.0,80826.562527,SHORT_PUT,111169.681082,103002.602441
2020-05-13,107172.106091,107326.562527,0.0,281.600006,154.456436,26500.0,80826.562527,SHORT_PUT,109283.638357,102495.601709
2020-05-14,107217.138467,107326.562527,0.0,284.970001,109.42406,26500.0,80826.562527,SHORT_PUT,110537.276541,102832.601221
2020-05-15,107272.675623,107326.562527,0.0,286.279999,53.886904,26500.0,80826.562527,SHORT_PUT,111024.595633,102963.600977
2020-05-18,107324.294573,107326.562527,0.0,295.0,2.267954,26500.0,80826.562527,SHORT_PUT,114268.436087,103835.601099
2020-05-19,107325.272023,107326.562527,0.0,291.970001,1.290504,26500.0,80826.562527,SHORT_PUT,113141.276541,103532.601221
2020-05-20,107325.560299,107326.562527,0.0,296.929993,1.002228,26500.0,80826.562527,SHORT_PUT,114986.393362,104028.600366
2020-05-21,107325.562527,107326.562527,0.0,294.880005,1.0,26500.0,80826.562527,SHORT_PUT,114223.797903,103823.601587
2020-05-22,107326.562527,107326.562527,0.0,295.440002,0.0,0.0,107326.562527,CASH,114432.116995,103879.601343
2020-05-26,107326.562527,107326.562527,0.0,299.079987,0.0,0.0,107326.562527,CASH,115786.191092,104243.599756
2020-05-27,107279.169029,107759.475761,0.0,303.529999,480.306732,28600.0,79159.475761,SHORT_PUT,117441.595633,104688.600977
2020-05-28,107294.091651,107759.475761,0.0,302.970001,465.38411,28600.0,79159.475761,SHORT_PUT,117233.276541,104632.601221
2020-05-29,107312.437996,107759.475761,0.0,304.320007,447.037765,28600.0,79159.475761,SHORT_PUT,117735.478812,104767.601831
2020-06-01,107422.844235,107759.475761,0.0,305.549988,336.631526,28600.0,79159.475761,SHORT_PUT,118193.031546,104890.599878
2020-06-02,107470.036322,107759.475761,0.0,308.079987,289.439439,28600.0,79159.475761,SHORT_PUT,119134.191092,105143.599756
2020-06-03,107583.032189,107759.475761,0.0,312.179993,176.443572,28600.0,79159.475761,SHORT_PUT,120659.393362,105553.600366
2020-06-04,107607.54655,107759.475761,0.0,311.359985,151.929211,28600.0,79159.475761,SHORT_PUT,120354.350638,105471.599634
2020-06-05,107689.421551,107759.475761,0.0,319.339996,70.05421,28600.0,79159.475761,SHORT_PUT,123322.914725,106269.600732
2020-06-08,107735.251165,107759.475761,0.0,323.200012,24.224596,28600.0,79159.475761,SHORT_PUT,124758.840628,106655.602319
2020-06-09,107723.03654,107759.475761,0.0,320.790009,36.439221,28600.0,79159.475761,SHORT_PUT,123862.319266,106414.601953
2020-06-10,107706.543065,107759.475761,0.0,319.0,52.932695,28600.0,79159.475761,SHORT_PUT,123196.436087,106235.601099
2020-06-11,107489.041226,107759.475761,0.0,300.609985,270.434535,28600.0,79159.475761,SHORT_PUT,116355.350638,104396.599634
2020-06-12,107297.519521,107759.475761,0.0,304.209991,461.95624,28600.0,79159.475761,SHORT_PUT,117694.552908,104756.600244
2020-06-15,107545.151092,107759.475761,0.0,307.049988,214.324668,28600.0,79159.475761,SHORT_PUT,118751.031546,105040.599878
2020-06-16,107666.513343,107759.475761,0.0,312.959991,92.962417,28600.0,79159.475761,SHORT_PUT,120949.552908,105631.600244
2020-06-17,107679.733851,107759.475761,0.0,311.660004,79.741909,28600.0,79159.475761,SHORT_PUT,120465.957449,105501.601465
2020-06-18,107699.124203,107759.475761,0.0,311.779999,60.351558,28600.0,79159.475761,SHORT_PUT,120510.595633,105513.600977
2020-06-19,107696.313697,107759.475761,0.0,308.640015,63.162063,28600.0,79159.475761,SHORT_PUT,119850.673536,105336.202563
2020-06-22,107742.913136,107759.475761,0.0,310.619995,16.562624,28600.0,79159.475761,SHORT_PUT,120587.226271,105534.20061
2020-06-23,107756.560883,107759.475761,0.0,312.049988,2.914877,28600.0,79159.475761,SHORT_PUT,121119.183546,105677.199878
2020-06-24,107754.498175,107759.475761,0.0,304.089996,4.977586,28600.0,79159.475761,SHORT_PUT,118158.066725,104881.200732
2020-06-25,107758.418691,107759.475761,0.0,307.350006,1.05707,28600.0,79159.475761,SHORT_PUT,119370.790357,105207.201709
2020-06-26,107759.475761,107759.475761,0.0,300.049988,0.0,0.0,107759.475761,CASH,116655.183546,104477.199878
2020-06-29,107759.475761,107759.475761,0.0,304.459991,0.0,0.0,107759.475761,CASH,118295.704908,104918.200244
2020-06-30,107704.191661,108267.349708,0.0,308.359985,563.158047,28800.0,79467.349708,SHORT_PUT,119746.502638,105308.199634
2020-07-01,107820.894055,108267.349708,0.0,310.519989,446.455653,28800.0,79467.349708,SHORT_PUT,120550.024,105524.2
2020-07-02,107929.366171,108267.349708,0.0,312.230011,337.983537,28800.0,79467.349708,SHORT_PUT,121186.152174,105695.202197
2020-07-06,108083.925231,108267.349708,0.0,317.049988,183.424477,28800.0,79467.349708,SHORT_PUT,122979.183546,106177.199878
2020-07-07,108044.44359,108267.349708,0.0,313.779999,222.906118,28800.0,79467.349708,SHORT_PUT,121762.747633,105850.200977
2020-07-08,108059.861157,108267.349708,0.0,316.179993,207.488551,28800.0,79467.349708,SHORT_PUT,122655.545362,106090.200366
2020-07-09,108076.770938,108267.349708,0.0,314.380005,190.57877,28800.0,79467.349708,SHORT_PUT,121985.949903,105910.201587
2020-07-10,108107.924107,108267.349708,0.0,317.589996,159.425601,28800.0,79467.349708,SHORT_PUT,123180.066725,106231.200732
2020-07-13,108147.129153,108267.349708,0.0,314.839996,120.220555,28800.0,79467.349708,SHORT_PUT,122157.066725,105956.200732
2020-07-14,108127.660348,108267.349708,0.0,318.920013,139.689361,28800.0,79467.349708,SHORT_PUT,123674.833082,106364.202441
2020-07-15,108198.826017,108267.349708,0.0,321.850006,68.523691,28800.0,79467.349708,SHORT_PUT,124764.790357,106657.201709
2020-07-16,108217.813474,108267.349708,0.0,320.790009,49.536234,28800.0,79467.349708,SHORT_PUT,124370.471266,106551.201953
2020-07-17,108227.958538,108267.349708,0.0,321.720001,39.391171,28800.0,79467.349708,SHORT_PUT,124716.428541,106644.201221
2020-07-20,108258.960505,108267.349708,0.0,324.320007,8.389203,28800.0,79467.349708,SHORT_PUT,125683.630812,106904.201831
2020-07-21,108263.330303,108267.349708,0.0,325.01001,4.019405,28800.0,79467.349708,SHORT_PUT,125940.31172,106973.202075
2020-07-22,108264.880705,108267.349708,0.0,326.859985,2.469003,28800.0,79467.349708,SHORT_PUT,126628.502638,107158.199634
2020-07-23,108264.749532,108267.349708,0.0,322.959991,2.600176,28800.0,79467.349708,SHORT_PUT,125177.704908,106768.200244
2020-07-24,108263.709317,108267.349708,0.0,320.880005,3.640391,28800.0,79467.349708,SHORT_PUT,124403.949903,106560.201587
2020-07-27,108266.303872,108267.349708,0.0,323.220001,1.045836,28800.0,79467.349708,SHORT_PUT,125274.428541,106794.201221
2020-07-28,108266.34511,108267.349708,0.0,321.170013,1.004598,28800.0,79467.349708,SHORT_PUT,124511.833082,106589.202441
2020-07-29,108266.349703,108267.349708,0.0,325.119995,1.000005,28800.0,79467.349708,SHORT_PUT,125981.226271,106984.20061
2020-07-30,108266.349708,108267.349708,0.0,323.959991,1.0,28800.0,79467.349708,SHORT_PUT,125549.704908,106868.200244
2020-07-31,108267.349708,108267.349708,0.0,326.519989,0.0,0.0,108267.349708,CASH,126502.024,107124.2
2020-08-03,108267.349708,108267.349708,0.0,328.790009,0.0,0.0,108267.349708,CASH,127346.471266,107351.201953
2020-08-04,108213.695591,108759.738821,0.0,330.059998,546.04323,31600.0,77159.738821,SHORT_PUT,127818.907179,107478.200854
2020-08-05,108307.670924,108759.738821,0.0,332.109985,452.067897,31600.0,77159.738821,SHORT_PUT,128581.502638,107683.199634
2020-08-06,108405.258725,108759.738821,0.0,334.329987,354.480096,31600.0,77159.738821,SHORT_PUT,129407.343092,107905.199756
2020-08-07,108435.780433,108759.738821,0.0,334.570007,323.958388,31600.0,77159.738821,SHORT_PUT,129496.630812,107929.201831
2020-08-10,108509.1377,108759.738821,0.0,335.570007,250.601121,31600.0,77159.738821,SHORT_PUT,129868.630812,108029.201831
2020-08-11,108468.142238,108759.738821,0.0,332.799988,291.596583,31600.0,77159.738821,SHORT_PUT,128838.183546,107752.199878
2020-08-12,108519.061642,108759.738821,0.0,337.440002,240.677179,31600.0,77159.738821,SHORT_PUT,130564.268995,108216.201343
2020-08-13,108567.14449,108759.738821,0.0,336.829987,192.594331,31600.0,77159.738821,SHORT_PUT,130337.343092,108155.199756
2020-08-14,108583.156852,108759.738821,0.0,336.839996,176.58197,31600.0,77159.738821,SHORT_PUT,130341.066725,108156.200732
2020-08-17,108635.161139,108759.738821,0.0,337.910004,124.577682,31600.0,77159.738821,SHORT_PUT,130739.109449,108263.201465
2020-08-18,108666.267989,108759.738821,0.0,338.640015,93.470832,31600.0,77159.738821,SHORT_PUT,131010.673536,108336.202563
2020-08-19,108658.852117,108759.738821,0.0,337.230011,100.886704,31600.0,77159.738821,SHORT_PUT,130486.152174,108195.202197
2020-08-20,108665.090194,108759.738821,0.0,338.279999,94.648627,31600.0,77159.738821,SHORT_PUT,130876.747633,108300.200977
2020-08-21,108684.99741,108759.738821,0.0,339.480011,74.741411,31600.0,77159.738821,SHORT_PUT,131323.152174,108420.202197
2020-08-24,108733.483863,108759.738821,0.0,342.920013,26.254958,31600.0,77159.738821,SHORT_PUT,132602.833082,108764.202441
2020-08-25,108743.648227,108759.738821,0.0,344.119995,16.090594,31600.0,77159.738821,SHORT_PUT,133049.226271,108884.20061
2020-08-26,108753.732295,108759.738821,0.0,347.570007,6.006526,31600.0,77159.738821,SHORT_PUT,134332.630812,109229.201831
2020-08-27,108754.5778,108759.738821,0.0,348.329987,5.161021,31600.0,77159.738821,SHORT_PUT,134615.343092,109305.199756
2020-08-28,108756.492163,108759.738821,0.0,350.579987,3.246658,31600.0,77159.738821,SHORT_PUT,135452.343092,109530.199756
2020-08-31,108758.678127,108759.738821,0.0,349.309998,1.060694,31600.0,77159.738821,SHORT_PUT,134979.907179,109403.200854
2020-09-01,108758.723715,108759.738821,0.0,352.600006,1.015106,31600.0,77159.738821,SHORT_PUT,136203.790357,109732.201709
2020-09-02,108758.738815,108759.738821,0.0,357.700012,1.000006,31600.0,77159.738821,SHORT_PUT,138100.992628,110242.202319
2020-09-03,108758.738816,108759.738821,0.0,345.390015,1.000005,31600.0,77159.738821,SHORT_PUT,133521.673536,109011.202563
2020-09-04,108759.738821,108759.738821,0.0,342.570007,0.0,0.0,108759.738821,CASH,132472.630812,108729.201831
2020-09-08,108759.738821,108759.738821,0.0,333.209991,0.0,0.0,108759.738821,CASH,128990.704908,107793.200244
2020-09-09,108703.158576,109279.926145,0.0,339.790009,576.767569,31700.0,77579.926145,SHORT_PUT,131438.471266,108451.201953
2020-09-10,108666.497603,109279.926145,0.0,333.890015,613.428542,31700.0,77579.926145,SHORT_PUT,129243.673536,107861.202563
2020-09-11,108655.607962,109279.926145,0.0,334.059998,624.318184,31700.0,77579.926145,SHORT_PUT,129306.907179,107878.200854
2020-09-14,108923.542317,109279.926145,0.0,338.459991,356.383828,31700.0,77579.926145,SHORT_PUT,130943.704908,108318.200244
2020-09-15,109003.867004,109279.926145,0.0,340.170013,276.059141,31700.0,77579.926145,SHORT_PUT,131579.833082,108489.202441
2020-09-16,109001.28782,109279.926145,0.0,338.820007,278.638326,31700.0,77579.926145,SHORT_PUT,131077.630812,108354.201831
2020-09-17,108943.388958,109279.926145,0.0,335.839996,336.537187,31700.0,77579.926145,SHORT_PUT,129969.066725,108056.200732
2020-09-18,108817.406718,109279.926145,0.0,330.649994,462.519428,31700.0,77579.926145,SHORT_PUT,128536.493816,107671.100488
2020-09-21,108788.115012,109279.926145,0.0,326.970001,491.811133,31700.0,77579.926145,SHORT_PUT,127167.536541,107303.101221
2020-09-22,108854.29656,109279.926145,0.0,330.299988,425.629586,31700.0,77579.926145,SHORT_PUT,128406.291546,107636.099878
2020-09-23,108649.543271,109279.926145,0.0,322.640015,630.382875,31700.0,77579.926145,SHORT_PUT,125556.781536,106870.102563
2020-09-24,108656.427502,109279.926145,0.0,323.5,623.498643,31700.0,77579.926145,SHORT_PUT,125876.696087,106956.101099
2020-09-25,108864.86611,109279.926145,0.0,328.730011,415.060035,31700.0,77579.926145,SHORT_PUT,127822.260174,107479.102197
2020-09-28,109113.809018,109279.926145,0.0,334.190002,166.117127,31700.0,77579.926145,SHORT_PUT,129853.376995,108025.101343
2020-09-29,109107.497437,109279.926145,0.0,332.369995,172.428708,31700.0,77579.926145,SHORT_PUT,129176.334271,107843.10061
2020-09-30,109167.324003,109279.926145,0.0,334.890015,112.602143,31700.0,77579.926145,SHORT_PUT,130113.781536,108095.102563
2020-10-01,109209.014499,109279.926145,0.0,337.040009,70.911647,31700.0,77579.926145,SHORT_PUT,130913.579266,108310.101953
2020-10-02,109189.993365,109279.926145,0.0,333.839996,89.932781,31700.0,77579.926145,SHORT_PUT,129723.174725,107990.100732
2020-10-05,109269.303794,109279.926145,0.0,339.76001,10.622352,31700.0,77579.926145,SHORT_PUT,131925.41972,108582.102075
2020-10-06,109265.215317,109279.926145,0.0,334.929993,14.710829,31700.0,77579.926145,SHORT_PUT,130128.653362,108099.100366
2020-10-07,109278.184579,109279.926145,0.0,340.76001,1.741567,31700.0,77579.926145,SHORT_PUT,132297.41972,108682.102075
2020-10-08,109278.925903,109279.926145,0.0,343.779999,1.000242,31700.0,77579.926145,SHORT_PUT,133420.855633,108984.100977
2020-10-09,109279.926145,109279.926145,0.0,346.850006,0.0,0.0,109279.926145,CASH,134562.898357,109291.101709
2020-10-12,109279.926145,109279.926145,0.0,352.429993,0.0,0.0,109279.926145,CASH,136638.653362,109849.100366
2020-10-13,109210.546394,109921.708786,0.0,350.130005,711.162392,33800.0,76121.708786,SHORT_PUT,135783.057903,109619.101587
2020-10-14,109105.136476,109921.708786,0.0,347.929993,816.572311,33800.0,76121.708786,SHORT_PUT,134964.653362,109399.100366
2020-10-15,109093.808747,109921.708786,0.0,347.5,827.900039,33800.0,76121.708786,SHORT_PUT,134804.696087,109356.101099
2020-10-16,109080.697046,109921.708786,0.0,347.290009,841.01174,33800.0,76121.708786,SHORT_PUT,134726.579266,109335.101953
2020-10-19,108911.504642,109921.708786,0.0,342.01001,1010.204144,33800.0,76121.708786,SHORT_PUT,132762.41972,108807.102075
2020-10-20,108918.467351,109921.708786,0.0,343.380005,1003.241435,33800.0,76121.708786,SHORT_PUT,133272.057903,108944.101587
2020-10-21,108909.081535,109921.708786,0.0,342.730011,1012.627251,33800.0,76121.708786,SHORT_PUT,133030.260174,108879.102197
2020-10-22,109043.798223,109921.708786,0.0,344.609985,877.910563,33800.0,76121.708786,SHORT_PUT,133729.610638,109067.099634
2020-10-23,109138.088165,109921.708786,0.0,345.779999,783.620621,33800.0,76121.708786,SHORT_PUT,134164.855633,109184.100977
2020-10-26,108964.11558,109921.708786,0.0,339.390015,957.593206,33800.0,76121.708786,SHORT_PUT,131787.781536,108545.102563
2020-10-27,108755.10979,109921.708786,0.0,338.220001,1166.598996,33800.0,76121.708786,SHORT_PUT,131352.536541,108428.101221
2020-10-28,108080.093354,109921.708786,0.0,326.660004,1841.615432,33800.0,76121.708786,SHORT_PUT,127052.217449,107272.101465
2020-10-29,108102.007175,109921.708786,0.0,329.980011,1819.701612,33800.0,76121.708786,SHORT_PUT,128287.260174,107604.102197
2020-10-30,108011.280897,109921.708786,0.0,326.540009,1910.427889,33800.0,76121.708786,SHORT_PUT,127007.579266,107260.101953
2020-11-02,108365.575346,109921.708786,0.0,330.200012,1556.13344,33800.0,76121.708786,SHORT_PUT,128369.100628,107626.102319
2020-11-03,108781.435495,109921.708786,0.0,336.029999,1140.273292,33800.0,76121.708786,SHORT_PUT,130537.855633,108209.100977
2020-11-04,109233.568912,109921.708786,0.0,343.540009,688.139874,33800.0,76121.708786,SHORT_PUT,133331.579266,108960.101953
2020-11-05,109642.740462,109921.708786,0.0,350.23999,278.968324,33800.0,76121.708786,SHORT_PUT,135823.972454,109630.100122
2020-11-06,109714.591939,109921.708786,0.0,350.160004,207.116847,33800.0,76121.708786,SHORT_PUT,135794.217449,109622.101465
2020-11-09,109891.119577,109921.708786,0.0,354.559998,30.589209,33800.0,76121.708786,SHORT_PUT,137431.015179,110062.100854
2020-11-10,109901.149233,109921.708786,0.0,354.040009,20.559553,33800.0,76121.708786,SHORT_PUT,137237.579266,110010.101953
2020-11-11,109918.888644,109921.708786,0.0,356.670013,2.820142,33800.0,76121.708786,SHORT_PUT,138215.941082,110273.102441
2020-11-12,109920.508066,109921.708786,0.0,353.209991,1.20072,33800.0,76121.708786,SHORT_PUT,136928.812908,109927.100244
2020-11-13,109921.708786,109921.708786,0.0,358.100006,0.0,0.0,109921.708786,CASH,138747.898357,110416.101709
2020-11-16,109921.708786,109921.708786,0.0,362.570007,0.0,0.0,109921.708786,CASH,140410.738812,110863.101831
2020-11-17,109859.098033,110499.185941,0.0,360.619995,640.087908,34900.0,75599.185941,SHORT_PUT,139685.334271,110668.10061
2020-11-18,109706.077148,110499.185941,0.0,356.279999,793.108793,34900.0,75599.185941,SHORT_PUT,138070.855633,110234.100977
2020-11-19,109727.592932,110499.185941,0.0,357.779999,771.593009,34900.0,75599.185941,SHORT_PUT,138628.855633,110384.100977
2020-11-20,109685.493345,110499.185941,0.0,355.329987,813.692596,34900.0,75599.185941,SHORT_PUT,137717.451092,110139.099756
2020-11-23,109800.103962,110499.185941,0.0,357.459991,699.081979,34900.0,75599.185941,SHORT_PUT,138509.812908,110352.100244
2020-11-24,110050.28694,110499.185941,0.0,363.220001,448.899001,34900.0,75599.185941,SHORT_PUT,140652.536541,110928.101221
2020-11-25,110091.075551,110499.185941,0.0,362.660004,408.11039,34900.0,75599.185941,SHORT_PUT,140444.217449,110872.101465
2020-11-27,110165.354508,110499.185941,0.0,363.670013,333.831433,34900.0,75599.185941,SHORT_PUT,140819.941082,110973.102441
2020-11-30,110190.329503,110499.185941,0.0,362.059998,308.856438,34900.0,75599.185941,SHORT_PUT,140221.015179,110812.100854
2020-12-01,110300.988031,110499.185941,0.0,366.019989,198.19791,34900.0,75599.185941,SHORT_PUT,141694.132,111208.1
2020-12-02,110324.857925,110499.185941,0.0,366.790009,174.328016,34900.0,75599.185941,SHORT_PUT,141980.579266,111285.101953
2020-12-03,110329.333844,110499.185941,0.0,366.690002,169.852097,34900.0,75599.185941,SHORT_PUT,141943.376995,111275.101343
2020-12-04,110387.095814,110499.185941,0.0,369.850006,112.090127,34900.0,75599.185941,SHORT_PUT,143118.898357,111591.101709
2020-12-07,110425.330914,110499.185941,0.0,369.089996,73.855027,34900.0,75599.185941,SHORT_PUT,142836.174725,111515.100732
2020-12-08,110440.868722,110499.185941,0.0,370.170013,58.317219,34900.0,75599.185941,SHORT_PUT,143237.941082,111623.102441
2020-12-09,110431.051758,110499.185941,0.0,366.850006,68.134183,34900.0,75599.185941,SHORT_PUT,142002.898357,111291.101709
2020-12-10,110425.69099,110499.185941,0.0,366.730011,73.494951,34900.0,75599.185941,SHORT_PUT,141958.260174,111279.102197
2020-12-11,110435.282722,110499.185941,0.0,366.299988,63.903219,34900.0,75599.185941,SHORT_PUT,141798.291546,111236.099878
2020-12-14,110467.371355,110499.185941,0.0,364.660004,31.814586,34900.0,75599.185941,SHORT_PUT,141188.217449,111072.101465
2020-12-15,110492.532341,110499.185941,0.0,369.589996,6.653599,34900.0,75599.185941,SHORT_PUT,143022.174725,111565.100732
2020-12-16,110497.790527,110499.185941,0.0,370.170013,1.395414,34900.0,75599.185941,SHORT_PUT,143237.941082,111623.102441
2020-12-17,110498.185684,110499.185941,0.0,372.23999,1.000257,34900.0,75599.185941,SHORT_PUT,144007.972454,111830.100122
2020-12-18,110499.185941,110499.185941,0.0,369.179993,0.0,0.0,110499.185941,CASH,143457.413362,111682.100366
2020-12-21,110499.185941,110499.185941,0.0,367.859985,0.0,0.0,110499.185941,CASH,142966.370638,111550.099634
2020-12-22,110424.42188,111192.11952,0.0,367.23999,767.69764,35500.0,75692.11952,SHORT_PUT,142735.732454,111488.100122
2020-12-23,110499.112371,111192.11952,0.0,367.570007,693.007149,35500.0,75692.11952,SHORT_PUT,142858.498812,111521.101831
2020-12-24,110605.534479,111192.11952,0.0,369.0,586.58504,35500.0,75692.11952,SHORT_PUT,143390.456087,111664.101099
2020-12-28,110832.323035,111192.11952,0.0,372.170013,359.796485,35500.0,75692.11952,SHORT_PUT,144569.701082,111981.102441
2020-12-29,110824.835918,111192.11952,0.0,371.459991,367.283602,35500.0,75692.11952,SHORT_PUT,144305.572908,111910.100244
2020-12-30,110804.526352,111192.11952,0.0,371.98999,387.593168,35500.0,75692.11952,SHORT_PUT,144502.732454,111963.100122
2020-12-31,110876.308425,111192.11952,0.0,373.880005,315.811095,35500.0,75692.11952,SHORT_PUT,145205.817903,112152.101587
2021-01-04,110829.155198,111192.11952,0.0,368.790009,362.964321,35500.0,75692.11952,SHORT_PUT,143312.339266,111643.101953
2021-01-05,110781.453905,111192.11952,0.0,371.329987,410.665614,35500.0,75692.11952,SHORT_PUT,144257.211092,111897.099756
2021-01-06,110905.05761,111192.11952,0.0,373.549988,287.06191,35500.0,75692.11952,SHORT_PUT,145083.051546,112119.099878
2021-01-07,111026.91912,111192.11952,0.0,379.100006,165.200399,35500.0,75692.11952,SHORT_PUT,147147.658357,112674.101709
2021-01-08,111112.394992,111192.11952,0.0,381.26001,79.724528,35500.0,75692.11952,SHORT_PUT,147951.17972,112890.102075
2021-01-11,111135.230224,111192.11952,0.0,378.690002,56.889295,35500.0,75692.11952,SHORT_PUT,146995.136995,112633.101343
2021-01-12,111119.060454,111192.11952,0.0,378.769989,73.059066,35500.0,75692.11952,SHORT_PUT,147024.892,112641.1
2021-01-13,111147.239401,111192.11952,0.0,379.790009,44.880119,35500.0,75692.11952,SHORT_PUT,147404.339266,112743.101953
2021-01-14,111159.279436,111192.11952,0.0,378.459991,32.840083,35500.0,75692.11952,SHORT_PUT,146909.572908,112610.100244
2021-01-15,111146.109025,111192.11952,0.0,375.700012,46.010495,35500.0,75692.11952,SHORT_PUT,145882.860628,112334.102319
2021-01-19,111188.782014,111192.11952,0.0,378.649994,3.337506,35500.0,75692.11952,SHORT_PUT,146980.253816,112629.100488
2021-01-20,111191.106209,111192.11952,0.0,383.890015,1.013311,35500.0,75692.11952,SHORT_PUT,148929.541536,113153.102563
2021-01-21,111191.11952,111192.11952,0.0,384.23999,1.0,35500.0,75692.11952,SHORT_PUT,149059.732454,113188.100122
2021-01-22,111192.11952,111192.11952,0.0,382.880005,0.0,0.0,111192.11952,CASH,148553.817903,113052.101587
2021-01-25,111192.11952,111192.11952,0.0,384.390015,0.0,0.0,111192.11952,CASH,149115.541536,113203.102563
2021-01-26,111123.608933,111825.645096,0.0,383.790009,702.036163,37100.0,74725.645096,SHORT_PUT,148892.339266,113143.101953
2021-01-27,110784.2615,111825.645096,0.0,374.410004,1041.383596,37100.0,74725.645096,SHORT_PUT,145402.977449,112205.101465
2021-01-28,110205.426126,111825.645096,0.0,377.630005,1620.21897,37100.0,74725.645096,SHORT_PUT,146600.817903,112527.101587
2021-01-29,110243.8972,111825.645096,0.0,370.070007,1581.747896,37100.0,74725.645096,SHORT_PUT,143788.498812,111771.101831
2021-02-01,110479.401948,111825.645096,0.0,376.230011,1346.243149,37100.0,74725.645096,SHORT_PUT,146080.020174,112387.102197
2021-02-02,110863.474412,111825.645096,0.0,381.549988,962.170684,37100.0,74725.645096,SHORT_PUT,148059.051546,112919.099878
2021-02-03,111111.70562,111825.645096,0.0,381.850006,713.939477,37100.0,74725.645096,SHORT_PUT,148170.658357,112949.101709
2021-02-04,111379.774537,111825.645096,0.0,386.190002,445.87056,37100.0,74725.645096,SHORT_PUT,149785.136995,113383.101343
2021-02-05,111479.853646,111825.645096,0.0,387.709991,345.79145,37100.0,74725.645096,SHORT_PUT,150350.572908,113535.100244
2021-02-08,111616.703626,111825.645096,0.0,390.51001,208.94147,37100.0,74725.645096,SHORT_PUT,151392.17972,113815.102075
2021-02-09,111618.109309,111825.645096,0.0,390.25,207.535787,37100.0,74725.645096,SHORT_PUT,151295.456087,113789.101099
2021-02-10,111621.614654,111825.645096,0.0,390.079987,204.030442,37100.0,74725.645096,SHORT_PUT,151232.211092,113772.099756
2021-02-11,111640.617525,111825.645096,0.0,390.709991,185.027571,37100.0,74725.645096,SHORT_PUT,151466.572908,113835.100244
2021-02-12,111700.735392,111825.645096,0.0,392.640015,124.909704,37100.0,74725.645096,SHORT_PUT,152184.541536,114028.102563
2021-02-16,111769.708442,111825.645096,0.0,392.299988,55.936654,37100.0,74725.645096,SHORT_PUT,152058.051546,113994.099878
2021-02-17,111765.710264,111825.645096,0.0,392.390015,59.934832,37100.0,74725.645096,SHORT_PUT,152091.541536,114003.102563
2021-02-18,111765.203002,111825.645096,0.0,390.720001,60.442094,37100.0,74725.645096,SHORT_PUT,151470.296541,113836.101221
2021-02-19,111764.138954,111825.645096,0.0,390.029999,61.506143,37100.0,74725.645096,SHORT_PUT,151213.615633,113767.100977
2021-02-22,111795.722475,111825.645096,0.0,387.029999,29.922622,37100.0,74725.645096,SHORT_PUT,150097.615633,113467.100977
2021-02-23,111807.410255,111825.645096,0.0,387.5,18.234842,37100.0,74725.645096,SHORT_PUT,150272.456087,113514.101099
2021-02-24,111823.693102,111825.645096,0.0,391.769989,1.951994,37100.0,74725.645096,SHORT_PUT,151860.892,113941.1
2021-02-25,111822.491754,111825.645096,0.0,382.329987,3.153342,37100.0,74725.645096,SHORT_PUT,148349.211092,112997.099756
2021-02-26,111825.645096,111825.645096,0.0,380.359985,0.0,0.0,111825.645096,CASH,147616.370638,112800.099634
2021-03-01,111825.645096,111825.645096,0.0,389.579987,0.0,0.0,111825.645096,CASH,151046.211092,113722.099756
2021-03-02,111763.223405,112401.326165,0.0,386.540009,638.10276,37200.0,75201.326165,SHORT_PUT,149915.339266,113418.101953
2021-03-03,111569.443149,112401.326165,0.0,381.420013,831.883016,37200.0,75201.326165,SHORT_PUT,148010.701082,112906.102441
2021-03-04,111266.638943,112401.326165,0.0,376.700012,1134.687222,37200.0,75201.326165,SHORT_PUT,146254.860628,112434.102319
2021-03-05,111474.744506,112401.326165,0.0,383.630005,926.581659,37200.0,75201.326165,SHORT_PUT,148832.817903,113127.101587
2021-03-08,111661.013148,112401.326165,0.0,381.720001,740.313016,37200.0,75201.326165,SHORT_PUT,148122.296541,112936.101221
2021-03-09,111828.502178,112401.326165,0.0,387.170013,572.823987,37200.0,75201.326165,SHORT_PUT,150149.701082,113481.102441
2021-03-10,111973.412895,112401.326165,0.0,389.579987,427.91327,37200.0,75201.326165,SHORT_PUT,151046.211092,113722.099756
2021-03-11,112130.060966,112401.326165,0.0,393.529999,271.265199,37200.0,75201.326165,SHORT_PUT,152515.615633,114117.100977
2021-03-12,112175.094406,112401.326165,0.0,394.059998,226.231759,37200.0,75201.326165,SHORT_PUT,152712.775179,114170.100854
2021-03-15,112280.185101,112401.326165,0.0,396.410004,121.141064,37200.0,75201.326165,SHORT_PUT,153586.977449,114405.101465
2021-03-16,112299.178787,112401.326165,0.0,395.910004,102.147378,37200.0,75201.326165,SHORT_PUT,153400.977449,114355.101465
2021-03-17,112326.628925,112401.326165,0.0,397.26001,74.69724,37200.0,75201.326165,SHORT_PUT,153903.17972,114490.102075
2021-03-18,112287.310634,112401.326165,0.0,391.480011,114.015531,37200.0,75201.326165,SHORT_PUT,151753.020174,113912.102197
2021-03-19,112222.950179,112401.326165,0.0,389.480011,178.375986,37200.0,75201.326165,SHORT_PUT,151484.436174,113839.902197
2021-03-22,112325.785717,112401.326165,0.0,392.589996,75.540448,37200.0,75201.326165,SHORT_PUT,152641.350725,114150.900732
2021-03-23,112337.061436,112401.326165,0.0,389.5,64.264729,37200.0,75201.326165,SHORT_PUT,151491.872087,113841.901099
2021-03-24,112310.807943,112401.326165,0.0,387.519989,90.518222,37200.0,75201.326165,SHORT_PUT,150755.308,113643.9
2021-03-25,112340.947714,112401.326165,0.0,389.700012,60.378451,37200.0,75201.326165,SHORT_PUT,151566.276628,113861.902319
2021-03-26,112391.841727,112401.326165,0.0,395.980011,9.484438,37200.0,75201.326165,SHORT_PUT,153902.436174,114489.902197
2021-03-29,112400.052222,112401.326165,0.0,395.779999,1.273943,37200.0,75201.326165,SHORT_PUT,153828.031633,114469.900977
2021-03-30,112400.206577,112401.326165,0.0,394.730011,1.119588,37200.0,75201.326165,SHORT_PUT,153437.436174,114364.902197
2021-03-31,112400.326153,112401.326165,0.0,396.329987,1.000011,37200.0,75201.326165,SHORT_PUT,154032.627092,114524.899756
2021-04-01,112401.326165,112401.326165,0.0,400.609985,0.0,0.0,112401.326165,CASH,155624.786638,114952.899634
2021-04-05,112401.326165,112401.326165,0.0,406.359985,0.0,0.0,112401.326165,CASH,157763.786638,115527.899634
2021-04-06,112347.432603,112895.990007,0.0,406.119995,548.557404,39500.0,73395.990007,SHORT_PUT,157674.510271,115503.90061
2021-04-07,112366.318093,112895.990007,0.0,406.589996,529.671914,39500.0,73395.990007,SHORT_PUT,157849.350725,115550.900732
2021-04-08,112485.305182,112895.990007,0.0,408.519989,410.684825,39500.0,73395.990007,SHORT_PUT,158567.308,115743.9
2021-04-09,112582.857132,112895.990007,0.0,411.48999,313.132875,39500.0,73395.990007,SHORT_PUT,159672.148454,116040.900122
2021-04-12,112633.762782,112895.990007,0.0,411.640015,262.227225,39500.0,73395.990007,SHORT_PUT,159727.957536,116055.902563
2021-04-13,112662.642184,112895.990007,0.0,412.859985,233.347823,39500.0,73395.990007,SHORT_PUT,160181.786638,116177.899634
2021-04-14,112656.218076,112895.990007,0.0,411.450012,239.771931,39500.0,73395.990007,SHORT_PUT,159657.276628,116036.902319
2021-04-15,112734.546876,112895.990007,0.0,415.869995,161.443131,39500.0,73395.990007,SHORT_PUT,161301.510271,116478.90061
2021-04-16,112774.789849,112895.990007,0.0,417.26001,121.200157,39500.0,73395.990007,SHORT_PUT,161818.59572,116617.902075
2021-04-19,112786.582497,112895.990007,0.0,415.209991,109.40751,39500.0,73395.990007,SHORT_PUT,161055.988908,116412.900244
2021-04-20,112728.117332,112895.990007,0.0,412.170013,167.872675,39500.0,73395.990007,SHORT_PUT,159925.117082,116108.902441
2021-04-21,112765.096426,112895.990007,0.0,416.070007,130.893581,39500.0,73395.990007,SHORT_PUT,161375.914812,116498.901831
2021-04-22,112751.835543,112895.990007,0.0,412.269989,144.154464,39500.0,73395.990007,SHORT_PUT,159962.308,116118.9
2021-04-23,112797.879315,112895.990007,0.0,416.73999,98.110692,39500.0,73395.990007,SHORT_PUT,161625.148454,116565.900122
2021-04-26,112856.329453,112895.990007,0.0,417.609985,39.660554,39500.0,73395.990007,SHORT_PUT,161948.786638,116652.899634
2021-04-27,112860.923381,112895.990007,0.0,417.519989,35.066626,39500.0,73395.990007,SHORT_PUT,161915.308,116643.9
2021-04-28,112868.886727,112895.990007,0.0,417.399994,27.10328,39500.0,73395.990007,SHORT_PUT,161870.669816,116631.900488
2021-04-29,112884.814332,112895.990007,0.0,420.059998,11.175675,39500.0,73395.990007,SHORT_PUT,162860.191179,116897.900854
2021-04-30,112881.43479,112895.990007,0.0,417.299988,14.555217,39500.0,73395.990007,SHORT_PUT,161833.467546,116621.899878
2021-05-03,112892.763889,112895.990007,0.0,418.200012,3.226118,39500.0,73395.990007,SHORT_PUT,162168.276628,116711.902319
2021-05-04,112893.655218,112895.990007,0.0,415.619995,2.334789,39500.0,73395.990007,SHORT_PUT,161208.510271,116453.90061
2021-05-05,112894.685992,112895.990007,0.0,415.75,1.304015,39500.0,73395.990007,SHORT_PUT,161256.872087,116466.901099
2021-05-06,112894.989967,112895.990007,0.0,419.070007,1.00004,39500.0,73395.990007,SHORT_PUT,162491.914812,116798.901831
2021-05-07,112895.990007,112895.990007,0.0,422.119995,0.0,0.0,112895.990007,CASH,163626.510271,117103.90061
2021-05-10,112895.990007,112895.990007,0.0,417.940002,0.0,0.0,112895.990007,CASH,162071.552995,116685.901343
2021-05-11,112820.545595,113595.38692,0.0,414.209991,774.841325,40600.0,72995.38692,SHORT_PUT,160683.988908,116312.900244
2021-05-12,112319.096566,113595.38692,0.0,405.410004,1276.290354,40600.0,72995.38692,SHORT_PUT,157410.393449,115432.901465
2021-05-13,112242.554126,113595.38692,0.0,410.279999,1352.832794,40600.0,72995.38692,SHORT_PUT,159222.031633,115919.900977
2021-05-14,112774.589655,113595.38692,0.0,416.579987,820.797265,40600.0,72995.38692,SHORT_PUT,161565.627092,116549.899756
2021-05-17,113019.448073,113595.38692,0.0,415.519989,575.938847,40600.0,72995.38692,SHORT_PUT,161171.308,116443.9
2021-05-18,112858.142678,113595.38692,0.0,411.940002,737.244242,40600.0,72995.38692,SHORT_PUT,159839.552995,116085.901343
2021-05-19,112752.184528,113595.38692,0.0,410.859985,843.202392,40600.0,72995.38692,SHORT_PUT,159437.786638,115977.899634
2021-05-20,112908.636333,113595.38692,0.0,415.279999,686.750587,40600.0,72995.38692,SHORT_PUT,161082.031633,116419.900977
2021-05-21,112989.485512,113595.38692,0.0,414.940002,605.901408,40600.0,72995.38692,SHORT_PUT,160955.552995,116385.901343
2021-05-24,113209.743022,113595.38692,0.0,419.170013,385.643898,40600.0,72995.38692,SHORT_PUT,162529.117082,116808.902441
2021-05-25,113269.896315,113595.38692,0.0,418.23999,325.490605,40600.0,72995.38692,SHORT_PUT,162183.148454,116715.900122
2021-05-26,113295.21548,113595.38692,0.0,419.070007,300.17144,40600.0,72995.38692,SHORT_PUT,162491.914812,116798.901831
2021-05-27,113367.431569,113595.38692,0.0,419.290009,227.955351,40600.0,72995.38692,SHORT_PUT,162573.755266,116820.901953
2021-05-28,113418.005383,113595.38692,0.0,420.040009,177.381537,40600.0,72995.38692,SHORT_PUT,162852.755266,116895.901953
2021-06-01,113477.204416,113595.38692,0.0,419.670013,118.182504,40600.0,72995.38692,SHORT_PUT,162715.117082,116858.902441
2021-06-02,113482.705699,113595.38692,0.0,420.329987,112.681221,40600.0,72995.38692,SHORT_PUT,162960.627092,116924.899756
2021-06-03,113485.3524,113595.38692,0.0,418.769989,110.03452,40600.0,72995.38692,SHORT_PUT,162380.308,116768.9
2021-06-04,113541.785364,113595.38692,0.0,422.600006,53.601556,40600.0,72995.38692,SHORT_PUT,163805.074357,117151.901709
2021-06-07,113585.061903,113595.38692,0.0,422.190002,10.325017,40600.0,72995.38692,SHORT_PUT,163652.552995,117110.901343
2021-06-08,113590.860527,113595.38692,0.0,422.279999,4.526392,40600.0,72995.38692,SHORT_PUT,163686.031633,117119.900977
2021-06-09,113593.131633,113595.38692,0.0,421.649994,2.255287,40600.0,72995.38692,SHORT_PUT,163451.669816,117056.900488
2021-06-10,113594.378384,113595.38692,0.0,423.609985,1.008536,40600.0,72995.38692,SHORT_PUT,164180.786638,117252.899634
2021-06-11,113595.38692,113595.38692,0.0,424.309998,0.0,0.0,113595.38692,CASH,164441.191179,117322.900854
2021-06-14,113595.38692,113595.38692,0.0,425.26001,0.0,0.0,113595.38692,CASH,164794.59572,117417.902075
2021-06-15,113543.372498,114072.19893,0.0,424.480011,528.826432,41400.0,72672.19893,SHORT_PUT,164504.436174,117339.902197
2021-06-16,113440.398512,114072.19893,0.0,422.109985,631.800418,41400.0,72672.19893,SHORT_PUT,163622.786638,117102.899634
2021-06-17,113387.581279,114072.19893,0.0,421.970001,684.61765,41400.0,72672.19893,SHORT_PUT,163570.712541,117088.901221
2021-06-18,113124.25531,114072.19893,0.0,414.920013,947.94362,41400.0,72672.19893,SHORT_PUT,161459.989082,116521.502441
2021-06-21,113276.820836,114072.19893,0.0,420.859985,795.378094,41400.0,72672.19893,SHORT_PUT,163669.658638,117115.499634
2021-06-22,113528.342949,114072.19893,0.0,423.109985,543.85598,41400.0,72672.19893,SHORT_PUT,164506.658638,117340.499634
2021-06-23,113588.047716,114072.19893,0.0,422.600006,484.151214,41400.0,72672.19893,SHORT_PUT,164316.946357,117289.501709
2021-06-24,113698.597212,114072.19893,0.0,425.100006,373.601718,41400.0,72672.19893,SHORT_PUT,165246.946357,117539.501709
2021-06-25,113769.759596,114072.19893,0.0,426.609985,302.439333,41400.0,72672.19893,SHORT_PUT,165808.658638,117690.499634
2021-06-28,113847.241158,114072.19893,0.0,427.470001,224.957772,41400.0,72672.19893,SHORT_PUT,166128.584541,117776.501221
2021-06-29,113862.087692,114072.19893,0.0,427.700012,210.111238,41400.0,72672.19893,SHORT_PUT,166214.148628,117799.502319
2021-06-30,113876.140544,114072.19893,0.0,428.059998,196.058386,41400.0,72672.19893,SHORT_PUT,166348.063179,117835.500854
2021-07-01,113937.744591,114072.19893,0.0,430.429993,134.454338,41400.0,72672.19893,SHORT_PUT,167229.701362,118072.500366
2021-07-02,113998.108488,114072.19893,0.0,433.720001,74.090442,41400.0,72672.19893,SHORT_PUT,168453.584541,118401.501221
2021-07-06,114034.054885,114072.19893,0.0,432.929993,38.144045,41400.0,72672.19893,SHORT_PUT,168159.701362,118322.500366
2021-07-07,114037.882698,114072.19893,0.0,434.459991,34.316231,41400.0,72672.19893,SHORT_PUT,168728.860908,118475.500244
2021-07-08,114025.922308,114072.19893,0.0,430.920013,46.276622,41400.0,72672.19893,SHORT_PUT,167411.989082,118121.502441
2021-07-09,114040.656858,114072.19893,0.0,435.519989,31.542071,41400.0,72672.19893,SHORT_PUT,169123.18,118581.5
2021-07-12,114070.21552,114072.19893,0.0,437.079987,1.983409,41400.0,72672.19893,SHORT_PUT,169703.499092,118737.499756
2021-07-13,114070.791307,114072.19893,0.0,435.589996,1.407623,41400.0,72672.19893,SHORT_PUT,169149.222725,118588.500732
2021-07-14,114071.152343,114072.19893,0.0,436.23999,1.046586,41400.0,72672.19893,SHORT_PUT,169391.020454,118653.500122
2021-07-15,114071.198853,114072.19893,0.0,434.75,1.000077,41400.0,72672.19893,SHORT_PUT,168836.744087,118504.501099
2021-07-16,114072.19893,114072.19893,0.0,431.339996,0.0,0.0,114072.19893,CASH,167568.222725,118163.500732
2021-07-19,114072.19893,114072.19893,0.0,424.970001,0.0,0.0,114072.19893,CASH,165198.584541,117526.501221
2021-07-20,114014.101296,114606.801449,0.0,431.059998,592.700153,41200.0,73406.801449,SHORT_PUT,167464.063179,118135.500854
2021-07-21,114248.702274,114606.801449,0.0,434.549988,358.099175,41200.0,73406.801449,SHORT_PUT,168762.339546,118484.499878
2021-07-22,114354.428084,114606.801449,0.0,435.459991,252.373365,41200.0,73406.801449,SHORT_PUT,169100.860908,118575.500244
2021-07-23,114440.058636,114606.801449,0.0,439.940002,166.742812,41200.0,73406.801449,SHORT_PUT,170767.424995,119023.501343
2021-07-26,114492.661195,114606.801449,0.0,441.019989,114.140253,41200.0,73406.801449,SHORT_PUT,171169.18,119131.5
2021-07-27,114470.090173,114606.801449,0.0,439.01001,136.711276,41200.0,73406.801449,SHORT_PUT,170421.46772,118930.502075
2021-07-28,114428.603418,114606.801449,0.0,438.829987,178.198031,41200.0,73406.801449,SHORT_PUT,170354.499092,118912.499756
2021-07-29,114488.824157,114606.801449,0.0,440.649994,117.977292,41200.0,73406.801449,SHORT_PUT,171031.541816,119094.500488
2021-07-30,114490.402078,114606.801449,0.0,438.51001,116.399371,41200.0,73406.801449,SHORT_PUT,170235.46772,118880.502075
2021-08-02,114498.967163,114606.801449,0.0,437.589996,107.834286,41200.0,73406.801449,SHORT_PUT,169893.222725,118788.500732
2021-08-03,114519.032405,114606.801449,0.0,441.149994,87.769044,41200.0,73406.801449,SHORT_PUT,171217.541816,119144.500488
2021-08-04,114535.288915,114606.801449,0.0,438.980011,71.512533,41200.0,73406.801449,SHORT_PUT,170410.308174,118927.502197
2021-08-05,114562.574746,114606.801449,0.0,441.76001,44.226703,41200.0,73406.801449,SHORT_PUT,171444.46772,119205.502075
2021-08-06,114579.116983,114606.801449,0.0,442.48999,27.684465,41200.0,73406.801449,SHORT_PUT,171716.020454,119278.500122
2021-08-09,114596.860301,114606.801449,0.0,442.130005,9.941148,41200.0,73406.801449,SHORT_PUT,171582.105903,119242.501587
2021-08-10,114598.409477,114606.801449,0.0,442.679993,8.391972,41200.0,73406.801449,SHORT_PUT,171786.701362,119297.500366
2021-08-11,114601.682268,114606.801449,0.0,443.779999,5.119181,41200.0,73406.801449,SHORT_PUT,172195.903633,119407.500977
2021-08-12,114604.599451,114606.801449,0.0,445.109985,2.201998,41200.0,73406.801449,SHORT_PUT,172690.658638,119540.499634
2021-08-13,114605.46698,114606.801449,0.0,445.920013,1.334469,41200.0,73406.801449,SHORT_PUT,172991.989082,119621.502441
2021-08-16,114605.799123,114606.801449,0.0,446.970001,1.002326,41200.0,73406.801449,SHORT_PUT,173382.584541,119726.501221
2021-08-17,114605.799945,114606.801449,0.0,444.040009,1.001504,41200.0,73406.801449,SHORT_PUT,172292.627266,119433.501953
2021-08-18,114605.797058,114606.801449,0.0,439.179993,1.00439,41200.0,73406.801449,SHORT_PUT,170484.701362,118947.500366
2021-08-19,114605.801374,114606.801449,0.0,439.859985,1.000074,41200.0,73406.801449,SHORT_PUT,170737.658638,119015.499634
2021-08-20,114606.801449,114606.801449,0.0,443.359985,0.0,0.0,114606.801449,CASH,172039.658638,119365.499634
2021-08-23,114606.801449,114606.801449,0.0,447.26001,0.0,0.0,114606.801449,CASH,173490.46772,119755.502075
2021-08-24,114557.142133,115061.239952,0.0,447.970001,504.09782,43400.0,71661.239952,SHORT_PUT,173754.584541,119826.501221
2021-08-25,114594.919177,115061.239952,0.0,448.910004,466.320775,43400.0,71661.239952,SHORT_PUT,174104.265449,119920.501465
2021-08-26,114555.25788,115061.239952,0.0,446.26001,505.982072,43400.0,71661.239952,SHORT_PUT,173118.46772,119655.502075
2021-08-27,114578.654075,115061.239952,0.0,450.25,482.585877,43400.0,71661.239952,SHORT_PUT,174602.744087,120054.501099
2021-08-30,114785.266543,115061.239952,0.0,452.230011,275.973409,43400.0,71661.239952,SHORT_PUT,175339.308174,120252.502197
2021-08-31,114792.741813,115061.239952,0.0,451.559998,268.498139,43400.0,71661.239952,SHORT_PUT,175090.063179,120185.500854
2021-09-01,114799.537064,115061.239952,0.0,451.799988,261.702888,43400.0,71661.239952,SHORT_PUT,175179.339546,120209.499878
2021-09-02,114853.092993,115061.239952,0.0,453.190002,208.146959,43400.0,71661.239952,SHORT_PUT,175696.424995,120348.501343
2021-09-03,114853.48197,115061.239952,0.0,453.079987,207.757982,43400.0,71661.239952,SHORT_PUT,175655.499092,120337.499756
2021-09-07,114879.755404,115061.239952,0.0,451.459991,181.484548,43400.0,71661.239952,SHORT_PUT,175052.860908,120175.500244
2021-09-08,114831.043711,115061.239952,0.0,450.910004,230.196241,43400.0,71661.239952,SHORT_PUT,174848.265449,120120.501465
2021-09-09,114815.167688,115061.239952,0.0,448.980011,246.072265,43400.0,71661.239952,SHORT_PUT,174130.308174,119927.502197
2021-09-10,114719.813567,115061.239952,0.0,445.440002,341.426385,43400.0,71661.239952,SHORT_PUT,172813.424995,119573.501343
2021-09-13,114756.668102,115061.239952,0.0,446.579987,304.57185,43400.0,71661.239952,SHORT_PUT,173237.499092,119687.499756
2021-09-14,114769.270145,115061.239952,0.0,444.170013,291.969807,43400.0,71661.239952,SHORT_PUT,172340.989082,119446.502441
2021-09-15,114881.372104,115061.239952,0.0,447.880005,179.867848,43400.0,71661.239952,SHORT_PUT,173721.105903,119817.501587
2021-09-16,114921.309156,115061.239952,0.0,447.170013,139.930796,43400.0,71661.239952,SHORT_PUT,173456.989082,119746.502441
2021-09-17,114802.568179,115061.239952,0.0,441.399994,258.671773,43400.0,71661.239952,SHORT_PUT,171841.757816,119312.300488
2021-09-20,114591.70525,115061.239952,0.0,434.040009,469.534702,43400.0,71661.239952,SHORT_PUT,169103.843266,118576.301953
2021-09-21,114536.654973,115061.239952,0.0,433.630005,524.584979,43400.0,71661.239952,SHORT_PUT,168951.321903,118535.301587
2021-09-22,114837.610233,115061.239952,0.0,437.859985,223.629719,43400.0,71661.239952,SHORT_PUT,170524.874638,118958.299634
2021-09-23,115046.889753,115061.239952,0.0,443.179993,14.350199,43400.0,71661.239952,SHORT_PUT,172503.917362,119490.300366
2021-09-24,115061.239952,115061.239952,0.0,443.910004,0.0,0.0,115061.239952,CASH,172775.481449,119563.301465
2021-09-27,115061.239952,115061.239952,0.0,442.640015,0.0,0.0,115061.239952,CASH,172303.045536,119436.302563
2021-09-28,114967.172233,115937.558286,0.0,433.720001,970.386054,43000.0,72937.558286,SHORT_PUT,168984.800541,118544.301221
2021-09-29,114741.667531,115937.558286,0.0,434.450012,1195.890755,43000.0,72937.558286,SHORT_PUT,169256.364628,118617.302319
2021-09-30,114552.352454,115937.558286,0.0,429.140015,1385.205832,43000.0,72937.558286,SHORT_PUT,167281.045536,118086.302563
2021-10-01,114785.054855,115937.558286,0.0,434.23999,1152.503431,43000.0,72937.558286,SHORT_PUT,169178.236454,118596.300122
2021-10-04,114699.319662,115937.558286,0.0,428.640015,1238.238624,43000.0,72937.558286,SHORT_PUT,167095.045536,118036.302563
2021-10-05,114841.219848,115937.558286,0.0,433.100006,1096.338438,43000.0,72937.558286,SHORT_PUT,168754.162357,118482.301709
2021-10-06,115036.537666,115937.558286,0.0,434.899994,901.02062,43000.0,72937.558286,SHORT_PUT,169423.757816,118662.300488
2021-10-07,115227.070945,115937.558286,0.0,438.660004,710.487341,43000.0,72937.558286,SHORT_PUT,170822.481449,119038.301465
2021-10-08,115292.864842,115937.558286,0.0,437.859985,644.693444,43000.0,72937.558286,SHORT_PUT,170524.874638,118958.299634
2021-10-11,115273.198801,115937.558286,0.0,434.690002,664.359485,43000.0,72937.558286,SHORT_PUT,169345.640995,118641.301343
2021-10-12,115194.852028,115937.558286,0.0,433.619995,742.706259,43000.0,72937.558286,SHORT_PUT,168947.598271,118534.30061
2021-10-13,115294.146002,115937.558286,0.0,435.179993,643.412284,43000.0,72937.558286,SHORT_PUT,169527.917362,118690.300366
2021-10-14,115613.777725,115937.558286,0.0,442.5,323.780561,43000.0,72937.558286,SHORT_PUT,172250.960087,119422.301099
2021-10-15,115765.026017,115937.558286,0.0,445.869995,172.532269,43000.0,72937.558286,SHORT_PUT,173504.598271,119759.30061
2021-10-18,115844.327601,115937.558286,0.0,447.190002,93.230685,43000.0,72937.558286,SHORT_PUT,173995.640995,119891.301343
2021-10-19,115889.75046,115937.558286,0.0,450.640015,47.807826,43000.0,72937.558286,SHORT_PUT,175279.045536,120236.302563
2021-10-20,115914.394579,115937.558286,0.0,452.410004,23.163707,43000.0,72937.558286,SHORT_PUT,175937.481449,120413.301465
2021-10-21,115924.924159,115937.558286,0.0,453.589996,12.634128,43000.0,72937.558286,SHORT_PUT,176376.438725,120531.300732
2021-10-22,115929.692197,115937.558286,0.0,453.119995,7.866089,43000.0,72937.558286,SHORT_PUT,176201.598271,120484.30061
2021-10-25,115936.216009,115937.558286,0.0,455.549988,1.342278,43000.0,72937.558286,SHORT_PUT,177105.555546,120727.299878
2021-10-26,115936.522332,115937.558286,0.0,455.959991,1.035954,43000.0,72937.558286,SHORT_PUT,177258.076908,120768.300244
2021-10-27,115936.548636,115937.558286,0.0,453.940002,1.00965,43000.0,72937.558286,SHORT_PUT,176506.640995,120566.301343
2021-10-28,115936.558286,115937.558286,0.0,458.320007,1.0,43000.0,72937.558286,SHORT_PUT,178136.002812,121004.301831
2021-10-29,115937.558286,115937.558286,0.0,459.25,0.0,0.0,115937.558286,CASH,178481.960087,121097.301099
2021-11-01,115937.558286,115937.558286,0.0,460.040009,0.0,0.0,115937.558286,CASH,178775.843266,121176.301953
2021-11-02,115888.931192,116382.190685,0.0,461.899994,493.259494,44800.0,71582.190685,SHORT_PUT,179467.757816,121362.300488
2021-11-03,115999.562364,116382.190685,0.0,464.720001,382.628321,44800.0,71582.190685,SHORT_PUT,180516.800541,121644.301221
2021-11-04,116106.696861,116382.190685,0.0,466.910004,275.493825,44800.0,71582.190685,SHORT_PUT,181331.481449,121863.301465
2021-11-05,116134.648108,116382.190685,0.0,468.529999,247.542577,44800.0,71582.190685,SHORT_PUT,181934.119633,122025.300977
2021-11-08,116135.14688,116382.190685,0.0,468.929993,247.043805,44800.0,71582.190685,SHORT_PUT,182082.917362,122065.300366
2021-11-09,116088.042101,116382.190685,0.0,467.380005,294.148584,44800.0,71582.190685,SHORT_PUT,181506.321903,121910.301587
2021-11-10,115991.754805,116382.190685,0.0,463.619995,390.43588,44800.0,71582.190685,SHORT_PUT,180107.598271,121534.30061
2021-11-11,115969.999487,116382.190685,0.0,463.769989,412.191198,44800.0,71582.190685,SHORT_PUT,180163.396,121549.3
2021-11-12,116113.357993,116382.190685,0.0,467.269989,268.832692,44800.0,71582.190685,SHORT_PUT,181465.396,121899.3
2021-11-15,116208.066341,116382.190685,0.0,467.429993,174.124344,44800.0,71582.190685,SHORT_PUT,181524.917362,121915.300366
2021-11-16,116242.980731,116382.190685,0.0,469.279999,139.209954,44800.0,71582.190685,SHORT_PUT,182213.119633,122100.300977
2021-11-17,116243.461533,116382.190685,0.0,468.140015,138.729152,44800.0,71582.190685,SHORT_PUT,181789.045536,121986.302563
2021-11-18,116259.2128,116382.190685,0.0,469.730011,122.977885,44800.0,71582.190685,SHORT_PUT,182380.524174,122145.302197
2021-11-19,116250.880377,116382.190685,0.0,468.890015,131.310308,44800.0,71582.190685,SHORT_PUT,182068.045536,122061.302563
2021-11-22,116273.241738,116382.190685,0.0,467.570007,108.948948,44800.0,71582.190685,SHORT_PUT,181577.002812,121929.301831
2021-11-23,116273.184286,116382.190685,0.0,468.190002,109.006399,44800.0,71582.190685,SHORT_PUT,181807.640995,121991.301343
2021-11-24,116300.846738,116382.190685,0.0,469.440002,81.343947,44800.0,71582.190685,SHORT_PUT,182272.640995,122116.301343
2021-11-26,116203.880336,116382.190685,0.0,458.970001,178.310349,44800.0,71582.190685,SHORT_PUT,178377.800541,121069.301221
2021-11-29,116243.42691,116382.190685,0.0,464.600006,138.763775,44800.0,71582.190685,SHORT_PUT,180472.162357,121632.301709
2021-11-30,116205.890529,116382.190685,0.0,455.559998,176.300156,44800.0,71582.190685,SHORT_PUT,177109.279179,120728.300854
2021-12-01,116048.820462,116382.190685,0.0,450.5,333.370223,44800.0,71582.190685,SHORT_PUT,175226.960087,120222.301099
2021-12-02,116313.87641,116382.190685,0.0,457.399994,68.314276,44800.0,71582.190685,SHORT_PUT,177793.757816,120912.300488
2021-12-03,116382.190685,116382.190685,0.0,453.420013,0.0,0.0,116382.190685,CASH,176313.205082,120514.302441
2021-12-06,116382.190685,116382.190685,0.0,458.790009,0.0,0.0,116382.190685,CASH,178310.843266,121051.301953
2021-12-07,116323.603505,116921.443901,0.0,468.279999,597.840397,43700.0,73221.443901,SHORT_PUT,181841.119633,122000.300977
2021-12-08,116607.850715,116921.443901,0.0,469.519989,313.593187,43700.0,73221.443901,SHORT_PUT,182302.396,122124.3
2021-12-09,116649.466576,116921.443901,0.0,466.350006,271.977326,43700.0,73221.443901,SHORT_PUT,181123.162357,121807.301709
2021-12-10,116666.468007,116921.443901,0.0,470.73999,254.975894,43700.0,73221.443901,SHORT_PUT,182756.236454,122246.300122
2021-12-13,116744.150293,116921.443901,0.0,466.570007,177.293608,43700.0,73221.443901,SHORT_PUT,181205.002812,121829.301831
2021-12-14,116654.561766,116921.443901,0.0,463.359985,266.882135,43700.0,73221.443901,SHORT_PUT,180010.874638,121508.299634
2021-12-15,116722.978787,116921.443901,0.0,470.600006,198.465114,43700.0,73221.443901,SHORT_PUT,182704.162357,122232.301709
2021-12-16,116759.913272,116921.443901,0.0,466.450012,161.530629,43700.0,73221.443901,SHORT_PUT,181160.364628,121817.302319
2021-12-17,116630.994465,116921.443901,0.0,459.869995,290.449436,43700.0,73221.443901,SHORT_PUT,179320.074271,121322.60061
2021-12-20,116546.209209,116921.443901,0.0,454.980011,375.234692,43700.0,73221.443901,SHORT_PUT,177501.000174,120833.602197
2021-12-21,116684.955703,116921.443901,0.0,463.059998,236.488198,43700.0,73221.443901,SHORT_PUT,180506.755179,121641.600854
2021-12-22,116807.609556,116921.443901,0.0,467.690002,113.834346,43700.0,73221.443901,SHORT_PUT,182229.116995,122104.601343
2021-12-23,116877.021051,116921.443901,0.0,470.600006,44.42285,43700.0,73221.443901,SHORT_PUT,183311.638357,122395.601709
2021-12-27,116915.359471,116921.443901,0.0,477.26001,6.08443,43700.0,73221.443901,SHORT_PUT,185789.15972,123061.602075
2021-12-28,116917.236782,116921.443901,0.0,476.869995,4.20712,43700.0,73221.443901,SHORT_PUT,185644.074271,123022.60061
2021-12-29,116918.81174,116921.443901,0.0,477.480011,2.632161,43700.0,73221.443901,SHORT_PUT,185871.000174,123083.602197
2021-12-30,116919.600005,116921.443901,0.0,476.160004,1.843896,43700.0,73221.443901,SHORT_PUT,185379.957449,122951.601465
2021-12-31,116919.744049,116921.443901,0.0,474.959991,1.699852,43700.0,73221.443901,SHORT_PUT,184933.552908,122831.600244
2022-01-03,116920.439903,116921.443901,0.0,477.709991,1.003998,43700.0,73221.443901,SHORT_PUT,185956.552908,123106.600244
2022-01-04,116920.443834,116921.443901,0.0,477.549988,1.000067,43700.0,73221.443901,SHORT_PUT,185897.031546,123090.599878
2022-01-05,116920.443645,116921.443901,0.0,468.380005,1.000256,43700.0,73221.443901,SHORT_PUT,182485.797903,122173.601587
2022-01-06,116920.4439,116921.443901,0.0,467.940002,1.000002,43700.0,73221.443901,SHORT_PUT,182322.116995,122129.601343
2022-01-07,116921.443901,116921.443901,0.0,466.089996,0.0,0.0,116921.443901,CASH,181633.914725,121944.600732
2022-01-10,116921.443901,116921.443901,0.0,465.51001,0.0,0.0,116921.443901,CASH,181418.15972,121886.602075
2022-01-11,116869.135322,117401.050403,0.0,469.75,531.915081,45100.0,72301.050403,SHORT_PUT,182995.436087,122310.601099
2022-01-12,116970.544096,117401.050403,0.0,471.019989,430.506307,45100.0,72301.050403,SHORT_PUT,183467.872,122437.6
2022-01-13,116852.821526,117401.050403,0.0,464.529999,548.228878,45100.0,72301.050403,SHORT_PUT,181053.595633,121788.600977
2022-01-14,116723.793004,117401.050403,0.0,464.720001,677.257399,45100.0,72301.050403,SHORT_PUT,181124.276541,121807.601221
2022-01-18,116567.794475,117401.050403,0.0,456.48999,833.255928,45100.0,72301.050403,SHORT_PUT,178062.712454,120984.600122
2022-01-19,116169.367149,117401.050403,0.0,451.75,1231.683254,45100.0,72301.050403,SHORT_PUT,176299.436087,120510.601099
2022-01-20,115874.160881,117401.050403,0.0,446.75,1526.889522,45100.0,72301.050403,SHORT_PUT,174439.436087,120010.601099
2022-01-21,115272.158485,117401.050403,0.0,437.980011,2128.891918,45100.0,72301.050403,SHORT_PUT,171177.000174,119133.602197
2022-01-24,115332.260265,117401.050403,0.0,439.839996,2068.790138,45100.0,72301.050403,SHORT_PUT,171868.914725,119319.600732
2022-01-25,114961.468639,117401.050403,0.0,434.470001,2439.581764,45100.0,72301.050403,SHORT_PUT,169871.276541,118782.601221
2022-01-26,114868.662885,117401.050403,0.0,433.380005,2532.387518,45100.0,72301.050403,SHORT_PUT,169465.797903,118673.601587
2022-01-27,114720.774444,117401.050403,0.0,431.23999,2680.275959,45100.0,72301.050403,SHORT_PUT,168669.712454,118459.600122
2022-01-28,115552.72898,117401.050403,0.0,441.950012,1848.321423,45100.0,72301.050403,SHORT_PUT,172653.840628,119530.602319
2022-01-31,116269.017927,117401.050403,0.0,449.910004,1132.032477,45100.0,72301.050403,SHORT_PUT,175614.957449,120326.601465
2022-02-01,116577.112671,117401.050403,0.0,452.950012,823.937732,45100.0,72301.050403,SHORT_PUT,176745.840628,120630.602319
2022-02-02,116910.463099,117401.050403,0.0,457.350006,490.587305,45100.0,72301.050403,SHORT_PUT,178382.638357,121070.601709
2022-02-03,116420.663429,117401.050403,0.0,446.600006,980.386974,45100.0,72301.050403,SHORT_PUT,174383.638357,119995.601709
2022-02-04,116520.669934,117401.050403,0.0,448.700012,880.380469,45100.0,72301.050403,SHORT_PUT,175164.840628,120205.602319
2022-02-07,116639.361753,117401.050403,0.0,447.26001,761.68865,45100.0,72301.050403,SHORT_PUT,174629.15972,120061.602075
2022-02-08,116931.540404,117401.050403,0.0,450.940002,469.509999,45100.0,72301.050403,SHORT_PUT,175998.116995,120429.601343
2022-02-09,117284.154248,117401.050403,0.0,457.540009,116.896155,45100.0,72301.050403,SHORT_PUT,178453.319266,121089.601953
2022-02-10,117067.464091,117401.050403,0.0,449.320007,333.586313,45100.0,72301.050403,SHORT_PUT,175395.478812,120267.601831
2022-02-11,116347.049549,72301.050403,100.0,440.459991,0.0,0.0,72301.050403,STOCK,172099.552908,119381.600244
2022-02-14,116203.049305,72301.050403,100.0,439.019989,0.0,0.0,72301.050403,STOCK,171563.872,119237.6
2022-02-15,116806.328736,73278.587042,100.0,446.100006,1082.258917,0.0,73278.587042,COVERED_CALL,174197.638357,119945.601709
2022-02-16,117023.734591,73278.587042,100.0,446.600006,914.853062,0.0,73278.587042,COVERED_CALL,174383.638357,119995.601709
2022-02-17,116464.571741,73278.587042,100.0,437.059998,520.015057,0.0,73278.587042,COVERED_CALL,170834.755179,119041.600854
2022-02-18,116093.059485,73278.587042,100.0,434.230011,608.528656,0.0,73278.587042,COVERED_CALL,169782.000174,118758.602197
2022-02-22,115844.983653,73278.587042,100.0,429.570007,390.604121,0.0,73278.587042,COVERED_CALL,168048.478812,118292.601831
2022-02-23,115201.143637,73278.587042,100.0,421.950012,272.444626,0.0,73278.587042,COVERED_CALL,165213.840628,117530.602319
2022-02-24,115670.431767,73278.587042,100.0,428.299988,438.154054,0.0,73278.587042,COVERED_CALL,167576.031546,118165.599878
2022-02-25,116444.713171,73278.587042,100.0,437.75,608.873871,0.0,73278.587042,COVERED_CALL,171091.436087,119110.601099
2022-02-28,116556.058132,73278.587042,100.0,436.630005,385.529399,0.0,73278.587042,COVERED_CALL,170674.797903,118998.601587
2022-03-01,115967.34677,73278.587042,100.0,429.980011,309.241371,0.0,73278.587042,COVERED_CALL,168201.000174,118333.602197
2022-03-02,116510.07958,73278.587042,100.0,437.890015,557.508927,0.0,73278.587042,COVERED_CALL,171143.521536,119124.602563
2022-03-03,116468.843586,73278.587042,100.0,435.709991,380.742602,0.0,73278.587042,COVERED_CALL,170332.552908,118906.600244
2022-03-04,116221.939525,73278.587042,100.0,432.170013,273.64886,0.0,73278.587042,COVERED_CALL,169015.681082,118552.602441
2022-03-07,115139.190854,73278.587042,100.0,419.429993,82.395456,0.0,73278.587042,COVERED_CALL,164276.393362,117278.600366
2022-03-08,114810.812599,73278.587042,100.0,416.25,92.774444,0.0,73278.587042,COVERED_CALL,163093.436087,116960.601099
2022-03-09,115868.562789,73278.587042,100.0,427.410004,151.024619,0.0,73278.587042,COVERED_CALL,167244.957449,118076.601465
2022-03-10,115753.715837,73278.587042,100.0,425.480011,72.872304,0.0,73278.587042,COVERED_CALL,166527.000174,117883.602197
2022-03-11,115266.561178,73278.587042,100.0,420.070007,19.026596,0.0,73278.587042,COVERED_CALL,164514.478812,117342.601831
2022-03-14,114976.36003,73278.587042,100.0,417.0,2.227013,0.0,73278.587042,COVERED_CALL,163372.436087,117035.601099
2022-03-15,115891.682585,73278.587042,100.0,426.170013,3.9058,0.0,73278.587042,COVERED_CALL,166783.681082,117952.602441
2022-03-16,116836.881187,73278.587042,100.0,435.619995,3.705367,0.0,73278.587042,COVERED_CALL,170299.074271,118897.60061
2022-03-17,117384.419534,73278.587042,100.0,441.070007,1.168241,0.0,73278.587042,COVERED_CALL,172326.478812,119442.601831
2022-03-18,117867.185944,73415.187042,100.0,444.519989,0.0,0.0,73415.187042,STOCK,174118.024,119924.2
2022-03-21,117854.188507,73415.187042,100.0,444.390015,0.0,0.0,73415.187042,STOCK,174069.673536,119911.202563
2022-03-22,118291.441698,74183.939334,100.0,449.589996,851.497269,0.0,74183.939334,COVERED_CALL,176004.066725,120431.200732
2022-03-23,117957.280786,74183.939334,100.0,443.799988,606.657327,0.0,74183.939334,COVERED_CALL,173850.183546,119852.199878
2022-03-24,118394.852419,74183.939334,100.0,450.48999,838.085938,0.0,74183.939334,COVERED_CALL,176338.864454,120521.200122
2022-03-25,118669.708189,74183.939334,100.0,452.690002,783.231388,0.0,74183.939334,COVERED_CALL,177157.268995,120741.201343
2022-03-28,118990.305047,74183.939334,100.0,455.910004,784.634652,0.0,74183.939334,COVERED_CALL,178355.109449,121063.201465
2022-03-29,119406.108982,74183.939334,100.0,461.549988,932.829131,0.0,74183.939334,COVERED_CALL,180453.183546,121627.199878
2022-03-30,119312.442863,74183.939334,100.0,458.700012,741.497691,0.0,74183.939334,COVERED_CALL,179392.992628,121342.202319
2022-03-31,118861.611067,74183.939334,100.0,451.640015,486.329732,0.0,74183.939334,COVERED_CALL,176766.673536,120636.202563
2022-04-01,118912.064337,74183.939334,100.0,452.920013,563.876339,0.0,74183.939334,COVERED_CALL,177242.833082,120764.202441
2022-04-04,119285.238225,74183.939334,100.0,456.799988,578.699888,0.0,74183.939334,COVERED_CALL,178686.183546,121152.199878
2022-04-05,118959.973116,74183.939334,100.0,451.029999,326.966096,0.0,74183.939334,COVERED_CALL,176539.747633,120575.200977
2022-04-06,118549.83775,74183.939334,100.0,446.519989,286.100485,0.0,74183.939334,COVERED_CALL,174862.024,120124.2
2022-04-07,118709.074149,74183.939334,100.0,448.769989,351.864086,0.0,74183.939334,COVERED_CALL,175699.024,120349.2
2022-04-08,118662.205536,74183.939334,100.0,447.570007,278.73453,0.0,74183.939334,COVERED_CALL,175252.630812,120229.201831
2022-04-11,118089.002718,74183.939334,100.0,439.920013,86.937958,0.0,74183.939334,COVERED_CALL,172406.833082,119464.202441
2022-04-12,117908.617101,74183.939334,100.0,438.290009,104.323087,0.0,74183.939334,COVERED_CALL,171800.471266,119301.201953
2022-04-13,118373.791465,74183.939334,100.0,443.309998,141.147625,0.0,74183.939334,COVERED_CALL,173667.907179,119803.200854
2022-04-14,117925.583798,74183.939334,100.0,437.790009,37.35639,0.0,74183.939334,COVERED_CALL,171614.471266,119251.201953
2022-04-18,117974.387647,74183.939334,100.0,437.970001,6.551809,0.0,74183.939334,COVERED_CALL,171681.428541,119269.201221
2022-04-19,118677.385475,74183.939334,100.0,445.040009,10.554713,0.0,74183.939334,COVERED_CALL,174311.471266,119976.201953
2022-04-20,118652.552607,74183.939334,100.0,444.709991,2.385872,0.0,74183.939334,COVERED_CALL,174188.704908,119943.200244
2022-04-21,117988.93906,74183.939334,100.0,438.059998,1.000029,0.0,74183.939334,COVERED_CALL,171714.907179,119278.200854
2022-04-22,116787.940188,74183.939334,100.0,426.040009,0.0,0.0,74183.939334,STOCK,167243.471266,118076.201953
2022-04-25,117034.94031,74183.939334,100.0,428.51001,0.0,0.0,74183.939334,STOCK,168162.31172,118323.202075
2022-04-26,115753.39064,74551.832721,100.0,416.100006,408.442691,0.0,74551.832721,COVERED_CALL,163545.790357,117082.201709
2022-04-27,115575.745833,74551.832721,100.0,417.269989,703.085789,0.0,74551.832721,COVERED_CALL,163981.024,117199.2
2022-04-28,116450.625751,74551.832721,100.0,427.809998,882.206726,0.0,74551.832721,COVERED_CALL,167901.907179,118253.200854
2022-04-29,115363.105403,74551.832721,100.0,412.0,388.727318,0.0,74551.832721,COVERED_CALL,162020.588087,116672.201099
2022-05-02,115501.707069,74551.832721,100.0,414.480011,498.126751,0.0,74551.832721,COVERED_CALL,162943.152174,116920.202197
2022-05-03,115717.780126,74551.832721,100.0,416.380005,472.053083,0.0,74551.832721,COVERED_CALL,163649.949903,117110.201587
2022-05-04,116828.900732,74551.832721,100.0,429.059998,628.931745,0.0,74551.832721,COVERED_CALL,168366.907179,118378.200854
2022-05-05,115761.902636,74551.832721,100.0,413.809998,170.929841,0.0,74551.832721,COVERED_CALL,162693.907179,116853.200854
2022-05-06,115413.58571,74551.832721,100.0,411.339996,272.246645,0.0,74551.832721,COVERED_CALL,161775.066725,116606.200732
2022-05-09,114294.51428,74551.832721,100.0,398.170013,74.319784,0.0,74551.832721,COVERED_CALL,156875.833082,115289.202441
2022-05-10,114328.610825,74551.832721,100.0,399.089996,132.22153,0.0,74551.832721,COVERED_CALL,157218.066725,115381.200732
2022-05-11,113769.862029,74551.832721,100.0,392.75,56.970693,0.0,74551.832721,COVERED_CALL,154859.588087,114747.201099
2022-05-12,113743.130425,74551.832721,100.0,392.339996,42.70193,0.0,74551.832721,COVERED_CALL,154707.066725,114706.200732
2022-05-13,114656.429557,74551.832721,100.0,401.720001,67.403286,0.0,74551.832721,COVERED_CALL,158196.428541,115644.201221
2022-05-16,114544.601563,74551.832721,100.0,400.089996,16.230792,0.0,74551.832721,COVERED_CALL,157590.066725,115481.200732
2022-05-17,115361.506408,74551.832721,100.0,408.320007,22.327045,0.0,74551.832721,COVERED_CALL,160651.630812,116304.201831
2022-05-18,113736.117547,74551.832721,100.0,391.859985,1.713709,0.0,74551.832721,COVERED_CALL,154528.502638,114658.199634
2022-05-19,113495.1955,74551.832721,100.0,389.459991,2.636367,0.0,74551.832721,COVERED_CALL,153635.704908,114418.200244
2022-05-20,113513.414687,74551.832721,100.0,389.630005,1.418522,0.0,74551.832721,COVERED_CALL,153698.949903,114435.201587
2022-05-23,114242.791513,74551.832721,100.0,396.920013,1.042551,0.0,74551.832721,COVERED_CALL,156410.833082,115164.202441
2022-05-24,113939.833755,74551.832721,100.0,393.890015,1.000431,0.0,74551.832721,COVERED_CALL,155283.673536,114861.202563
2022-05-25,114287.83221,74551.832721,100.0,397.369995,1.000023,0.0,74551.832721,COVERED_CALL,156578.226271,115209.20061
2022-05-26,115081.832477,74551.832721,100.0,405.309998,1.0,0.0,74551.832721,COVERED_CALL,159531.907179,116003.200854
2022-05-27,116077.833698,74551.832721,100.0,415.26001,0.0,0.0,74551.832721,STOCK,163233.31172,116998.202075
2022-05-31,115844.831989,74551.832721,100.0,412.929993,0.0,0.0,74551.832721,STOCK,162366.545362,116765.200366
2022-06-01,115452.948688,75084.402559,100.0,409.589996,590.453505,0.0,75084.402559,COVERED_CALL,161124.066725,116431.200732
2022-06-02,116040.184045,75084.402559,100.0,417.390015,783.219979,0.0,75084.402559,COVERED_CALL,164025.673536,117211.202563
2022-06-03,115633.125362,75084.402559,100.0,410.540009,505.278052,0.0,75084.402559,COVERED_CALL,161477.471266,116526.201953
2022-06-06,115785.840023,75084.402559,100.0,411.790009,477.563391,0.0,75084.402559,COVERED_CALL,161942.471266,116651.201953
2022-06-07,116080.859141,75084.402559,100.0,415.73999,577.542442,0.0,75084.402559,COVERED_CALL,163411.864454,117046.200122
2022-06-08,115816.789661,75084.402559,100.0,411.220001,389.61302,0.0,75084.402559,COVERED_CALL,161730.428541,116594.201221
2022-06-09,115038.621437,75084.402559,100.0,401.440002,189.781367,0.0,75084.402559,COVERED_CALL,158092.268995,115616.201343
2022-06-10,113964.799177,75084.402559,100.0,389.799988,99.602162,0.0,75084.402559,COVERED_CALL,153762.183546,114452.199878
2022-06-13,112559.721661,75084.402559,100.0,375.0,24.680898,0.0,75084.402559,COVERED_CALL,148256.588087,112972.201099
2022-06-14,112409.170491,75084.402559,100.0,373.869995,62.23158,0.0,75084.402559,COVERED_CALL,147836.226271,112859.20061
2022-06-15,112939.079079,75084.402559,100.0,379.200012,65.324702,0.0,75084.402559,COVERED_CALL,149818.992628,113392.202319
2022-06-16,111740.476585,75084.402559,100.0,366.649994,8.925364,0.0,75084.402559,COVERED_CALL,145150.385816,112137.200488
2022-06-17,111814.31922,75242.102559,100.0,365.859985,13.781874,0.0,75242.102559,COVERED_CALL,145443.146638,112215.899634
2022-06-21,112742.066076,75242.102559,100.0,375.070007,7.037216,0.0,75242.102559,COVERED_CALL,148869.274812,113136.901831
2022-06-22,112677.436391,75242.102559,100.0,374.390015,3.667633,0.0,75242.102559,COVERED_CALL,148616.317536,113068.902563
2022-06-23,113045.325985,75242.102559,100.0,378.059998,2.77633,0.0,75242.102559,COVERED_CALL,149981.551179,113435.900854
2022-06-24,114241.809747,75242.102559,100.0,390.079987,8.291469,0.0,75242.102559,COVERED_CALL,154452.987092,114637.899756
2022-06-27,114099.960162,75242.102559,100.0,388.589996,1.142031,0.0,75242.102559,COVERED_CALL,153898.710725,114488.900732
2022-06-28,113306.101506,75242.102559,100.0,380.649994,1.000443,0.0,75242.102559,COVERED_CALL,150945.029816,113694.900488
2022-06-29,113275.102188,75242.102559,100.0,380.339996,1.000005,0.0,75242.102559,COVERED_CALL,150829.710725,113663.900732
2022-06-30,112966.102559,75242.102559,100.0,377.25,1.0,0.0,75242.102559,COVERED_CALL,149680.232087,113354.901099
2022-07-01,113366.101583,75242.102559,100.0,381.23999,0.0,0.0,75242.102559,STOCK,151164.508454,113753.900122
2022-07-05,113438.101705,75242.102559,100.0,381.959991,0.0,0.0,75242.102559,STOCK,151432.348908,113825.900244
2022-07-06,113496.829646,75892.370234,100.0,383.25,720.540588,0.0,75892.370234,COVERED_CALL,151912.232087,113954.901099
2022-07-07,113934.075057,75892.370234,100.0,388.98999,857.294201,0.0,75892.370234,COVERED_CALL,154047.508454,114528.900122
2022-07-08,113970.784944,75892.370234,100.0,388.670013,788.586633,0.0,75892.370234,COVERED_CALL,153928.477082,114496.902441
2022-07-11,113806.905618,75892.370234,100.0,384.230011,508.465715,0.0,75892.370234,COVERED_CALL,152276.796174,114052.902197
2022-07-12,113519.565805,75892.370234,100.0,380.829987,455.803086,0.0,75892.370234,COVERED_CALL,151011.987092,113712.899756
2022-07-13,113349.567706,75892.370234,100.0,378.829987,425.801186,0.0,75892.370234,COVERED_CALL,150267.987092,113512.899756
2022-07-14,113317.245928,75892.370234,100.0,377.910004,366.124673,0.0,75892.370234,COVERED_CALL,149925.753449,113420.901465
2022-07-15,113891.44032,75892.370234,100.0,385.130005,513.930402,0.0,75892.370234,COVERED_CALL,152611.593903,114142.901587
2022-07-18,113799.209377,75892.370234,100.0,381.950012,288.162078,0.0,75892.370234,COVERED_CALL,151428.636628,113824.902319
2022-07-19,114525.579341,75892.370234,100.0,392.269989,593.789795,0.0,75892.370234,COVERED_CALL,155267.668,114856.9
2022-07-20,114743.618937,75892.370234,100.0,394.769989,625.750199,0.0,75892.370234,COVERED_CALL,156197.668,115106.9
2022-07-21,115034.095826,75892.370234,100.0,398.790009,737.275263,0.0,75892.370234,COVERED_CALL,157693.115266,115508.901953
2022-07-22,114876.933397,75892.370234,100.0,395.089996,524.436471,0.0,75892.370234,COVERED_CALL,156316.710725,115138.900732
2022-07-25,115006.319286,75892.370234,100.0,395.570007,443.051681,0.0,75892.370234,COVERED_CALL,156495.274812,115186.901831
2022-07-26,114706.005422,75892.370234,100.0,390.890015,275.366277,0.0,75892.370234,COVERED_CALL,154754.317536,114718.902563
2022-07-27,115351.284858,75892.370234,100.0,401.040009,645.086231,0.0,75892.370234,COVERED_CALL,158530.115266,115733.901953
2022-07-28,115677.575408,75892.370234,100.0,406.070007,821.795559,0.0,75892.370234,COVERED_CALL,160401.274812,116236.901831
2022-07-29,115943.133655,75892.370234,100.0,411.98999,1148.235603,0.0,75892.370234,COVERED_CALL,162603.508454,116828.900122
2022-08-01,116066.398505,75892.370234,100.0,410.769989,902.97063,0.0,75892.370234,COVERED_CALL,162149.668,116706.9
2022-08-02,116025.429903,75892.370234,100.0,408.059998,672.940087,0.0,75892.370234,COVERED_CALL,161141.551179,116435.900854
2022-08-03,116185.984424,75892.370234,100.0,414.450012,1151.387031,0.0,75892.370234,COVERED_CALL,163518.636628,117074.902319
2022-08-04,116231.441194,75892.370234,100.0,414.170013,1077.930383,0.0,75892.370234,COVERED_CALL,163414.477082,117046.902441
2022-08-05,116292.370234,116292.370234,0.0,413.470001,0.0,0.0,116292.370234,CASH,163154.072541,116976.901221
2022-08-08,116292.370234,116292.370234,0.0,412.98999,0.0,0.0,116292.370234,CASH,162975.508454,116928.900122
2022-08-09,116224.131742,116923.310908,0.0,411.350006,699.179165,39900.0,77023.310908,SHORT_PUT,162365.434357,116764.901709
2022-08-10,116465.505949,116923.310908,0.0,419.98999,457.804959,39900.0,77023.310908,SHORT_PUT,165579.508454,117628.900122
2022-08-11,116570.797393,116923.310908,0.0,419.98999,352.513515,39900.0,77023.310908,SHORT_PUT,165579.508454,117628.900122
2022-08-12,116695.583345,116923.310908,0.0,427.100006,227.727563,39900.0,77023.310908,SHORT_PUT,168224.434357,118339.901709
2022-08-15,116772.416347,116923.310908,0.0,428.859985,150.89456,39900.0,77023.310908,SHORT_PUT,168879.146638,118515.899634
2022-08-16,116781.237489,116923.310908,0.0,429.700012,142.073419,39900.0,77023.310908,SHORT_PUT,169191.636628,118599.902319
2022-08-17,116762.93434,116923.310908,0.0,426.649994,160.376567,39900.0,77023.310908,SHORT_PUT,168057.029816,118294.900488
2022-08-18,116783.375884,116923.310908,0.0,427.890015,139.935024,39900.0,77023.310908,SHORT_PUT,168518.317536,118418.902563
2022-08-19,116728.175038,116923.310908,0.0,422.140015,195.13587,39900.0,77023.310908,SHORT_PUT,166379.317536,117843.902563
2022-08-22,116564.769411,116923.310908,0.0,413.350006,358.541497,39900.0,77023.310908,SHORT_PUT,163109.434357,116964.901709
2022-08-23,116440.715436,116923.310908,0.0,412.350006,482.595471,39900.0,77023.310908,SHORT_PUT,162737.434357,116864.901709
2022-08-24,116493.099829,116923.310908,0.0,413.670013,430.211079,39900.0,77023.310908,SHORT_PUT,163228.477082,116996.902441
2022-08-25,116690.3402,116923.310908,0.0,419.51001,232.970707,39900.0,77023.310908,SHORT_PUT,165400.95572,117580.902075
2022-08-26,116362.277236,116923.310908,0.0,405.309998,561.033671,39900.0,77023.310908,SHORT_PUT,160118.551179,116160.900854
2022-08-29,116215.875368,116923.310908,0.0,402.630005,707.43554,39900.0,77023.310908,SHORT_PUT,159121.593903,115892.901587
2022-08-30,116021.496412,116923.310908,0.0,398.209991,901.814496,39900.0,77023.310908,SHORT_PUT,157477.348908,115450.900244
2022-08-31,115895.211198,116923.310908,0.0,395.179993,1028.099709,39900.0,77023.310908,SHORT_PUT,156350.189362,115147.900366
2022-09-01,116022.609948,116923.310908,0.0,396.420013,900.700959,39900.0,77023.310908,SHORT_PUT,156811.477082,115271.902441
2022-09-02,115816.587426,116923.310908,0.0,392.23999,1106.723481,39900.0,77023.310908,SHORT_PUT,155256.508454,114853.900122
2022-09-06,115905.192197,116923.310908,0.0,390.76001,1018.11871,39900.0,77023.310908,SHORT_PUT,154705.95572,114705.902075
2022-09-07,116458.998558,116923.310908,0.0,397.779999,464.312349,39900.0,77023.310908,SHORT_PUT,157317.391633,115407.900977
2022-09-08,116730.940769,116923.310908,0.0,400.380005,192.370138,39900.0,77023.310908,SHORT_PUT,158284.593903,115667.901587
2022-09-09,116923.310908,116923.310908,0.0,406.600006,0.0,0.0,116923.310908,CASH,160598.434357,116289.901709
2022-09-12,116923.310908,116923.310908,0.0,410.970001,0.0,0.0,116923.310908,CASH,162224.072541,116726.901221
2022-09-13,116778.310618,118283.488662,0.0,393.100006,1505.178044,39600.0,78683.488662,SHORT_PUT,155576.434357,114939.901709
2022-09-14,116684.69406,118283.488662,0.0,394.600006,1598.794602,39600.0,78683.488662,SHORT_PUT,156134.434357,115089.901709
2022-09-15,116528.138829,118283.488662,0.0,390.119995,1755.349833,39600.0,78683.488662,SHORT_PUT,154467.870271,114641.90061
2022-09-16,116272.190538,118283.488662,0.0,385.559998,2011.298124,39600.0,78683.488662,SHORT_PUT,153365.263179,114345.500854
2022-09-19,116519.947163,118283.488662,0.0,388.549988,1763.541498,39600.0,78683.488662,SHORT_PUT,154477.539546,114644.499878
2022-09-20,116296.236205,118283.488662,0.0,384.089996,1987.252457,39600.0,78683.488662,SHORT_PUT,152818.422725,114198.500732
2022-09-21,115788.149518,118283.488662,0.0,377.390015,2495.339144,39600.0,78683.488662,SHORT_PUT,150326.029536,113528.502563
2022-09-22,115538.072542,118283.488662,0.0,374.220001,2745.416119,39600.0,78683.488662,SHORT_PUT,149146.784541,113211.501221
2022-09-23,115070.309898,118283.488662,0.0,367.950012,3213.178764,39600.0,78683.488662,SHORT_PUT,146814.348628,112584.502319
2022-09-26,114739.951101,118283.488662,0.0,364.309998,3543.537561,39600.0,78683.488662,SHORT_PUT,145460.263179,112220.500854
2022-09-27,114620.802021,118283.488662,0.0,363.380005,3662.686641,39600.0,78683.488662,SHORT_PUT,145114.305903,112127.501587
2022-09-28,115242.698623,118283.488662,0.0,370.529999,3040.790039,39600.0,78683.488662,SHORT_PUT,147774.103633,112842.500977
2022-09-29,114653.005713,118283.488662,0.0,362.790009,3630.482949,39600.0,78683.488662,SHORT_PUT,144894.827266,112068.501953
2022-09-30,114115.725878,118283.488662,0.0,357.179993,4167.762784,39600.0,78683.488662,SHORT_PUT,142807.901362,111507.500366
2022-10-03,115056.428504,118283.488662,0.0,366.609985,3227.060158,39600.0,78683.488662,SHORT_PUT,146315.858638,112450.499634
2022-10-04,116100.595489,118283.488662,0.0,377.970001,2182.893173,39600.0,78683.488662,SHORT_PUT,150541.784541,113586.501221
2022-10-05,116084.385769,118283.488662,0.0,377.089996,2199.102893,39600.0,78683.488662,SHORT_PUT,150214.422725,113498.500732
2022-10-06,115779.063407,118283.488662,0.0,373.200012,2504.425255,39600.0,78683.488662,SHORT_PUT,148767.348628,113109.502319
2022-10-07,114773.309152,118283.488662,0.0,362.790009,3510.179509,39600.0,78683.488662,SHORT_PUT,144894.827266,112068.501953
2022-10-10,114505.587508,118283.488662,0.0,360.019989,3777.901154,39600.0,78683.488662,SHORT_PUT,143864.38,111791.5
2022-10-11,114266.187636,118283.488662,0.0,357.73999,4017.301025,39600.0,78683.488662,SHORT_PUT,143016.220454,111563.500122
2022-10-12,114142.288405,118283.488662,0.0,356.559998,4141.200256,39600.0,78683.488662,SHORT_PUT,142577.263179,111445.500854
2022-10-13,115130.33879,118283.488662,0.0,365.970001,3153.149872,39600.0,78683.488662,SHORT_PUT,146077.784541,112386.501221
2022-10-14,114446.48915,78683.488662,100.0,357.630005,0.0,0.0,78683.488662,STOCK,142975.305903,111552.501587
2022-10-17,115365.489394,78683.488662,100.0,366.820007,0.0,0.0,78683.488662,STOCK,146393.986812,112471.501831
2022-10-18,115710.808537,79480.129488,100.0,371.130005,882.32144,0.0,79480.129488,COVERED_CALL,147997.305903,112902.501587
2022-10-19,115600.979944,79480.129488,100.0,368.5,729.149544,0.0,79480.129488,COVERED_CALL,147018.944087,112639.501099
2022-10-20,115396.18087,79480.129488,100.0,365.410004,624.948985,0.0,79480.129488,COVERED_CALL,145869.465449,112330.501465
2022-10-21,116059.951918,79480.129488,100.0,374.290009,849.178425,0.0,79480.129488,COVERED_CALL,149172.827266,113218.501953
2022-10-24,116440.314568,79480.129488,100.0,378.869995,926.814431,0.0,79480.129488,COVERED_CALL,150876.582271,113676.50061
2022-10-25,116806.653862,79480.129488,100.0,384.920013,1165.476969,0.0,79480.129488,COVERED_CALL,153127.189082,114281.502441
2022-10-26,116741.990927,79480.129488,100.0,382.019989,940.137463,0.0,79480.129488,COVERED_CALL,152048.38,113991.5
2022-10-27,116702.997459,79480.129488,100.0,379.980011,775.133128,0.0,79480.129488,COVERED_CALL,151289.508174,113787.502197
2022-10-28,117229.736657,79480.129488,100.0,389.019989,1152.391732,0.0,79480.129488,COVERED_CALL,154652.38,114691.5
2022-10-31,117249.812814,79480.129488,100.0,386.209991,851.315819,0.0,79480.129488,COVERED_CALL,153607.060908,114410.500244
2022-11-01,117180.742737,79480.129488,100.0,384.519989,751.385652,0.0,79480.129488,COVERED_CALL,152978.38,114241.5
2022-11-02,116581.667792,79480.129488,100.0,374.869995,385.461208,0.0,79480.129488,COVERED_CALL,149388.582271,113276.50061
2022-11-03,116312.305914,79480.129488,100.0,371.01001,268.824551,0.0,79480.129488,COVERED_CALL,147952.66772,112890.502075
2022-11-04,116759.125063,79480.129488,100.0,376.350006,356.005035,0.0,79480.129488,COVERED_CALL,149939.146357,113424.501709
2022-11-07,117127.280431,79480.129488,100.0,379.950012,347.850277,0.0,79480.129488,COVERED_CALL,151278.348628,113784.502319
2022-11-08,117307.546483,79480.129488,100.0,382.0,372.583005,0.0,79480.129488,COVERED_CALL,152040.944087,113989.501099
2022-11-09,116720.157143,79480.129488,100.0,374.130005,172.972833,0.0,79480.129488,COVERED_CALL,149113.305903,113202.501587
2022-11-10,118029.594696,79480.129488,100.0,394.690002,919.535036,0.0,79480.129488,COVERED_CALL,156761.624995,115258.501343
2022-11-11,118278.258837,79480.129488,100.0,398.51001,1052.871628,0.0,79480.129488,COVERED_CALL,158182.66772,115640.502075
2022-11-14,118339.913871,79480.129488,100.0,395.119995,652.215129,0.0,79480.129488,COVERED_CALL,156921.582271,115301.50061
2022-11-15,118473.880514,79480.129488,100.0,398.48999,855.247997,0.0,79480.129488,COVERED_CALL,158175.220454,115638.500122
2022-11-16,118453.749469,79480.129488,100.0,395.450012,571.38124,0.0,79480.129488,COVERED_CALL,157044.348628,115334.502319
2022-11-17,118518.678515,79480.129488,100.0,394.23999,385.449997,0.0,79480.129488,COVERED_CALL,156594.220454,115213.500122
2022-11-18,118680.129488,118680.129488,0.0,396.029999,0.0,0.0,118680.129488,CASH,157260.103633,115392.500977
2022-11-21,118680.129488,118680.129488,0.0,394.589996,0.0,0.0,118680.129488,CASH,156724.422725,115248.500732
2022-11-22,118632.651941,119113.841183,0.0,399.899994,481.189242,38000.0,81113.841183,SHORT_PUT,158699.741816,115779.500488
2022-11-23,118752.514445,119113.841183,0.0,402.420013,361.326738,38000.0,81113.841183,SHORT_PUT,159637.189082,116031.502441
2022-11-25,118812.386622,119113.841183,0.0,402.329987,301.454561,38000.0,81113.841183,SHORT_PUT,159603.699092,116022.499756
2022-11-28,118708.998149,119113.841183,0.0,395.910004,404.843033,38000.0,81113.841183,SHORT_PUT,157215.465449,115380.501465
2022-11-29,118637.081467,119113.841183,0.0,395.230011,476.759716,38000.0,81113.841183,SHORT_PUT,156962.508174,115312.502197
2022-11-30,118919.697683,119113.841183,0.0,407.679993,194.1435,38000.0,81113.841183,SHORT_PUT,161593.901362,116557.500366
2022-12-01,118962.351603,119113.841183,0.0,407.380005,151.48958,38000.0,81113.841183,SHORT_PUT,161482.305903,116527.501587
2022-12-02,118985.273778,119113.841183,0.0,406.910004,128.567405,38000.0,81113.841183,SHORT_PUT,161307.465449,116480.501465
2022-12-05,118942.265248,119113.841183,0.0,399.589996,171.575935,38000.0,81113.841183,SHORT_PUT,158584.422725,115748.500732
2022-12-06,118790.505507,119113.841183,0.0,393.829987,323.335676,38000.0,81113.841183,SHORT_PUT,156441.699092,115172.499756
2022-12-07,118746.740514,119113.841183,0.0,393.160004,367.100669,38000.0,81113.841183,SHORT_PUT,156192.465449,115105.501465
2022-12-08,118828.954472,119113.841183,0.0,396.23999,284.88671,38000.0,81113.841183,SHORT_PUT,157338.220454,115413.500122
2022-12-09,118792.643768,119113.841183,0.0,393.279999,321.197415,38000.0,81113.841183,SHORT_PUT,156237.103633,115117.500977
2022-12-12,118961.7016,119113.841183,0.0,398.950012,152.139583,38000.0,81113.841183,SHORT_PUT,158346.348628,115684.502319
2022-12-13,118984.805491,119113.841183,0.0,401.970001,129.035691,38000.0,81113.841183,SHORT_PUT,159469.784541,115986.501221
2022-12-14,119012.394928,119113.841183,0.0,399.399994,101.446254,38000.0,81113.841183,SHORT_PUT,158513.741816,115729.500488
2022-12-15,118887.79221,119113.841183,0.0,389.630005,226.048973,38000.0,81113.841183,SHORT_PUT,154879.305903,114752.501587
2022-12-16,118668.292535,119113.841183,0.0,383.269989,445.548648,38000.0,81113.841183,SHORT_PUT,153175.912,114294.6
2022-12-19,118664.72014,119113.841183,0.0,380.019989,449.121043,38000.0,81113.841183,SHORT_PUT,151966.912,113969.6
2022-12-20,118755.171567,119113.841183,0.0,380.540009,358.669616,38000.0,81113.841183,SHORT_PUT,152160.359266,114021.601953
2022-12-21,119030.375127,119113.841183,0.0,386.230011,83.466056,38000.0,81113.841183,SHORT_PUT,154277.040174,114590.602197
2022-12-22,118949.196918,119113.841183,0.0,380.720001,164.644265,38000.0,81113.841183,SHORT_PUT,152227.316541,114039.601221
2022-12-23,119113.841183,119113.841183,0.0,382.910004,0.0,0.0,119113.841183,CASH,153041.997449,114258.601465
2022-12-27,119113.841183,119113.841183,0.0,381.399994,0.0,0.0,119113.841183,CASH,152480.273816,114107.600488
2022-12-28,119037.289977,119823.752644,0.0,376.660004,786.462667,36900.0,82923.752644,SHORT_PUT,150716.997449,113633.601465
2022-12-29,119263.883019,119823.752644,0.0,383.440002,559.869625,36900.0,82923.752644,SHORT_PUT,153239.156995,114311.601343
2022-12-30,119282.889599,119823.752644,0.0,382.429993,540.863044,36900.0,82923.752644,SHORT_PUT,152863.433362,114210.600366
2023-01-03,119294.26543,119823.752644,0.0,380.820007,529.487214,36900.0,82923.752644,SHORT_PUT,152264.518812,114049.601831
2023-01-04,119350.347902,119823.752644,0.0,383.76001,473.404741,36900.0,82923.752644,SHORT_PUT,153358.19972,114343.602075
2023-01-05,119272.341143,119823.752644,0.0,379.380005,551.4115,36900.0,82923.752644,SHORT_PUT,151728.837903,113905.601587
2023-01-06,119510.953191,119823.752644,0.0,388.079987,312.799452,36900.0,82923.752644,SHORT_PUT,154965.231092,114775.599756
2023-01-09,119598.307212,119823.752644,0.0,387.859985,225.445432,36900.0,82923.752644,SHORT_PUT,154883.390638,114753.599634
2023-01-10,119638.662891,119823.752644,0.0,390.579987,185.089752,36900.0,82923.752644,SHORT_PUT,155895.231092,115025.599756
2023-01-11,119739.766247,119823.752644,0.0,395.519989,83.986397,36900.0,82923.752644,SHORT_PUT,157732.912,115519.6
2023-01-12,119753.854814,119823.752644,0.0,396.959991,69.89783,36900.0,82923.752644,SHORT_PUT,158268.592908,115663.600244
2023-01-13,119794.975663,119823.752644,0.0,398.5,28.776981,36900.0,82923.752644,SHORT_PUT,158841.476087,115817.601099
2023-01-17,119808.35709,119823.752644,0.0,397.769989,15.395554,36900.0,82923.752644,SHORT_PUT,158569.912,115744.6
2023-01-18,119792.357311,119823.752644,0.0,391.48999,31.395332,36900.0,82923.752644,SHORT_PUT,156233.752454,115116.600122
2023-01-19,119775.942489,119823.752644,0.0,388.640015,47.810155,36900.0,82923.752644,SHORT_PUT,155173.561536,114831.602563
2023-01-20,119813.595091,119823.752644,0.0,395.880005,10.157553,36900.0,82923.752644,SHORT_PUT,157866.837903,115555.601587
2023-01-23,119822.632634,119823.752644,0.0,400.630005,1.120009,36900.0,82923.752644,SHORT_PUT,159633.837903,116030.601587
2023-01-24,119822.736747,119823.752644,0.0,400.200012,1.015896,36900.0,82923.752644,SHORT_PUT,159473.880628,115987.602319
2023-01-25,119822.752535,119823.752644,0.0,400.350006,1.000108,36900.0,82923.752644,SHORT_PUT,159529.678357,116002.601709
2023-01-26,119822.752644,119823.752644,0.0,404.75,1.0,36900.0,82923.752644,SHORT_PUT,161166.476087,116442.601099
2023-01-27,119823.752644,119823.752644,0.0,405.679993,0.0,0.0,119823.752644,CASH,161512.433362,116535.600366
2023-01-30,119823.752644,119823.752644,0.0,400.589996,0.0,0.0,119823.752644,CASH,159618.954725,116026.600732
2023-01-31,119781.582945,120207.039785,0.0,406.480011,425.456841,38800.0,81407.039785,SHORT_PUT,161810.040174,116615.602197
2023-02-01,119912.714516,120207.039785,0.0,410.799988,294.325269,38800.0,81407.039785,SHORT_PUT,163417.071546,117047.599878
2023-02-02,120065.030307,120207.039785,0.0,416.779999,142.009479,38800.0,81407.039785,SHORT_PUT,165641.635633,117645.600977
2023-02-03,119988.010824,120207.039785,0.0,412.350006,219.028961,38800.0,81407.039785,SHORT_PUT,163993.678357,117202.601709
2023-02-06,119994.195962,120207.039785,0.0,409.829987,212.843824,38800.0,81407.039785,SHORT_PUT,163056.231092,116950.599756
2023-02-07,120050.489429,120207.039785,0.0,415.190002,156.550356,38800.0,81407.039785,SHORT_PUT,165050.156995,117486.601343
2023-02-08,120020.574531,120207.039785,0.0,410.649994,186.465255,38800.0,81407.039785,SHORT_PUT,163361.273816,117032.600488
2023-02-09,119940.026912,120207.039785,0.0,407.089996,267.012873,38800.0,81407.039785,SHORT_PUT,162036.954725,116676.600732
2023-02-10,119937.880755,120207.039785,0.0,408.040009,269.15903,38800.0,81407.039785,SHORT_PUT,162390.359266,116771.601953
2023-02-13,120063.563984,120207.039785,0.0,412.829987,143.475801,38800.0,81407.039785,SHORT_PUT,164172.231092,117250.599756
2023-02-14,120078.350452,120207.039785,0.0,412.640015,128.689333,38800.0,81407.039785,SHORT_PUT,164101.561536,117231.602563
2023-02-15,120130.149237,120207.039785,0.0,413.980011,76.890548,38800.0,81407.039785,SHORT_PUT,164600.040174,117365.602197
2023-02-16,120094.930454,120207.039785,0.0,408.279999,112.109332,38800.0,81407.039785,SHORT_PUT,162479.635633,116795.600977
2023-02-17,120052.688163,120207.039785,0.0,407.26001,154.351623,38800.0,81407.039785,SHORT_PUT,162100.19972,116693.602075
2023-02-21,119948.765961,120207.039785,0.0,399.089996,258.273825,38800.0,81407.039785,SHORT_PUT,159060.954725,115876.600732
2023-02-22,119921.507346,120207.039785,0.0,398.540009,285.53244,38800.0,81407.039785,SHORT_PUT,158856.359266,115821.601953
2023-02-23,120016.483382,120207.039785,0.0,400.660004,190.556403,38800.0,81407.039785,SHORT_PUT,159644.997449,116033.601465
2023-02-24,119969.450134,120207.039785,0.0,396.380005,237.589652,38800.0,81407.039785,SHORT_PUT,158052.837903,115605.601587
2023-02-27,120097.473027,120207.039785,0.0,397.730011,109.566759,38800.0,81407.039785,SHORT_PUT,158555.040174,115740.602197
2023-02-28,120117.778371,120207.039785,0.0,396.26001,89.261415,38800.0,81407.039785,SHORT_PUT,158008.19972,115593.602075
2023-03-01,120136.676151,120207.039785,0.0,394.73999,70.363635,38800.0,81407.039785,SHORT_PUT,157442.752454,115441.600122
2023-03-02,120200.91126,120207.039785,0.0,397.809998,6.128526,38800.0,81407.039785,SHORT_PUT,158584.795179,115748.600854
2023-03-03,120207.039785,120207.039785,0.0,404.190002,0.0,0.0,120207.039785,CASH,160958.156995,116386.601343
2023-03-06,120207.039785,120207.039785,0.0,404.470001,0.0,0.0,120207.039785,CASH,161062.316541,116414.601221
2023-03-07,120134.742849,120876.535683,0.0,398.269989,741.792834,39200.0,81676.535683,SHORT_PUT,158755.912,115794.6
2023-03-08,120124.010656,120876.535683,0.0,398.920013,752.525027,39200.0,81676.535683,SHORT_PUT,158997.721082,115859.602441
2023-03-09,119835.42483,120876.535683,0.0,391.559998,1041.110853,39200.0,81676.535683,SHORT_PUT,156259.795179,115123.600854
2023-03-10,119354.771095,120876.535683,0.0,385.910004,1521.764588,39200.0,81676.535683,SHORT_PUT,154157.997449,114558.601465
2023-03-13,119278.664475,120876.535683,0.0,385.359985,1597.871208,39200.0,81676.535683,SHORT_PUT,153953.390638,114503.599634
2023-03-14,119570.929292,120876.535683,0.0,391.730011,1305.606391,39200.0,81676.535683,SHORT_PUT,156323.040174,115140.602197
2023-03-15,119604.508489,120876.535683,0.0,389.279999,1272.027194,39200.0,81676.535683,SHORT_PUT,155411.635633,114895.600977
2023-03-16,119854.609495,120876.535683,0.0,396.109985,1021.926188,39200.0,81676.535683,SHORT_PUT,157952.390638,115578.599634
2023-03-17,119728.325706,120876.535683,0.0,389.98999,1148.209977,39200.0,81676.535683,SHORT_PUT,156235.984454,115117.200122
2023-03-20,119888.578289,120876.535683,0.0,393.73999,987.957394,39200.0,81676.535683,SHORT_PUT,157630.984454,115492.200122
2023-03-21,120203.196779,120876.535683,0.0,398.910004,673.338904,39200.0,81676.535683,SHORT_PUT,159554.229449,116009.201465
2023-03-22,120040.61378,120876.535683,0.0,392.109985,835.921903,39200.0,81676.535683,SHORT_PUT,157024.622638,115329.199634
2023-03-23,120087.218038,120876.535683,0.0,393.170013,789.317645,39200.0,81676.535683,SHORT_PUT,157418.953082,115435.202441
2023-03-24,120223.147176,120876.535683,0.0,395.75,653.388507,39200.0,81676.535683,SHORT_PUT,158378.708087,115693.201099
2023-03-27,120380.976051,120876.535683,0.0,396.48999,495.559632,39200.0,81676.535683,SHORT_PUT,158653.984454,115767.200122
2023-03-28,120413.508956,120876.535683,0.0,395.600006,463.026727,39200.0,81676.535683,SHORT_PUT,158322.910357,115678.201709
2023-03-29,120655.677081,120876.535683,0.0,401.350006,220.858602,39200.0,81676.535683,SHORT_PUT,160461.910357,116253.201709
2023-03-30,120751.412886,120876.535683,0.0,403.700012,125.122797,39200.0,81676.535683,SHORT_PUT,161336.112628,116488.202319
2023-03-31,120839.747072,120876.535683,0.0,409.390015,36.788611,39200.0,81676.535683,SHORT_PUT,163452.793536,117057.202563
2023-04-03,120872.769089,120876.535683,0.0,410.950012,3.766594,39200.0,81676.535683,SHORT_PUT,164033.112628,117213.202319
2023-04-04,120874.340119,120876.535683,0.0,408.670013,2.195564,39200.0,81676.535683,SHORT_PUT,163184.953082,116985.202441
2023-04-05,120875.468509,120876.535683,0.0,407.600006,1.067174,39200.0,81676.535683,SHORT_PUT,162786.910357,116878.201709
2023-04-06,120876.535683,120876.535683,0.0,409.190002,0.0,0.0,120876.535683,CASH,163378.388995,117037.201343
2023-04-10,120876.535683,120876.535683,0.0,409.609985,0.0,0.0,120876.535683,CASH,163534.622638,117079.199634
2023-04-11,120821.551862,121381.556983,0.0,409.720001,560.005121,39700.0,81681.556983,SHORT_PUT,163575.548541,117090.201221
2023-04-12,120776.35898,121381.556983,0.0,408.049988,605.198003,39700.0,81681.556983,SHORT_PUT,162954.303546,116923.199878
2023-04-13,120953.499917,121381.556983,0.0,413.470001,428.057066,39700.0,81681.556983,SHORT_PUT,164970.548541,117465.201221
2023-04-14,121001.002625,121381.556983,0.0,412.459991,380.554358,39700.0,81681.556983,SHORT_PUT,164594.824908,117364.200244
2023-04-17,121106.659892,121381.556983,0.0,413.940002,274.897091,39700.0,81681.556983,SHORT_PUT,165145.388995,117512.201343
2023-04-18,121129.665469,121381.556983,0.0,414.209991,251.891514,39700.0,81681.556983,SHORT_PUT,165245.824908,117539.200244
2023-04-19,121145.27204,121381.556983,0.0,414.140015,236.284943,39700.0,81681.556983,SHORT_PUT,165219.793536,117532.202563
2023-04-20,121124.124079,121381.556983,0.0,411.880005,257.432904,39700.0,81681.556983,SHORT_PUT,164379.069903,117306.201587
2023-04-21,121119.179389,121381.556983,0.0,412.200012,262.377594,39700.0,81681.556983,SHORT_PUT,164498.112628,117338.202319
2023-04-24,121183.93828,121381.556983,0.0,412.630005,197.618704,39700.0,81681.556983,SHORT_PUT,164658.069903,117381.201587
2023-04-25,121035.239674,121381.556983,0.0,406.079987,346.31731,39700.0,81681.556983,SHORT_PUT,162221.463092,116726.199756
2023-04-26,120927.077507,121381.556983,0.0,404.359985,454.479476,39700.0,81681.556983,SHORT_PUT,161581.622638,116554.199634
2023-04-27,121165.14075,121381.556983,0.0,412.410004,216.416233,39700.0,81681.556983,SHORT_PUT,164576.229449,117359.201465
2023-04-28,121281.362366,121381.556983,0.0,415.929993,100.194617,39700.0,81681.556983,SHORT_PUT,165885.665362,117711.200366
2023-05-01,121330.138756,121381.556983,0.0,415.51001,51.418227,39700.0,81681.556983,SHORT_PUT,165729.43172,117669.202075
2023-05-02,121285.95532,121381.556983,0.0,410.839996,95.601664,39700.0,81681.556983,SHORT_PUT,163992.186725,117202.200732
2023-05-03,121219.630925,121381.556983,0.0,408.019989,161.926058,39700.0,81681.556983,SHORT_PUT,162943.144,116920.2
2023-05-04,121161.96206,121381.556983,0.0,405.130005,219.594924,39700.0,81681.556983,SHORT_PUT,161868.069903,116631.201587
2023-05-05,121296.065554,121381.556983,0.0,412.630005,85.491429,39700.0,81681.556983,SHORT_PUT,164658.069903,117381.201587
2023-05-08,121368.325434,121381.556983,0.0,412.73999,13.231549,39700.0,81681.556983,SHORT_PUT,164698.984454,117392.200122
2023-05-09,121371.720412,121381.556983,0.0,410.929993,9.836571,39700.0,81681.556983,SHORT_PUT,164025.665362,117211.200366
2023-05-10,121379.254828,121381.556983,0.0,412.850006,2.302155,39700.0,81681.556983,SHORT_PUT,164739.910357,117403.201709
2023-05-11,121380.533644,121381.556983,0.0,412.130005,1.023339,39700.0,81681.556983,SHORT_PUT,164472.069903,117331.201587
2023-05-12,121381.556983,121381.556983,0.0,411.589996,0.0,0.0,121381.556983,CASH,164271.186725,117277.200732
2023-05-15,121381.556983,121381.556983,0.0,413.01001,0.0,0.0,121381.556983,CASH,164799.43172,117419.202075
2023-05-16,121324.1744,121909.366527,0.0,410.25,585.192127,40100.0,81809.366527,SHORT_PUT,163772.708087,117143.201099
2023-05-17,121450.103096,121909.366527,0.0,415.230011,459.263431,40100.0,81809.366527,SHORT_PUT,165625.272174,117641.202197
2023-05-18,121614.267728,121909.366527,0.0,419.230011,295.098799,40100.0,81809.366527,SHORT_PUT,167113.272174,118041.202197
2023-05-19,121646.954066,121909.366527,0.0,418.619995,262.412461,40100.0,81809.366527,SHORT_PUT,166886.346271,117980.20061
2023-05-22,121655.999992,121909.366527,0.0,418.790009,253.366535,40100.0,81809.366527,SHORT_PUT,166949.591266,117997.201953
2023-05-23,121542.896936,121909.366527,0.0,414.089996,366.469591,40100.0,81809.366527,SHORT_PUT,165201.186725,117527.200732
2023-05-24,121410.586319,121909.366527,0.0,411.089996,498.780209,40100.0,81809.366527,SHORT_PUT,164085.186725,117227.200732
2023-05-25,121471.187129,121909.366527,0.0,414.649994,438.179398,40100.0,81809.366527,SHORT_PUT,165409.505816,117583.200488
2023-05-26,121651.594935,121909.366527,0.0,420.019989,257.771592,40100.0,81809.366527,SHORT_PUT,167407.144,118120.2
2023-05-30,121761.578768,121909.366527,0.0,420.179993,147.787759,40100.0,81809.366527,SHORT_PUT,167466.665362,118136.200366
2023-05-31,121737.883368,121909.366527,0.0,417.850006,171.483159,40100.0,81809.366527,SHORT_PUT,166599.910357,117903.201709
2023-06-01,121797.884729,121909.366527,0.0,421.820007,111.481798,40100.0,81809.366527,SHORT_PUT,168076.750812,118300.201831
2023-06-02,121885.490908,121909.366527,0.0,427.920013,23.875619,40100.0,81809.366527,SHORT_PUT,170345.953082,118910.202441
2023-06-05,121899.957491,121909.366527,0.0,427.100006,9.409036,40100.0,81809.366527,SHORT_PUT,170040.910357,118828.201709
2023-06-06,121903.140304,121909.366527,0.0,428.029999,6.226223,40100.0,81809.366527,SHORT_PUT,170386.867633,118921.200977
2023-06-07,121905.053011,121909.366527,0.0,426.549988,4.313516,40100.0,81809.366527,SHORT_PUT,169836.303546,118773.199878
2023-06-08,121907.445683,121909.366527,0.0,429.130005,1.920844,40100.0,81809.366527,SHORT_PUT,170796.069903,119031.201587
2023-06-09,121908.0966,121909.366527,0.0,429.899994,1.269927,40100.0,81809.366527,SHORT_PUT,171082.505816,119108.200488
2023-06-12,121908.366103,121909.366527,0.0,433.799988,1.000424,40100.0,81809.366527,SHORT_PUT,172533.303546,119498.199878
2023-06-13,121908.366516,121909.366527,0.0,436.660004,1.000011,40100.0,81809.366527,SHORT_PUT,173597.229449,119784.201465
2023-06-14,121908.366527,121909.366527,0.0,437.179993,1.0,40100.0,81809.366527,SHORT_PUT,173790.665362,119836.200366
2023-06-15,121908.366527,121909.366527,0.0,442.600006,1.0,40100.0,81809.366527,SHORT_PUT,175806.910357,120378.201709
2023-06-16,121909.366527,121909.366527,0.0,439.459991,0.0,0.0,121909.366527,CASH,175248.160908,120228.000244
2023-06-20,121909.366527,121909.366527,0.0,437.179993,0.0,0.0,121909.366527,CASH,174400.001362,120000.000366
2023-06-21,121861.219307,122349.44012,0.0,434.940002,488.220813,42700.0,79649.44012,SHORT_PUT,173566.724995,119776.001343
2023-06-22,121962.224657,122349.44012,0.0,436.51001,387.215463,42700.0,79649.44012,SHORT_PUT,174150.76772,119933.002075
2023-06-23,121878.874973,122349.44012,0.0,433.209991,470.565147,42700.0,79649.44012,SHORT_PUT,172923.160908,119603.000244
2023-06-26,121820.230029,122349.44012,0.0,431.440002,529.210091,42700.0,79649.44012,SHORT_PUT,172264.724995,119426.001343
2023-06-27,121961.266565,122349.44012,0.0,436.170013,388.173555,42700.0,79649.44012,SHORT_PUT,174024.289082,119899.002441
2023-06-28,122006.190263,122349.44012,0.0,436.390015,343.249857,42700.0,79649.44012,SHORT_PUT,174106.129536,119921.002563
2023-06-29,122080.761444,122349.44012,0.0,438.109985,268.678676,42700.0,79649.44012,SHORT_PUT,174745.958638,120092.999634
2023-06-30,122196.289161,122349.44012,0.0,443.279999,153.150959,42700.0,79649.44012,SHORT_PUT,176669.203633,120610.000977
2023-07-03,122232.762379,122349.44012,0.0,443.790009,116.677741,42700.0,79649.44012,SHORT_PUT,176858.927266,120661.001953
2023-07-05,122240.981765,122349.44012,0.0,443.130005,108.458355,42700.0,79649.44012,SHORT_PUT,176613.405903,120595.001587
2023-07-06,122181.696947,122349.44012,0.0,439.660004,167.743173,42700.0,79649.44012,SHORT_PUT,175322.565449,120248.001465
2023-07-07,122133.965104,122349.44012,0.0,438.549988,215.475016,42700.0,79649.44012,SHORT_PUT,174909.639546,120136.999878
2023-07-10,122223.358044,122349.44012,0.0,439.660004,126.082076,42700.0,79649.44012,SHORT_PUT,175322.565449,120248.001465
2023-07-11,122273.17611,122349.44012,0.0,442.459991,76.26401,42700.0,79649.44012,SHORT_PUT,176364.160908,120528.000244
2023-07-12,122317.649685,122349.44012,0.0,446.019989,31.790435,42700.0,79649.44012,SHORT_PUT,177688.48,120884.0
2023-07-13,122342.58385,122349.44012,0.0,449.559998,6.85627,42700.0,79649.44012,SHORT_PUT,179005.363179,121238.000854
2023-07-14,122344.389662,122349.44012,0.0,449.279999,5.050457,42700.0,79649.44012,SHORT_PUT,178901.203633,121210.000977
2023-07-17,122348.328008,122349.44012,0.0,450.839996,1.112112,42700.0,79649.44012,SHORT_PUT,179481.522725,121366.000732
2023-07-18,122348.438403,122349.44012,0.0,454.190002,1.001717,42700.0,79649.44012,SHORT_PUT,180727.724995,121701.001343
2023-07-19,122348.440117,122349.44012,0.0,455.200012,1.000003,42700.0,79649.44012,SHORT_PUT,181103.448628,121802.002319
2023-07-20,122348.44012,122349.44012,0.0,452.179993,1.0,42700.0,79649.44012,SHORT_PUT,179980.001362,121500.000366
2023-07-21,122349.44012,122349.44012,0.0,452.179993,0.0,0.0,122349.44012,CASH,179980.001362,121500.000366
2023-07-24,122349.44012,122349.44012,0.0,454.200012,0.0,0.0,122349.44012,CASH,180731.448628,121702.002319
2023-07-25,122307.899527,122726.750756,0.0,455.440002,418.85123,44400.0,78326.750756,SHORT_PUT,181192.724995,121826.001343
2023-07-26,122324.896181,122726.750756,0.0,455.51001,401.854575,44400.0,78326.750756,SHORT_PUT,181218.76772,121833.002075
2023-07-27,122280.6443,122726.750756,0.0,452.48999,446.106456,44400.0,78326.750756,SHORT_PUT,180095.320454,121531.000122
2023-07-28,122359.997344,122726.750756,0.0,456.920013,366.753413,44400.0,78326.750756,SHORT_PUT,181743.289082,121974.002441
2023-07-31,122470.071478,122726.750756,0.0,457.790009,256.679278,44400.0,78326.750756,SHORT_PUT,182066.927266,122061.001953
2023-08-01,122436.98846,122726.750756,0.0,456.480011,289.762297,44400.0,78326.750756,SHORT_PUT,181579.608174,121930.002197
2023-08-02,122239.004704,122726.750756,0.0,450.130005,487.746053,44400.0,78326.750756,SHORT_PUT,179217.405903,121295.001587
2023-08-03,122090.058685,122726.750756,0.0,448.839996,636.692072,44400.0,78326.750756,SHORT_PUT,178737.522725,121166.000732
2023-08-04,122030.577477,122726.750756,0.0,446.809998,696.17328,44400.0,78326.750756,SHORT_PUT,177982.363179,120963.000854
2023-08-07,122193.055447,122726.750756,0.0,450.709991,533.69531,44400.0,78326.750756,SHORT_PUT,179433.160908,121353.000244
2023-08-08,122200.661549,122726.750756,0.0,448.75,526.089207,44400.0,78326.750756,SHORT_PUT,178704.044087,121157.001099
2023-08-09,122081.563046,122726.750756,0.0,445.75,645.187711,44400.0,78326.750756,SHORT_PUT,177588.044087,120857.001099
2023-08-10,122112.928131,122726.750756,0.0,445.910004,613.822626,44400.0,78326.750756,SHORT_PUT,177647.565449,120873.001465
2023-08-11,122128.99188,122726.750756,0.0,445.649994,597.758876,44400.0,78326.750756,SHORT_PUT,177550.841816,120847.000488
2023-08-14,122347.945254,122726.750756,0.0,448.109985,378.805502,44400.0,78326.750756,SHORT_PUT,178465.958638,121092.999634
2023-08-15,122130.55727,122726.750756,0.0,442.890015,596.193486,44400.0,78326.750756,SHORT_PUT,176524.129536,120571.002563
2023-08-16,121906.372307,122726.750756,0.0,439.640015,820.378449,44400.0,78326.750756,SHORT_PUT,175315.129536,120246.002563
2023-08-17,121691.697445,122726.750756,0.0,436.290009,1035.053312,44400.0,78326.750756,SHORT_PUT,174068.927266,119911.001953
2023-08-18,121707.116286,122726.750756,0.0,436.5,1019.634471,44400.0,78326.750756,SHORT_PUT,174147.044087,119932.001099
2023-08-21,122038.972443,122726.750756,0.0,439.339996,687.778314,44400.0,78326.750756,SHORT_PUT,175203.522725,120216.000732
2023-08-22,121996.136918,122726.750756,0.0,438.149994,730.613838,44400.0,78326.750756,SHORT_PUT,174760.841816,120097.000488
2023-08-23,122395.021361,122726.750756,0.0,443.029999,331.729396,44400.0,78326.750756,SHORT_PUT,176576.203633,120585.000977
2023-08-24,121971.50186,122726.750756,0.0,436.890015,755.248896,44400.0,78326.750756,SHORT_PUT,174292.129536,119971.002563
2023-08-25,122323.750879,78326.750756,100.0,439.970001,0.0,0.0,78326.750756,STOCK,175437.884541,120279.001221
2023-08-28,122602.751733,78326.750756,100.0,442.76001,0.0,0.0,78326.750756,STOCK,176475.76772,120558.002075
2023-08-29,123177.814716,78926.321616,100.0,449.160004,664.507265,0.0,78926.321616,COVERED_CALL,178856.565449,121198.001465
2023-08-30,123340.363652,78926.321616,100.0,451.01001,686.95894,0.0,78926.321616,COVERED_CALL,179544.76772,121383.002075
2023-08-31,123353.773935,78926.321616,100.0,450.350006,607.548291,0.0,78926.321616,COVERED_CALL,179299.246357,121317.001709
2023-09-01,123436.939025,78926.321616,100.0,451.190002,608.382835,0.0,78926.321616,COVERED_CALL,179611.724995,121401.001343
2023-09-05,123369.827866,78926.321616,100.0,449.23999,480.492773,0.0,78926.321616,COVERED_CALL,178886.320454,121206.000122
2023-09-06,123178.700542,78926.321616,100.0,446.220001,369.621196,0.0,78926.321616,COVERED_CALL,177762.884541,120904.001221
2023-09-07,123078.004682,78926.321616,100.0,444.850006,333.317544,0.0,78926.321616,COVERED_CALL,177253.246357,120767.001709
2023-09-08,123143.506084,78926.321616,100.0,445.519989,334.814433,0.0,78926.321616,COVERED_CALL,177502.48,120834.0
2023-09-11,123420.378377,78926.321616,100.0,448.450012,350.944459,0.0,78926.321616,COVERED_CALL,178592.448628,121127.002319
2023-09-12,123267.686444,78926.321616,100.0,445.98999,257.634195,0.0,78926.321616,COVERED_CALL,177677.320454,120881.000122
2023-09-13,123305.581345,78926.321616,100.0,446.51001,271.741247,0.0,78926.321616,COVERED_CALL,177870.76772,120933.002075
2023-09-14,123617.043224,78926.321616,100.0,450.359985,345.276927,0.0,78926.321616,COVERED_CALL,179302.958638,121317.999634
2023-09-15,123299.710695,79084.621616,100.0,443.369995,121.910433,0.0,79084.621616,COVERED_CALL,177291.558271,120777.30061
2023-09-18,123339.067667,79084.621616,100.0,443.630005,108.554437,0.0,79084.621616,COVERED_CALL,177388.281903,120803.301587
2023-09-19,123270.323987,79084.621616,100.0,442.709991,85.296774,0.0,79084.621616,COVERED_CALL,177046.036908,120711.300244
2023-09-20,122914.290941,79084.621616,100.0,438.640015,34.33214,0.0,79084.621616,COVERED_CALL,175532.005536,120304.302563
2023-09-21,122215.554097,79084.621616,100.0,431.390015,8.068983,0.0,79084.621616,COVERED_CALL,172835.005536,119579.302563
2023-09-22,122115.931356,79084.621616,100.0,430.420013,10.691602,0.0,79084.621616,COVERED_CALL,172474.165082,119482.302441
2023-09-25,122305.084443,79084.621616,100.0,432.230011,2.538271,0.0,79084.621616,COVERED_CALL,173147.484174,119663.302197
2023-09-26,121671.609914,79084.621616,100.0,425.880005,1.01219,0.0,79084.621616,COVERED_CALL,170785.281903,119028.301587
2023-09-27,121688.617856,79084.621616,100.0,426.049988,1.002539,0.0,79084.621616,COVERED_CALL,170848.515546,119045.299878
2023-09-28,121935.620516,79084.621616,100.0,428.519989,1.000001,0.0,79084.621616,COVERED_CALL,171767.356,119292.3
2023-09-29,121832.622714,79084.621616,100.0,427.480011,0.0,0.0,79084.621616,STOCK,171380.484174,119188.302197
2023-10-02,121815.621372,79084.621616,100.0,427.309998,0.0,0.0,79084.621616,STOCK,171317.239179,119171.300854
2023-10-03,121209.138086,79394.886667,100.0,421.589996,344.748215,0.0,79394.886667,COVERED_CALL,169189.398725,118599.300732
2023-10-04,121342.458961,79394.886667,100.0,424.660004,518.428073,0.0,79394.886667,COVERED_CALL,170331.441449,118906.301465
2023-10-05,121408.664688,79394.886667,100.0,424.5,436.22198,0.0,79394.886667,COVERED_CALL,170271.920087,118890.301099
2023-10-06,121779.035669,79394.886667,100.0,429.540009,569.851852,0.0,79394.886667,COVERED_CALL,172146.803266,119394.301953
2023-10-09,122068.51498,79394.886667,100.0,432.290009,555.372542,0.0,79394.886667,COVERED_CALL,173169.803266,119669.301953
2023-10-10,122214.48055,79394.886667,100.0,434.540009,634.406971,0.0,79394.886667,COVERED_CALL,174006.803266,119894.301953
2023-10-11,122375.797469,79394.886667,100.0,436.320007,651.08993,0.0,79394.886667,COVERED_CALL,174668.962812,120072.301831
2023-10-12,122281.332205,79394.886667,100.0,433.660004,479.554829,0.0,79394.886667,COVERED_CALL,173679.441449,119806.301465
2023-10-13,122129.044735,79394.886667,100.0,431.5,415.841932,0.0,79394.886667,COVERED_CALL,172875.920087,119590.301099
2023-10-16,122359.778999,79394.886667,100.0,436.040009,639.108522,0.0,79394.886667,COVERED_CALL,174564.803266,120044.301953
2023-10-17,122480.068058,79394.886667,100.0,436.019989,516.81751,0.0,79394.886667,COVERED_CALL,174557.356,120042.3
2023-10-18,122089.594893,79394.886667,100.0,430.209991,326.29092,0.0,79394.886667,COVERED_CALL,172396.036908,119461.300244
2023-10-19,121782.690533,79394.886667,100.0,426.429993,255.195402,0.0,79394.886667,COVERED_CALL,170989.877362,119083.300366
2023-10-20,121321.341938,79394.886667,100.0,421.190002,192.544974,0.0,79394.886667,COVERED_CALL,169040.600995,118559.301343
2023-10-23,121312.416414,79394.886667,100.0,420.459991,128.469398,0.0,79394.886667,COVERED_CALL,168769.036908,118486.300244
2023-10-24,121630.491741,79394.886667,100.0,423.630005,127.395414,0.0,79394.886667,COVERED_CALL,169948.281903,118803.301587
2023-10-25,121116.200471,79394.886667,100.0,417.549988,33.684975,0.0,79394.886667,COVERED_CALL,167686.515546,118195.299878
2023-10-26,120635.033383,79394.886667,100.0,412.549988,14.852064,0.0,79394.886667,COVERED_CALL,165826.515546,117695.299878
2023-10-27,120454.652812,79394.886667,100.0,410.679993,8.233122,0.0,79394.886667,COVERED_CALL,165130.877362,117508.300366
2023-10-30,120949.620453,79394.886667,100.0,415.589996,4.265848,0.0,79394.886667,COVERED_CALL,166957.398725,117999.300732
2023-10-31,121212.827084,79394.886667,100.0,418.200012,2.060804,0.0,79394.886667,COVERED_CALL,167928.324628,118260.302319
2023-11-01,121659.524754,79394.886667,100.0,422.660004,1.362279,0.0,79394.886667,COVERED_CALL,169587.441449,118706.301465
2023-11-02,122469.292379,79394.886667,100.0,430.76001,1.595264,0.0,79394.886667,COVERED_CALL,172600.64372,119516.302075
2023-11-03,122863.886911,79394.886667,100.0,434.690002,0.0,0.0,79394.886667,STOCK,174062.600995,119909.301343
2023-11-06,122963.886911,79394.886667,100.0,435.690002,0.0,0.0,79394.886667,STOCK,174434.600995,120009.301343
2023-11-07,123040.620717,79826.581237,100.0,436.929993,478.959788,0.0,79826.581237,COVERED_CALL,174895.877362,120133.300366
2023-11-08,123080.800228,79826.581237,100.0,437.25,470.781009,0.0,79826.581237,COVERED_CALL,175014.920087,120165.301099
2023-11-09,122875.464733,79826.581237,100.0,433.839996,335.116138,0.0,79826.581237,COVERED_CALL,173746.398725,119824.300732
2023-11-10,123298.524044,79826.581237,100.0,440.609985,589.055728,0.0,79826.581237,COVERED_CALL,176264.834638,120501.299634
2023-11-13,123383.111217,79826.581237,100.0,440.190002,462.470264,0.0,79826.581237,COVERED_CALL,176108.600995,120459.301343
2023-11-14,123837.522352,79826.581237,100.0,448.730011,862.059984,0.0,79826.581237,COVERED_CALL,179285.484174,121313.302197
2023-11-15,123932.893294,79826.581237,100.0,449.679993,861.68721,0.0,79826.581237,COVERED_CALL,179638.877362,121408.300366
2023-11-16,123974.312563,79826.581237,100.0,450.230011,875.269773,0.0,79826.581237,COVERED_CALL,179843.484174,121463.302197
2023-11-17,124009.481455,79826.581237,100.0,450.790009,896.100637,0.0,79826.581237,COVERED_CALL,180051.803266,121519.301953
2023-11-20,124224.420057,79826.581237,100.0,454.26001,1028.162157,0.0,79826.581237,COVERED_CALL,181342.64372,121866.302075
2023-11-21,124228.742501,79826.581237,100.0,453.269989,924.837637,0.0,79826.581237,COVERED_CALL,180974.356,121767.3
2023-11-22,124307.652012,79826.581237,100.0,455.019989,1020.928126,0.0,79826.581237,COVERED_CALL,181625.356,121942.3
2023-11-24,124377.391334,79826.581237,100.0,455.299988,979.188682,0.0,79826.581237,COVERED_CALL,181729.515546,121970.299878
2023-11-27,124428.265651,79826.581237,100.0,454.480011,846.316685,0.0,79826.581237,COVERED_CALL,181424.484174,121888.302197
2023-11-28,124454.064059,79826.581237,100.0,454.929993,865.516446,0.0,79826.581237,COVERED_CALL,181591.877362,121933.300366
2023-11-29,124468.417578,79826.581237,100.0,454.609985,819.162194,0.0,79826.581237,COVERED_CALL,181472.834638,121901.299634
2023-11-30,124523.312167,79826.581237,100.0,456.399994,943.26846,0.0,79826.581237,COVERED_CALL,182138.717816,122080.300488
2023-12-01,124584.737757,79826.581237,100.0,459.100006,1151.844091,0.0,79826.581237,COVERED_CALL,183143.122357,122350.301709
2023-12-04,124626.385003,79826.581237,100.0,456.690002,869.196478,0.0,79826.581237,COVERED_CALL,182246.600995,122109.301343
2023-12-05,124643.733233,79826.581237,100.0,456.600006,842.848615,0.0,79826.581237,COVERED_CALL,182213.122357,122100.301709
2023-12-06,124658.354286,79826.581237,100.0,454.76001,644.227928,0.0,79826.581237,COVERED_CALL,181528.64372,121916.302075
2023-12-07,124677.672618,79826.581237,100.0,458.230011,971.909718,0.0,79826.581237,COVERED_CALL,182819.484174,122263.302197
2023-12-08,124726.581237,124726.581237,0.0,460.200012,0.0,0.0,124726.581237,CASH,183552.324628,122460.302319
2023-12-11,124726.581237,124726.581237,0.0,461.98999,0.0,0.0,124726.581237,CASH,184218.196454,122639.300122
2023-12-12,124689.641876,125060.180171,0.0,464.100006,370.538295,45300.0,79760.180171,SHORT_PUT,185003.122357,122850.301709
2023-12-13,124874.325546,125060.180171,0.0,470.5,185.854625,45300.0,79760.180171,SHORT_PUT,187383.920087,123490.301099
2023-12-14,124902.432148,125060.180171,0.0,472.01001,157.748024,45300.0,79760.180171,SHORT_PUT,187945.64372,123641.302075
2023-12-15,124852.798637,125060.180171,0.0,469.329987,207.381534,45300.0,79760.180171,SHORT_PUT,187657.707092,123563.899756
2023-12-18,124928.115288,125060.180171,0.0,471.970001,132.064883,45300.0,79760.180171,SHORT_PUT,188639.792541,123827.901221
2023-12-19,124964.212723,125060.180171,0.0,474.839996,95.967448,45300.0,79760.180171,SHORT_PUT,189707.430725,124114.900732
2023-12-20,124878.661949,125060.180171,0.0,468.26001,181.518223,45300.0,79760.180171,SHORT_PUT,187259.67572,123456.902075
2023-12-21,124920.907164,125060.180171,0.0,472.700012,139.273007,45300.0,79760.180171,SHORT_PUT,188911.356628,123900.902319
2023-12-22,124943.554519,125060.180171,0.0,473.649994,116.625652,45300.0,79760.180171,SHORT_PUT,189264.749816,123995.900488
2023-12-26,125008.404507,125060.180171,0.0,475.649994,51.775665,45300.0,79760.180171,SHORT_PUT,190008.749816,124195.900488
2023-12-27,125020.69266,125060.180171,0.0,476.51001,39.487511,45300.0,79760.180171,SHORT_PUT,190328.67572,124281.902075
2023-12-28,125033.722194,125060.180171,0.0,476.690002,26.457978,45300.0,79760.180171,SHORT_PUT,190395.632995,124299.901343
2023-12-29,125031.540193,125060.180171,0.0,475.309998,28.639978,45300.0,79760.180171,SHORT_PUT,189882.271179,124161.900854
2024-01-02,125039.983333,125060.180171,0.0,472.649994,20.196838,45300.0,79760.180171,SHORT_PUT,188892.749816,123895.900488
2024-01-03,125015.423535,125060.180171,0.0,468.790009,44.756636,45300.0,79760.180171,SHORT_PUT,187456.835266,123509.901953
2024-01-04,125000.297461,125060.180171,0.0,467.279999,59.88271,45300.0,79760.180171,SHORT_PUT,186895.111633,123358.900977
2024-01-05,125017.92524,125060.180171,0.0,467.920013,42.254931,45300.0,79760.180171,SHORT_PUT,187133.197082,123422.902441
2024-01-08,125058.563914,125060.180171,0.0,474.600006,1.616257,45300.0,79760.180171,SHORT_PUT,189618.154357,124090.901709
2024-01-09,125059.046706,125060.180171,0.0,473.880005,1.133465,45300.0,79760.180171,SHORT_PUT,189350.313903,124018.901587
2024-01-10,125059.17977,125060.180171,0.0,476.559998,1.000401,45300.0,79760.180171,SHORT_PUT,190347.271179,124286.900854
2024-01-11,125059.180171,125060.180171,0.0,476.350006,1.0,45300.0,79760.180171,SHORT_PUT,190269.154357,124265.901709
2024-01-12,125060.180171,125060.180171,0.0,476.679993,0.0,0.0,125060.180171,CASH,190391.909362,124298.900366
2024-01-16,125060.180171,125060.180171,0.0,474.929993,0.0,0.0,125060.180171,CASH,189740.909362,124123.900366
2024-01-17,125003.625346,125580.126009,0.0,472.290009,576.500663,46500.0,79080.126009,SHORT_PUT,188758.835266,123859.901953
2024-01-18,125102.022872,125580.126009,0.0,476.48999,478.103137,46500.0,79080.126009,SHORT_PUT,190321.228454,124279.900122
2024-01-19,125304.715221,125580.126009,0.0,482.429993,275.410789,46500.0,79080.126009,SHORT_PUT,192530.909362,124873.900366
2024-01-22,125392.948556,125580.126009,0.0,483.450012,187.177453,46500.0,79080.126009,SHORT_PUT,192910.356628,124975.902319
2024-01-23,125429.239883,125580.126009,0.0,484.859985,150.886127,46500.0,79080.126009,SHORT_PUT,193434.866638,125116.899634
2024-01-24,125466.073689,125580.126009,0.0,485.390015,114.05232,46500.0,79080.126009,SHORT_PUT,193632.037536,125169.902563
2024-01-25,125487.143606,125580.126009,0.0,488.029999,92.982404,46500.0,79080.126009,SHORT_PUT,194614.111633,125433.900977
2024-01-26,125480.343229,125580.126009,0.0,487.410004,99.78278,46500.0,79080.126009,SHORT_PUT,194383.473449,125371.901465
2024-01-29,125536.789965,125580.126009,0.0,491.269989,43.336044,46500.0,79080.126009,SHORT_PUT,195819.388,125757.9
2024-01-30,125535.098204,125580.126009,0.0,490.890015,45.027806,46500.0,79080.126009,SHORT_PUT,195678.037536,125719.902563
2024-01-31,125476.885561,125580.126009,0.0,482.880005,103.240448,46500.0,79080.126009,SHORT_PUT,192698.313903,124918.901587
2024-02-01,125525.646409,125580.126009,0.0,489.200012,54.4796,46500.0,79080.126009,SHORT_PUT,195049.356628,125550.902319
2024-02-02,125561.657629,125580.126009,0.0,494.350006,18.46838,46500.0,79080.126009,SHORT_PUT,196965.154357,126065.901709
2024-02-05,125567.78981,125580.126009,0.0,492.549988,12.336199,46500.0,79080.126009,SHORT_PUT,196295.547546,125885.899878
2024-02-06,125573.511891,125580.126009,0.0,493.980011,6.614119,46500.0,79080.126009,SHORT_PUT,196827.516174,126028.902197
2024-02-07,125578.257305,125580.126009,0.0,498.100006,1.868705,46500.0,79080.126009,SHORT_PUT,198360.154357,126440.901709
2024-02-08,125578.777978,125580.126009,0.0,498.320007,1.348032,46500.0,79080.126009,SHORT_PUT,198441.994812,126462.901831
2024-02-09,125579.075336,125580.126009,0.0,501.200012,1.050673,46500.0,79080.126009,SHORT_PUT,199513.356628,126750.902319
2024-02-12,125579.125677,125580.126009,0.0,500.980011,1.000332,46500.0,79080.126009,SHORT_PUT,199431.516174,126728.902197
2024-02-13,125579.121085,125580.126009,0.0,494.079987,1.004924,46500.0,79080.126009,SHORT_PUT,196864.707092,126038.899756
2024-02-14,125579.125964,125580.126009,0.0,498.570007,1.000045,46500.0,79080.126009,SHORT_PUT,198534.994812,126487.901831
2024-02-15,125579.126009,125580.126009,0.0,502.01001,1.0,46500.0,79080.126009,SHORT_PUT,199814.67572,126831.902075
2024-02-16,125580.126009,125580.126009,0.0,499.51001,0.0,0.0,125580.126009,CASH,198884.67572,126581.902075
2024-02-20,125580.126009,125580.126009,0.0,496.76001,0.0,0.0,125580.126009,CASH,197861.67572,126306.902075
2024-02-21,125526.605224,126071.248467,0.0,497.209991,544.643242,48500.0,77571.248467,SHORT_PUT,198029.068908,126351.900244
2024-02-22,125800.053799,126071.248467,0.0,507.5,271.194667,48500.0,77571.248467,SHORT_PUT,201856.952087,127380.901099
2024-02-23,125853.524579,126071.248467,0.0,507.850006,217.723887,48500.0,77571.248467,SHORT_PUT,201987.154357,127415.901709
2024-02-26,125887.244135,126071.248467,0.0,505.98999,184.004331,48500.0,77571.248467,SHORT_PUT,201295.228454,127229.900122
2024-02-27,125911.983657,126071.248467,0.0,506.929993,159.26481,48500.0,77571.248467,SHORT_PUT,201644.909362,127323.900366
2024-02-28,125923.23052,126071.248467,0.0,506.26001,148.017946,48500.0,77571.248467,SHORT_PUT,201395.67572,127256.902075
2024-02-29,125943.429433,126071.248467,0.0,508.079987,127.819034,48500.0,77571.248467,SHORT_PUT,202072.707092,127438.899756
2024-03-01,126008.386124,126071.248467,0.0,512.849976,62.862343,48500.0,77571.248467,SHORT_PUT,203847.143005,127915.898657
2024-03-04,126027.949051,126071.248467,0.0,512.299988,43.299416,48500.0,77571.248467,SHORT_PUT,203642.547546,127860.899878
2024-03-05,125988.985122,126071.248467,0.0,507.179993,82.263345,48500.0,77571.248467,SHORT_PUT,201737.909362,127348.900366
2024-03-06,126000.292608,126071.248467,0.0,509.75,70.955858,48500.0,77571.248467,SHORT_PUT,202693.952087,127605.901099
2024-03-07,126038.320027,126071.248467,0.0,514.809998,32.928439,48500.0,77571.248467,SHORT_PUT,204576.271179,128111.900854
2024-03-08,126029.990641,126071.248467,0.0,511.720001,41.257826,48500.0,77571.248467,SHORT_PUT,203426.792541,127802.901221
2024-03-11,126044.33415,126071.248467,0.0,511.279999,26.914317,48500.0,77571.248467,SHORT_PUT,203263.111633,127758.900977
2024-03-12,126060.860645,126071.248467,0.0,516.780029,10.387822,48500.0,77571.248467,SHORT_PUT,205309.122985,128308.904028
2024-03-13,126066.590606,126071.248467,0.0,515.969971,4.657861,48500.0,77571.248467,SHORT_PUT,205007.781188,128227.898169
2024-03-14,126067.552573,126071.248467,0.0,514.950012,3.695893,48500.0,77571.248467,SHORT_PUT,204628.356628,128125.902319
2024-03-15,126062.55802,126071.248467,0.0,509.829987,8.690446,48500.0,77571.248467,SHORT_PUT,203317.047092,127773.399756
2024-03-18,126070.001868,126071.248467,0.0,512.859985,1.246598,48500.0,77571.248467,SHORT_PUT,204444.206638,128076.399634
2024-03-19,126070.241434,126071.248467,0.0,515.710022,1.007033,48500.0,77571.248467,SHORT_PUT,205504.420261,128361.403296
2024-03-20,126070.248466,126071.248467,0.0,520.47998,1.0,48500.0,77571.248467,SHORT_PUT,207278.844821,128838.399146
2024-03-21,126070.248467,126071.248467,0.0,522.200012,1.0,48500.0,77571.248467,SHORT_PUT,207918.696628,129010.402319
2024-03-22,126071.248467,126071.248467,0.0,521.210022,0.0,0.0,126071.248467,CASH,207550.420261,128911.403296
2024-03-25,126071.248467,126071.248467,0.0,519.77002,0.0,0.0,126071.248467,CASH,207014.739353,128767.403052
2024-03-26,126018.68341,126553.291499,0.0,518.809998,534.608089,50900.0,75653.291499,SHORT_PUT,206657.611179,128671.400854
2024-03-27,126160.019197,126553.291499,0.0,523.169983,393.272302,50900.0,75653.291499,SHORT_PUT,208279.525729,129107.39939
2024-03-28,126197.429541,126553.291499,0.0,523.070007,355.861958,50900.0,75653.291499,SHORT_PUT,208242.334812,129097.401831
2024-04-01,126212.175644,126553.291499,0.0,522.159973,341.115855,50900.0,75653.291499,SHORT_PUT,207903.802097,129006.398413
2024-04-02,126093.473075,126553.291499,0.0,518.840027,459.818424,50900.0,75653.291499,SHORT_PUT,206668.782077,128674.403784
2024-04-03,126072.512181,126553.291499,0.0,519.409973,480.779319,50900.0,75653.291499,SHORT_PUT,206880.802097,128731.398413
2024-04-04,125871.343223,126553.291499,0.0,513.070007,681.948276,50900.0,75653.291499,SHORT_PUT,204522.334812,128097.401831
2024-04-05,125978.46983,126553.291499,0.0,518.429993,574.821669,50900.0,75653.291499,SHORT_PUT,206516.249362,128633.400366
2024-04-08,126070.74076,126553.291499,0.0,518.719971,482.550739,50900.0,75653.291499,SHORT_PUT,206624.121188,128662.398169
2024-04-09,126153.270487,126553.291499,0.0,519.320007,400.021012,50900.0,75653.291499,SHORT_PUT,206847.334812,128722.401831
2024-04-10,126003.529529,126553.291499,0.0,514.119995,549.76197,50900.0,75653.291499,SHORT_PUT,204912.930271,128202.40061
2024-04-11,126127.016156,126553.291499,0.0,518.0,426.275344,50900.0,75653.291499,SHORT_PUT,206356.292087,128590.401099
2024-04-12,125914.400157,126553.291499,0.0,510.850006,638.891342,50900.0,75653.291499,SHORT_PUT,203696.494357,127875.401709
2024-04-15,125542.176688,126553.291499,0.0,504.450012,1011.114811,50900.0,75653.291499,SHORT_PUT,201315.696628,127235.402319
2024-04-16,125439.418582,126553.291499,0.0,503.529999,1113.872918,50900.0,75653.291499,SHORT_PUT,200973.451633,127143.400977
2024-04-17,125308.306876,126553.291499,0.0,500.549988,1244.984623,50900.0,75653.291499,SHORT_PUT,199864.887546,126845.399878
2024-04-18,125274.447295,126553.291499,0.0,499.519989,1278.844205,50900.0,75653.291499,SHORT_PUT,199481.728,126742.4
2024-04-19,124962.291666,126553.291499,0.0,495.160004,1590.999834,50900.0,75653.291499,SHORT_PUT,197859.813449,126306.401465
2024-04-22,125432.428702,126553.291499,0.0,499.720001,1120.862797,50900.0,75653.291499,SHORT_PUT,199556.132541,126762.401221
2024-04-23,125965.633149,126553.291499,0.0,505.649994,587.658351,50900.0,75653.291499,SHORT_PUT,201762.089816,127355.400488
2024-04-24,126034.762778,126553.291499,0.0,505.410004,518.528721,50900.0,75653.291499,SHORT_PUT,201672.813449,127331.401465
2024-04-25,125939.189472,126553.291499,0.0,503.48999,614.102027,50900.0,75653.291499,SHORT_PUT,200958.568454,127139.400122
2024-04-26,126479.292476,75653.291499,100.0,508.26001,0.0,0.0,75653.291499,STOCK,202733.01572,127616.402075
2024-04-29,126659.291255,75653.291499,100.0,510.059998,0.0,0.0,75653.291499,STOCK,203402.611179,127796.400854
2024-04-30,125822.398185,75910.463418,100.0,501.980011,286.066332,0.0,75910.463418,COVERED_CALL,200396.856174,126988.402197
2024-05-01,125656.471557,75910.463418,100.0,500.350006,288.992472,0.0,75910.463418,COVERED_CALL,199790.494357,126825.401709
2024-05-02,126048.615926,75910.463418,100.0,505.029999,364.847371,0.0,75910.463418,COVERED_CALL,201531.451633,127293.400977
2024-05-03,126558.59745,75910.463418,100.0,511.290009,480.866823,0.0,75910.463418,COVERED_CALL,203860.175266,127919.401953
2024-05-06,127033.774907,75910.463418,100.0,516.570007,533.689244,0.0,75910.463418,COVERED_CALL,205824.334812,128447.401831
2024-05-07,127087.474569,75910.463418,100.0,517.140015,536.990314,0.0,75910.463418,COVERED_CALL,206036.377536,128504.402563
2024-05-08,127124.951998,75910.463418,100.0,517.190002,504.511665,0.0,75910.463418,COVERED_CALL,206054.972995,128509.401343
2024-05-09,127337.894731,75910.463418,100.0,520.169983,589.566978,0.0,75910.463418,COVERED_CALL,207163.525729,128807.39939
2024-05-10,127414.745142,75910.463418,100.0,520.840027,579.720962,0.0,75910.463418,COVERED_CALL,207412.782077,128874.403784
2024-05-13,127487.079812,75910.463418,100.0,520.909973,514.380921,0.0,75910.463418,COVERED_CALL,207438.802097,128881.398413
2024-05-14,127581.038902,75910.463418,100.0,523.299988,659.423295,0.0,75910.463418,COVERED_CALL,208327.887546,129120.399878
2024-05-15,127904.126068,75910.463418,100.0,529.780029,984.34028,0.0,75910.463418,COVERED_CALL,210738.462985,129768.404028
2024-05-16,127937.996027,75910.463418,100.0,528.690002,841.467636,0.0,75910.463418,COVERED_CALL,210332.972995,129659.401343
2024-05-17,127991.918731,75910.463418,100.0,529.450012,863.545908,0.0,75910.463418,COVERED_CALL,210615.696628,129735.402319
2024-05-20,128107.342389,75910.463418,100.0,530.059998,809.120785,0.0,75910.463418,COVERED_CALL,210842.611179,129796.400854
2024-05-21,128167.115256,75910.463418,100.0,531.359985,879.346698,0.0,75910.463418,COVERED_CALL,211326.206638,129926.399634
2024-05-22,128157.810727,75910.463418,100.0,529.830017,735.6544,0.0,75910.463418,COVERED_CALL,210757.058444,129773.402808
2024-05-23,128017.2169,75910.463418,100.0,525.960022,489.248716,0.0,75910.463418,COVERED_CALL,209317.420261,129386.403296
2024-05-24,128171.670282,75910.463418,100.0,529.440002,682.79338,0.0,75910.463418,COVERED_CALL,210611.972995,129734.401343
2024-05-28,128346.788988,75910.463418,100.0,529.809998,544.674186,0.0,75910.463418,COVERED_CALL,210749.611179,129771.400854
2024-05-29,128259.652239,75910.463418,100.0,526.099976,260.808738,0.0,75910.463418,COVERED_CALL,209369.483005,129400.398657
2024-05-30,128102.761359,75910.463418,100.0,522.609985,68.700595,0.0,75910.463418,COVERED_CALL,208071.206638,129051.399634
2024-05-31,128510.463418,128510.463418,0.0,527.369995,0.0,0.0,128510.463418,CASH,209841.930271,129527.40061
2024-06-03,128510.463418,128510.463418,0.0,527.799988,0.0,0.0,128510.463418,CASH,210001.887546,129570.399878
2024-06-04,128462.043378,128953.128806,0.0,528.390015,491.085429,51700.0,77253.128806,SHORT_PUT,210221.377536,129629.402563
2024-06-05,128639.087525,128953.128806,0.0,534.669983,314.041281,51700.0,77253.128806,SHORT_PUT,212557.525729,130257.39939
2024-06-06,128679.332244,128953.128806,0.0,534.659973,273.796563,51700.0,77253.128806,SHORT_PUT,212553.802097,130256.398413
2024-06-07,128679.342005,128953.128806,0.0,534.01001,273.786801,51700.0,77253.128806,SHORT_PUT,212312.01572,130191.402075
2024-06-10,128761.0761,128953.128806,0.0,535.659973,192.052707,51700.0,77253.128806,SHORT_PUT,212925.802097,130356.398413
2024-06-11,128771.018282,128953.128806,0.0,536.950012,182.110524,51700.0,77253.128806,SHORT_PUT,213405.696628,130485.402319
2024-06-12,128837.033356,128953.128806,0.0,541.359985,116.09545,51700.0,77253.128806,SHORT_PUT,215046.206638,130926.399634
2024-06-13,128878.42066,128953.128806,0.0,542.450012,74.708146,51700.0,77253.128806,SHORT_PUT,215451.696628,131035.402319
2024-06-14,128889.835704,128953.128806,0.0,542.780029,63.293102,51700.0,77253.128806,SHORT_PUT,215574.462985,131068.404028
2024-06-17,128918.974389,128953.128806,0.0,547.099976,34.154418,51700.0,77253.128806,SHORT_PUT,217181.483005,131500.398657
2024-06-18,128928.086985,128953.128806,0.0,548.48999,25.041821,51700.0,77253.128806,SHORT_PUT,217698.568454,131639.400122
2024-06-20,128933.638455,128953.128806,0.0,547.0,19.490352,51700.0,77253.128806,SHORT_PUT,217144.292087,131490.401099
2024-06-21,128920.30183,128953.128806,0.0,544.51001,32.826976,51700.0,77253.128806,SHORT_PUT,216872.36372,131417.302075
2024-06-24,128930.531869,128953.128806,0.0,542.73999,22.596937,51700.0,77253.128806,SHORT_PUT,216213.916454,131240.300122
2024-06-25,128940.149675,128953.128806,0.0,544.830017,12.979131,51700.0,77253.128806,SHORT_PUT,216991.406444,131449.302808
2024-06-26,128946.473127,128953.128806,0.0,545.51001,6.65568,51700.0,77253.128806,SHORT_PUT,217244.36372,131517.302075
2024-06-27,128949.720819,128953.128806,0.0,546.369995,3.407988,51700.0,77253.128806,SHORT_PUT,217564.278271,131603.30061
2024-06-28,128950.21494,128953.128806,0.0,544.219971,2.913867,51700.0,77253.128806,SHORT_PUT,216764.469188,131388.298169
2024-07-01,128952.064145,128953.128806,0.0,545.340027,1.064661,51700.0,77253.128806,SHORT_PUT,217181.130077,131500.303784
2024-07-02,128952.128381,128953.128806,0.0,549.01001,1.000425,51700.0,77253.128806,SHORT_PUT,218546.36372,131867.302075
2024-07-03,128952.128806,128953.128806,0.0,551.460022,1.0,51700.0,77253.128806,SHORT_PUT,219457.768261,132112.303296
2024-07-05,128953.128806,128953.128806,0.0,554.640015,0.0,0.0,128953.128806,CASH,220640.725536,132430.302563
2024-07-08,128953.128806,128953.128806,0.0,555.280029,0.0,0.0,128953.128806,CASH,220878.810985,132494.304028
2024-07-09,128906.79045,129376.018194,0.0,555.820007,469.227744,54400.0,74976.018194,SHORT_PUT,221079.682812,132548.301831
2024-07-10,129055.820444,129376.018194,0.0,561.320007,320.19775,54400.0,74976.018194,SHORT_PUT,223125.682812,133098.301831
2024-07-11,128921.017934,129376.018194,0.0,556.47998,455.00026,54400.0,74976.018194,SHORT_PUT,221325.192821,132614.299146
2024-07-12,129024.817559,129376.018194,0.0,559.98999,351.200635,54400.0,74976.018194,SHORT_PUT,222630.916454,132965.300122
2024-07-15,129122.897802,129376.018194,0.0,561.530029,253.120392,54400.0,74976.018194,SHORT_PUT,223203.810985,133119.304028
2024-07-16,129165.612957,129376.018194,0.0,564.859985,210.405237,54400.0,74976.018194,SHORT_PUT,224442.554638,133452.299634
2024-07-17,129001.688316,129376.018194,0.0,556.940002,374.329878,54400.0,74976.018194,SHORT_PUT,221496.320995,132660.301343
2024-07-18,128806.816913,129376.018194,0.0,552.659973,569.201281,54400.0,74976.018194,SHORT_PUT,219904.150097,132232.298413
2024-07-19,128592.887907,129376.018194,0.0,548.98999,783.130287,54400.0,74976.018194,SHORT_PUT,218538.916454,131865.300122
2024-07-22,128842.401521,129376.018194,0.0,554.650024,533.616673,54400.0,74976.018194,SHORT_PUT,220644.449169,132431.30354
2024-07-23,128924.389697,129376.018194,0.0,553.780029,451.628498,54400.0,74976.018194,SHORT_PUT,220320.810985,132344.304028
2024-07-24,128407.206099,129376.018194,0.0,541.22998,968.812095,54400.0,74976.018194,SHORT_PUT,215652.192821,131089.299146
2024-07-25,128085.343486,129376.018194,0.0,538.409973,1290.674708,54400.0,74976.018194,SHORT_PUT,214603.150097,130807.298413
2024-07-26,128429.332541,129376.018194,0.0,544.440002,946.685653,54400.0,74976.018194,SHORT_PUT,216846.320995,131410.301343
2024-07-29,128651.60745,129376.018194,0.0,544.76001,724.410744,54400.0,74976.018194,SHORT_PUT,216965.36372,131442.302075
2024-07-30,128531.657082,129376.018194,0.0,542.0,844.361113,54400.0,74976.018194,SHORT_PUT,215938.640087,131166.301099
2024-07-31,128925.519985,129376.018194,0.0,550.809998,450.498209,54400.0,74976.018194,SHORT_PUT,219215.959179,132047.300854
2024-08-01,128672.871341,129376.018194,0.0,543.01001,703.146853,54400.0,74976.018194,SHORT_PUT,216314.36372,131267.302075
2024-08-02,127961.539239,129376.018194,0.0,532.900024,1414.478955,54400.0,74976.018194,SHORT_PUT,212553.449169,130256.30354
2024-08-05,126562.207829,129376.018194,0.0,517.380005,2813.810365,54400.0,74976.018194,SHORT_PUT,206780.001903,128704.301587
2024-08-06,126884.314048,129376.018194,0.0,522.150024,2491.704146,54400.0,74976.018194,SHORT_PUT,208554.449169,129181.30354
2024-08-07,126706.915993,129376.018194,0.0,518.659973,2669.102201,54400.0,74976.018194,SHORT_PUT,207256.150097,128832.298413
2024-08-08,127942.159892,129376.018194,0.0,530.650024,1433.858302,54400.0,74976.018194,SHORT_PUT,211716.449169,130031.30354
2024-08-09,128275.017218,74976.018194,100.0,532.98999,0.0,0.0,74976.018194,STOCK,212586.916454,130265.300122
2024-08-12,128303.020147,74976.018194,100.0,533.27002,0.0,0.0,74976.018194,STOCK,212691.087353,130293.303052
2024-08-13,129077.147307,75935.945749,100.0,542.039978,1062.796245,0.0,75935.945749,COVERED_CALL,215953.511913,131170.298901
2024-08-14,129399.273751,75935.945749,100.0,543.75,911.671998,0.0,75935.945749,COVERED_CALL,216589.640087,131341.301099
2024-08-15,130083.325131,75935.945749,100.0,553.070007,1159.62135,0.0,75935.945749,COVERED_CALL,220056.682812,132273.301831
2024-08-16,130240.422866,75935.945749,100.0,554.309998,1126.522638,0.0,75935.945749,COVERED_CALL,220517.959179,132397.300854
2024-08-19,130573.186266,75935.945749,100.0,559.609985,1323.758017,0.0,75935.945749,COVERED_CALL,222489.554638,132927.299634
2024-08-20,130570.001866,75935.945749,100.0,558.700012,1235.945103,0.0,75935.945749,COVERED_CALL,222151.044628,132836.302319
2024-08-21,130584.372282,75935.945749,100.0,560.619995,1413.572979,0.0,75935.945749,COVERED_CALL,222865.278271,133028.30061
2024-08-22,130399.549062,75935.945749,100.0,556.219971,1158.393757,0.0,75935.945749,COVERED_CALL,221228.469188,132588.298169
2024-08-23,130583.150214,75935.945749,100.0,562.130005,1565.796023,0.0,75935.945749,COVERED_CALL,223427.001903,133179.301587
2024-08-26,130725.881527,75935.945749,100.0,560.789978,1289.062025,0.0,75935.945749,COVERED_CALL,222928.511913,133045.298901
2024-08-27,130765.798754,75935.945749,100.0,561.559998,1326.14675,0.0,75935.945749,COVERED_CALL,223214.959179,133122.300854
2024-08-28,130711.384432,75935.945749,100.0,558.299988,1054.560096,0.0,75935.945749,COVERED_CALL,222002.235546,132796.299878
2024-08-29,130648.980433,75935.945749,100.0,558.349976,1121.962874,0.0,75935.945749,COVERED_CALL,222020.831005,132801.298657
2024-08-30,130954.094019,75935.945749,100.0,563.679993,1349.850998,0.0,75935.945749,COVERED_CALL,224003.597362,133334.300366
2024-09-03,130602.80984,75935.945749,100.0,552.080017,541.137618,0.0,75935.945749,COVERED_CALL,219688.406444,132174.302808
2024-09-04,130356.3461,75935.945749,100.0,550.950012,674.60087,0.0,75935.945749,COVERED_CALL,219268.044628,132061.302319
2024-09-05,130306.60115,75935.945749,100.0,549.609985,590.343134,0.0,75935.945749,COVERED_CALL,218769.554638,131927.299634
2024-09-06,129763.720227,75935.945749,100.0,540.359985,208.224057,0.0,75935.945749,COVERED_CALL,215328.554638,131002.299634
2024-09-09,130307.936149,75935.945749,100.0,546.409973,269.006915,0.0,75935.945749,COVERED_CALL,217579.150097,131607.298413
2024-09-10,130611.341267,75935.945749,100.0,548.789978,203.602284,0.0,75935.945749,COVERED_CALL,218464.511913,131845.298901
2024-09-11,131058.78945,75935.945749,100.0,554.419983,319.15459,0.0,75935.945749,COVERED_CALL,220558.873729,132408.29939
2024-09-12,131389.659894,75935.945749,100.0,559.090027,455.28854,0.0,75935.945749,COVERED_CALL,222296.130077,132875.303784
2024-09-13,131535.945749,131535.945749,0.0,562.01001,0.0,0.0,131535.945749,CASH,223382.36372,133167.302075
2024-09-16,131535.945749,131535.945749,0.0,562.840027,0.0,0.0,131535.945749,CASH,223691.130077,133250.303784
2024-09-17,131466.681265,132176.633343,0.0,563.070007,709.952077,54800.0,77376.633343,SHORT_PUT,223776.682812,133273.301831
2024-09-18,131397.107209,132176.633343,0.0,561.400024,779.526134,54800.0,77376.633343,SHORT_PUT,223155.449169,133106.30354
2024-09-19,131653.764653,132176.633343,0.0,570.97998,522.86869,54800.0,77376.633343,SHORT_PUT,226719.192821,134064.299146
2024-09-20,131721.448426,132176.633343,0.0,568.25,455.184917,54800.0,77376.633343,SHORT_PUT,226353.152087,133965.901099
2024-09-23,131812.236974,132176.633343,0.0,569.669983,364.396368,54800.0,77376.633343,SHORT_PUT,226881.385729,134107.89939
2024-09-24,131875.373325,132176.633343,0.0,571.299988,301.260017,54800.0,77376.633343,SHORT_PUT,227487.747546,134270.899878
2024-09-25,131890.903488,132176.633343,0.0,570.039978,285.729854,54800.0,77376.633343,SHORT_PUT,227019.023913,134144.898901
2024-09-26,131945.604034,132176.633343,0.0,572.299988,231.029308,54800.0,77376.633343,SHORT_PUT,227859.747546,134370.899878
2024-09-27,131948.147596,132176.633343,0.0,571.469971,228.485747,54800.0,77376.633343,SHORT_PUT,227550.981188,134287.898169
2024-09-30,131969.862747,132176.633343,0.0,573.76001,206.770595,54800.0,77376.633343,SHORT_PUT,228402.87572,134516.902075
2024-10-01,131908.366061,132176.633343,0.0,568.619995,268.267281,54800.0,77376.633343,SHORT_PUT,226490.790271,134002.90061
2024-10-02,131828.776157,132176.633343,0.0,568.859985,347.857185,54800.0,77376.633343,SHORT_PUT,226580.066638,134026.899634
2024-10-03,131846.68475,132176.633343,0.0,567.820007,329.948593,54800.0,77376.633343,SHORT_PUT,226193.194812,133922.901831
2024-10-04,131912.479656,132176.633343,0.0,572.97998,264.153687,54800.0,77376.633343,SHORT_PUT,228112.704821,134438.899146
2024-10-07,131941.554179,132176.633343,0.0,567.799988,235.079164,54800.0,77376.633343,SHORT_PUT,226185.747546,133920.899878
2024-10-08,131960.232197,132176.633343,0.0,573.169983,216.401145,54800.0,77376.633343,SHORT_PUT,228183.385729,134457.89939
2024-10-09,132066.913911,132176.633343,0.0,577.140015,109.719432,54800.0,77376.633343,SHORT_PUT,229660.237536,134854.902563
2024-10-10,132089.434718,132176.633343,0.0,576.130005,87.198625,54800.0,77376.633343,SHORT_PUT,229284.513903,134753.901587
2024-10-11,132131.105077,132176.633343,0.0,579.580017,45.528265,54800.0,77376.633343,SHORT_PUT,230567.918444,135098.902808
2024-10-14,132172.759276,132176.633343,0.0,584.320007,3.874067,54800.0,77376.633343,SHORT_PUT,232331.194812,135572.901831
2024-10-15,132174.064007,132176.633343,0.0,579.780029,2.569336,54800.0,77376.633343,SHORT_PUT,230642.322985,135118.904028
2024-10-16,132175.509667,132176.633343,0.0,582.299988,1.123675,54800.0,77376.633343,SHORT_PUT,231579.747546,135370.899878
2024-10-17,132175.633293,132176.633343,0.0,582.349976,1.000049,54800.0,77376.633343,SHORT_PUT,231598.343005,135375.898657
2024-10-18,132176.633343,132176.633343,0.0,584.590027,0.0,0.0,132176.633343,CASH,232431.642077,135599.903784
2024-10-21,132176.633343,132176.633343,0.0,583.630005,0.0,0.0,132176.633343,CASH,232074.513903,135503.901587
2024-10-22,132101.317316,132874.810591,0.0,583.320007,773.493275,56600.0,76274.810591,SHORT_PUT,231959.194812,135472.901831
2024-10-23,131954.989878,132874.810591,0.0,577.98999,919.820713,56600.0,76274.810591,SHORT_PUT,229976.428454,134939.900122
2024-10-24,131943.779865,132874.810591,0.0,579.23999,931.030726,56600.0,76274.810591,SHORT_PUT,230441.428454,135064.900122
2024-10-25,131972.643178,132874.810591,0.0,579.039978,902.167414,56600.0,76274.810591,SHORT_PUT,230367.023913,135044.898901
2024-10-28,132022.24847,132874.810591,0.0,580.830017,852.562121,56600.0,76274.810591,SHORT_PUT,231032.918444,135223.902808
2024-10-29,132115.857046,132874.810591,0.0,581.77002,758.953545,56600.0,76274.810591,SHORT_PUT,231382.599353,135317.903052
2024-10-30,132114.596577,132874.810591,0.0,580.01001,760.214015,56600.0,76274.810591,SHORT_PUT,230727.87572,135141.902075
2024-10-31,131616.136277,132874.810591,0.0,568.640015,1258.674314,56600.0,76274.810591,SHORT_PUT,226498.237536,134004.902563
2024-11-01,131566.697849,132874.810591,0.0,571.039978,1308.112742,56600.0,76274.810591,SHORT_PUT,227391.023913,134244.898901
2024-11-04,131703.557864,132874.810591,0.0,569.809998,1171.252727,56600.0,76274.810591,SHORT_PUT,226933.471179,134121.900854
2024-11-05,132020.411786,132874.810591,0.0,576.700012,854.398805,56600.0,76274.810591,SHORT_PUT,229496.556628,134810.902319
2024-11-06,132535.134988,132874.810591,0.0,591.039978,339.675603,56600.0,76274.810591,SHORT_PUT,234831.023913,136244.898901
2024-11-07,132766.731194,132874.810591,0.0,595.609985,108.079397,56600.0,76274.810591,SHORT_PUT,236531.066638,136701.899634
2024-11-08,132820.184493,132874.810591,0.0,598.190002,54.626098,56600.0,76274.810591,SHORT_PUT,237490.832995,136959.901343
2024-11-11,132849.371717,132874.810591,0.0,598.76001,25.438874,56600.0,76274.810591,SHORT_PUT,237702.87572,137016.902075
2024-11-12,132849.216686,132874.810591,0.0,596.900024,25.593905,56600.0,76274.810591,SHORT_PUT,237010.961169,136830.90354
2024-11-13,132858.251658,132874.810591,0.0,597.190002,16.558934,56600.0,76274.810591,SHORT_PUT,237118.832995,136859.901343
2024-11-14,132858.301083,132874.810591,0.0,593.349976,16.509509,56600.0,76274.810591,SHORT_PUT,235690.343005,136475.898657
2024-11-15,132828.388102,132874.810591,0.0,585.75,46.422489,56600.0,76274.810591,SHORT_PUT,232863.152087,135715.901099
2024-11-18,132860.985607,132874.810591,0.0,588.150024,13.824985,56600.0,76274.810591,SHORT_PUT,233755.961169,135955.90354
2024-11-19,132871.778611,132874.810591,0.0,590.299988,3.03198,56600.0,76274.810591,SHORT_PUT,234555.747546,136170.899878
2024-11-20,132873.392891,132874.810591,0.0,590.5,1.4177,56600.0,76274.810591,SHORT_PUT,234630.152087,136190.901099
2024-11-21,132873.80999,132874.810591,0.0,593.669983,1.000601,56600.0,76274.810591,SHORT_PUT,235809.385729,136507.89939
2024-11-22,132874.810591,132874.810591,0.0,595.51001,0.0,0.0,132874.810591,CASH,236493.87572,136691.902075
2024-11-25,132874.810591,132874.810591,0.0,597.530029,0.0,0.0,132874.810591,CASH,237245.322985,136893.904028
2024-11-26,132823.488085,133345.049402,0.0,600.650024,521.561317,58300.0,75045.049402,SHORT_PUT,238405.961169,137205.90354
2024-11-27,132824.53389,133345.049402,0.0,598.830017,520.515512,58300.0,75045.049402,SHORT_PUT,237728.918444,137023.902808
2024-11-29,132964.898452,133345.049402,0.0,602.549988,380.15095,58300.0,75045.049402,SHORT_PUT,239112.747546,137395.899878
2024-12-02,133054.475384,133345.049402,0.0,603.630005,290.574018,58300.0,75045.049402,SHORT_PUT,239514.513903,137503.901587
2024-12-03,133082.855381,133345.049402,0.0,603.909973,262.19402,58300.0,75045.049402,SHORT_PUT,239618.662097,137531.898413
2024-12-04,133160.557467,133345.049402,0.0,607.659973,184.491935,58300.0,75045.049402,SHORT_PUT,241013.662097,137906.898413
2024-12-05,133151.437466,133345.049402,0.0,606.659973,193.611936,58300.0,75045.049402,SHORT_PUT,240641.662097,137806.898413
2024-12-06,133176.981653,133345.049402,0.0,607.809998,168.067749,58300.0,75045.049402,SHORT_PUT,241069.471179,137921.900854
2024-12-09,133199.551364,133345.049402,0.0,604.679993,145.498038,58300.0,75045.049402,SHORT_PUT,239905.109362,137608.900366
2024-12-10,133128.781476,133345.049402,0.0,602.799988,216.267926,58300.0,75045.049402,SHORT_PUT,239205.747546,137420.899878
2024-12-11,133214.078549,133345.049402,0.0,607.460022,130.970853,58300.0,75045.049402,SHORT_PUT,240939.280261,137886.903296
2024-12-12,133206.857821,133345.049402,0.0,604.330017,138.191581,58300.0,75045.049402,SHORT_PUT,239774.918444,137573.902808
2024-12-13,133209.077998,133345.049402,0.0,604.210022,135.971404,58300.0,75045.049402,SHORT_PUT,239730.280261,137561.903296
2024-12-16,133280.581868,133345.049402,0.0,606.789978,64.467534,58300.0,75045.049402,SHORT_PUT,240690.023913,137819.898901
2024-12-17,133253.022602,133345.049402,0.0,604.289978,92.026799,58300.0,75045.049402,SHORT_PUT,239760.023913,137569.898901
2024-12-18,132786.115296,133345.049402,0.0,586.280029,558.934106,58300.0,75045.049402,SHORT_PUT,233060.322985,135768.904028
2024-12-19,132312.886482,133345.049402,0.0,586.099976,1032.16292,58300.0,75045.049402,SHORT_PUT,232993.343005,135750.898657
2024-12-20,132739.250689,133345.049402,0.0,591.150024,605.798713,58300.0,75045.049402,SHORT_PUT,235603.313169,136452.50354
2024-12-23,133193.655944,133345.049402,0.0,594.690002,151.393458,58300.0,75045.049402,SHORT_PUT,236920.184995,136806.501343
2024-12-24,133324.344393,133345.049402,0.0,601.299988,20.705009,58300.0,75045.049402,SHORT_PUT,239379.099546,137467.499878
2024-12-26,133344.013217,133345.049402,0.0,601.340027,1.036185,58300.0,75045.049402,SHORT_PUT,239393.994077,137471.503784
2024-12-27,133345.049402,133345.049402,0.0,595.01001,0.0,0.0,133345.049402,CASH,237039.22772,136838.502075
2024-12-30,133345.049402,133345.049402,0.0,588.219971,0.0,0.0,133345.049402,CASH,234513.333188,136159.498169
2024-12-31,133261.819137,134118.411922,0.0,586.080017,856.592785,57300.0,76818.411922,SHORT_PUT,233717.270444,135945.502808
2025-01-02,133256.857828,134118.411922,0.0,584.640015,861.554093,57300.0,76818.411922,SHORT_PUT,233181.589536,135801.502563
2025-01-03,133473.398931,134118.411922,0.0,591.950012,645.012991,57300.0,76818.411922,SHORT_PUT,235900.908628,136532.502319
2025-01-06,133732.321167,134118.411922,0.0,595.359985,386.090755,57300.0,76818.411922,SHORT_PUT,237169.418638,136873.499634
2025-01-07,133585.847385,134118.411922,0.0,588.630005,532.564536,57300.0,76818.411922,SHORT_PUT,234665.865903,136200.501587
2025-01-08,133520.177373,134118.411922,0.0,589.48999,598.234549,57300.0,76818.411922,SHORT_PUT,234985.780454,136286.500122
2025-01-10,133242.265091,134118.411922,0.0,580.48999,876.14683,57300.0,76818.411922,SHORT_PUT,231637.780454,135386.500122
2025-01-13,133272.820163,134118.411922,0.0,581.390015,845.591759,57300.0,76818.411922,SHORT_PUT,231972.589536,135476.502563
2025-01-14,133356.965569,134118.411922,0.0,582.190002,761.446352,57300.0,76818.411922,SHORT_PUT,232270.184995,135556.501343
2025-01-15,133734.034903,134118.411922,0.0,592.780029,384.377019,57300.0,76818.411922,SHORT_PUT,236209.674985,136615.504028
2025-01-16,133847.98986,134118.411922,0.0,591.640015,270.422062,57300.0,76818.411922,SHORT_PUT,235785.589536,136501.502563
2025-01-17,133952.250385,134118.411922,0.0,597.580017,166.161536,57300.0,76818.411922,SHORT_PUT,237995.270444,137095.502808
2025-01-21,134077.818052,134118.411922,0.0,603.049988,40.593869,57300.0,76818.411922,SHORT_PUT,240030.099546,137642.499878
2025-01-22,134103.763482,134118.411922,0.0,606.440002,14.64844,57300.0,76818.411922,SHORT_PUT,241291.184995,137981.501343
2025-01-23,134112.134551,134118.411922,0.0,609.75,6.277371,57300.0,76818.411922,SHORT_PUT,242522.504087,138312.501099
2025-01-24,134113.252235,134118.411922,0.0,607.969971,5.159687,57300.0,76818.411922,SHORT_PUT,241860.333188,138134.498169
2025-01-27,134114.635669,134118.411922,0.0,599.369995,3.776253,57300.0,76818.411922,SHORT_PUT,238661.142271,137274.50061
2025-01-28,134116.406852,134118.411922,0.0,604.52002,2.00507,57300.0,76818.411922,SHORT_PUT,240576.951353,137789.503052
2025-01-29,134117.329336,134118.411922,0.0,601.809998,1.082586,57300.0,76818.411922,SHORT_PUT,239568.823179,137518.500854
2025-01-30,134117.411913,134118.411922,0.0,605.039978,1.000009,57300.0,76818.411922,SHORT_PUT,240770.375913,137841.498901
2025-01-31,134118.411922,134118.411922,0.0,601.820007,0.0,0.0,134118.411922,CASH,239572.546812,137519.501831
2025-02-03,134118.411922,134118.411922,0.0,597.77002,0.0,0.0,134118.411922,CASH,238065.951353,137114.503052
2025-02-04,134044.987757,134798.616489,0.0,601.780029,753.628732,58200.0,76598.616489,SHORT_PUT,239557.674985,137515.504028
2025-02-05,134234.654157,134798.616489,0.0,604.219971,563.962332,58200.0,76598.616489,SHORT_PUT,240465.333188,137759.498169
2025-02-06,134395.694951,134798.616489,0.0,606.320007,402.921538,58200.0,76598.616489,SHORT_PUT,241246.546812,137969.501831
2025-02-07,134297.137021,134798.616489,0.0,600.77002,501.479468,58200.0,76598.616489,SHORT_PUT,239181.951353,137414.503052
2025-02-10,134386.015914,134798.616489,0.0,604.849976,412.600575,58200.0,76598.616489,SHORT_PUT,240699.695005,137822.498657
2025-02-11,134454.789565,134798.616489,0.0,605.309998,343.826924,58200.0,76598.616489,SHORT_PUT,240870.823179,137868.500854
2025-02-12,134419.319174,134798.616489,0.0,603.359985,379.297315,58200.0,76598.616489,SHORT_PUT,240145.418638,137673.499634
2025-02-13,134563.167285,134798.616489,0.0,609.72998,235.449204,58200.0,76598.616489,SHORT_PUT,242515.056821,138310.499146
2025-02-14,134610.166581,134798.616489,0.0,609.700012,188.449908,58200.0,76598.616489,SHORT_PUT,242503.908628,138307.502319
2025-02-18,134676.088993,134798.616489,0.0,611.48999,122.527496,58200.0,76598.616489,SHORT_PUT,243169.780454,138486.500122
2025-02-19,134702.68038,134798.616489,0.0,612.929993,95.936109,58200.0,76598.616489,SHORT_PUT,243705.461362,138630.500366
2025-02-20,134693.361486,134798.616489,0.0,610.380005,105.255002,58200.0,76598.616489,SHORT_PUT,242756.865903,138375.501587
2025-02-21,134545.052441,134798.616489,0.0,599.940002,253.564048,58200.0,76598.616489,SHORT_PUT,238873.184995,137331.501343
2025-02-24,134460.227365,134798.616489,0.0,597.210022,338.389124,58200.0,76598.616489,SHORT_PUT,237857.632261,137058.503296
2025-02-25,134383.604919,134798.616489,0.0,594.23999,415.01157,58200.0,76598.616489,SHORT_PUT,236752.780454,136761.500122
2025-02-26,134413.961986,134798.616489,0.0,594.539978,384.654503,58200.0,76598.616489,SHORT_PUT,236864.375913,136791.498901
2025-02-27,134130.47118,134798.616489,0.0,585.049988,668.145309,58200.0,76598.616489,SHORT_PUT,233334.099546,135842.499878
2025-02-28,134432.863514,134798.616489,0.0,594.179993,365.752975,58200.0,76598.616489,SHORT_PUT,236730.461362,136755.500366
2025-03-03,134290.475227,134798.616489,0.0,583.77002,508.141262,58200.0,76598.616489,SHORT_PUT,232857.951353,135714.503052
2025-03-04,133895.008657,134798.616489,0.0,576.859985,903.607832,58200.0,76598.616489,SHORT_PUT,230287.418638,135023.499634
2025-03-05,134345.568462,134798.616489,0.0,583.059998,453.048027,58200.0,76598.616489,SHORT_PUT,232593.823179,135643.500854
2025-03-06,133775.849749,134798.616489,0.0,572.710022,1022.76674,58200.0,76598.616489,SHORT_PUT,228743.632261,134608.503296
2025-03-07,134190.61478,76598.616489,100.0,575.919983,0.0,0.0,76598.616489,STOCK,229937.737729,134929.49939
2025-03-10,132656.618198,76598.616489,100.0,560.580017,0.0,0.0,76598.616489,STOCK,224231.270444,133395.502808
2025-03-11,132089.09418,77545.737194,100.0,555.919983,1048.641305,0.0,77545.737194,COVERED_CALL,222497.737729,132929.49939
2025-03-12,132388.709912,77545.737194,100.0,558.869995,1044.026793,0.0,77545.737194,COVERED_CALL,223595.142271,133224.50061
2025-03-13,132064.89691,77545.737194,100.0,551.419983,622.838574,0.0,77545.737194,COVERED_CALL,220823.737729,132479.49939
2025-03-14,132876.889197,77545.737194,100.0,562.809998,949.847753,0.0,77545.737194,COVERED_CALL,225060.823179,133618.500854
2025-03-17,133455.61691,77545.737194,100.0,567.150024,805.122725,0.0,77545.737194,COVERED_CALL,226675.313169,134052.50354
2025-03-18,133125.670794,77545.737194,100.0,561.02002,522.068352,0.0,77545.737194,COVERED_CALL,224394.951353,133439.503052
2025-03-19,133515.903955,77545.737194,100.0,567.130005,742.833727,0.0,77545.737194,COVERED_CALL,226667.865903,134050.501587
2025-03-20,133539.308889,77545.737194,100.0,565.48999,555.427328,0.0,77545.737194,COVERED_CALL,226057.780454,133886.500122
2025-03-21,133630.995259,77715.337194,100.0,563.97998,482.339981,0.0,77715.337194,COVERED_CALL,226126.968821,133905.099146
2025-03-24,134454.160166,77715.337194,100.0,574.080017,669.178736,0.0,77715.337194,COVERED_CALL,229884.182444,134915.102808
2025-03-25,134678.562031,77715.337194,100.0,575.460022,582.777359,0.0,77715.337194,COVERED_CALL,230397.544261,135053.103296
2025-03-26,134238.148871,77715.337194,100.0,568.590027,336.191008,0.0,77715.337194,COVERED_CALL,227841.906077,134366.103784
2025-03-27,134096.609813,77715.337194,100.0,567.080017,326.729089,0.0,77715.337194,COVERED_CALL,227280.182444,134215.102808
2025-03-28,133154.307892,77715.337194,100.0,555.659973,127.026616,0.0,77715.337194,COVERED_CALL,223031.926097,133073.098413
2025-03-31,133466.098181,77715.337194,100.0,559.390015,188.240477,0.0,77715.337194,COVERED_CALL,224419.501536,133446.102563
2025-04-01,133611.597401,77715.337194,100.0,560.969971,200.736863,0.0,77715.337194,COVERED_CALL,225007.245188,133604.098169
2025-04-02,133953.963345,77715.337194,100.0,564.52002,213.375802,0.0,77715.337194,COVERED_CALL,226327.863353,133959.103052
2025-04-03,131378.120803,77715.337194,100.0,536.700012,7.217611,0.0,77715.337194,COVERED_CALL,215978.820628,131177.102319
2025-04-04,128241.41234,77715.337194,100.0,505.279999,1.924732,0.0,77715.337194,COVERED_CALL,204290.575633,128035.100977
2025-04-07,128148.966026,77715.337194,100.0,504.380005,4.371655,0.0,77715.337194,COVERED_CALL,203955.777903,127945.101587
2025-04-08,127361.997044,77715.337194,100.0,496.480011,1.341248,0.0,77715.337194,COVERED_CALL,201016.980174,127155.102197
2025-04-09,132494.148829,77715.337194,100.0,548.619995,83.187876,0.0,77715.337194,COVERED_CALL,220413.054271,132369.10061
2025-04-10,130172.338896,77715.337194,100.0,524.580017,1.000007,0.0,77715.337194,COVERED_CALL,211470.182444,129965.102808
2025-04-11,131109.337438,77715.337194,100.0,533.940002,0.0,0.0,77715.337194,STOCK,214952.096995,130901.101343
2025-04-14,131627.336705,77715.337194,100.0,539.119995,0.0,0.0,77715.337194,STOCK,216879.054271,131419.10061
2025-04-15,131395.917418,78461.986142,100.0,537.609985,827.067259,0.0,78461.986142,COVERED_CALL,216317.330638,131268.099634
2025-04-16,130529.39017,78461.986142,100.0,525.659973,498.593286,0.0,78461.986142,COVERED_CALL,211871.926097,130073.098413
2025-04-17,130492.235739,78461.986142,100.0,526.409973,610.747718,0.0,78461.986142,COVERED_CALL,212150.926097,130148.098413
2025-04-21,129636.857503,78461.986142,100.0,513.880005,213.129128,0.0,78461.986142,COVERED_CALL,207489.777903,128895.101587
2025-04-22,130655.680391,78461.986142,100.0,527.25,531.305751,0.0,78461.986142,COVERED_CALL,212463.416087,130232.101099
2025-04-23,131493.043278,78461.986142,100.0,535.419983,510.941156,0.0,78461.986142,COVERED_CALL,215502.649729,131049.09939
2025-04-24,132508.35259,78461.986142,100.0,546.690002,622.633797,0.0,78461.986142,COVERED_CALL,219695.096995,132176.101343
2025-04-25,132941.371281,78461.986142,100.0,550.640015,584.616326,0.0,78461.986142,COVERED_CALL,221164.501536,132571.102563
2025-04-28,133129.537692,78461.986142,100.0,550.849976,417.446009,0.0,78461.986142,COVERED_CALL,221242.607005,132592.098657
2025-04-29,133417.45558,78461.986142,100.0,554.320007,476.531295,0.0,78461.986142,COVERED_CALL,222533.458812,132939.101831
2025-04-30,133510.268575,78461.986142,100.0,554.539978,405.71537,0.0,78461.986142,COVERED_CALL,222615.287913,132961.098901
2025-05-01,133822.269272,78461.986142,100.0,558.469971,486.71394,0.0,78461.986142,COVERED_CALL,224077.245188,133354.098169
2025-05-02,134455.318225,78461.986142,100.0,566.76001,682.668894,0.0,78461.986142,COVERED_CALL,227161.13972,134183.102075
2025-05-05,134436.680836,78461.986142,100.0,563.51001,376.306283,0.0,78461.986142,COVERED_CALL,225952.13972,133858.102075
2025-05-06,134074.201939,78461.986142,100.0,558.799988,267.782983,0.0,78461.986142,COVERED_CALL,224200.011546,133387.099878
2025-05-07,134266.792215,78461.986142,100.0,561.150024,310.196369,0.0,78461.986142,COVERED_CALL,225074.225169,133622.10354
2025-05-08,134653.429883,78461.986142,100.0,565.059998,314.556015,0.0,78461.986142,COVERED_CALL,226528.735179,134013.100854
2025-05-09,134673.144111,78461.986142,100.0,564.340027,222.844717,0.0,78461.986142,COVERED_CALL,226260.906077,133941.103784
2025-05-12,136134.888146,78461.986142,100.0,582.98999,626.097019,0.0,78461.986142,COVERED_CALL,233198.692454,135806.100122
2025-05-13,136486.696496,78461.986142,100.0,586.840027,659.292332,0.0,78461.986142,COVERED_CALL,234630.906077,136191.103784
2025-05-14,136603.424036,78461.986142,100.0,587.590027,617.564792,0.0,78461.986142,COVERED_CALL,234909.906077,136266.103784
2025-05-15,136760.055508,78461.986142,100.0,590.460022,747.932832,0.0,78461.986142,COVERED_CALL,235977.544261,136553.103296
2025-05-16,136861.986142,136861.986142,0.0,594.200012,0.0,0.0,136861.986142,CASH,237368.820628,136927.102319
2025-05-19,136861.986142,136861.986142,0.0,594.849976,0.0,0.0,136861.986142,CASH,237610.607005,136992.098657
2025-05-20,136777.949458,137643.009641,0.0,592.849976,865.060182,57800.0,79843.009641,SHORT_PUT,236866.607005,136792.098657
2025-05-21,136413.346936,137643.009641,0.0,582.859985,1229.662705,57800.0,79843.009641,SHORT_PUT,233150.330638,135793.099634
2025-05-22,136221.371726,137643.009641,0.0,583.090027,1421.637914,57800.0,79843.009641,SHORT_PUT,233235.906077,135816.103784
2025-05-23,136109.888705,137643.009641,0.0,579.109985,1533.120936,57800.0,79843.009641,SHORT_PUT,231755.330638,135418.099634
2025-05-27,136713.62215,137643.009641,0.0,591.150024,929.387491,57800.0,79843.009641,SHORT_PUT,236234.225169,136622.10354
2025-05-28,136727.943941,137643.009641,0.0,587.72998,915.0657,57800.0,79843.009641,SHORT_PUT,234961.968821,136280.099146
2025-05-29,136817.971651,137643.009641,0.0,590.049988,825.03799,57800.0,79843.009641,SHORT_PUT,235825.011546,136512.099878
2025-05-30,136831.447642,137643.009641,0.0,589.390015,811.561999,57800.0,79843.009641,SHORT_PUT,235579.501536,136446.102563
2025-06-02,137065.84205,137643.009641,0.0,592.710022,577.167591,57800.0,79843.009641,SHORT_PUT,236814.544261,136778.103296
2025-06-03,137199.930741,137643.009641,0.0,596.090027,443.078899,57800.0,79843.009641,SHORT_PUT,238071.906077,137116.103784
2025-06-04,137255.447959,137643.009641,0.0,595.929993,387.561682,57800.0,79843.009641,SHORT_PUT,238012.373362,137100.100366
2025-06-05,137211.577274,137643.009641,0.0,593.049988,431.432367,57800.0,79843.009641,SHORT_PUT,236941.011546,136812.099878
2025-06-06,137344.394162,137643.009641,0.0,599.140015,298.615479,57800.0,79843.009641,SHORT_PUT,239206.501536,137421.102563
2025-06-09,137485.798344,137643.009641,0.0,599.679993,157.211297,57800.0,79843.009641,SHORT_PUT,239407.373362,137475.100366
2025-06-10,137538.56246,137643.009641,0.0,603.080017,104.447181,57800.0,79843.009641,SHORT_PUT,240672.182444,137815.102808
2025-06-11,137543.977812,137643.009641,0.0,601.359985,99.031829,57800.0,79843.009641,SHORT_PUT,240032.330638,137643.099634
2025-06-12,137578.416648,137643.009641,0.0,603.75,64.592993,57800.0,79843.009641,SHORT_PUT,240921.416087,137882.101099
2025-06-13,137514.223918,137643.009641,0.0,597.0,128.785723,57800.0,79843.009641,SHORT_PUT,238410.416087,137207.101099
2025-06-16,137605.897527,137643.009641,0.0,602.679993,37.112114,57800.0,79843.009641,SHORT_PUT,240523.373362,137775.100366
2025-06-17,137613.586979,137643.009641,0.0,597.530029,29.422662,57800.0,79843.009641,SHORT_PUT,238607.586985,137260.104028
2025-06-18,137622.817762,137643.009641,0.0,597.440002,20.191879,57800.0,79843.009641,SHORT_PUT,238574.096995,137251.101343
2025-06-20,137643.009641,137643.009641,0.0,594.280029,0.0,0.0,137643.009641,CASH,238053.678985,137111.204028
2025-06-23,137643.009641,137643.009641,0.0,600.150024,0.0,0.0,137643.009641,CASH,240237.317169,137698.20354
2025-06-24,137579.973754,138224.525567,0.0,606.780029,644.551813,58000.0,80224.525567,SHORT_PUT,242703.678985,138361.204028
2025-06-25,137762.813996,138224.525567,0.0,607.119995,461.711571,58000.0,80224.525567,SHORT_PUT,242830.146271,138395.20061
2025-06-26,137911.874306,138224.525567,0.0,611.869995,312.651261,58000.0,80224.525567,SHORT_PUT,244597.146271,138870.20061
2025-06-27,137980.811201,138224.525567,0.0,614.909973,243.714366,58000.0,80224.525567,SHORT_PUT,245728.018097,139174.198413
2025-06-30,138064.502614,138224.525567,0.0,617.849976,160.022953,58000.0,80224.525567,SHORT_PUT,246821.699005,139468.198657
2025-07-01,138059.485478,138224.525567,0.0,617.650024,165.040089,58000.0,80224.525567,SHORT_PUT,246747.317169,139448.20354
2025-07-02,138094.877096,138224.525567,0.0,620.450012,129.648471,58000.0,80224.525567,SHORT_PUT,247788.912628,139728.202319
2025-07-03,138145.153044,138224.525567,0.0,625.340027,79.372523,58000.0,80224.525567,SHORT_PUT,249607.998077,140217.203784
2025-07-07,138133.584725,138224.525567,0.0,620.679993,90.940841,58000.0,80224.525567,SHORT_PUT,247874.465362,139751.200366
2025-07-08,138135.253804,138224.525567,0.0,620.340027,89.271763,58000.0,80224.525567,SHORT_PUT,247747.998077,139717.203784
2025-07-09,138181.716856,138224.525567,0.0,624.059998,42.808711,58000.0,80224.525567,SHORT_PUT,249131.827179,140089.200854
2025-07-10,138202.603993,138224.525567,0.0,625.820007,21.921574,58000.0,80224.525567,SHORT_PUT,249786.550812,140265.201831
2025-07-11,138203.258674,138224.525567,0.0,623.619995,21.266893,58000.0,80224.525567,SHORT_PUT,248968.146271,140045.20061
2025-07-14,138213.326535,138224.525567,0.0,624.809998,11.199032,58000.0,80224.525567,SHORT_PUT,249410.827179,140164.200854
2025-07-15,138209.034189,138224.525567,0.0,622.140015,15.491378,58000.0,80224.525567,SHORT_PUT,248417.593536,139897.202563
2025-07-16,138215.363705,138224.525567,0.0,624.219971,9.161862,58000.0,80224.525567,SHORT_PUT,249191.337188,140105.198169
2025-07-17,138221.028829,138224.525567,0.0,628.039978,3.496738,58000.0,80224.525567,SHORT_PUT,250612.379913,140487.198901
2025-07-18,138222.580985,138224.525567,0.0,627.580017,1.944582,58000.0,80224.525567,SHORT_PUT,250441.274444,140441.202808
2025-07-21,138223.513275,138224.525567,0.0,628.77002,1.012292,58000.0,80224.525567,SHORT_PUT,250883.955353,140560.203052
2025-07-22,138223.524703,138224.525567,0.0,628.859985,1.000864,58000.0,80224.525567,SHORT_PUT,250917.422638,140569.199634
2025-07-23,138223.525567,138224.525567,0.0,634.210022,1.0,58000.0,80224.525567,SHORT_PUT,252907.636261,141104.203296
2025-07-24,138223.525567,138224.525567,0.0,634.419983,1.0,58000.0,80224.525567,SHORT_PUT,252985.741729,141125.19939
2025-07-25,138224.525567,138224.525567,0.0,637.099976,0.0,0.0,138224.525567,CASH,253982.699005,141393.198657
2025-07-28,138224.525567,138224.525567,0.0,636.940002,0.0,0.0,138224.525567,CASH,253923.188995,141377.201343
2025-07-29,138153.776537,138879.316352,0.0,635.26001,725.539815,62100.0,76779.316352,SHORT_PUT,253298.23172,141209.202075
2025-07-30,138068.174575,138879.316352,0.0,634.460022,811.141777,62100.0,76779.316352,SHORT_PUT,253000.636261,141129.203296
2025-07-31,138046.139501,138879.316352,0.0,632.080017,833.176851,62100.0,76779.316352,SHORT_PUT,252115.274444,140891.202808
2025-08-01,137518.166722,138879.316352,0.0,621.719971,1361.14963,62100.0,76779.316352,SHORT_PUT,248261.337188,139855.198169
2025-08-04,137715.788914,138879.316352,0.0,631.169983,1163.527437,62100.0,76779.316352,SHORT_PUT,251776.741729,140800.19939
2025-08-05,137839.708255,138879.316352,0.0,627.969971,1039.608097,62100.0,76779.316352,SHORT_PUT,250586.337188,140480.198169
2025-08-06,138029.432079,138879.316352,0.0,632.780029,849.884273,62100.0,76779.316352,SHORT_PUT,252375.678985,140961.204028
2025-08-07,138115.718759,138879.316352,0.0,632.25,763.597593,62100.0,76779.316352,SHORT_PUT,252178.508087,140908.201099
2025-08-08,138314.95289,138879.316352,0.0,637.179993,564.363462,62100.0,76779.316352,SHORT_PUT,254012.465362,141401.200366
2025-08-11,138438.445213,138879.316352,0.0,635.919983,440.871139,62100.0,76779.316352,SHORT_PUT,253543.741729,141275.19939
2025-08-12,138565.155587,138879.316352,0.0,642.690002,314.160765,62100.0,76779.316352,SHORT_PUT,256062.188995,141952.201343
2025-08-13,138690.616871,138879.316352,0.0,644.890015,188.699481,62100.0,76779.316352,SHORT_PUT,256880.593536,142172.202563
2025-08-14,138717.326351,138879.316352,0.0,644.950012,161.99,62100.0,76779.316352,SHORT_PUT,256902.912628,142178.202319
2025-08-15,138700.7327,138879.316352,0.0,643.440002,178.583652,62100.0,76779.316352,SHORT_PUT,256341.188995,142027.201343
2025-08-18,138747.316577,138879.316352,0.0,643.299988,131.999775,62100.0,76779.316352,SHORT_PUT,256289.103546,142013.199878
2025-08-19,138721.26496,138879.316352,0.0,639.809998,158.051392,62100.0,76779.316352,SHORT_PUT,254990.827179,141664.200854
2025-08-20,138699.268903,138879.316352,0.0,638.109985,180.047448,62100.0,76779.316352,SHORT_PUT,254358.422638,141494.199634
2025-08-21,138675.617114,138879.316352,0.0,635.549988,203.699238,62100.0,76779.316352,SHORT_PUT,253406.103546,141238.199878
2025-08-22,138812.8491,138879.316352,0.0,645.309998,66.467252,62100.0,76779.316352,SHORT_PUT,257036.827179,142214.200854
2025-08-25,138866.302457,138879.316352,0.0,642.469971,13.013894,62100.0,76779.316352,SHORT_PUT,255980.337188,141930.198169
2025-08-26,138875.389534,138879.316352,0.0,645.159973,3.926818,62100.0,76779.316352,SHORT_PUT,256981.018097,142199.198413
2025-08-27,138878.113463,138879.316352,0.0,646.630005,1.202888,62100.0,76779.316352,SHORT_PUT,257527.869903,142346.201587
2025-08-28,138878.316215,138879.316352,0.0,648.919983,1.000137,62100.0,76779.316352,SHORT_PUT,258379.741729,142575.19939
2025-08-29,138879.316352,138879.316352,0.0,645.049988,0.0,0.0,138879.316352,CASH,256940.103546,142188.199878
2025-09-02,138879.316352,138879.316352,0.0,640.27002,0.0,0.0,138879.316352,CASH,255161.955353,141710.203052
2025-09-03,138809.729306,139523.068286,0.0,643.73999,713.33898,62400.0,77123.068286,SHORT_PUT,256452.784454,142057.200122
2025-09-04,139031.433303,139523.068286,0.0,649.119995,491.634983,62400.0,77123.068286,SHORT_PUT,258454.146271,142595.20061
2025-09-05,139076.983988,139523.068286,0.0,647.23999,446.084298,62400.0,77123.068286,SHORT_PUT,257754.784454,142407.200122
2025-09-08,139170.626034,139523.068286,0.0,648.830017,352.442252,62400.0,77123.068286,SHORT_PUT,258346.274444,142566.202808
2025-09-09,139220.081647,139523.068286,0.0,650.330017,302.986639,62400.0,77123.068286,SHORT_PUT,258904.274444,142716.202808
2025-09-10,139271.728308,139523.068286,0.0,652.210022,251.339978,62400.0,77123.068286,SHORT_PUT,259603.636261,142904.203296
2025-09-11,139347.736778,139523.068286,0.0,657.630005,175.331508,62400.0,77123.068286,SHORT_PUT,261619.869903,143446.201587
2025-09-12,139381.545429,139523.068286,0.0,657.409973,141.522857,62400.0,77123.068286,SHORT_PUT,261538.018097,143424.198413
2025-09-15,139442.732798,139523.068286,0.0,660.909973,80.335488,62400.0,77123.068286,SHORT_PUT,262840.018097,143774.198413
2025-09-16,139423.295111,139523.068286,0.0,660.0,99.773175,62400.0,77123.068286,SHORT_PUT,262501.508087,143683.201099
2025-09-17,139411.142382,139523.068286,0.0,659.179993,111.925904,62400.0,77123.068286,SHORT_PUT,262196.465362,143601.200366
2025-09-18,139459.757318,139523.068286,0.0,662.26001,63.310968,62400.0,77123.068286,SHORT_PUT,263342.23172,143909.202075
2025-09-19,139476.570893,139523.068286,0.0,663.700012,46.497393,62400.0,77123.068286,SHORT_PUT,264559.044628,144236.302319
2025-09-22,139507.828246,139523.068286,0.0,666.840027,15.24004,62400.0,77123.068286,SHORT_PUT,265727.130077,144550.303784
2025-09-23,139500.539838,139523.068286,0.0,663.210022,22.528449,62400.0,77123.068286,SHORT_PUT,264376.768261,144187.303296
2025-09-24,139496.961738,139523.068286,0.0,661.099976,26.106548,62400.0,77123.068286,SHORT_PUT,263591.831005,143976.298657
2025-09-25,139499.54894,139523.068286,0.0,658.049988,23.519346,62400.0,77123.068286,SHORT_PUT,262457.235546,143671.299878
2025-09-26,139511.38301,139523.068286,0.0,661.820007,11.685277,62400.0,77123.068286,SHORT_PUT,263859.682812,144048.301831
2025-09-29,139521.856187,139523.068286,0.0,663.679993,1.212099,62400.0,77123.068286,SHORT_PUT,264551.597362,144234.300366
2025-09-30,139522.043355,139523.068286,0.0,666.179993,1.024931,62400.0,77123.068286,SHORT_PUT,265481.597362,144484.300366
2025-10-01,139522.068115,139523.068286,0.0,668.450012,1.000171,62400.0,77123.068286,SHORT_PUT,266326.044628,144711.302319
2025-10-02,139522.068286,139523.068286,0.0,669.219971,1.0,62400.0,77123.068286,SHORT_PUT,266612.469188,144788.298169
2025-10-03,139523.068286,139523.068286,0.0,669.210022,0.0,0.0,139523.068286,CASH,266608.768261,144787.303296
2025-10-06,139523.068286,139523.068286,0.0,671.609985,0.0,0.0,139523.068286,CASH,267501.554638,145027.299634
2025-10-07,139441.26676,140282.857785,0.0,669.119995,841.591025,65300.0,74982.857785,SHORT_PUT,266575.278271,144778.30061
2025-10-08,139514.972651,140282.857785,0.0,673.109985,767.885134,65300.0,74982.857785,SHORT_PUT,268059.554638,145177.299634
2025-10-09,139555.524668,140282.857785,0.0,671.159973,727.333117,65300.0,74982.857785,SHORT_PUT,267334.150097,144982.298413
2025-10-10,138842.533127,140282.857785,0.0,653.02002,1440.324658,65300.0,74982.857785,SHORT_PUT,260586.087353,143168.303052
2025-10-13,138926.715876,140282.857785,0.0,663.039978,1356.141909,65300.0,74982.857785,SHORT_PUT,264313.511913,144170.298901
2025-10-14,139144.748857,140282.857785,0.0,662.22998,1138.108928,65300.0,74982.857785,SHORT_PUT,264012.192821,144089.299146
2025-10-15,139149.958771,140282.857785,0.0,665.169983,1132.899014,65300.0,74982.857785,SHORT_PUT,265105.873729,144383.29939
2025-10-16,139015.624434,140282.857785,0.0,660.640015,1267.233351,65300.0,74982.857785,SHORT_PUT,263420.725536,143930.302563
2025-10-17,138847.053413,140282.857785,0.0,664.390015,1435.804372,65300.0,74982.857785,SHORT_PUT,264815.725536,144305.302563
2025-10-20,139541.270122,140282.857785,0.0,671.299988,741.587663,65300.0,74982.857785,SHORT_PUT,267386.235546,144996.299878
2025-10-21,139733.505848,140282.857785,0.0,671.289978,549.351938,65300.0,74982.857785,SHORT_PUT,267382.511913,144995.298901
2025-10-22,139684.749149,140282.857785,0.0,667.799988,598.108636,65300.0,74982.857785,SHORT_PUT,266084.235546,144646.299878
2025-10-23,139789.034763,140282.857785,0.0,671.76001,493.823023,65300.0,74982.857785,SHORT_PUT,267557.36372,145042.302075
2025-10-24,140005.712903,140282.857785,0.0,677.25,277.144883,65300.0,74982.857785,SHORT_PUT,269599.640087,145591.301099
2025-10-27,140200.771809,140282.857785,0.0,685.23999,82.085976,65300.0,74982.857785,SHORT_PUT,272571.916454,146390.300122
2025-10-28,140236.055573,140282.857785,0.0,687.059998,46.802212,65300.0,74982.857785,SHORT_PUT,273248.959179,146572.300854
2025-10-29,140240.516851,140282.857785,0.0,687.390015,42.340934,65300.0,74982.857785,SHORT_PUT,273371.725536,146605.302563
2025-10-30,140197.586953,140282.857785,0.0,679.830017,85.270832,65300.0,74982.857785,SHORT_PUT,270559.406444,145849.302808
2025-10-31,140232.921725,140282.857785,0.0,682.059998,49.93606,65300.0,74982.857785,SHORT_PUT,271388.959179,146072.300854
2025-11-03,140271.930911,140282.857785,0.0,683.340027,10.926875,65300.0,74982.857785,SHORT_PUT,271865.130077,146200.303784
2025-11-04,140264.219159,140282.857785,0.0,675.23999,18.638626,65300.0,74982.857785,SHORT_PUT,268851.916454,145390.300122
2025-11-05,140276.303343,140282.857785,0.0,677.580017,6.554443,65300.0,74982.857785,SHORT_PUT,269722.406444,145624.302808
2025-11-06,140279.254768,140282.857785,0.0,670.309998,3.603017,65300.0,74982.857785,SHORT_PUT,267017.959179,144897.300854
2025-11-07,140282.857785,140282.857785,0.0,670.969971,0.0,0.0,140282.857785,CASH,267263.469188,144963.298169
2025-11-10,140282.857785,140282.857785,0.0,681.440002,0.0,0.0,140282.857785,CASH,271158.320995,146010.301343
2025-11-11,140209.72762,140960.269352,0.0,683.0,750.541732,66000.0,74960.269352,SHORT_PUT,271738.640087,146166.301099
2025-11-12,140268.607818,140960.269352,0.0,683.380005,691.661534,66000.0,74960.269352,SHORT_PUT,271880.001903,146204.301587
2025-11-13,139906.00222,140960.269352,0.0,672.039978,1054.267133,66000.0,74960.269352,SHORT_PUT,267661.511913,145070.298901
2025-11-14,139707.761586,140960.269352,0.0,671.929993,1252.507766,66000.0,74960.269352,SHORT_PUT,267620.597362,145059.300366
2025-11-17,139555.148363,140960.269352,0.0,665.669983,1405.12099,66000.0,74960.269352,SHORT_PUT,265291.873729,144433.29939
2025-11-18,139106.471036,140960.269352,0.0,660.080017,1853.798317,66000.0,74960.269352,SHORT_PUT,263212.406444,143874.302808
2025-11-19,139077.572132,140960.269352,0.0,662.630005,1882.697221,66000.0,74960.269352,SHORT_PUT,264161.001903,144129.301587
2025-11-20,138674.080581,140960.269352,0.0,652.530029,2286.188771,66000.0,74960.269352,SHORT_PUT,260403.810985,143119.304028
2025-11-21,138849.061274,140960.269352,0.0,659.030029,2111.208079,66000.0,74960.269352,SHORT_PUT,262821.810985,143769.304028
2025-11-24,139671.289408,140960.269352,0.0,668.72998,1288.979945,66000.0,74960.269352,SHORT_PUT,266430.192821,144739.299146
2025-11-25,140153.454513,140960.269352,0.0,675.02002,806.814839,66000.0,74960.269352,SHORT_PUT,268770.087353,145368.303052
2025-11-26,140449.762756,140960.269352,0.0,679.679993,510.506597,66000.0,74960.269352,SHORT_PUT,270503.597362,145834.300366
2025-11-28,140663.097397,140960.269352,0.0,683.390015,297.171955,66000.0,74960.269352,SHORT_PUT,271883.725536,146205.302563
2025-12-01,140722.088488,140960.269352,0.0,680.27002,238.180864,66000.0,74960.269352,SHORT_PUT,270723.087353,145893.303052
2025-12-02,140740.82541,140960.269352,0.0,681.530029,219.443942,66000.0,74960.269352,SHORT_PUT,271191.810985,146019.304028
2025-12-03,140824.138431,140960.269352,0.0,683.890015,136.130921,66000.0,74960.269352,SHORT_PUT,272069.725536,146255.302563
2025-12-04,140865.601295,140960.269352,0.0,684.390015,94.668057,66000.0,74960.269352,SHORT_PUT,272255.725536,146305.302563
2025-12-05,140902.234462,140960.269352,0.0,685.690002,58.03489,66000.0,74960.269352,SHORT_PUT,272739.320995,146435.301343
2025-12-08,140941.986073,140960.269352,0.0,683.630005,18.283279,66000.0,74960.269352,SHORT_PUT,271973.001903,146229.301587
2025-12-09,140945.888933,140960.269352,0.0,683.039978,14.380419,66000.0,74960.269352,SHORT_PUT,271753.511913,146170.298901
2025-12-10,140958.29086,140960.269352,0.0,687.570007,1.978492,66000.0,74960.269352,SHORT_PUT,273438.682812,146623.301831
2025-12-11,140959.26849,140960.269352,0.0,689.169983,1.000863,66000.0,74960.269352,SHORT_PUT,274033.873729,146783.29939
2025-12-12,140960.269352,140960.269352,0.0,681.76001,0.0,0.0,140960.269352,CASH,271277.36372,146042.302075
2025-12-15,140960.269352,140960.269352,0.0,680.72998,0.0,0.0,140960.269352,CASH,270894.192821,145939.299146
2025-12-16,140874.592307,141756.876287,0.0,678.869995,882.28398,66300.0,75456.876287,SHORT_PUT,270202.278271,145753.30061
2025-12-17,140621.764658,141756.876287,0.0,671.400024,1135.111629,66300.0,75456.876287,SHORT_PUT,267423.449169,145006.30354
2025-12-18,140738.588456,141756.876287,0.0,676.469971,1018.28783,66300.0,75456.876287,SHORT_PUT,269309.469188,145513.298169
2025-12-19,140967.929159,141756.876287,0.0,680.590027,788.947127,66300.0,75456.876287,SHORT_PUT,271583.526077,146124.603784
2025-12-22,141296.850971,141756.876287,0.0,684.830017,460.025316,66300.0,75456.876287,SHORT_PUT,273160.802444,146548.602808
2025-12-23,141438.692531,141756.876287,0.0,687.960022,318.183756,66300.0,75456.876287,SHORT_PUT,274325.164261,146861.603296
2025-12-24,141502.164373,141756.876287,0.0,690.380005,254.711913,66300.0,75456.876287,SHORT_PUT,275225.397903,147103.601587
2025-12-26,141556.662783,141756.876287,0.0,690.309998,200.213503,66300.0,75456.876287,SHORT_PUT,275199.355179,147096.600854
2025-12-29,141559.478133,141756.876287,0.0,687.849976,197.398154,66300.0,75456.876287,SHORT_PUT,274284.227005,146850.598657
2025-12-30,141536.634132,141756.876287,0.0,687.01001,220.242154,66300.0,75456.876287,SHORT_PUT,273971.75972,146766.602075
2025-12-31,141454.384581,141756.876287,0.0,681.919983,302.491706,66300.0,75456.876287,SHORT_PUT,272078.269729,146257.59939
